timestamp_hour,grid_id,city_id,latitude,longitude,u10,v10,wind_speed,wind_direction_deg,data_label
0,DEL_r0_c0,DEL,28.3139,76.909,4.243,-4.243,6.0,315.0,SYNTHETIC DATA — PIPELINE/CONSTRAINT VERIFICATION ONLY
0,DEL_r0_c1,DEL,28.3139,77.009,4.031,-4.031,5.7,315.0,SYNTHETIC DATA — PIPELINE/CONSTRAINT VERIFICATION ONLY
0,DEL_r0_c2,DEL,28.3139,77.109,3.818,-3.818,5.4,315.0,SYNTHETIC DATA — PIPELINE/CONSTRAINT VERIFICATION ONLY
0,DEL_r0_c3,DEL,28.3139,77.209,3.606,-3.606,5.1,315.0,SYNTHETIC DATA — PIPELINE/CONSTRAINT VERIFICATION ONLY
0,DEL_r0_c4,DEL,28.3139,77.309,3.394,-3.394,4.8,315.0,SYNTHETIC DATA — PIPELINE/CONSTRAINT VERIFICATION ONLY
0,DEL_r0_c5,DEL,28.3139,77.409,3.182,-3.182,4.5,315.0,SYNTHETIC DATA — PIPELINE/CONSTRAINT VERIFICATION ONLY
0,DEL_r0_c6,DEL,28.3139,77.509,2.97,-2.97,4.2,315.0,SYNTHETIC DATA — PIPELINE/CONSTRAINT VERIFICATION ONLY
0,DEL_r1_c0,DEL,28.4139,76.909,3.862,-4.977,6.3,322.2,SYNTHETIC DATA — PIPELINE/CONSTRAINT VERIFICATION ONLY
0,DEL_r1_c1,DEL,28.4139,77.009,3.678,-4.74,6.0,322.2,SYNTHETIC DATA — PIPELINE/CONSTRAINT VERIFICATION ONLY
0,DEL_r1_c2,DEL,28.4139,77.109,3.494,-4.503,5.7,322.2,SYNTHETIC DATA — PIPELINE/CONSTRAINT VERIFICATION ONLY
0,DEL_r1_c3,DEL,28.4139,77.209,3.31,-4.266,5.4,322.2,SYNTHETIC DATA — PIPELINE/CONSTRAINT VERIFICATION ONLY
0,DEL_r1_c4,DEL,28.4139,77.309,3.126,-4.029,5.1,322.2,SYNTHETIC DATA — PIPELINE/CONSTRAINT VERIFICATION ONLY
0,DEL_r1_c5,DEL,28.4139,77.409,2.943,-3.792,4.8,322.2,SYNTHETIC DATA — PIPELINE/CONSTRAINT VERIFICATION ONLY
0,DEL_r1_c6,DEL,28.4139,77.509,2.759,-3.555,4.5,322.2,SYNTHETIC DATA — PIPELINE/CONSTRAINT VERIFICATION ONLY
0,DEL_r2_c0,DEL,28.5139,76.909,3.534,-5.574,6.6,327.6,SYNTHETIC DATA — PIPELINE/CONSTRAINT VERIFICATION ONLY
0,DEL_r2_c1,DEL,28.5139,77.009,3.374,-5.321,6.3,327.6,SYNTHETIC DATA — PIPELINE/CONSTRAINT VERIFICATION ONLY
0,DEL_r2_c2,DEL,28.5139,77.109,3.213,-5.067,6.0,327.6,SYNTHETIC DATA — PIPELINE/CONSTRAINT VERIFICATION ONLY
0,DEL_r2_c3,DEL,28.5139,77.209,3.052,-4.814,5.7,327.6,SYNTHETIC DATA — PIPELINE/CONSTRAINT VERIFICATION ONLY
0,DEL_r2_c4,DEL,28.5139,77.309,2.892,-4.56,5.4,327.6,SYNTHETIC DATA — PIPELINE/CONSTRAINT VERIFICATION ONLY
0,DEL_r2_c5,DEL,28.5139,77.409,2.731,-4.307,5.1,327.6,SYNTHETIC DATA — PIPELINE/CONSTRAINT VERIFICATION ONLY
0,DEL_r2_c6,DEL,28.5139,77.509,2.57,-4.054,4.8,327.6,SYNTHETIC DATA — PIPELINE/CONSTRAINT VERIFICATION ONLY
0,DEL_r3_c0,DEL,28.6139,76.909,3.454,-5.973,6.9,330.0,SYNTHETIC DATA — PIPELINE/CONSTRAINT VERIFICATION ONLY
0,DEL_r3_c1,DEL,28.6139,77.009,3.304,-5.714,6.6,330.0,SYNTHETIC DATA — PIPELINE/CONSTRAINT VERIFICATION ONLY
0,DEL_r3_c2,DEL,28.6139,77.109,3.154,-5.454,6.3,330.0,SYNTHETIC DATA — PIPELINE/CONSTRAINT VERIFICATION ONLY
0,DEL_r3_c3,DEL,28.6139,77.209,3.003,-5.194,6.0,330.0,SYNTHETIC DATA — PIPELINE/CONSTRAINT VERIFICATION ONLY
0,DEL_r3_c4,DEL,28.6139,77.309,2.853,-4.934,5.7,330.0,SYNTHETIC DATA — PIPELINE/CONSTRAINT VERIFICATION ONLY
0,DEL_r3_c5,DEL,28.6139,77.409,2.703,-4.675,5.4,330.0,SYNTHETIC DATA — PIPELINE/CONSTRAINT VERIFICATION ONLY
0,DEL_r3_c6,DEL,28.6139,77.509,2.553,-4.415,5.1,330.0,SYNTHETIC DATA — PIPELINE/CONSTRAINT VERIFICATION ONLY
0,DEL_r4_c0,DEL,28.7139,76.909,3.747,-6.148,7.2,328.6,SYNTHETIC DATA — PIPELINE/CONSTRAINT VERIFICATION ONLY
0,DEL_r4_c1,DEL,28.7139,77.009,3.591,-5.892,6.9,328.6,SYNTHETIC DATA — PIPELINE/CONSTRAINT VERIFICATION ONLY
0,DEL_r4_c2,DEL,28.7139,77.109,3.435,-5.636,6.6,328.6,SYNTHETIC DATA — PIPELINE/CONSTRAINT VERIFICATION ONLY
0,DEL_r4_c3,DEL,28.7139,77.209,3.279,-5.38,6.3,328.6,SYNTHETIC DATA — PIPELINE/CONSTRAINT VERIFICATION ONLY
0,DEL_r4_c4,DEL,28.7139,77.309,3.123,-5.123,6.0,328.6,SYNTHETIC DATA — PIPELINE/CONSTRAINT VERIFICATION ONLY
0,DEL_r4_c5,DEL,28.7139,77.409,2.966,-4.867,5.7,328.6,SYNTHETIC DATA — PIPELINE/CONSTRAINT VERIFICATION ONLY
0,DEL_r4_c6,DEL,28.7139,77.509,2.81,-4.611,5.4,328.6,SYNTHETIC DATA — PIPELINE/CONSTRAINT VERIFICATION ONLY
0,DEL_r5_c0,DEL,28.8139,76.909,4.411,-6.066,7.5,324.0,SYNTHETIC DATA — PIPELINE/CONSTRAINT VERIFICATION ONLY
0,DEL_r5_c1,DEL,28.8139,77.009,4.234,-5.823,7.2,324.0,SYNTHETIC DATA — PIPELINE/CONSTRAINT VERIFICATION ONLY
0,DEL_r5_c2,DEL,28.8139,77.109,4.058,-5.581,6.9,324.0,SYNTHETIC DATA — PIPELINE/CONSTRAINT VERIFICATION ONLY
0,DEL_r5_c3,DEL,28.8139,77.209,3.882,-5.338,6.6,324.0,SYNTHETIC DATA — PIPELINE/CONSTRAINT VERIFICATION ONLY
0,DEL_r5_c4,DEL,28.8139,77.309,3.705,-5.095,6.3,324.0,SYNTHETIC DATA — PIPELINE/CONSTRAINT VERIFICATION ONLY
0,DEL_r5_c5,DEL,28.8139,77.409,3.529,-4.853,6.0,324.0,SYNTHETIC DATA — PIPELINE/CONSTRAINT VERIFICATION ONLY
0,DEL_r5_c6,DEL,28.8139,77.509,3.352,-4.61,5.7,324.0,SYNTHETIC DATA — PIPELINE/CONSTRAINT VERIFICATION ONLY
0,DEL_r6_c0,DEL,28.9139,76.909,5.308,-5.715,7.8,317.1,SYNTHETIC DATA — PIPELINE/CONSTRAINT VERIFICATION ONLY
0,DEL_r6_c1,DEL,28.9139,77.009,5.104,-5.496,7.5,317.1,SYNTHETIC DATA — PIPELINE/CONSTRAINT VERIFICATION ONLY
0,DEL_r6_c2,DEL,28.9139,77.109,4.9,-5.276,7.2,317.1,SYNTHETIC DATA — PIPELINE/CONSTRAINT VERIFICATION ONLY
0,DEL_r6_c3,DEL,28.9139,77.209,4.695,-5.056,6.9,317.1,SYNTHETIC DATA — PIPELINE/CONSTRAINT VERIFICATION ONLY
0,DEL_r6_c4,DEL,28.9139,77.309,4.491,-4.836,6.6,317.1,SYNTHETIC DATA — PIPELINE/CONSTRAINT VERIFICATION ONLY
0,DEL_r6_c5,DEL,28.9139,77.409,4.287,-4.616,6.3,317.1,SYNTHETIC DATA — PIPELINE/CONSTRAINT VERIFICATION ONLY
0,DEL_r6_c6,DEL,28.9139,77.509,4.083,-4.396,6.0,317.1,SYNTHETIC DATA — PIPELINE/CONSTRAINT VERIFICATION ONLY
0,BOM_r0_c0,BOM,18.776,72.5777,5.638,2.052,6.0,250.0,SYNTHETIC DATA — PIPELINE/CONSTRAINT VERIFICATION ONLY
0,BOM_r0_c1,BOM,18.776,72.6777,5.356,1.95,5.7,250.0,SYNTHETIC DATA — PIPELINE/CONSTRAINT VERIFICATION ONLY
0,BOM_r0_c2,BOM,18.776,72.7777,5.074,1.847,5.4,250.0,SYNTHETIC DATA — PIPELINE/CONSTRAINT VERIFICATION ONLY
0,BOM_r0_c3,BOM,18.776,72.8777,4.792,1.744,5.1,250.0,SYNTHETIC DATA — PIPELINE/CONSTRAINT VERIFICATION ONLY
0,BOM_r0_c4,BOM,18.776,72.9777,4.511,1.642,4.8,250.0,SYNTHETIC DATA — PIPELINE/CONSTRAINT VERIFICATION ONLY
0,BOM_r0_c5,BOM,18.776,73.0777,4.229,1.539,4.5,250.0,SYNTHETIC DATA — PIPELINE/CONSTRAINT VERIFICATION ONLY
0,BOM_r0_c6,BOM,18.776,73.1777,3.947,1.436,4.2,250.0,SYNTHETIC DATA — PIPELINE/CONSTRAINT VERIFICATION ONLY
0,BOM_r1_c0,BOM,18.876,72.5777,6.143,1.397,6.3,257.2,SYNTHETIC DATA — PIPELINE/CONSTRAINT VERIFICATION ONLY
0,BOM_r1_c1,BOM,18.876,72.6777,5.851,1.33,6.0,257.2,SYNTHETIC DATA — PIPELINE/CONSTRAINT VERIFICATION ONLY
0,BOM_r1_c2,BOM,18.876,72.7777,5.558,1.264,5.7,257.2,SYNTHETIC DATA — PIPELINE/CONSTRAINT VERIFICATION ONLY
0,BOM_r1_c3,BOM,18.876,72.8777,5.266,1.197,5.4,257.2,SYNTHETIC DATA — PIPELINE/CONSTRAINT VERIFICATION ONLY
0,BOM_r1_c4,BOM,18.876,72.9777,4.973,1.131,5.1,257.2,SYNTHETIC DATA — PIPELINE/CONSTRAINT VERIFICATION ONLY
0,BOM_r1_c5,BOM,18.876,73.0777,4.681,1.064,4.8,257.2,SYNTHETIC DATA — PIPELINE/CONSTRAINT VERIFICATION ONLY
0,BOM_r1_c6,BOM,18.876,73.1777,4.388,0.998,4.5,257.2,SYNTHETIC DATA — PIPELINE/CONSTRAINT VERIFICATION ONLY
0,BOM_r2_c0,BOM,18.976,72.5777,6.545,0.848,6.6,262.6,SYNTHETIC DATA — PIPELINE/CONSTRAINT VERIFICATION ONLY
0,BOM_r2_c1,BOM,18.976,72.6777,6.248,0.809,6.3,262.6,SYNTHETIC DATA — PIPELINE/CONSTRAINT VERIFICATION ONLY
0,BOM_r2_c2,BOM,18.976,72.7777,5.95,0.77,6.0,262.6,SYNTHETIC DATA — PIPELINE/CONSTRAINT VERIFICATION ONLY
0,BOM_r2_c3,BOM,18.976,72.8777,5.653,0.732,5.7,262.6,SYNTHETIC DATA — PIPELINE/CONSTRAINT VERIFICATION ONLY
0,BOM_r2_c4,BOM,18.976,72.9777,5.355,0.693,5.4,262.6,SYNTHETIC DATA — PIPELINE/CONSTRAINT VERIFICATION ONLY
0,BOM_r2_c5,BOM,18.976,73.0777,5.058,0.655,5.1,262.6,SYNTHETIC DATA — PIPELINE/CONSTRAINT VERIFICATION ONLY
0,BOM_r2_c6,BOM,18.976,73.1777,4.76,0.616,4.8,262.6,SYNTHETIC DATA — PIPELINE/CONSTRAINT VERIFICATION ONLY
0,BOM_r3_c0,BOM,19.076,72.5777,6.873,0.606,6.9,265.0,SYNTHETIC DATA — PIPELINE/CONSTRAINT VERIFICATION ONLY
0,BOM_r3_c1,BOM,19.076,72.6777,6.575,0.58,6.6,265.0,SYNTHETIC DATA — PIPELINE/CONSTRAINT VERIFICATION ONLY
0,BOM_r3_c2,BOM,19.076,72.7777,6.276,0.553,6.3,265.0,SYNTHETIC DATA — PIPELINE/CONSTRAINT VERIFICATION ONLY
0,BOM_r3_c3,BOM,19.076,72.8777,5.977,0.527,6.0,265.0,SYNTHETIC DATA — PIPELINE/CONSTRAINT VERIFICATION ONLY
0,BOM_r3_c4,BOM,19.076,72.9777,5.678,0.501,5.7,265.0,SYNTHETIC DATA — PIPELINE/CONSTRAINT VERIFICATION ONLY
0,BOM_r3_c5,BOM,19.076,73.0777,5.379,0.474,5.4,265.0,SYNTHETIC DATA — PIPELINE/CONSTRAINT VERIFICATION ONLY
0,BOM_r3_c6,BOM,19.076,73.1777,5.08,0.448,5.1,265.0,SYNTHETIC DATA — PIPELINE/CONSTRAINT VERIFICATION ONLY
0,BOM_r4_c0,BOM,19.176,72.5777,7.156,0.798,7.2,263.6,SYNTHETIC DATA — PIPELINE/CONSTRAINT VERIFICATION ONLY
0,BOM_r4_c1,BOM,19.176,72.6777,6.858,0.764,6.9,263.6,SYNTHETIC DATA — PIPELINE/CONSTRAINT VERIFICATION ONLY
0,BOM_r4_c2,BOM,19.176,72.7777,6.559,0.731,6.6,263.6,SYNTHETIC DATA — PIPELINE/CONSTRAINT VERIFICATION ONLY
0,BOM_r4_c3,BOM,19.176,72.8777,6.261,0.698,6.3,263.6,SYNTHETIC DATA — PIPELINE/CONSTRAINT VERIFICATION ONLY
0,BOM_r4_c4,BOM,19.176,72.9777,5.963,0.665,6.0,263.6,SYNTHETIC DATA — PIPELINE/CONSTRAINT VERIFICATION ONLY
0,BOM_r4_c5,BOM,19.176,73.0777,5.665,0.631,5.7,263.6,SYNTHETIC DATA — PIPELINE/CONSTRAINT VERIFICATION ONLY
0,BOM_r4_c6,BOM,19.176,73.1777,5.367,0.598,5.4,263.6,SYNTHETIC DATA — PIPELINE/CONSTRAINT VERIFICATION ONLY
0,BOM_r5_c0,BOM,19.276,72.5777,7.362,1.434,7.5,259.0,SYNTHETIC DATA — PIPELINE/CONSTRAINT VERIFICATION ONLY
0,BOM_r5_c1,BOM,19.276,72.6777,7.067,1.377,7.2,259.0,SYNTHETIC DATA — PIPELINE/CONSTRAINT VERIFICATION ONLY
0,BOM_r5_c2,BOM,19.276,72.7777,6.773,1.319,6.9,259.0,SYNTHETIC DATA — PIPELINE/CONSTRAINT VERIFICATION ONLY
0,BOM_r5_c3,BOM,19.276,72.8777,6.478,1.262,6.6,259.0,SYNTHETIC DATA — PIPELINE/CONSTRAINT VERIFICATION ONLY
0,BOM_r5_c4,BOM,19.276,72.9777,6.184,1.205,6.3,259.0,SYNTHETIC DATA — PIPELINE/CONSTRAINT VERIFICATION ONLY
0,BOM_r5_c5,BOM,19.276,73.0777,5.889,1.147,6.0,259.0,SYNTHETIC DATA — PIPELINE/CONSTRAINT VERIFICATION ONLY
0,BOM_r5_c6,BOM,19.276,73.1777,5.595,1.09,5.7,259.0,SYNTHETIC DATA — PIPELINE/CONSTRAINT VERIFICATION ONLY
0,BOM_r6_c0,BOM,19.376,72.5777,7.423,2.395,7.8,252.1,SYNTHETIC DATA — PIPELINE/CONSTRAINT VERIFICATION ONLY
0,BOM_r6_c1,BOM,19.376,72.6777,7.138,2.303,7.5,252.1,SYNTHETIC DATA — PIPELINE/CONSTRAINT VERIFICATION ONLY
0,BOM_r6_c2,BOM,19.376,72.7777,6.852,2.211,7.2,252.1,SYNTHETIC DATA — PIPELINE/CONSTRAINT VERIFICATION ONLY
0,BOM_r6_c3,BOM,19.376,72.8777,6.567,2.119,6.9,252.1,SYNTHETIC DATA — PIPELINE/CONSTRAINT VERIFICATION ONLY
0,BOM_r6_c4,BOM,19.376,72.9777,6.281,2.027,6.6,252.1,SYNTHETIC DATA — PIPELINE/CONSTRAINT VERIFICATION ONLY
0,BOM_r6_c5,BOM,19.376,73.0777,5.996,1.935,6.3,252.1,SYNTHETIC DATA — PIPELINE/CONSTRAINT VERIFICATION ONLY
0,BOM_r6_c6,BOM,19.376,73.1777,5.71,1.842,6.0,252.1,SYNTHETIC DATA — PIPELINE/CONSTRAINT VERIFICATION ONLY
0,LKO_r0_c0,LKO,26.5467,80.6462,5.196,-3.0,6.0,300.0,SYNTHETIC DATA — PIPELINE/CONSTRAINT VERIFICATION ONLY
0,LKO_r0_c1,LKO,26.5467,80.7462,4.936,-2.85,5.7,300.0,SYNTHETIC DATA — PIPELINE/CONSTRAINT VERIFICATION ONLY
0,LKO_r0_c2,LKO,26.5467,80.8462,4.677,-2.7,5.4,300.0,SYNTHETIC DATA — PIPELINE/CONSTRAINT VERIFICATION ONLY
0,LKO_r0_c3,LKO,26.5467,80.9462,4.417,-2.55,5.1,300.0,SYNTHETIC DATA — PIPELINE/CONSTRAINT VERIFICATION ONLY
0,LKO_r0_c4,LKO,26.5467,81.0462,4.157,-2.4,4.8,300.0,SYNTHETIC DATA — PIPELINE/CONSTRAINT VERIFICATION ONLY
0,LKO_r0_c5,LKO,26.5467,81.1462,3.897,-2.25,4.5,300.0,SYNTHETIC DATA — PIPELINE/CONSTRAINT VERIFICATION ONLY
0,LKO_r0_c6,LKO,26.5467,81.2462,3.637,-2.1,4.2,300.0,SYNTHETIC DATA — PIPELINE/CONSTRAINT VERIFICATION ONLY
0,LKO_r1_c0,LKO,26.6467,80.6462,5.019,-3.808,6.3,307.2,SYNTHETIC DATA — PIPELINE/CONSTRAINT VERIFICATION ONLY
0,LKO_r1_c1,LKO,26.6467,80.7462,4.78,-3.627,6.0,307.2,SYNTHETIC DATA — PIPELINE/CONSTRAINT VERIFICATION ONLY
0,LKO_r1_c2,LKO,26.6467,80.8462,4.541,-3.446,5.7,307.2,SYNTHETIC DATA — PIPELINE/CONSTRAINT VERIFICATION ONLY
0,LKO_r1_c3,LKO,26.6467,80.9462,4.302,-3.264,5.4,307.2,SYNTHETIC DATA — PIPELINE/CONSTRAINT VERIFICATION ONLY
0,LKO_r1_c4,LKO,26.6467,81.0462,4.063,-3.083,5.1,307.2,SYNTHETIC DATA — PIPELINE/CONSTRAINT VERIFICATION ONLY
0,LKO_r1_c5,LKO,26.6467,81.1462,3.824,-2.902,4.8,307.2,SYNTHETIC DATA — PIPELINE/CONSTRAINT VERIFICATION ONLY
0,LKO_r1_c6,LKO,26.6467,81.2462,3.585,-2.72,4.5,307.2,SYNTHETIC DATA — PIPELINE/CONSTRAINT VERIFICATION ONLY
0,LKO_r2_c0,LKO,26.7467,80.6462,4.857,-4.469,6.6,312.6,SYNTHETIC DATA — PIPELINE/CONSTRAINT VERIFICATION ONLY
0,LKO_r2_c1,LKO,26.7467,80.7462,4.636,-4.266,6.3,312.6,SYNTHETIC DATA — PIPELINE/CONSTRAINT VERIFICATION ONLY
0,LKO_r2_c2,LKO,26.7467,80.8462,4.415,-4.063,6.0,312.6,SYNTHETIC DATA — PIPELINE/CONSTRAINT VERIFICATION ONLY
0,LKO_r2_c3,LKO,26.7467,80.9462,4.194,-3.86,5.7,312.6,SYNTHETIC DATA — PIPELINE/CONSTRAINT VERIFICATION ONLY
0,LKO_r2_c4,LKO,26.7467,81.0462,3.974,-3.657,5.4,312.6,SYNTHETIC DATA — PIPELINE/CONSTRAINT VERIFICATION ONLY
0,LKO_r2_c5,LKO,26.7467,81.1462,3.753,-3.454,5.1,312.6,SYNTHETIC DATA — PIPELINE/CONSTRAINT VERIFICATION ONLY
0,LKO_r2_c6,LKO,26.7467,81.2462,3.532,-3.25,4.8,312.6,SYNTHETIC DATA — PIPELINE/CONSTRAINT VERIFICATION ONLY
0,LKO_r3_c0,LKO,26.8467,80.6462,4.882,-4.876,6.9,315.0,SYNTHETIC DATA — PIPELINE/CONSTRAINT VERIFICATION ONLY
0,LKO_r3_c1,LKO,26.8467,80.7462,4.67,-4.664,6.6,315.0,SYNTHETIC DATA — PIPELINE/CONSTRAINT VERIFICATION ONLY
0,LKO_r3_c2,LKO,26.8467,80.8462,4.458,-4.452,6.3,315.0,SYNTHETIC DATA — PIPELINE/CONSTRAINT VERIFICATION ONLY
0,LKO_r3_c3,LKO,26.8467,80.9462,4.245,-4.24,6.0,315.0,SYNTHETIC DATA — PIPELINE/CONSTRAINT VERIFICATION ONLY
0,LKO_r3_c4,LKO,26.8467,81.0462,4.033,-4.028,5.7,315.0,SYNTHETIC DATA — PIPELINE/CONSTRAINT VERIFICATION ONLY
0,LKO_r3_c5,LKO,26.8467,81.1462,3.821,-3.816,5.4,315.0,SYNTHETIC DATA — PIPELINE/CONSTRAINT VERIFICATION ONLY
0,LKO_r3_c6,LKO,26.8467,81.2462,3.609,-3.604,5.1,315.0,SYNTHETIC DATA — PIPELINE/CONSTRAINT VERIFICATION ONLY
0,LKO_r4_c0,LKO,26.9467,80.6462,5.211,-4.969,7.2,313.6,SYNTHETIC DATA — PIPELINE/CONSTRAINT VERIFICATION ONLY
0,LKO_r4_c1,LKO,26.9467,80.7462,4.994,-4.762,6.9,313.6,SYNTHETIC DATA — PIPELINE/CONSTRAINT VERIFICATION ONLY
0,LKO_r4_c2,LKO,26.9467,80.8462,4.776,-4.555,6.6,313.6,SYNTHETIC DATA — PIPELINE/CONSTRAINT VERIFICATION ONLY
0,LKO_r4_c3,LKO,26.9467,80.9462,4.559,-4.348,6.3,313.6,SYNTHETIC DATA — PIPELINE/CONSTRAINT VERIFICATION ONLY
0,LKO_r4_c4,LKO,26.9467,81.0462,4.342,-4.141,6.0,313.6,SYNTHETIC DATA — PIPELINE/CONSTRAINT VERIFICATION ONLY
0,LKO_r4_c5,LKO,26.9467,81.1462,4.125,-3.934,5.7,313.6,SYNTHETIC DATA — PIPELINE/CONSTRAINT VERIFICATION ONLY
0,LKO_r4_c6,LKO,26.9467,81.2462,3.908,-3.727,5.4,313.6,SYNTHETIC DATA — PIPELINE/CONSTRAINT VERIFICATION ONLY
0,LKO_r5_c0,LKO,27.0467,80.6462,5.83,-4.718,7.5,309.0,SYNTHETIC DATA — PIPELINE/CONSTRAINT VERIFICATION ONLY
0,LKO_r5_c1,LKO,27.0467,80.7462,5.597,-4.529,7.2,309.0,SYNTHETIC DATA — PIPELINE/CONSTRAINT VERIFICATION ONLY
0,LKO_r5_c2,LKO,27.0467,80.8462,5.364,-4.34,6.9,309.0,SYNTHETIC DATA — PIPELINE/CONSTRAINT VERIFICATION ONLY
0,LKO_r5_c3,LKO,27.0467,80.9462,5.131,-4.151,6.6,309.0,SYNTHETIC DATA — PIPELINE/CONSTRAINT VERIFICATION ONLY
0,LKO_r5_c4,LKO,27.0467,81.0462,4.898,-3.963,6.3,309.0,SYNTHETIC DATA — PIPELINE/CONSTRAINT VERIFICATION ONLY
0,LKO_r5_c5,LKO,27.0467,81.1462,4.664,-3.774,6.0,309.0,SYNTHETIC DATA — PIPELINE/CONSTRAINT VERIFICATION ONLY
0,LKO_r5_c6,LKO,27.0467,81.2462,4.431,-3.585,5.7,309.0,SYNTHETIC DATA — PIPELINE/CONSTRAINT VERIFICATION ONLY
0,LKO_r6_c0,LKO,27.1467,80.6462,6.606,-4.147,7.8,302.1,SYNTHETIC DATA — PIPELINE/CONSTRAINT VERIFICATION ONLY
0,LKO_r6_c1,LKO,27.1467,80.7462,6.352,-3.987,7.5,302.1,SYNTHETIC DATA — PIPELINE/CONSTRAINT VERIFICATION ONLY
0,LKO_r6_c2,LKO,27.1467,80.8462,6.098,-3.828,7.2,302.1,SYNTHETIC DATA — PIPELINE/CONSTRAINT VERIFICATION ONLY
0,LKO_r6_c3,LKO,27.1467,80.9462,5.844,-3.668,6.9,302.1,SYNTHETIC DATA — PIPELINE/CONSTRAINT VERIFICATION ONLY
0,LKO_r6_c4,LKO,27.1467,81.0462,5.59,-3.509,6.6,302.1,SYNTHETIC DATA — PIPELINE/CONSTRAINT VERIFICATION ONLY
0,LKO_r6_c5,LKO,27.1467,81.1462,5.336,-3.349,6.3,302.1,SYNTHETIC DATA — PIPELINE/CONSTRAINT VERIFICATION ONLY
0,LKO_r6_c6,LKO,27.1467,81.2462,5.082,-3.19,6.0,302.1,SYNTHETIC DATA — PIPELINE/CONSTRAINT VERIFICATION ONLY
0,VNS_r0_c0,VNS,25.0176,82.6739,5.638,-2.052,6.0,290.0,SYNTHETIC DATA — PIPELINE/CONSTRAINT VERIFICATION ONLY
0,VNS_r0_c1,VNS,25.0176,82.7739,5.356,-1.95,5.7,290.0,SYNTHETIC DATA — PIPELINE/CONSTRAINT VERIFICATION ONLY
0,VNS_r0_c2,VNS,25.0176,82.8739,5.074,-1.847,5.4,290.0,SYNTHETIC DATA — PIPELINE/CONSTRAINT VERIFICATION ONLY
0,VNS_r0_c3,VNS,25.0176,82.9739,4.792,-1.744,5.1,290.0,SYNTHETIC DATA — PIPELINE/CONSTRAINT VERIFICATION ONLY
0,VNS_r0_c4,VNS,25.0176,83.0739,4.511,-1.642,4.8,290.0,SYNTHETIC DATA — PIPELINE/CONSTRAINT VERIFICATION ONLY
0,VNS_r0_c5,VNS,25.0176,83.1739,4.229,-1.539,4.5,290.0,SYNTHETIC DATA — PIPELINE/CONSTRAINT VERIFICATION ONLY
0,VNS_r0_c6,VNS,25.0176,83.2739,3.947,-1.436,4.2,290.0,SYNTHETIC DATA — PIPELINE/CONSTRAINT VERIFICATION ONLY
0,VNS_r1_c0,VNS,25.1176,82.6739,5.604,-2.879,6.3,297.2,SYNTHETIC DATA — PIPELINE/CONSTRAINT VERIFICATION ONLY
0,VNS_r1_c1,VNS,25.1176,82.7739,5.337,-2.742,6.0,297.2,SYNTHETIC DATA — PIPELINE/CONSTRAINT VERIFICATION ONLY
0,VNS_r1_c2,VNS,25.1176,82.8739,5.07,-2.605,5.7,297.2,SYNTHETIC DATA — PIPELINE/CONSTRAINT VERIFICATION ONLY
0,VNS_r1_c3,VNS,25.1176,82.9739,4.803,-2.468,5.4,297.2,SYNTHETIC DATA — PIPELINE/CONSTRAINT VERIFICATION ONLY
0,VNS_r1_c4,VNS,25.1176,83.0739,4.536,-2.331,5.1,297.2,SYNTHETIC DATA — PIPELINE/CONSTRAINT VERIFICATION ONLY
0,VNS_r1_c5,VNS,25.1176,83.1739,4.27,-2.193,4.8,297.2,SYNTHETIC DATA — PIPELINE/CONSTRAINT VERIFICATION ONLY
0,VNS_r1_c6,VNS,25.1176,83.2739,4.003,-2.056,4.5,297.2,SYNTHETIC DATA — PIPELINE/CONSTRAINT VERIFICATION ONLY
0,VNS_r2_c0,VNS,25.2176,82.6739,5.559,-3.558,6.6,302.6,SYNTHETIC DATA — PIPELINE/CONSTRAINT VERIFICATION ONLY
0,VNS_r2_c1,VNS,25.2176,82.7739,5.306,-3.396,6.3,302.6,SYNTHETIC DATA — PIPELINE/CONSTRAINT VERIFICATION ONLY
0,VNS_r2_c2,VNS,25.2176,82.8739,5.053,-3.235,6.0,302.6,SYNTHETIC DATA — PIPELINE/CONSTRAINT VERIFICATION ONLY
0,VNS_r2_c3,VNS,25.2176,82.9739,4.801,-3.073,5.7,302.6,SYNTHETIC DATA — PIPELINE/CONSTRAINT VERIFICATION ONLY
0,VNS_r2_c4,VNS,25.2176,83.0739,4.548,-2.911,5.4,302.6,SYNTHETIC DATA — PIPELINE/CONSTRAINT VERIFICATION ONLY
0,VNS_r2_c5,VNS,25.2176,83.1739,4.295,-2.749,5.1,302.6,SYNTHETIC DATA — PIPELINE/CONSTRAINT VERIFICATION ONLY
0,VNS_r2_c6,VNS,25.2176,83.2739,4.043,-2.588,4.8,302.6,SYNTHETIC DATA — PIPELINE/CONSTRAINT VERIFICATION ONLY
0,VNS_r3_c0,VNS,25.3176,82.6739,5.655,-3.954,6.9,305.0,SYNTHETIC DATA — PIPELINE/CONSTRAINT VERIFICATION ONLY
0,VNS_r3_c1,VNS,25.3176,82.7739,5.409,-3.782,6.6,305.0,SYNTHETIC DATA — PIPELINE/CONSTRAINT VERIFICATION ONLY
0,VNS_r3_c2,VNS,25.3176,82.8739,5.163,-3.61,6.3,305.0,SYNTHETIC DATA — PIPELINE/CONSTRAINT VERIFICATION ONLY
0,VNS_r3_c3,VNS,25.3176,82.9739,4.917,-3.438,6.0,305.0,SYNTHETIC DATA — PIPELINE/CONSTRAINT VERIFICATION ONLY
0,VNS_r3_c4,VNS,25.3176,83.0739,4.671,-3.266,5.7,305.0,SYNTHETIC DATA — PIPELINE/CONSTRAINT VERIFICATION ONLY
0,VNS_r3_c5,VNS,25.3176,83.1739,4.425,-3.094,5.4,305.0,SYNTHETIC DATA — PIPELINE/CONSTRAINT VERIFICATION ONLY
0,VNS_r3_c6,VNS,25.3176,83.2739,4.18,-2.922,5.1,305.0,SYNTHETIC DATA — PIPELINE/CONSTRAINT VERIFICATION ONLY
0,VNS_r4_c0,VNS,25.4176,82.6739,5.994,-3.989,7.2,303.6,SYNTHETIC DATA — PIPELINE/CONSTRAINT VERIFICATION ONLY
0,VNS_r4_c1,VNS,25.4176,82.7739,5.745,-3.822,6.9,303.6,SYNTHETIC DATA — PIPELINE/CONSTRAINT VERIFICATION ONLY
0,VNS_r4_c2,VNS,25.4176,82.8739,5.495,-3.656,6.6,303.6,SYNTHETIC DATA — PIPELINE/CONSTRAINT VERIFICATION ONLY
0,VNS_r4_c3,VNS,25.4176,82.9739,5.245,-3.49,6.3,303.6,SYNTHETIC DATA — PIPELINE/CONSTRAINT VERIFICATION ONLY
0,VNS_r4_c4,VNS,25.4176,83.0739,4.995,-3.324,6.0,303.6,SYNTHETIC DATA — PIPELINE/CONSTRAINT VERIFICATION ONLY
0,VNS_r4_c5,VNS,25.4176,83.1739,4.745,-3.158,5.7,303.6,SYNTHETIC DATA — PIPELINE/CONSTRAINT VERIFICATION ONLY
0,VNS_r4_c6,VNS,25.4176,83.2739,4.496,-2.991,5.4,303.6,SYNTHETIC DATA — PIPELINE/CONSTRAINT VERIFICATION ONLY
0,VNS_r5_c0,VNS,25.5176,82.6739,6.561,-3.633,7.5,299.0,SYNTHETIC DATA — PIPELINE/CONSTRAINT VERIFICATION ONLY
0,VNS_r5_c1,VNS,25.5176,82.7739,6.299,-3.488,7.2,299.0,SYNTHETIC DATA — PIPELINE/CONSTRAINT VERIFICATION ONLY
0,VNS_r5_c2,VNS,25.5176,82.8739,6.036,-3.343,6.9,299.0,SYNTHETIC DATA — PIPELINE/CONSTRAINT VERIFICATION ONLY
0,VNS_r5_c3,VNS,25.5176,82.9739,5.774,-3.197,6.6,299.0,SYNTHETIC DATA — PIPELINE/CONSTRAINT VERIFICATION ONLY
0,VNS_r5_c4,VNS,25.5176,83.0739,5.511,-3.052,6.3,299.0,SYNTHETIC DATA — PIPELINE/CONSTRAINT VERIFICATION ONLY
0,VNS_r5_c5,VNS,25.5176,83.1739,5.249,-2.907,6.0,299.0,SYNTHETIC DATA — PIPELINE/CONSTRAINT VERIFICATION ONLY
0,VNS_r5_c6,VNS,25.5176,83.2739,4.986,-2.761,5.7,299.0,SYNTHETIC DATA — PIPELINE/CONSTRAINT VERIFICATION ONLY
0,VNS_r6_c0,VNS,25.6176,82.6739,7.226,-2.937,7.8,292.1,SYNTHETIC DATA — PIPELINE/CONSTRAINT VERIFICATION ONLY
0,VNS_r6_c1,VNS,25.6176,82.7739,6.948,-2.824,7.5,292.1,SYNTHETIC DATA — PIPELINE/CONSTRAINT VERIFICATION ONLY
0,VNS_r6_c2,VNS,25.6176,82.8739,6.67,-2.711,7.2,292.1,SYNTHETIC DATA — PIPELINE/CONSTRAINT VERIFICATION ONLY
0,VNS_r6_c3,VNS,25.6176,82.9739,6.392,-2.598,6.9,292.1,SYNTHETIC DATA — PIPELINE/CONSTRAINT VERIFICATION ONLY
0,VNS_r6_c4,VNS,25.6176,83.0739,6.114,-2.485,6.6,292.1,SYNTHETIC DATA — PIPELINE/CONSTRAINT VERIFICATION ONLY
0,VNS_r6_c5,VNS,25.6176,83.1739,5.836,-2.372,6.3,292.1,SYNTHETIC DATA — PIPELINE/CONSTRAINT VERIFICATION ONLY
0,VNS_r6_c6,VNS,25.6176,83.2739,5.559,-2.259,6.0,292.1,SYNTHETIC DATA — PIPELINE/CONSTRAINT VERIFICATION ONLY
0,JAI_r0_c0,JAI,26.6124,75.4873,3.857,-4.596,6.0,320.0,SYNTHETIC DATA — PIPELINE/CONSTRAINT VERIFICATION ONLY
0,JAI_r0_c1,JAI,26.6124,75.5873,3.664,-4.366,5.7,320.0,SYNTHETIC DATA — PIPELINE/CONSTRAINT VERIFICATION ONLY
0,JAI_r0_c2,JAI,26.6124,75.6873,3.471,-4.137,5.4,320.0,SYNTHETIC DATA — PIPELINE/CONSTRAINT VERIFICATION ONLY
0,JAI_r0_c3,JAI,26.6124,75.7873,3.278,-3.907,5.1,320.0,SYNTHETIC DATA — PIPELINE/CONSTRAINT VERIFICATION ONLY
0,JAI_r0_c4,JAI,26.6124,75.8873,3.085,-3.677,4.8,320.0,SYNTHETIC DATA — PIPELINE/CONSTRAINT VERIFICATION ONLY
0,JAI_r0_c5,JAI,26.6124,75.9873,2.893,-3.447,4.5,320.0,SYNTHETIC DATA — PIPELINE/CONSTRAINT VERIFICATION ONLY
0,JAI_r0_c6,JAI,26.6124,76.0873,2.7,-3.217,4.2,320.0,SYNTHETIC DATA — PIPELINE/CONSTRAINT VERIFICATION ONLY
0,JAI_r1_c0,JAI,26.7124,75.4873,3.414,-5.295,6.3,327.2,SYNTHETIC DATA — PIPELINE/CONSTRAINT VERIFICATION ONLY
0,JAI_r1_c1,JAI,26.7124,75.5873,3.251,-5.043,6.0,327.2,SYNTHETIC DATA — PIPELINE/CONSTRAINT VERIFICATION ONLY
0,JAI_r1_c2,JAI,26.7124,75.6873,3.088,-4.791,5.7,327.2,SYNTHETIC DATA — PIPELINE/CONSTRAINT VERIFICATION ONLY
0,JAI_r1_c3,JAI,26.7124,75.7873,2.926,-4.539,5.4,327.2,SYNTHETIC DATA — PIPELINE/CONSTRAINT VERIFICATION ONLY
0,JAI_r1_c4,JAI,26.7124,75.8873,2.763,-4.286,5.1,327.2,SYNTHETIC DATA — PIPELINE/CONSTRAINT VERIFICATION ONLY
0,JAI_r1_c5,JAI,26.7124,75.9873,2.601,-4.034,4.8,327.2,SYNTHETIC DATA — PIPELINE/CONSTRAINT VERIFICATION ONLY
0,JAI_r1_c6,JAI,26.7124,76.0873,2.438,-3.782,4.5,327.2,SYNTHETIC DATA — PIPELINE/CONSTRAINT VERIFICATION ONLY
0,JAI_r2_c0,JAI,26.8124,75.4873,3.035,-5.861,6.6,332.6,SYNTHETIC DATA — PIPELINE/CONSTRAINT VERIFICATION ONLY
0,JAI_r2_c1,JAI,26.8124,75.5873,2.897,-5.594,6.3,332.6,SYNTHETIC DATA — PIPELINE/CONSTRAINT VERIFICATION ONLY
0,JAI_r2_c2,JAI,26.8124,75.6873,2.759,-5.328,6.0,332.6,SYNTHETIC DATA — PIPELINE/CONSTRAINT VERIFICATION ONLY
0,JAI_r2_c3,JAI,26.8124,75.7873,2.621,-5.062,5.7,332.6,SYNTHETIC DATA — PIPELINE/CONSTRAINT VERIFICATION ONLY
0,JAI_r2_c4,JAI,26.8124,75.8873,2.483,-4.795,5.4,332.6,SYNTHETIC DATA — PIPELINE/CONSTRAINT VERIFICATION ONLY
0,JAI_r2_c5,JAI,26.8124,75.9873,2.345,-4.529,5.1,332.6,SYNTHETIC DATA — PIPELINE/CONSTRAINT VERIFICATION ONLY
0,JAI_r2_c6,JAI,26.8124,76.0873,2.207,-4.262,4.8,332.6,SYNTHETIC DATA — PIPELINE/CONSTRAINT VERIFICATION ONLY
0,JAI_r3_c0,JAI,26.9124,75.4873,2.92,-6.252,6.9,335.0,SYNTHETIC DATA — PIPELINE/CONSTRAINT VERIFICATION ONLY
0,JAI_r3_c1,JAI,26.9124,75.5873,2.793,-5.98,6.6,335.0,SYNTHETIC DATA — PIPELINE/CONSTRAINT VERIFICATION ONLY
0,JAI_r3_c2,JAI,26.9124,75.6873,2.666,-5.708,6.3,335.0,SYNTHETIC DATA — PIPELINE/CONSTRAINT VERIFICATION ONLY
0,JAI_r3_c3,JAI,26.9124,75.7873,2.539,-5.436,6.0,335.0,SYNTHETIC DATA — PIPELINE/CONSTRAINT VERIFICATION ONLY
0,JAI_r3_c4,JAI,26.9124,75.8873,2.412,-5.164,5.7,335.0,SYNTHETIC DATA — PIPELINE/CONSTRAINT VERIFICATION ONLY
0,JAI_r3_c5,JAI,26.9124,75.9873,2.285,-4.893,5.4,335.0,SYNTHETIC DATA — PIPELINE/CONSTRAINT VERIFICATION ONLY
0,JAI_r3_c6,JAI,26.9124,76.0873,2.158,-4.621,5.1,335.0,SYNTHETIC DATA — PIPELINE/CONSTRAINT VERIFICATION ONLY
0,JAI_r4_c0,JAI,27.0124,75.4873,3.197,-6.451,7.2,333.6,SYNTHETIC DATA — PIPELINE/CONSTRAINT VERIFICATION ONLY
0,JAI_r4_c1,JAI,27.0124,75.5873,3.064,-6.183,6.9,333.6,SYNTHETIC DATA — PIPELINE/CONSTRAINT VERIFICATION ONLY
0,JAI_r4_c2,JAI,27.0124,75.6873,2.931,-5.914,6.6,333.6,SYNTHETIC DATA — PIPELINE/CONSTRAINT VERIFICATION ONLY
0,JAI_r4_c3,JAI,27.0124,75.7873,2.797,-5.645,6.3,333.6,SYNTHETIC DATA — PIPELINE/CONSTRAINT VERIFICATION ONLY
0,JAI_r4_c4,JAI,27.0124,75.8873,2.664,-5.376,6.0,333.6,SYNTHETIC DATA — PIPELINE/CONSTRAINT VERIFICATION ONLY
0,JAI_r4_c5,JAI,27.0124,75.9873,2.531,-5.107,5.7,333.6,SYNTHETIC DATA — PIPELINE/CONSTRAINT VERIFICATION ONLY
0,JAI_r4_c6,JAI,27.0124,76.0873,2.398,-4.838,5.4,333.6,SYNTHETIC DATA — PIPELINE/CONSTRAINT VERIFICATION ONLY
0,JAI_r5_c0,JAI,27.1124,75.4873,3.865,-6.427,7.5,329.0,SYNTHETIC DATA — PIPELINE/CONSTRAINT VERIFICATION ONLY
0,JAI_r5_c1,JAI,27.1124,75.5873,3.711,-6.17,7.2,329.0,SYNTHETIC DATA — PIPELINE/CONSTRAINT VERIFICATION ONLY
0,JAI_r5_c2,JAI,27.1124,75.6873,3.556,-5.913,6.9,329.0,SYNTHETIC DATA — PIPELINE/CONSTRAINT VERIFICATION ONLY
0,JAI_r5_c3,JAI,27.1124,75.7873,3.402,-5.656,6.6,329.0,SYNTHETIC DATA — PIPELINE/CONSTRAINT VERIFICATION ONLY
0,JAI_r5_c4,JAI,27.1124,75.8873,3.247,-5.399,6.3,329.0,SYNTHETIC DATA — PIPELINE/CONSTRAINT VERIFICATION ONLY
0,JAI_r5_c5,JAI,27.1124,75.9873,3.092,-5.142,6.0,329.0,SYNTHETIC DATA — PIPELINE/CONSTRAINT VERIFICATION ONLY
0,JAI_r5_c6,JAI,27.1124,76.0873,2.938,-4.885,5.7,329.0,SYNTHETIC DATA — PIPELINE/CONSTRAINT VERIFICATION ONLY
0,JAI_r6_c0,JAI,27.2124,75.4873,4.79,-6.156,7.8,322.1,SYNTHETIC DATA — PIPELINE/CONSTRAINT VERIFICATION ONLY
0,JAI_r6_c1,JAI,27.2124,75.5873,4.605,-5.919,7.5,322.1,SYNTHETIC DATA — PIPELINE/CONSTRAINT VERIFICATION ONLY
0,JAI_r6_c2,JAI,27.2124,75.6873,4.421,-5.683,7.2,322.1,SYNTHETIC DATA — PIPELINE/CONSTRAINT VERIFICATION ONLY
0,JAI_r6_c3,JAI,27.2124,75.7873,4.237,-5.446,6.9,322.1,SYNTHETIC DATA — PIPELINE/CONSTRAINT VERIFICATION ONLY
0,JAI_r6_c4,JAI,27.2124,75.8873,4.053,-5.209,6.6,322.1,SYNTHETIC DATA — PIPELINE/CONSTRAINT VERIFICATION ONLY
0,JAI_r6_c5,JAI,27.2124,75.9873,3.869,-4.972,6.3,322.1,SYNTHETIC DATA — PIPELINE/CONSTRAINT VERIFICATION ONLY
0,JAI_r6_c6,JAI,27.2124,76.0873,3.684,-4.736,6.0,322.1,SYNTHETIC DATA — PIPELINE/CONSTRAINT VERIFICATION ONLY
0,AMD_r0_c0,AMD,22.7225,72.2714,6.0,0.0,6.0,270.0,SYNTHETIC DATA — PIPELINE/CONSTRAINT VERIFICATION ONLY
0,AMD_r0_c1,AMD,22.7225,72.3714,5.7,0.0,5.7,270.0,SYNTHETIC DATA — PIPELINE/CONSTRAINT VERIFICATION ONLY
0,AMD_r0_c2,AMD,22.7225,72.4714,5.4,0.0,5.4,270.0,SYNTHETIC DATA — PIPELINE/CONSTRAINT VERIFICATION ONLY
0,AMD_r0_c3,AMD,22.7225,72.5714,5.1,0.0,5.1,270.0,SYNTHETIC DATA — PIPELINE/CONSTRAINT VERIFICATION ONLY
0,AMD_r0_c4,AMD,22.7225,72.6714,4.8,0.0,4.8,270.0,SYNTHETIC DATA — PIPELINE/CONSTRAINT VERIFICATION ONLY
0,AMD_r0_c5,AMD,22.7225,72.7714,4.5,0.0,4.5,270.0,SYNTHETIC DATA — PIPELINE/CONSTRAINT VERIFICATION ONLY
0,AMD_r0_c6,AMD,22.7225,72.8714,4.2,0.0,4.2,270.0,SYNTHETIC DATA — PIPELINE/CONSTRAINT VERIFICATION ONLY
0,AMD_r1_c0,AMD,22.8225,72.2714,6.25,-0.789,6.3,277.2,SYNTHETIC DATA — PIPELINE/CONSTRAINT VERIFICATION ONLY
0,AMD_r1_c1,AMD,22.8225,72.3714,5.953,-0.751,6.0,277.2,SYNTHETIC DATA — PIPELINE/CONSTRAINT VERIFICATION ONLY
0,AMD_r1_c2,AMD,22.8225,72.4714,5.655,-0.714,5.7,277.2,SYNTHETIC DATA — PIPELINE/CONSTRAINT VERIFICATION ONLY
0,AMD_r1_c3,AMD,22.8225,72.5714,5.358,-0.676,5.4,277.2,SYNTHETIC DATA — PIPELINE/CONSTRAINT VERIFICATION ONLY
0,AMD_r1_c4,AMD,22.8225,72.6714,5.06,-0.638,5.1,277.2,SYNTHETIC DATA — PIPELINE/CONSTRAINT VERIFICATION ONLY
0,AMD_r1_c5,AMD,22.8225,72.7714,4.762,-0.601,4.8,277.2,SYNTHETIC DATA — PIPELINE/CONSTRAINT VERIFICATION ONLY
0,AMD_r1_c6,AMD,22.8225,72.8714,4.465,-0.563,4.5,277.2,SYNTHETIC DATA — PIPELINE/CONSTRAINT VERIFICATION ONLY
0,AMD_r2_c0,AMD,22.9225,72.2714,6.44,-1.442,6.6,282.6,SYNTHETIC DATA — PIPELINE/CONSTRAINT VERIFICATION ONLY
0,AMD_r2_c1,AMD,22.9225,72.3714,6.148,-1.377,6.3,282.6,SYNTHETIC DATA — PIPELINE/CONSTRAINT VERIFICATION ONLY
0,AMD_r2_c2,AMD,22.9225,72.4714,5.855,-1.311,6.0,282.6,SYNTHETIC DATA — PIPELINE/CONSTRAINT VERIFICATION ONLY
0,AMD_r2_c3,AMD,22.9225,72.5714,5.562,-1.246,5.7,282.6,SYNTHETIC DATA — PIPELINE/CONSTRAINT VERIFICATION ONLY
0,AMD_r2_c4,AMD,22.9225,72.6714,5.269,-1.18,5.4,282.6,SYNTHETIC DATA — PIPELINE/CONSTRAINT VERIFICATION ONLY
0,AMD_r2_c5,AMD,22.9225,72.7714,4.977,-1.114,5.1,282.6,SYNTHETIC DATA — PIPELINE/CONSTRAINT VERIFICATION ONLY
0,AMD_r2_c6,AMD,22.9225,72.8714,4.684,-1.049,4.8,282.6,SYNTHETIC DATA — PIPELINE/CONSTRAINT VERIFICATION ONLY
0,AMD_r3_c0,AMD,23.0225,72.2714,6.666,-1.781,6.9,285.0,SYNTHETIC DATA — PIPELINE/CONSTRAINT VERIFICATION ONLY
0,AMD_r3_c1,AMD,23.0225,72.3714,6.376,-1.704,6.6,285.0,SYNTHETIC DATA — PIPELINE/CONSTRAINT VERIFICATION ONLY
0,AMD_r3_c2,AMD,23.0225,72.4714,6.086,-1.627,6.3,285.0,SYNTHETIC DATA — PIPELINE/CONSTRAINT VERIFICATION ONLY
0,AMD_r3_c3,AMD,23.0225,72.5714,5.797,-1.549,6.0,285.0,SYNTHETIC DATA — PIPELINE/CONSTRAINT VERIFICATION ONLY
0,AMD_r3_c4,AMD,23.0225,72.6714,5.507,-1.472,5.7,285.0,SYNTHETIC DATA — PIPELINE/CONSTRAINT VERIFICATION ONLY
0,AMD_r3_c5,AMD,23.0225,72.7714,5.217,-1.394,5.4,285.0,SYNTHETIC DATA — PIPELINE/CONSTRAINT VERIFICATION ONLY
0,AMD_r3_c6,AMD,23.0225,72.8714,4.927,-1.317,5.1,285.0,SYNTHETIC DATA — PIPELINE/CONSTRAINT VERIFICATION ONLY
0,AMD_r4_c0,AMD,23.1225,72.2714,6.997,-1.698,7.2,283.6,SYNTHETIC DATA — PIPELINE/CONSTRAINT VERIFICATION ONLY
0,AMD_r4_c1,AMD,23.1225,72.3714,6.705,-1.627,6.9,283.6,SYNTHETIC DATA — PIPELINE/CONSTRAINT VERIFICATION ONLY
0,AMD_r4_c2,AMD,23.1225,72.4714,6.414,-1.556,6.6,283.6,SYNTHETIC DATA — PIPELINE/CONSTRAINT VERIFICATION ONLY
0,AMD_r4_c3,AMD,23.1225,72.5714,6.122,-1.486,6.3,283.6,SYNTHETIC DATA — PIPELINE/CONSTRAINT VERIFICATION ONLY
0,AMD_r4_c4,AMD,23.1225,72.6714,5.831,-1.415,6.0,283.6,SYNTHETIC DATA — PIPELINE/CONSTRAINT VERIFICATION ONLY
0,AMD_r4_c5,AMD,23.1225,72.7714,5.539,-1.344,5.7,283.6,SYNTHETIC DATA — PIPELINE/CONSTRAINT VERIFICATION ONLY
0,AMD_r4_c6,AMD,23.1225,72.8714,5.248,-1.273,5.4,283.6,SYNTHETIC DATA — PIPELINE/CONSTRAINT VERIFICATION ONLY
0,AMD_r5_c0,AMD,23.2225,72.2714,7.408,-1.17,7.5,279.0,SYNTHETIC DATA — PIPELINE/CONSTRAINT VERIFICATION ONLY
0,AMD_r5_c1,AMD,23.2225,72.3714,7.112,-1.123,7.2,279.0,SYNTHETIC DATA — PIPELINE/CONSTRAINT VERIFICATION ONLY
0,AMD_r5_c2,AMD,23.2225,72.4714,6.815,-1.077,6.9,279.0,SYNTHETIC DATA — PIPELINE/CONSTRAINT VERIFICATION ONLY
0,AMD_r5_c3,AMD,23.2225,72.5714,6.519,-1.03,6.6,279.0,SYNTHETIC DATA — PIPELINE/CONSTRAINT VERIFICATION ONLY
0,AMD_r5_c4,AMD,23.2225,72.6714,6.223,-0.983,6.3,279.0,SYNTHETIC DATA — PIPELINE/CONSTRAINT VERIFICATION ONLY
0,AMD_r5_c5,AMD,23.2225,72.7714,5.927,-0.936,6.0,279.0,SYNTHETIC DATA — PIPELINE/CONSTRAINT VERIFICATION ONLY
0,AMD_r5_c6,AMD,23.2225,72.8714,5.63,-0.889,5.7,279.0,SYNTHETIC DATA — PIPELINE/CONSTRAINT VERIFICATION ONLY
0,AMD_r6_c0,AMD,23.3225,72.2714,7.795,-0.288,7.8,272.1,SYNTHETIC DATA — PIPELINE/CONSTRAINT VERIFICATION ONLY
0,AMD_r6_c1,AMD,23.3225,72.3714,7.495,-0.277,7.5,272.1,SYNTHETIC DATA — PIPELINE/CONSTRAINT VERIFICATION ONLY
0,AMD_r6_c2,AMD,23.3225,72.4714,7.195,-0.266,7.2,272.1,SYNTHETIC DATA — PIPELINE/CONSTRAINT VERIFICATION ONLY
0,AMD_r6_c3,AMD,23.3225,72.5714,6.895,-0.255,6.9,272.1,SYNTHETIC DATA — PIPELINE/CONSTRAINT VERIFICATION ONLY
0,AMD_r6_c4,AMD,23.3225,72.6714,6.595,-0.244,6.6,272.1,SYNTHETIC DATA — PIPELINE/CONSTRAINT VERIFICATION ONLY
0,AMD_r6_c5,AMD,23.3225,72.7714,6.296,-0.233,6.3,272.1,SYNTHETIC DATA — PIPELINE/CONSTRAINT VERIFICATION ONLY
0,AMD_r6_c6,AMD,23.3225,72.8714,5.996,-0.222,6.0,272.1,SYNTHETIC DATA — PIPELINE/CONSTRAINT VERIFICATION ONLY
0,CCU_r0_c0,CCU,22.2726,88.0639,3.857,4.596,6.0,220.0,SYNTHETIC DATA — PIPELINE/CONSTRAINT VERIFICATION ONLY
0,CCU_r0_c1,CCU,22.2726,88.1639,3.664,4.366,5.7,220.0,SYNTHETIC DATA — PIPELINE/CONSTRAINT VERIFICATION ONLY
0,CCU_r0_c2,CCU,22.2726,88.2639,3.471,4.137,5.4,220.0,SYNTHETIC DATA — PIPELINE/CONSTRAINT VERIFICATION ONLY
0,CCU_r0_c3,CCU,22.2726,88.3639,3.278,3.907,5.1,220.0,SYNTHETIC DATA — PIPELINE/CONSTRAINT VERIFICATION ONLY
0,CCU_r0_c4,CCU,22.2726,88.4639,3.085,3.677,4.8,220.0,SYNTHETIC DATA — PIPELINE/CONSTRAINT VERIFICATION ONLY
0,CCU_r0_c5,CCU,22.2726,88.5639,2.893,3.447,4.5,220.0,SYNTHETIC DATA — PIPELINE/CONSTRAINT VERIFICATION ONLY
0,CCU_r0_c6,CCU,22.2726,88.6639,2.7,3.217,4.2,220.0,SYNTHETIC DATA — PIPELINE/CONSTRAINT VERIFICATION ONLY
0,CCU_r1_c0,CCU,22.3726,88.0639,4.622,4.281,6.3,227.2,SYNTHETIC DATA — PIPELINE/CONSTRAINT VERIFICATION ONLY
0,CCU_r1_c1,CCU,22.3726,88.1639,4.402,4.077,6.0,227.2,SYNTHETIC DATA — PIPELINE/CONSTRAINT VERIFICATION ONLY
0,CCU_r1_c2,CCU,22.3726,88.2639,4.182,3.873,5.7,227.2,SYNTHETIC DATA — PIPELINE/CONSTRAINT VERIFICATION ONLY
0,CCU_r1_c3,CCU,22.3726,88.3639,3.962,3.67,5.4,227.2,SYNTHETIC DATA — PIPELINE/CONSTRAINT VERIFICATION ONLY
0,CCU_r1_c4,CCU,22.3726,88.4639,3.742,3.466,5.1,227.2,SYNTHETIC DATA — PIPELINE/CONSTRAINT VERIFICATION ONLY
0,CCU_r1_c5,CCU,22.3726,88.5639,3.521,3.262,4.8,227.2,SYNTHETIC DATA — PIPELINE/CONSTRAINT VERIFICATION ONLY
0,CCU_r1_c6,CCU,22.3726,88.6639,3.301,3.058,4.5,227.2,SYNTHETIC DATA — PIPELINE/CONSTRAINT VERIFICATION ONLY
0,CCU_r2_c0,CCU,22.4726,88.0639,5.245,4.007,6.6,232.6,SYNTHETIC DATA — PIPELINE/CONSTRAINT VERIFICATION ONLY
0,CCU_r2_c1,CCU,22.4726,88.1639,5.006,3.825,6.3,232.6,SYNTHETIC DATA — PIPELINE/CONSTRAINT VERIFICATION ONLY
0,CCU_r2_c2,CCU,22.4726,88.2639,4.768,3.642,6.0,232.6,SYNTHETIC DATA — PIPELINE/CONSTRAINT VERIFICATION ONLY
0,CCU_r2_c3,CCU,22.4726,88.3639,4.529,3.46,5.7,232.6,SYNTHETIC DATA — PIPELINE/CONSTRAINT VERIFICATION ONLY
0,CCU_r2_c4,CCU,22.4726,88.4639,4.291,3.278,5.4,232.6,SYNTHETIC DATA — PIPELINE/CONSTRAINT VERIFICATION ONLY
0,CCU_r2_c5,CCU,22.4726,88.5639,4.053,3.096,5.1,232.6,SYNTHETIC DATA — PIPELINE/CONSTRAINT VERIFICATION ONLY
0,CCU_r2_c6,CCU,22.4726,88.6639,3.814,2.914,4.8,232.6,SYNTHETIC DATA — PIPELINE/CONSTRAINT VERIFICATION ONLY
0,CCU_r3_c0,CCU,22.5726,88.0639,5.65,3.961,6.9,235.0,SYNTHETIC DATA — PIPELINE/CONSTRAINT VERIFICATION ONLY
0,CCU_r3_c1,CCU,22.5726,88.1639,5.404,3.789,6.6,235.0,SYNTHETIC DATA — PIPELINE/CONSTRAINT VERIFICATION ONLY
0,CCU_r3_c2,CCU,22.5726,88.2639,5.158,3.617,6.3,235.0,SYNTHETIC DATA — PIPELINE/CONSTRAINT VERIFICATION ONLY
0,CCU_r3_c3,CCU,22.5726,88.3639,4.913,3.445,6.0,235.0,SYNTHETIC DATA — PIPELINE/CONSTRAINT VERIFICATION ONLY
0,CCU_r3_c4,CCU,22.5726,88.4639,4.667,3.272,5.7,235.0,SYNTHETIC DATA — PIPELINE/CONSTRAINT VERIFICATION ONLY
0,CCU_r3_c5,CCU,22.5726,88.5639,4.421,3.1,5.4,235.0,SYNTHETIC DATA — PIPELINE/CONSTRAINT VERIFICATION ONLY
0,CCU_r3_c6,CCU,22.5726,88.6639,4.176,2.928,5.1,235.0,SYNTHETIC DATA — PIPELINE/CONSTRAINT VERIFICATION ONLY
0,CCU_r4_c0,CCU,22.6726,88.0639,5.798,4.269,7.2,233.6,SYNTHETIC DATA — PIPELINE/CONSTRAINT VERIFICATION ONLY
0,CCU_r4_c1,CCU,22.6726,88.1639,5.557,4.091,6.9,233.6,SYNTHETIC DATA — PIPELINE/CONSTRAINT VERIFICATION ONLY
0,CCU_r4_c2,CCU,22.6726,88.2639,5.315,3.913,6.6,233.6,SYNTHETIC DATA — PIPELINE/CONSTRAINT VERIFICATION ONLY
0,CCU_r4_c3,CCU,22.6726,88.3639,5.073,3.735,6.3,233.6,SYNTHETIC DATA — PIPELINE/CONSTRAINT VERIFICATION ONLY
0,CCU_r4_c4,CCU,22.6726,88.4639,4.832,3.557,6.0,233.6,SYNTHETIC DATA — PIPELINE/CONSTRAINT VERIFICATION ONLY
0,CCU_r4_c5,CCU,22.6726,88.5639,4.59,3.379,5.7,233.6,SYNTHETIC DATA — PIPELINE/CONSTRAINT VERIFICATION ONLY
0,CCU_r4_c6,CCU,22.6726,88.6639,4.349,3.201,5.4,233.6,SYNTHETIC DATA — PIPELINE/CONSTRAINT VERIFICATION ONLY
0,CCU_r5_c0,CCU,22.7726,88.0639,5.658,4.923,7.5,229.0,SYNTHETIC DATA — PIPELINE/CONSTRAINT VERIFICATION ONLY
0,CCU_r5_c1,CCU,22.7726,88.1639,5.432,4.726,7.2,229.0,SYNTHETIC DATA — PIPELINE/CONSTRAINT VERIFICATION ONLY
0,CCU_r5_c2,CCU,22.7726,88.2639,5.206,4.529,6.9,229.0,SYNTHETIC DATA — PIPELINE/CONSTRAINT VERIFICATION ONLY
0,CCU_r5_c3,CCU,22.7726,88.3639,4.979,4.332,6.6,229.0,SYNTHETIC DATA — PIPELINE/CONSTRAINT VERIFICATION ONLY
0,CCU_r5_c4,CCU,22.7726,88.4639,4.753,4.135,6.3,229.0,SYNTHETIC DATA — PIPELINE/CONSTRAINT VERIFICATION ONLY
0,CCU_r5_c5,CCU,22.7726,88.5639,4.527,3.938,6.0,229.0,SYNTHETIC DATA — PIPELINE/CONSTRAINT VERIFICATION ONLY
0,CCU_r5_c6,CCU,22.7726,88.6639,4.3,3.741,5.7,229.0,SYNTHETIC DATA — PIPELINE/CONSTRAINT VERIFICATION ONLY
0,CCU_r6_c0,CCU,22.8726,88.0639,5.231,5.786,7.8,222.1,SYNTHETIC DATA — PIPELINE/CONSTRAINT VERIFICATION ONLY
0,CCU_r6_c1,CCU,22.8726,88.1639,5.03,5.563,7.5,222.1,SYNTHETIC DATA — PIPELINE/CONSTRAINT VERIFICATION ONLY
0,CCU_r6_c2,CCU,22.8726,88.2639,4.829,5.341,7.2,222.1,SYNTHETIC DATA — PIPELINE/CONSTRAINT VERIFICATION ONLY
0,CCU_r6_c3,CCU,22.8726,88.3639,4.627,5.118,6.9,222.1,SYNTHETIC DATA — PIPELINE/CONSTRAINT VERIFICATION ONLY
0,CCU_r6_c4,CCU,22.8726,88.4639,4.426,4.896,6.6,222.1,SYNTHETIC DATA — PIPELINE/CONSTRAINT VERIFICATION ONLY
0,CCU_r6_c5,CCU,22.8726,88.5639,4.225,4.673,6.3,222.1,SYNTHETIC DATA — PIPELINE/CONSTRAINT VERIFICATION ONLY
0,CCU_r6_c6,CCU,22.8726,88.6639,4.024,4.451,6.0,222.1,SYNTHETIC DATA — PIPELINE/CONSTRAINT VERIFICATION ONLY
0,HYD_r0_c0,HYD,17.085,78.1867,5.196,3.0,6.0,240.0,SYNTHETIC DATA — PIPELINE/CONSTRAINT VERIFICATION ONLY
0,HYD_r0_c1,HYD,17.085,78.2867,4.936,2.85,5.7,240.0,SYNTHETIC DATA — PIPELINE/CONSTRAINT VERIFICATION ONLY
0,HYD_r0_c2,HYD,17.085,78.3867,4.677,2.7,5.4,240.0,SYNTHETIC DATA — PIPELINE/CONSTRAINT VERIFICATION ONLY
0,HYD_r0_c3,HYD,17.085,78.4867,4.417,2.55,5.1,240.0,SYNTHETIC DATA — PIPELINE/CONSTRAINT VERIFICATION ONLY
0,HYD_r0_c4,HYD,17.085,78.5867,4.157,2.4,4.8,240.0,SYNTHETIC DATA — PIPELINE/CONSTRAINT VERIFICATION ONLY
0,HYD_r0_c5,HYD,17.085,78.6867,3.897,2.25,4.5,240.0,SYNTHETIC DATA — PIPELINE/CONSTRAINT VERIFICATION ONLY
0,HYD_r0_c6,HYD,17.085,78.7867,3.637,2.1,4.2,240.0,SYNTHETIC DATA — PIPELINE/CONSTRAINT VERIFICATION ONLY
0,HYD_r1_c0,HYD,17.185,78.1867,5.807,2.442,6.3,247.2,SYNTHETIC DATA — PIPELINE/CONSTRAINT VERIFICATION ONLY
0,HYD_r1_c1,HYD,17.185,78.2867,5.531,2.326,6.0,247.2,SYNTHETIC DATA — PIPELINE/CONSTRAINT VERIFICATION ONLY
0,HYD_r1_c2,HYD,17.185,78.3867,5.254,2.21,5.7,247.2,SYNTHETIC DATA — PIPELINE/CONSTRAINT VERIFICATION ONLY
0,HYD_r1_c3,HYD,17.185,78.4867,4.978,2.093,5.4,247.2,SYNTHETIC DATA — PIPELINE/CONSTRAINT VERIFICATION ONLY
0,HYD_r1_c4,HYD,17.185,78.5867,4.701,1.977,5.1,247.2,SYNTHETIC DATA — PIPELINE/CONSTRAINT VERIFICATION ONLY
0,HYD_r1_c5,HYD,17.185,78.6867,4.425,1.861,4.8,247.2,SYNTHETIC DATA — PIPELINE/CONSTRAINT VERIFICATION ONLY
0,HYD_r1_c6,HYD,17.185,78.7867,4.148,1.744,4.5,247.2,SYNTHETIC DATA — PIPELINE/CONSTRAINT VERIFICATION ONLY
0,HYD_r2_c0,HYD,17.285,78.1867,6.299,1.971,6.6,252.6,SYNTHETIC DATA — PIPELINE/CONSTRAINT VERIFICATION ONLY
0,HYD_r2_c1,HYD,17.285,78.2867,6.012,1.882,6.3,252.6,SYNTHETIC DATA — PIPELINE/CONSTRAINT VERIFICATION ONLY
0,HYD_r2_c2,HYD,17.285,78.3867,5.726,1.792,6.0,252.6,SYNTHETIC DATA — PIPELINE/CONSTRAINT VERIFICATION ONLY
0,HYD_r2_c3,HYD,17.285,78.4867,5.44,1.702,5.7,252.6,SYNTHETIC DATA — PIPELINE/CONSTRAINT VERIFICATION ONLY
0,HYD_r2_c4,HYD,17.285,78.5867,5.154,1.613,5.4,252.6,SYNTHETIC DATA — PIPELINE/CONSTRAINT VERIFICATION ONLY
0,HYD_r2_c5,HYD,17.285,78.6867,4.867,1.523,5.1,252.6,SYNTHETIC DATA — PIPELINE/CONSTRAINT VERIFICATION ONLY
0,HYD_r2_c6,HYD,17.285,78.7867,4.581,1.434,4.8,252.6,SYNTHETIC DATA — PIPELINE/CONSTRAINT VERIFICATION ONLY
0,HYD_r3_c0,HYD,17.385,78.1867,6.664,1.79,6.9,255.0,SYNTHETIC DATA — PIPELINE/CONSTRAINT VERIFICATION ONLY
0,HYD_r3_c1,HYD,17.385,78.2867,6.374,1.712,6.6,255.0,SYNTHETIC DATA — PIPELINE/CONSTRAINT VERIFICATION ONLY
0,HYD_r3_c2,HYD,17.385,78.3867,6.084,1.635,6.3,255.0,SYNTHETIC DATA — PIPELINE/CONSTRAINT VERIFICATION ONLY
0,HYD_r3_c3,HYD,17.385,78.4867,5.795,1.557,6.0,255.0,SYNTHETIC DATA — PIPELINE/CONSTRAINT VERIFICATION ONLY
0,HYD_r3_c4,HYD,17.385,78.5867,5.505,1.479,5.7,255.0,SYNTHETIC DATA — PIPELINE/CONSTRAINT VERIFICATION ONLY
0,HYD_r3_c5,HYD,17.385,78.6867,5.215,1.401,5.4,255.0,SYNTHETIC DATA — PIPELINE/CONSTRAINT VERIFICATION ONLY
0,HYD_r3_c6,HYD,17.385,78.7867,4.925,1.323,5.1,255.0,SYNTHETIC DATA — PIPELINE/CONSTRAINT VERIFICATION ONLY
0,HYD_r4_c0,HYD,17.485,78.1867,6.908,2.028,7.2,253.6,SYNTHETIC DATA — PIPELINE/CONSTRAINT VERIFICATION ONLY
0,HYD_r4_c1,HYD,17.485,78.2867,6.621,1.944,6.9,253.6,SYNTHETIC DATA — PIPELINE/CONSTRAINT VERIFICATION ONLY
0,HYD_r4_c2,HYD,17.485,78.3867,6.333,1.859,6.6,253.6,SYNTHETIC DATA — PIPELINE/CONSTRAINT VERIFICATION ONLY
0,HYD_r4_c3,HYD,17.485,78.4867,6.045,1.775,6.3,253.6,SYNTHETIC DATA — PIPELINE/CONSTRAINT VERIFICATION ONLY
0,HYD_r4_c4,HYD,17.485,78.5867,5.757,1.69,6.0,253.6,SYNTHETIC DATA — PIPELINE/CONSTRAINT VERIFICATION ONLY
0,HYD_r4_c5,HYD,17.485,78.6867,5.469,1.606,5.7,253.6,SYNTHETIC DATA — PIPELINE/CONSTRAINT VERIFICATION ONLY
0,HYD_r4_c6,HYD,17.485,78.7867,5.181,1.521,5.4,253.6,SYNTHETIC DATA — PIPELINE/CONSTRAINT VERIFICATION ONLY
0,HYD_r5_c0,HYD,17.585,78.1867,7.001,2.691,7.5,249.0,SYNTHETIC DATA — PIPELINE/CONSTRAINT VERIFICATION ONLY
0,HYD_r5_c1,HYD,17.585,78.2867,6.721,2.583,7.2,249.0,SYNTHETIC DATA — PIPELINE/CONSTRAINT VERIFICATION ONLY
0,HYD_r5_c2,HYD,17.585,78.3867,6.441,2.475,6.9,249.0,SYNTHETIC DATA — PIPELINE/CONSTRAINT VERIFICATION ONLY
0,HYD_r5_c3,HYD,17.585,78.4867,6.161,2.368,6.6,249.0,SYNTHETIC DATA — PIPELINE/CONSTRAINT VERIFICATION ONLY
0,HYD_r5_c4,HYD,17.585,78.5867,5.881,2.26,6.3,249.0,SYNTHETIC DATA — PIPELINE/CONSTRAINT VERIFICATION ONLY
0,HYD_r5_c5,HYD,17.585,78.6867,5.601,2.152,6.0,249.0,SYNTHETIC DATA — PIPELINE/CONSTRAINT VERIFICATION ONLY
0,HYD_r5_c6,HYD,17.585,78.7867,5.321,2.045,5.7,249.0,SYNTHETIC DATA — PIPELINE/CONSTRAINT VERIFICATION ONLY
0,HYD_r6_c0,HYD,17.685,78.1867,6.894,3.648,7.8,242.1,SYNTHETIC DATA — PIPELINE/CONSTRAINT VERIFICATION ONLY
0,HYD_r6_c1,HYD,17.685,78.2867,6.629,3.508,7.5,242.1,SYNTHETIC DATA — PIPELINE/CONSTRAINT VERIFICATION ONLY
0,HYD_r6_c2,HYD,17.685,78.3867,6.364,3.367,7.2,242.1,SYNTHETIC DATA — PIPELINE/CONSTRAINT VERIFICATION ONLY
0,HYD_r6_c3,HYD,17.685,78.4867,6.099,3.227,6.9,242.1,SYNTHETIC DATA — PIPELINE/CONSTRAINT VERIFICATION ONLY
0,HYD_r6_c4,HYD,17.685,78.5867,5.834,3.087,6.6,242.1,SYNTHETIC DATA — PIPELINE/CONSTRAINT VERIFICATION ONLY
0,HYD_r6_c5,HYD,17.685,78.6867,5.569,2.946,6.3,242.1,SYNTHETIC DATA — PIPELINE/CONSTRAINT VERIFICATION ONLY
0,HYD_r6_c6,HYD,17.685,78.7867,5.303,2.806,6.0,242.1,SYNTHETIC DATA — PIPELINE/CONSTRAINT VERIFICATION ONLY
0,BLR_r0_c0,BLR,12.6716,77.2946,5.638,2.052,6.0,250.0,SYNTHETIC DATA — PIPELINE/CONSTRAINT VERIFICATION ONLY
0,BLR_r0_c1,BLR,12.6716,77.3946,5.356,1.95,5.7,250.0,SYNTHETIC DATA — PIPELINE/CONSTRAINT VERIFICATION ONLY
0,BLR_r0_c2,BLR,12.6716,77.4946,5.074,1.847,5.4,250.0,SYNTHETIC DATA — PIPELINE/CONSTRAINT VERIFICATION ONLY
0,BLR_r0_c3,BLR,12.6716,77.5946,4.792,1.744,5.1,250.0,SYNTHETIC DATA — PIPELINE/CONSTRAINT VERIFICATION ONLY
0,BLR_r0_c4,BLR,12.6716,77.6946,4.511,1.642,4.8,250.0,SYNTHETIC DATA — PIPELINE/CONSTRAINT VERIFICATION ONLY
0,BLR_r0_c5,BLR,12.6716,77.7946,4.229,1.539,4.5,250.0,SYNTHETIC DATA — PIPELINE/CONSTRAINT VERIFICATION ONLY
0,BLR_r0_c6,BLR,12.6716,77.8946,3.947,1.436,4.2,250.0,SYNTHETIC DATA — PIPELINE/CONSTRAINT VERIFICATION ONLY
0,BLR_r1_c0,BLR,12.7716,77.2946,6.143,1.397,6.3,257.2,SYNTHETIC DATA — PIPELINE/CONSTRAINT VERIFICATION ONLY
0,BLR_r1_c1,BLR,12.7716,77.3946,5.851,1.33,6.0,257.2,SYNTHETIC DATA — PIPELINE/CONSTRAINT VERIFICATION ONLY
0,BLR_r1_c2,BLR,12.7716,77.4946,5.558,1.264,5.7,257.2,SYNTHETIC DATA — PIPELINE/CONSTRAINT VERIFICATION ONLY
0,BLR_r1_c3,BLR,12.7716,77.5946,5.266,1.197,5.4,257.2,SYNTHETIC DATA — PIPELINE/CONSTRAINT VERIFICATION ONLY
0,BLR_r1_c4,BLR,12.7716,77.6946,4.973,1.131,5.1,257.2,SYNTHETIC DATA — PIPELINE/CONSTRAINT VERIFICATION ONLY
0,BLR_r1_c5,BLR,12.7716,77.7946,4.681,1.064,4.8,257.2,SYNTHETIC DATA — PIPELINE/CONSTRAINT VERIFICATION ONLY
0,BLR_r1_c6,BLR,12.7716,77.8946,4.388,0.998,4.5,257.2,SYNTHETIC DATA — PIPELINE/CONSTRAINT VERIFICATION ONLY
0,BLR_r2_c0,BLR,12.8716,77.2946,6.545,0.848,6.6,262.6,SYNTHETIC DATA — PIPELINE/CONSTRAINT VERIFICATION ONLY
0,BLR_r2_c1,BLR,12.8716,77.3946,6.248,0.809,6.3,262.6,SYNTHETIC DATA — PIPELINE/CONSTRAINT VERIFICATION ONLY
0,BLR_r2_c2,BLR,12.8716,77.4946,5.95,0.77,6.0,262.6,SYNTHETIC DATA — PIPELINE/CONSTRAINT VERIFICATION ONLY
0,BLR_r2_c3,BLR,12.8716,77.5946,5.653,0.732,5.7,262.6,SYNTHETIC DATA — PIPELINE/CONSTRAINT VERIFICATION ONLY
0,BLR_r2_c4,BLR,12.8716,77.6946,5.355,0.693,5.4,262.6,SYNTHETIC DATA — PIPELINE/CONSTRAINT VERIFICATION ONLY
0,BLR_r2_c5,BLR,12.8716,77.7946,5.058,0.655,5.1,262.6,SYNTHETIC DATA — PIPELINE/CONSTRAINT VERIFICATION ONLY
0,BLR_r2_c6,BLR,12.8716,77.8946,4.76,0.616,4.8,262.6,SYNTHETIC DATA — PIPELINE/CONSTRAINT VERIFICATION ONLY
0,BLR_r3_c0,BLR,12.9716,77.2946,6.873,0.606,6.9,265.0,SYNTHETIC DATA — PIPELINE/CONSTRAINT VERIFICATION ONLY
0,BLR_r3_c1,BLR,12.9716,77.3946,6.575,0.58,6.6,265.0,SYNTHETIC DATA — PIPELINE/CONSTRAINT VERIFICATION ONLY
0,BLR_r3_c2,BLR,12.9716,77.4946,6.276,0.553,6.3,265.0,SYNTHETIC DATA — PIPELINE/CONSTRAINT VERIFICATION ONLY
0,BLR_r3_c3,BLR,12.9716,77.5946,5.977,0.527,6.0,265.0,SYNTHETIC DATA — PIPELINE/CONSTRAINT VERIFICATION ONLY
0,BLR_r3_c4,BLR,12.9716,77.6946,5.678,0.501,5.7,265.0,SYNTHETIC DATA — PIPELINE/CONSTRAINT VERIFICATION ONLY
0,BLR_r3_c5,BLR,12.9716,77.7946,5.379,0.474,5.4,265.0,SYNTHETIC DATA — PIPELINE/CONSTRAINT VERIFICATION ONLY
0,BLR_r3_c6,BLR,12.9716,77.8946,5.08,0.448,5.1,265.0,SYNTHETIC DATA — PIPELINE/CONSTRAINT VERIFICATION ONLY
0,BLR_r4_c0,BLR,13.0716,77.2946,7.156,0.798,7.2,263.6,SYNTHETIC DATA — PIPELINE/CONSTRAINT VERIFICATION ONLY
0,BLR_r4_c1,BLR,13.0716,77.3946,6.858,0.764,6.9,263.6,SYNTHETIC DATA — PIPELINE/CONSTRAINT VERIFICATION ONLY
0,BLR_r4_c2,BLR,13.0716,77.4946,6.559,0.731,6.6,263.6,SYNTHETIC DATA — PIPELINE/CONSTRAINT VERIFICATION ONLY
0,BLR_r4_c3,BLR,13.0716,77.5946,6.261,0.698,6.3,263.6,SYNTHETIC DATA — PIPELINE/CONSTRAINT VERIFICATION ONLY
0,BLR_r4_c4,BLR,13.0716,77.6946,5.963,0.665,6.0,263.6,SYNTHETIC DATA — PIPELINE/CONSTRAINT VERIFICATION ONLY
0,BLR_r4_c5,BLR,13.0716,77.7946,5.665,0.631,5.7,263.6,SYNTHETIC DATA — PIPELINE/CONSTRAINT VERIFICATION ONLY
0,BLR_r4_c6,BLR,13.0716,77.8946,5.367,0.598,5.4,263.6,SYNTHETIC DATA — PIPELINE/CONSTRAINT VERIFICATION ONLY
0,BLR_r5_c0,BLR,13.1716,77.2946,7.362,1.434,7.5,259.0,SYNTHETIC DATA — PIPELINE/CONSTRAINT VERIFICATION ONLY
0,BLR_r5_c1,BLR,13.1716,77.3946,7.067,1.377,7.2,259.0,SYNTHETIC DATA — PIPELINE/CONSTRAINT VERIFICATION ONLY
0,BLR_r5_c2,BLR,13.1716,77.4946,6.773,1.319,6.9,259.0,SYNTHETIC DATA — PIPELINE/CONSTRAINT VERIFICATION ONLY
0,BLR_r5_c3,BLR,13.1716,77.5946,6.478,1.262,6.6,259.0,SYNTHETIC DATA — PIPELINE/CONSTRAINT VERIFICATION ONLY
0,BLR_r5_c4,BLR,13.1716,77.6946,6.184,1.205,6.3,259.0,SYNTHETIC DATA — PIPELINE/CONSTRAINT VERIFICATION ONLY
0,BLR_r5_c5,BLR,13.1716,77.7946,5.889,1.147,6.0,259.0,SYNTHETIC DATA — PIPELINE/CONSTRAINT VERIFICATION ONLY
0,BLR_r5_c6,BLR,13.1716,77.8946,5.595,1.09,5.7,259.0,SYNTHETIC DATA — PIPELINE/CONSTRAINT VERIFICATION ONLY
0,BLR_r6_c0,BLR,13.2716,77.2946,7.423,2.395,7.8,252.1,SYNTHETIC DATA — PIPELINE/CONSTRAINT VERIFICATION ONLY
0,BLR_r6_c1,BLR,13.2716,77.3946,7.138,2.303,7.5,252.1,SYNTHETIC DATA — PIPELINE/CONSTRAINT VERIFICATION ONLY
0,BLR_r6_c2,BLR,13.2716,77.4946,6.852,2.211,7.2,252.1,SYNTHETIC DATA — PIPELINE/CONSTRAINT VERIFICATION ONLY
0,BLR_r6_c3,BLR,13.2716,77.5946,6.567,2.119,6.9,252.1,SYNTHETIC DATA — PIPELINE/CONSTRAINT VERIFICATION ONLY
0,BLR_r6_c4,BLR,13.2716,77.6946,6.281,2.027,6.6,252.1,SYNTHETIC DATA — PIPELINE/CONSTRAINT VERIFICATION ONLY
0,BLR_r6_c5,BLR,13.2716,77.7946,5.996,1.935,6.3,252.1,SYNTHETIC DATA — PIPELINE/CONSTRAINT VERIFICATION ONLY
0,BLR_r6_c6,BLR,13.2716,77.8946,5.71,1.842,6.0,252.1,SYNTHETIC DATA — PIPELINE/CONSTRAINT VERIFICATION ONLY
0,MAA_r0_c0,MAA,12.7827,79.9707,-5.638,2.052,6.0,110.0,SYNTHETIC DATA — PIPELINE/CONSTRAINT VERIFICATION ONLY
0,MAA_r0_c1,MAA,12.7827,80.0707,-5.356,1.95,5.7,110.0,SYNTHETIC DATA — PIPELINE/CONSTRAINT VERIFICATION ONLY
0,MAA_r0_c2,MAA,12.7827,80.1707,-5.074,1.847,5.4,110.0,SYNTHETIC DATA — PIPELINE/CONSTRAINT VERIFICATION ONLY
0,MAA_r0_c3,MAA,12.7827,80.2707,-4.792,1.744,5.1,110.0,SYNTHETIC DATA — PIPELINE/CONSTRAINT VERIFICATION ONLY
0,MAA_r0_c4,MAA,12.7827,80.3707,-4.511,1.642,4.8,110.0,SYNTHETIC DATA — PIPELINE/CONSTRAINT VERIFICATION ONLY
0,MAA_r0_c5,MAA,12.7827,80.4707,-4.229,1.539,4.5,110.0,SYNTHETIC DATA — PIPELINE/CONSTRAINT VERIFICATION ONLY
0,MAA_r0_c6,MAA,12.7827,80.5707,-3.947,1.436,4.2,110.0,SYNTHETIC DATA — PIPELINE/CONSTRAINT VERIFICATION ONLY
0,MAA_r1_c0,MAA,12.8827,79.9707,-5.604,2.879,6.3,117.2,SYNTHETIC DATA — PIPELINE/CONSTRAINT VERIFICATION ONLY
0,MAA_r1_c1,MAA,12.8827,80.0707,-5.337,2.742,6.0,117.2,SYNTHETIC DATA — PIPELINE/CONSTRAINT VERIFICATION ONLY
0,MAA_r1_c2,MAA,12.8827,80.1707,-5.07,2.605,5.7,117.2,SYNTHETIC DATA — PIPELINE/CONSTRAINT VERIFICATION ONLY
0,MAA_r1_c3,MAA,12.8827,80.2707,-4.803,2.468,5.4,117.2,SYNTHETIC DATA — PIPELINE/CONSTRAINT VERIFICATION ONLY
0,MAA_r1_c4,MAA,12.8827,80.3707,-4.536,2.331,5.1,117.2,SYNTHETIC DATA — PIPELINE/CONSTRAINT VERIFICATION ONLY
0,MAA_r1_c5,MAA,12.8827,80.4707,-4.27,2.193,4.8,117.2,SYNTHETIC DATA — PIPELINE/CONSTRAINT VERIFICATION ONLY
0,MAA_r1_c6,MAA,12.8827,80.5707,-4.003,2.056,4.5,117.2,SYNTHETIC DATA — PIPELINE/CONSTRAINT VERIFICATION ONLY
0,MAA_r2_c0,MAA,12.9827,79.9707,-5.559,3.558,6.6,122.6,SYNTHETIC DATA — PIPELINE/CONSTRAINT VERIFICATION ONLY
0,MAA_r2_c1,MAA,12.9827,80.0707,-5.306,3.396,6.3,122.6,SYNTHETIC DATA — PIPELINE/CONSTRAINT VERIFICATION ONLY
0,MAA_r2_c2,MAA,12.9827,80.1707,-5.053,3.235,6.0,122.6,SYNTHETIC DATA — PIPELINE/CONSTRAINT VERIFICATION ONLY
0,MAA_r2_c3,MAA,12.9827,80.2707,-4.801,3.073,5.7,122.6,SYNTHETIC DATA — PIPELINE/CONSTRAINT VERIFICATION ONLY
0,MAA_r2_c4,MAA,12.9827,80.3707,-4.548,2.911,5.4,122.6,SYNTHETIC DATA — PIPELINE/CONSTRAINT VERIFICATION ONLY
0,MAA_r2_c5,MAA,12.9827,80.4707,-4.295,2.749,5.1,122.6,SYNTHETIC DATA — PIPELINE/CONSTRAINT VERIFICATION ONLY
0,MAA_r2_c6,MAA,12.9827,80.5707,-4.043,2.588,4.8,122.6,SYNTHETIC DATA — PIPELINE/CONSTRAINT VERIFICATION ONLY
0,MAA_r3_c0,MAA,13.0827,79.9707,-5.655,3.954,6.9,125.0,SYNTHETIC DATA — PIPELINE/CONSTRAINT VERIFICATION ONLY
0,MAA_r3_c1,MAA,13.0827,80.0707,-5.409,3.782,6.6,125.0,SYNTHETIC DATA — PIPELINE/CONSTRAINT VERIFICATION ONLY
0,MAA_r3_c2,MAA,13.0827,80.1707,-5.163,3.61,6.3,125.0,SYNTHETIC DATA — PIPELINE/CONSTRAINT VERIFICATION ONLY
0,MAA_r3_c3,MAA,13.0827,80.2707,-4.917,3.438,6.0,125.0,SYNTHETIC DATA — PIPELINE/CONSTRAINT VERIFICATION ONLY
0,MAA_r3_c4,MAA,13.0827,80.3707,-4.671,3.266,5.7,125.0,SYNTHETIC DATA — PIPELINE/CONSTRAINT VERIFICATION ONLY
0,MAA_r3_c5,MAA,13.0827,80.4707,-4.425,3.094,5.4,125.0,SYNTHETIC DATA — PIPELINE/CONSTRAINT VERIFICATION ONLY
0,MAA_r3_c6,MAA,13.0827,80.5707,-4.18,2.922,5.1,125.0,SYNTHETIC DATA — PIPELINE/CONSTRAINT VERIFICATION ONLY
0,MAA_r4_c0,MAA,13.1827,79.9707,-5.994,3.989,7.2,123.6,SYNTHETIC DATA — PIPELINE/CONSTRAINT VERIFICATION ONLY
0,MAA_r4_c1,MAA,13.1827,80.0707,-5.745,3.822,6.9,123.6,SYNTHETIC DATA — PIPELINE/CONSTRAINT VERIFICATION ONLY
0,MAA_r4_c2,MAA,13.1827,80.1707,-5.495,3.656,6.6,123.6,SYNTHETIC DATA — PIPELINE/CONSTRAINT VERIFICATION ONLY
0,MAA_r4_c3,MAA,13.1827,80.2707,-5.245,3.49,6.3,123.6,SYNTHETIC DATA — PIPELINE/CONSTRAINT VERIFICATION ONLY
0,MAA_r4_c4,MAA,13.1827,80.3707,-4.995,3.324,6.0,123.6,SYNTHETIC DATA — PIPELINE/CONSTRAINT VERIFICATION ONLY
0,MAA_r4_c5,MAA,13.1827,80.4707,-4.745,3.158,5.7,123.6,SYNTHETIC DATA — PIPELINE/CONSTRAINT VERIFICATION ONLY
0,MAA_r4_c6,MAA,13.1827,80.5707,-4.496,2.991,5.4,123.6,SYNTHETIC DATA — PIPELINE/CONSTRAINT VERIFICATION ONLY
0,MAA_r5_c0,MAA,13.2827,79.9707,-6.561,3.633,7.5,119.0,SYNTHETIC DATA — PIPELINE/CONSTRAINT VERIFICATION ONLY
0,MAA_r5_c1,MAA,13.2827,80.0707,-6.299,3.488,7.2,119.0,SYNTHETIC DATA — PIPELINE/CONSTRAINT VERIFICATION ONLY
0,MAA_r5_c2,MAA,13.2827,80.1707,-6.036,3.343,6.9,119.0,SYNTHETIC DATA — PIPELINE/CONSTRAINT VERIFICATION ONLY
0,MAA_r5_c3,MAA,13.2827,80.2707,-5.774,3.197,6.6,119.0,SYNTHETIC DATA — PIPELINE/CONSTRAINT VERIFICATION ONLY
0,MAA_r5_c4,MAA,13.2827,80.3707,-5.511,3.052,6.3,119.0,SYNTHETIC DATA — PIPELINE/CONSTRAINT VERIFICATION ONLY
0,MAA_r5_c5,MAA,13.2827,80.4707,-5.249,2.907,6.0,119.0,SYNTHETIC DATA — PIPELINE/CONSTRAINT VERIFICATION ONLY
0,MAA_r5_c6,MAA,13.2827,80.5707,-4.986,2.761,5.7,119.0,SYNTHETIC DATA — PIPELINE/CONSTRAINT VERIFICATION ONLY
0,MAA_r6_c0,MAA,13.3827,79.9707,-7.226,2.937,7.8,112.1,SYNTHETIC DATA — PIPELINE/CONSTRAINT VERIFICATION ONLY
0,MAA_r6_c1,MAA,13.3827,80.0707,-6.948,2.824,7.5,112.1,SYNTHETIC DATA — PIPELINE/CONSTRAINT VERIFICATION ONLY
0,MAA_r6_c2,MAA,13.3827,80.1707,-6.67,2.711,7.2,112.1,SYNTHETIC DATA — PIPELINE/CONSTRAINT VERIFICATION ONLY
0,MAA_r6_c3,MAA,13.3827,80.2707,-6.392,2.598,6.9,112.1,SYNTHETIC DATA — PIPELINE/CONSTRAINT VERIFICATION ONLY
0,MAA_r6_c4,MAA,13.3827,80.3707,-6.114,2.485,6.6,112.1,SYNTHETIC DATA — PIPELINE/CONSTRAINT VERIFICATION ONLY
0,MAA_r6_c5,MAA,13.3827,80.4707,-5.836,2.372,6.3,112.1,SYNTHETIC DATA — PIPELINE/CONSTRAINT VERIFICATION ONLY
0,MAA_r6_c6,MAA,13.3827,80.5707,-5.559,2.259,6.0,112.1,SYNTHETIC DATA — PIPELINE/CONSTRAINT VERIFICATION ONLY
1,DEL_r0_c0,DEL,28.3139,76.909,3.569,-4.572,5.8,322.0,SYNTHETIC DATA — PIPELINE/CONSTRAINT VERIFICATION ONLY
1,DEL_r0_c1,DEL,28.3139,77.009,3.385,-4.335,5.5,322.0,SYNTHETIC DATA — PIPELINE/CONSTRAINT VERIFICATION ONLY
1,DEL_r0_c2,DEL,28.3139,77.109,3.2,-4.099,5.2,322.0,SYNTHETIC DATA — PIPELINE/CONSTRAINT VERIFICATION ONLY
1,DEL_r0_c3,DEL,28.3139,77.209,3.015,-3.862,4.9,322.0,SYNTHETIC DATA — PIPELINE/CONSTRAINT VERIFICATION ONLY
1,DEL_r0_c4,DEL,28.3139,77.309,2.831,-3.626,4.6,322.0,SYNTHETIC DATA — PIPELINE/CONSTRAINT VERIFICATION ONLY
1,DEL_r0_c5,DEL,28.3139,77.409,2.646,-3.389,4.3,322.0,SYNTHETIC DATA — PIPELINE/CONSTRAINT VERIFICATION ONLY
1,DEL_r0_c6,DEL,28.3139,77.509,2.461,-3.153,4.0,322.0,SYNTHETIC DATA — PIPELINE/CONSTRAINT VERIFICATION ONLY
1,DEL_r1_c0,DEL,28.4139,76.909,3.201,-5.193,6.1,328.3,SYNTHETIC DATA — PIPELINE/CONSTRAINT VERIFICATION ONLY
1,DEL_r1_c1,DEL,28.4139,77.009,3.044,-4.937,5.8,328.3,SYNTHETIC DATA — PIPELINE/CONSTRAINT VERIFICATION ONLY
1,DEL_r1_c2,DEL,28.4139,77.109,2.886,-4.682,5.5,328.3,SYNTHETIC DATA — PIPELINE/CONSTRAINT VERIFICATION ONLY
1,DEL_r1_c3,DEL,28.4139,77.209,2.729,-4.427,5.2,328.3,SYNTHETIC DATA — PIPELINE/CONSTRAINT VERIFICATION ONLY
1,DEL_r1_c4,DEL,28.4139,77.309,2.571,-4.171,4.9,328.3,SYNTHETIC DATA — PIPELINE/CONSTRAINT VERIFICATION ONLY
1,DEL_r1_c5,DEL,28.4139,77.409,2.414,-3.916,4.6,328.3,SYNTHETIC DATA — PIPELINE/CONSTRAINT VERIFICATION ONLY
1,DEL_r1_c6,DEL,28.4139,77.509,2.256,-3.66,4.3,328.3,SYNTHETIC DATA — PIPELINE/CONSTRAINT VERIFICATION ONLY
1,DEL_r2_c0,DEL,28.5139,76.909,3.001,-5.653,6.4,332.0,SYNTHETIC DATA — PIPELINE/CONSTRAINT VERIFICATION ONLY
1,DEL_r2_c1,DEL,28.5139,77.009,2.86,-5.388,6.1,332.0,SYNTHETIC DATA — PIPELINE/CONSTRAINT VERIFICATION ONLY
1,DEL_r2_c2,DEL,28.5139,77.109,2.719,-5.123,5.8,332.0,SYNTHETIC DATA — PIPELINE/CONSTRAINT VERIFICATION ONLY
1,DEL_r2_c3,DEL,28.5139,77.209,2.579,-4.858,5.5,332.0,SYNTHETIC DATA — PIPELINE/CONSTRAINT VERIFICATION ONLY
1,DEL_r2_c4,DEL,28.5139,77.309,2.438,-4.593,5.2,332.0,SYNTHETIC DATA — PIPELINE/CONSTRAINT VERIFICATION ONLY
1,DEL_r2_c5,DEL,28.5139,77.409,2.297,-4.328,4.9,332.0,SYNTHETIC DATA — PIPELINE/CONSTRAINT VERIFICATION ONLY
1,DEL_r2_c6,DEL,28.5139,77.509,2.157,-4.063,4.6,332.0,SYNTHETIC DATA — PIPELINE/CONSTRAINT VERIFICATION ONLY
1,DEL_r3_c0,DEL,28.6139,76.909,3.125,-5.926,6.7,332.2,SYNTHETIC DATA — PIPELINE/CONSTRAINT VERIFICATION ONLY
1,DEL_r3_c1,DEL,28.6139,77.009,2.985,-5.661,6.4,332.2,SYNTHETIC DATA — PIPELINE/CONSTRAINT VERIFICATION ONLY
1,DEL_r3_c2,DEL,28.6139,77.109,2.845,-5.396,6.1,332.2,SYNTHETIC DATA — PIPELINE/CONSTRAINT VERIFICATION ONLY
1,DEL_r3_c3,DEL,28.6139,77.209,2.705,-5.13,5.8,332.2,SYNTHETIC DATA — PIPELINE/CONSTRAINT VERIFICATION ONLY
1,DEL_r3_c4,DEL,28.6139,77.309,2.565,-4.865,5.5,332.2,SYNTHETIC DATA — PIPELINE/CONSTRAINT VERIFICATION ONLY
1,DEL_r3_c5,DEL,28.6139,77.409,2.426,-4.6,5.2,332.2,SYNTHETIC DATA — PIPELINE/CONSTRAINT VERIFICATION ONLY
1,DEL_r3_c6,DEL,28.6139,77.509,2.286,-4.334,4.9,332.2,SYNTHETIC DATA — PIPELINE/CONSTRAINT VERIFICATION ONLY
1,DEL_r4_c0,DEL,28.7139,76.909,3.629,-5.986,7.0,328.8,SYNTHETIC DATA — PIPELINE/CONSTRAINT VERIFICATION ONLY
1,DEL_r4_c1,DEL,28.7139,77.009,3.473,-5.729,6.7,328.8,SYNTHETIC DATA — PIPELINE/CONSTRAINT VERIFICATION ONLY
1,DEL_r4_c2,DEL,28.7139,77.109,3.318,-5.473,6.4,328.8,SYNTHETIC DATA — PIPELINE/CONSTRAINT VERIFICATION ONLY
1,DEL_r4_c3,DEL,28.7139,77.209,3.162,-5.216,6.1,328.8,SYNTHETIC DATA — PIPELINE/CONSTRAINT VERIFICATION ONLY
1,DEL_r4_c4,DEL,28.7139,77.309,3.007,-4.96,5.8,328.8,SYNTHETIC DATA — PIPELINE/CONSTRAINT VERIFICATION ONLY
1,DEL_r4_c5,DEL,28.7139,77.409,2.851,-4.703,5.5,328.8,SYNTHETIC DATA — PIPELINE/CONSTRAINT VERIFICATION ONLY
1,DEL_r4_c6,DEL,28.7139,77.509,2.696,-4.447,5.2,328.8,SYNTHETIC DATA — PIPELINE/CONSTRAINT VERIFICATION ONLY
1,DEL_r5_c0,DEL,28.8139,76.909,4.433,-5.8,7.3,322.6,SYNTHETIC DATA — PIPELINE/CONSTRAINT VERIFICATION ONLY
1,DEL_r5_c1,DEL,28.8139,77.009,4.25,-5.562,7.0,322.6,SYNTHETIC DATA — PIPELINE/CONSTRAINT VERIFICATION ONLY
1,DEL_r5_c2,DEL,28.8139,77.109,4.068,-5.324,6.7,322.6,SYNTHETIC DATA — PIPELINE/CONSTRAINT VERIFICATION ONLY
1,DEL_r5_c3,DEL,28.8139,77.209,3.886,-5.085,6.4,322.6,SYNTHETIC DATA — PIPELINE/CONSTRAINT VERIFICATION ONLY
1,DEL_r5_c4,DEL,28.8139,77.309,3.704,-4.847,6.1,322.6,SYNTHETIC DATA — PIPELINE/CONSTRAINT VERIFICATION ONLY
1,DEL_r5_c5,DEL,28.8139,77.409,3.522,-4.608,5.8,322.6,SYNTHETIC DATA — PIPELINE/CONSTRAINT VERIFICATION ONLY
1,DEL_r5_c6,DEL,28.8139,77.509,3.34,-4.37,5.5,322.6,SYNTHETIC DATA — PIPELINE/CONSTRAINT VERIFICATION ONLY
1,DEL_r6_c0,DEL,28.9139,76.909,5.353,-5.395,7.6,315.2,SYNTHETIC DATA — PIPELINE/CONSTRAINT VERIFICATION ONLY
1,DEL_r6_c1,DEL,28.9139,77.009,5.142,-5.182,7.3,315.2,SYNTHETIC DATA — PIPELINE/CONSTRAINT VERIFICATION ONLY
1,DEL_r6_c2,DEL,28.9139,77.109,4.931,-4.969,7.0,315.2,SYNTHETIC DATA — PIPELINE/CONSTRAINT VERIFICATION ONLY
1,DEL_r6_c3,DEL,28.9139,77.209,4.719,-4.756,6.7,315.2,SYNTHETIC DATA — PIPELINE/CONSTRAINT VERIFICATION ONLY
1,DEL_r6_c4,DEL,28.9139,77.309,4.508,-4.543,6.4,315.2,SYNTHETIC DATA — PIPELINE/CONSTRAINT VERIFICATION ONLY
1,DEL_r6_c5,DEL,28.9139,77.409,4.297,-4.33,6.1,315.2,SYNTHETIC DATA — PIPELINE/CONSTRAINT VERIFICATION ONLY
1,DEL_r6_c6,DEL,28.9139,77.509,4.085,-4.117,5.8,315.2,SYNTHETIC DATA — PIPELINE/CONSTRAINT VERIFICATION ONLY
1,BOM_r0_c0,BOM,18.776,72.5777,5.652,1.303,5.8,257.0,SYNTHETIC DATA — PIPELINE/CONSTRAINT VERIFICATION ONLY
1,BOM_r0_c1,BOM,18.776,72.6777,5.359,1.235,5.5,257.0,SYNTHETIC DATA — PIPELINE/CONSTRAINT VERIFICATION ONLY
1,BOM_r0_c2,BOM,18.776,72.7777,5.067,1.168,5.2,257.0,SYNTHETIC DATA — PIPELINE/CONSTRAINT VERIFICATION ONLY
1,BOM_r0_c3,BOM,18.776,72.8777,4.775,1.101,4.9,257.0,SYNTHETIC DATA — PIPELINE/CONSTRAINT VERIFICATION ONLY
1,BOM_r0_c4,BOM,18.776,72.9777,4.482,1.033,4.6,257.0,SYNTHETIC DATA — PIPELINE/CONSTRAINT VERIFICATION ONLY
1,BOM_r0_c5,BOM,18.776,73.0777,4.19,0.966,4.3,257.0,SYNTHETIC DATA — PIPELINE/CONSTRAINT VERIFICATION ONLY
1,BOM_r0_c6,BOM,18.776,73.1777,3.898,0.898,4.0,257.0,SYNTHETIC DATA — PIPELINE/CONSTRAINT VERIFICATION ONLY
1,BOM_r1_c0,BOM,18.876,72.5777,6.059,0.707,6.1,263.3,SYNTHETIC DATA — PIPELINE/CONSTRAINT VERIFICATION ONLY
1,BOM_r1_c1,BOM,18.876,72.6777,5.761,0.672,5.8,263.3,SYNTHETIC DATA — PIPELINE/CONSTRAINT VERIFICATION ONLY
1,BOM_r1_c2,BOM,18.876,72.7777,5.463,0.637,5.5,263.3,SYNTHETIC DATA — PIPELINE/CONSTRAINT VERIFICATION ONLY
1,BOM_r1_c3,BOM,18.876,72.8777,5.165,0.602,5.2,263.3,SYNTHETIC DATA — PIPELINE/CONSTRAINT VERIFICATION ONLY
1,BOM_r1_c4,BOM,18.876,72.9777,4.867,0.568,4.9,263.3,SYNTHETIC DATA — PIPELINE/CONSTRAINT VERIFICATION ONLY
1,BOM_r1_c5,BOM,18.876,73.0777,4.569,0.533,4.6,263.3,SYNTHETIC DATA — PIPELINE/CONSTRAINT VERIFICATION ONLY
1,BOM_r1_c6,BOM,18.876,73.1777,4.271,0.498,4.3,263.3,SYNTHETIC DATA — PIPELINE/CONSTRAINT VERIFICATION ONLY
1,BOM_r2_c0,BOM,18.976,72.5777,6.391,0.33,6.4,267.0,SYNTHETIC DATA — PIPELINE/CONSTRAINT VERIFICATION ONLY
1,BOM_r2_c1,BOM,18.976,72.6777,6.092,0.315,6.1,267.0,SYNTHETIC DATA — PIPELINE/CONSTRAINT VERIFICATION ONLY
1,BOM_r2_c2,BOM,18.976,72.7777,5.792,0.299,5.8,267.0,SYNTHETIC DATA — PIPELINE/CONSTRAINT VERIFICATION ONLY
1,BOM_r2_c3,BOM,18.976,72.8777,5.493,0.284,5.5,267.0,SYNTHETIC DATA — PIPELINE/CONSTRAINT VERIFICATION ONLY
1,BOM_r2_c4,BOM,18.976,72.9777,5.193,0.268,5.2,267.0,SYNTHETIC DATA — PIPELINE/CONSTRAINT VERIFICATION ONLY
1,BOM_r2_c5,BOM,18.976,73.0777,4.893,0.253,4.9,267.0,SYNTHETIC DATA — PIPELINE/CONSTRAINT VERIFICATION ONLY
1,BOM_r2_c6,BOM,18.976,73.1777,4.594,0.237,4.6,267.0,SYNTHETIC DATA — PIPELINE/CONSTRAINT VERIFICATION ONLY
1,BOM_r3_c0,BOM,19.076,72.5777,6.692,0.328,6.7,267.2,SYNTHETIC DATA — PIPELINE/CONSTRAINT VERIFICATION ONLY
1,BOM_r3_c1,BOM,19.076,72.6777,6.392,0.313,6.4,267.2,SYNTHETIC DATA — PIPELINE/CONSTRAINT VERIFICATION ONLY
1,BOM_r3_c2,BOM,19.076,72.7777,6.093,0.298,6.1,267.2,SYNTHETIC DATA — PIPELINE/CONSTRAINT VERIFICATION ONLY
1,BOM_r3_c3,BOM,19.076,72.8777,5.793,0.284,5.8,267.2,SYNTHETIC DATA — PIPELINE/CONSTRAINT VERIFICATION ONLY
1,BOM_r3_c4,BOM,19.076,72.9777,5.493,0.269,5.5,267.2,SYNTHETIC DATA — PIPELINE/CONSTRAINT VERIFICATION ONLY
1,BOM_r3_c5,BOM,19.076,73.0777,5.194,0.254,5.2,267.2,SYNTHETIC DATA — PIPELINE/CONSTRAINT VERIFICATION ONLY
1,BOM_r3_c6,BOM,19.076,73.1777,4.894,0.24,4.9,267.2,SYNTHETIC DATA — PIPELINE/CONSTRAINT VERIFICATION ONLY
1,BOM_r4_c0,BOM,19.176,72.5777,6.959,0.759,7.0,263.8,SYNTHETIC DATA — PIPELINE/CONSTRAINT VERIFICATION ONLY
1,BOM_r4_c1,BOM,19.176,72.6777,6.66,0.727,6.7,263.8,SYNTHETIC DATA — PIPELINE/CONSTRAINT VERIFICATION ONLY
1,BOM_r4_c2,BOM,19.176,72.7777,6.362,0.694,6.4,263.8,SYNTHETIC DATA — PIPELINE/CONSTRAINT VERIFICATION ONLY
1,BOM_r4_c3,BOM,19.176,72.8777,6.064,0.662,6.1,263.8,SYNTHETIC DATA — PIPELINE/CONSTRAINT VERIFICATION ONLY
1,BOM_r4_c4,BOM,19.176,72.9777,5.766,0.629,5.8,263.8,SYNTHETIC DATA — PIPELINE/CONSTRAINT VERIFICATION ONLY
1,BOM_r4_c5,BOM,19.176,73.0777,5.468,0.596,5.5,263.8,SYNTHETIC DATA — PIPELINE/CONSTRAINT VERIFICATION ONLY
1,BOM_r4_c6,BOM,19.176,73.1777,5.169,0.564,5.2,263.8,SYNTHETIC DATA — PIPELINE/CONSTRAINT VERIFICATION ONLY
1,BOM_r5_c0,BOM,19.276,72.5777,7.13,1.566,7.3,257.6,SYNTHETIC DATA — PIPELINE/CONSTRAINT VERIFICATION ONLY
1,BOM_r5_c1,BOM,19.276,72.6777,6.837,1.502,7.0,257.6,SYNTHETIC DATA — PIPELINE/CONSTRAINT VERIFICATION ONLY
1,BOM_r5_c2,BOM,19.276,72.7777,6.544,1.437,6.7,257.6,SYNTHETIC DATA — PIPELINE/CONSTRAINT VERIFICATION ONLY
1,BOM_r5_c3,BOM,19.276,72.8777,6.251,1.373,6.4,257.6,SYNTHETIC DATA — PIPELINE/CONSTRAINT VERIFICATION ONLY
1,BOM_r5_c4,BOM,19.276,72.9777,5.958,1.309,6.1,257.6,SYNTHETIC DATA — PIPELINE/CONSTRAINT VERIFICATION ONLY
1,BOM_r5_c5,BOM,19.276,73.0777,5.665,1.244,5.8,257.6,SYNTHETIC DATA — PIPELINE/CONSTRAINT VERIFICATION ONLY
1,BOM_r5_c6,BOM,19.276,73.1777,5.372,1.18,5.5,257.6,SYNTHETIC DATA — PIPELINE/CONSTRAINT VERIFICATION ONLY
1,BOM_r6_c0,BOM,19.376,72.5777,7.152,2.572,7.6,250.2,SYNTHETIC DATA — PIPELINE/CONSTRAINT VERIFICATION ONLY
1,BOM_r6_c1,BOM,19.376,72.6777,6.869,2.47,7.3,250.2,SYNTHETIC DATA — PIPELINE/CONSTRAINT VERIFICATION ONLY
1,BOM_r6_c2,BOM,19.376,72.7777,6.587,2.369,7.0,250.2,SYNTHETIC DATA — PIPELINE/CONSTRAINT VERIFICATION ONLY
1,BOM_r6_c3,BOM,19.376,72.8777,6.305,2.267,6.7,250.2,SYNTHETIC DATA — PIPELINE/CONSTRAINT VERIFICATION ONLY
1,BOM_r6_c4,BOM,19.376,72.9777,6.022,2.166,6.4,250.2,SYNTHETIC DATA — PIPELINE/CONSTRAINT VERIFICATION ONLY
1,BOM_r6_c5,BOM,19.376,73.0777,5.74,2.064,6.1,250.2,SYNTHETIC DATA — PIPELINE/CONSTRAINT VERIFICATION ONLY
1,BOM_r6_c6,BOM,19.376,73.1777,5.458,1.963,5.8,250.2,SYNTHETIC DATA — PIPELINE/CONSTRAINT VERIFICATION ONLY
1,LKO_r0_c0,LKO,26.5467,80.6462,4.631,-3.492,5.8,307.0,SYNTHETIC DATA — PIPELINE/CONSTRAINT VERIFICATION ONLY
1,LKO_r0_c1,LKO,26.5467,80.7462,4.391,-3.312,5.5,307.0,SYNTHETIC DATA — PIPELINE/CONSTRAINT VERIFICATION ONLY
1,LKO_r0_c2,LKO,26.5467,80.8462,4.152,-3.131,5.2,307.0,SYNTHETIC DATA — PIPELINE/CONSTRAINT VERIFICATION ONLY
1,LKO_r0_c3,LKO,26.5467,80.9462,3.912,-2.95,4.9,307.0,SYNTHETIC DATA — PIPELINE/CONSTRAINT VERIFICATION ONLY
1,LKO_r0_c4,LKO,26.5467,81.0462,3.673,-2.77,4.6,307.0,SYNTHETIC DATA — PIPELINE/CONSTRAINT VERIFICATION ONLY
1,LKO_r0_c5,LKO,26.5467,81.1462,3.433,-2.589,4.3,307.0,SYNTHETIC DATA — PIPELINE/CONSTRAINT VERIFICATION ONLY
1,LKO_r0_c6,LKO,26.5467,81.2462,3.194,-2.408,4.0,307.0,SYNTHETIC DATA — PIPELINE/CONSTRAINT VERIFICATION ONLY
1,LKO_r1_c0,LKO,26.6467,80.6462,4.436,-4.187,6.1,313.3,SYNTHETIC DATA — PIPELINE/CONSTRAINT VERIFICATION ONLY
1,LKO_r1_c1,LKO,26.6467,80.7462,4.218,-3.981,5.8,313.3,SYNTHETIC DATA — PIPELINE/CONSTRAINT VERIFICATION ONLY
1,LKO_r1_c2,LKO,26.6467,80.8462,4.0,-3.775,5.5,313.3,SYNTHETIC DATA — PIPELINE/CONSTRAINT VERIFICATION ONLY
1,LKO_r1_c3,LKO,26.6467,80.9462,3.781,-3.569,5.2,313.3,SYNTHETIC DATA — PIPELINE/CONSTRAINT VERIFICATION ONLY
1,LKO_r1_c4,LKO,26.6467,81.0462,3.563,-3.364,4.9,313.3,SYNTHETIC DATA — PIPELINE/CONSTRAINT VERIFICATION ONLY
1,LKO_r1_c5,LKO,26.6467,81.1462,3.345,-3.158,4.6,313.3,SYNTHETIC DATA — PIPELINE/CONSTRAINT VERIFICATION ONLY
1,LKO_r1_c6,LKO,26.6467,81.2462,3.127,-2.952,4.3,313.3,SYNTHETIC DATA — PIPELINE/CONSTRAINT VERIFICATION ONLY
1,LKO_r2_c0,LKO,26.7467,80.6462,4.361,-4.684,6.4,317.0,SYNTHETIC DATA — PIPELINE/CONSTRAINT VERIFICATION ONLY
1,LKO_r2_c1,LKO,26.7467,80.7462,4.157,-4.464,6.1,317.0,SYNTHETIC DATA — PIPELINE/CONSTRAINT VERIFICATION ONLY
1,LKO_r2_c2,LKO,26.7467,80.8462,3.953,-4.245,5.8,317.0,SYNTHETIC DATA — PIPELINE/CONSTRAINT VERIFICATION ONLY
1,LKO_r2_c3,LKO,26.7467,80.9462,3.748,-4.025,5.5,317.0,SYNTHETIC DATA — PIPELINE/CONSTRAINT VERIFICATION ONLY
1,LKO_r2_c4,LKO,26.7467,81.0462,3.544,-3.806,5.2,317.0,SYNTHETIC DATA — PIPELINE/CONSTRAINT VERIFICATION ONLY
1,LKO_r2_c5,LKO,26.7467,81.1462,3.339,-3.586,4.9,317.0,SYNTHETIC DATA — PIPELINE/CONSTRAINT VERIFICATION ONLY
1,LKO_r2_c6,LKO,26.7467,81.2462,3.135,-3.367,4.6,317.0,SYNTHETIC DATA — PIPELINE/CONSTRAINT VERIFICATION ONLY
1,LKO_r3_c0,LKO,26.8467,80.6462,4.553,-4.916,6.7,317.2,SYNTHETIC DATA — PIPELINE/CONSTRAINT VERIFICATION ONLY
1,LKO_r3_c1,LKO,26.8467,80.7462,4.349,-4.696,6.4,317.2,SYNTHETIC DATA — PIPELINE/CONSTRAINT VERIFICATION ONLY
1,LKO_r3_c2,LKO,26.8467,80.8462,4.145,-4.475,6.1,317.2,SYNTHETIC DATA — PIPELINE/CONSTRAINT VERIFICATION ONLY
1,LKO_r3_c3,LKO,26.8467,80.9462,3.941,-4.255,5.8,317.2,SYNTHETIC DATA — PIPELINE/CONSTRAINT VERIFICATION ONLY
1,LKO_r3_c4,LKO,26.8467,81.0462,3.737,-4.035,5.5,317.2,SYNTHETIC DATA — PIPELINE/CONSTRAINT VERIFICATION ONLY
1,LKO_r3_c5,LKO,26.8467,81.1462,3.533,-3.815,5.2,317.2,SYNTHETIC DATA — PIPELINE/CONSTRAINT VERIFICATION ONLY
1,LKO_r3_c6,LKO,26.8467,81.2462,3.33,-3.595,4.9,317.2,SYNTHETIC DATA — PIPELINE/CONSTRAINT VERIFICATION ONLY
1,LKO_r4_c0,LKO,26.9467,80.6462,5.055,-4.843,7.0,313.8,SYNTHETIC DATA — PIPELINE/CONSTRAINT VERIFICATION ONLY
1,LKO_r4_c1,LKO,26.9467,80.7462,4.838,-4.635,6.7,313.8,SYNTHETIC DATA — PIPELINE/CONSTRAINT VERIFICATION ONLY
1,LKO_r4_c2,LKO,26.9467,80.8462,4.621,-4.428,6.4,313.8,SYNTHETIC DATA — PIPELINE/CONSTRAINT VERIFICATION ONLY
1,LKO_r4_c3,LKO,26.9467,80.9462,4.405,-4.22,6.1,313.8,SYNTHETIC DATA — PIPELINE/CONSTRAINT VERIFICATION ONLY
1,LKO_r4_c4,LKO,26.9467,81.0462,4.188,-4.013,5.8,313.8,SYNTHETIC DATA — PIPELINE/CONSTRAINT VERIFICATION ONLY
1,LKO_r4_c5,LKO,26.9467,81.1462,3.971,-3.805,5.5,313.8,SYNTHETIC DATA — PIPELINE/CONSTRAINT VERIFICATION ONLY
1,LKO_r4_c6,LKO,26.9467,81.2462,3.755,-3.597,5.2,313.8,SYNTHETIC DATA — PIPELINE/CONSTRAINT VERIFICATION ONLY
1,LKO_r5_c0,LKO,27.0467,80.6462,5.783,-4.455,7.3,307.6,SYNTHETIC DATA — PIPELINE/CONSTRAINT VERIFICATION ONLY
1,LKO_r5_c1,LKO,27.0467,80.7462,5.545,-4.272,7.0,307.6,SYNTHETIC DATA — PIPELINE/CONSTRAINT VERIFICATION ONLY
1,LKO_r5_c2,LKO,27.0467,80.8462,5.307,-4.089,6.7,307.6,SYNTHETIC DATA — PIPELINE/CONSTRAINT VERIFICATION ONLY
1,LKO_r5_c3,LKO,27.0467,80.9462,5.07,-3.906,6.4,307.6,SYNTHETIC DATA — PIPELINE/CONSTRAINT VERIFICATION ONLY
1,LKO_r5_c4,LKO,27.0467,81.0462,4.832,-3.723,6.1,307.6,SYNTHETIC DATA — PIPELINE/CONSTRAINT VERIFICATION ONLY
1,LKO_r5_c5,LKO,27.0467,81.1462,4.594,-3.54,5.8,307.6,SYNTHETIC DATA — PIPELINE/CONSTRAINT VERIFICATION ONLY
1,LKO_r5_c6,LKO,27.0467,81.2462,4.357,-3.357,5.5,307.6,SYNTHETIC DATA — PIPELINE/CONSTRAINT VERIFICATION ONLY
1,LKO_r6_c0,LKO,27.1467,80.6462,6.567,-3.825,7.6,300.2,SYNTHETIC DATA — PIPELINE/CONSTRAINT VERIFICATION ONLY
1,LKO_r6_c1,LKO,27.1467,80.7462,6.308,-3.674,7.3,300.2,SYNTHETIC DATA — PIPELINE/CONSTRAINT VERIFICATION ONLY
1,LKO_r6_c2,LKO,27.1467,80.8462,6.049,-3.523,7.0,300.2,SYNTHETIC DATA — PIPELINE/CONSTRAINT VERIFICATION ONLY
1,LKO_r6_c3,LKO,27.1467,80.9462,5.789,-3.372,6.7,300.2,SYNTHETIC DATA — PIPELINE/CONSTRAINT VERIFICATION ONLY
1,LKO_r6_c4,LKO,27.1467,81.0462,5.53,-3.221,6.4,300.2,SYNTHETIC DATA — PIPELINE/CONSTRAINT VERIFICATION ONLY
1,LKO_r6_c5,LKO,27.1467,81.1462,5.271,-3.07,6.1,300.2,SYNTHETIC DATA — PIPELINE/CONSTRAINT VERIFICATION ONLY
1,LKO_r6_c6,LKO,27.1467,81.2462,5.012,-2.919,5.8,300.2,SYNTHETIC DATA — PIPELINE/CONSTRAINT VERIFICATION ONLY
1,VNS_r0_c0,VNS,25.0176,82.6739,5.167,-2.635,5.8,297.0,SYNTHETIC DATA — PIPELINE/CONSTRAINT VERIFICATION ONLY
1,VNS_r0_c1,VNS,25.0176,82.7739,4.9,-2.499,5.5,297.0,SYNTHETIC DATA — PIPELINE/CONSTRAINT VERIFICATION ONLY
1,VNS_r0_c2,VNS,25.0176,82.8739,4.632,-2.362,5.2,297.0,SYNTHETIC DATA — PIPELINE/CONSTRAINT VERIFICATION ONLY
1,VNS_r0_c3,VNS,25.0176,82.9739,4.365,-2.226,4.9,297.0,SYNTHETIC DATA — PIPELINE/CONSTRAINT VERIFICATION ONLY
1,VNS_r0_c4,VNS,25.0176,83.0739,4.098,-2.09,4.6,297.0,SYNTHETIC DATA — PIPELINE/CONSTRAINT VERIFICATION ONLY
1,VNS_r0_c5,VNS,25.0176,83.1739,3.831,-1.954,4.3,297.0,SYNTHETIC DATA — PIPELINE/CONSTRAINT VERIFICATION ONLY
1,VNS_r0_c6,VNS,25.0176,83.2739,3.563,-1.817,4.0,297.0,SYNTHETIC DATA — PIPELINE/CONSTRAINT VERIFICATION ONLY
1,VNS_r1_c0,VNS,25.1176,82.6739,5.096,-3.353,6.1,303.3,SYNTHETIC DATA — PIPELINE/CONSTRAINT VERIFICATION ONLY
1,VNS_r1_c1,VNS,25.1176,82.7739,4.845,-3.188,5.8,303.3,SYNTHETIC DATA — PIPELINE/CONSTRAINT VERIFICATION ONLY
1,VNS_r1_c2,VNS,25.1176,82.8739,4.594,-3.024,5.5,303.3,SYNTHETIC DATA — PIPELINE/CONSTRAINT VERIFICATION ONLY
1,VNS_r1_c3,VNS,25.1176,82.9739,4.344,-2.859,5.2,303.3,SYNTHETIC DATA — PIPELINE/CONSTRAINT VERIFICATION ONLY
1,VNS_r1_c4,VNS,25.1176,83.0739,4.093,-2.694,4.9,303.3,SYNTHETIC DATA — PIPELINE/CONSTRAINT VERIFICATION ONLY
1,VNS_r1_c5,VNS,25.1176,83.1739,3.843,-2.529,4.6,303.3,SYNTHETIC DATA — PIPELINE/CONSTRAINT VERIFICATION ONLY
1,VNS_r1_c6,VNS,25.1176,83.2739,3.592,-2.364,4.3,303.3,SYNTHETIC DATA — PIPELINE/CONSTRAINT VERIFICATION ONLY
1,VNS_r2_c0,VNS,25.2176,82.6739,5.108,-3.855,6.4,307.0,SYNTHETIC DATA — PIPELINE/CONSTRAINT VERIFICATION ONLY
1,VNS_r2_c1,VNS,25.2176,82.7739,4.869,-3.675,6.1,307.0,SYNTHETIC DATA — PIPELINE/CONSTRAINT VERIFICATION ONLY
1,VNS_r2_c2,VNS,25.2176,82.8739,4.63,-3.494,5.8,307.0,SYNTHETIC DATA — PIPELINE/CONSTRAINT VERIFICATION ONLY
1,VNS_r2_c3,VNS,25.2176,82.9739,4.39,-3.313,5.5,307.0,SYNTHETIC DATA — PIPELINE/CONSTRAINT VERIFICATION ONLY
1,VNS_r2_c4,VNS,25.2176,83.0739,4.151,-3.132,5.2,307.0,SYNTHETIC DATA — PIPELINE/CONSTRAINT VERIFICATION ONLY
1,VNS_r2_c5,VNS,25.2176,83.1739,3.911,-2.952,4.9,307.0,SYNTHETIC DATA — PIPELINE/CONSTRAINT VERIFICATION ONLY
1,VNS_r2_c6,VNS,25.2176,83.2739,3.672,-2.771,4.6,307.0,SYNTHETIC DATA — PIPELINE/CONSTRAINT VERIFICATION ONLY
1,VNS_r3_c0,VNS,25.3176,82.6739,5.337,-4.05,6.7,307.2,SYNTHETIC DATA — PIPELINE/CONSTRAINT VERIFICATION ONLY
1,VNS_r3_c1,VNS,25.3176,82.7739,5.098,-3.869,6.4,307.2,SYNTHETIC DATA — PIPELINE/CONSTRAINT VERIFICATION ONLY
1,VNS_r3_c2,VNS,25.3176,82.8739,4.859,-3.688,6.1,307.2,SYNTHETIC DATA — PIPELINE/CONSTRAINT VERIFICATION ONLY
1,VNS_r3_c3,VNS,25.3176,82.9739,4.62,-3.506,5.8,307.2,SYNTHETIC DATA — PIPELINE/CONSTRAINT VERIFICATION ONLY
1,VNS_r3_c4,VNS,25.3176,83.0739,4.381,-3.325,5.5,307.2,SYNTHETIC DATA — PIPELINE/CONSTRAINT VERIFICATION ONLY
1,VNS_r3_c5,VNS,25.3176,83.1739,4.142,-3.144,5.2,307.2,SYNTHETIC DATA — PIPELINE/CONSTRAINT VERIFICATION ONLY
1,VNS_r3_c6,VNS,25.3176,83.2739,3.903,-2.962,4.9,307.2,SYNTHETIC DATA — PIPELINE/CONSTRAINT VERIFICATION ONLY
1,VNS_r4_c0,VNS,25.4176,82.6739,5.819,-3.891,7.0,303.8,SYNTHETIC DATA — PIPELINE/CONSTRAINT VERIFICATION ONLY
1,VNS_r4_c1,VNS,25.4176,82.7739,5.569,-3.725,6.7,303.8,SYNTHETIC DATA — PIPELINE/CONSTRAINT VERIFICATION ONLY
1,VNS_r4_c2,VNS,25.4176,82.8739,5.32,-3.558,6.4,303.8,SYNTHETIC DATA — PIPELINE/CONSTRAINT VERIFICATION ONLY
1,VNS_r4_c3,VNS,25.4176,82.9739,5.071,-3.391,6.1,303.8,SYNTHETIC DATA — PIPELINE/CONSTRAINT VERIFICATION ONLY
1,VNS_r4_c4,VNS,25.4176,83.0739,4.821,-3.224,5.8,303.8,SYNTHETIC DATA — PIPELINE/CONSTRAINT VERIFICATION ONLY
1,VNS_r4_c5,VNS,25.4176,83.1739,4.572,-3.058,5.5,303.8,SYNTHETIC DATA — PIPELINE/CONSTRAINT VERIFICATION ONLY
1,VNS_r4_c6,VNS,25.4176,83.2739,4.322,-2.891,5.2,303.8,SYNTHETIC DATA — PIPELINE/CONSTRAINT VERIFICATION ONLY
1,VNS_r5_c0,VNS,25.5176,82.6739,6.469,-3.384,7.3,297.6,SYNTHETIC DATA — PIPELINE/CONSTRAINT VERIFICATION ONLY
1,VNS_r5_c1,VNS,25.5176,82.7739,6.203,-3.244,7.0,297.6,SYNTHETIC DATA — PIPELINE/CONSTRAINT VERIFICATION ONLY
1,VNS_r5_c2,VNS,25.5176,82.8739,5.937,-3.105,6.7,297.6,SYNTHETIC DATA — PIPELINE/CONSTRAINT VERIFICATION ONLY
1,VNS_r5_c3,VNS,25.5176,82.9739,5.671,-2.966,6.4,297.6,SYNTHETIC DATA — PIPELINE/CONSTRAINT VERIFICATION ONLY
1,VNS_r5_c4,VNS,25.5176,83.0739,5.405,-2.827,6.1,297.6,SYNTHETIC DATA — PIPELINE/CONSTRAINT VERIFICATION ONLY
1,VNS_r5_c5,VNS,25.5176,83.1739,5.139,-2.688,5.8,297.6,SYNTHETIC DATA — PIPELINE/CONSTRAINT VERIFICATION ONLY
1,VNS_r5_c6,VNS,25.5176,83.2739,4.874,-2.549,5.5,297.6,SYNTHETIC DATA — PIPELINE/CONSTRAINT VERIFICATION ONLY
1,VNS_r6_c0,VNS,25.6176,82.6739,7.132,-2.627,7.6,290.2,SYNTHETIC DATA — PIPELINE/CONSTRAINT VERIFICATION ONLY
1,VNS_r6_c1,VNS,25.6176,82.7739,6.85,-2.523,7.3,290.2,SYNTHETIC DATA — PIPELINE/CONSTRAINT VERIFICATION ONLY
1,VNS_r6_c2,VNS,25.6176,82.8739,6.569,-2.42,7.0,290.2,SYNTHETIC DATA — PIPELINE/CONSTRAINT VERIFICATION ONLY
1,VNS_r6_c3,VNS,25.6176,82.9739,6.287,-2.316,6.7,290.2,SYNTHETIC DATA — PIPELINE/CONSTRAINT VERIFICATION ONLY
1,VNS_r6_c4,VNS,25.6176,83.0739,6.006,-2.212,6.4,290.2,SYNTHETIC DATA — PIPELINE/CONSTRAINT VERIFICATION ONLY
1,VNS_r6_c5,VNS,25.6176,83.1739,5.724,-2.109,6.1,290.2,SYNTHETIC DATA — PIPELINE/CONSTRAINT VERIFICATION ONLY
1,VNS_r6_c6,VNS,25.6176,83.2739,5.442,-2.005,5.8,290.2,SYNTHETIC DATA — PIPELINE/CONSTRAINT VERIFICATION ONLY
1,JAI_r0_c0,JAI,26.6124,75.4873,3.157,-4.865,5.8,327.0,SYNTHETIC DATA — PIPELINE/CONSTRAINT VERIFICATION ONLY
1,JAI_r0_c1,JAI,26.6124,75.5873,2.994,-4.614,5.5,327.0,SYNTHETIC DATA — PIPELINE/CONSTRAINT VERIFICATION ONLY
1,JAI_r0_c2,JAI,26.6124,75.6873,2.831,-4.362,5.2,327.0,SYNTHETIC DATA — PIPELINE/CONSTRAINT VERIFICATION ONLY
1,JAI_r0_c3,JAI,26.6124,75.7873,2.667,-4.11,4.9,327.0,SYNTHETIC DATA — PIPELINE/CONSTRAINT VERIFICATION ONLY
1,JAI_r0_c4,JAI,26.6124,75.8873,2.504,-3.859,4.6,327.0,SYNTHETIC DATA — PIPELINE/CONSTRAINT VERIFICATION ONLY
1,JAI_r0_c5,JAI,26.6124,75.9873,2.341,-3.607,4.3,327.0,SYNTHETIC DATA — PIPELINE/CONSTRAINT VERIFICATION ONLY
1,JAI_r0_c6,JAI,26.6124,76.0873,2.177,-3.355,4.0,327.0,SYNTHETIC DATA — PIPELINE/CONSTRAINT VERIFICATION ONLY
1,JAI_r1_c0,JAI,26.7124,75.4873,2.736,-5.452,6.1,333.3,SYNTHETIC DATA — PIPELINE/CONSTRAINT VERIFICATION ONLY
1,JAI_r1_c1,JAI,26.7124,75.5873,2.602,-5.184,5.8,333.3,SYNTHETIC DATA — PIPELINE/CONSTRAINT VERIFICATION ONLY
1,JAI_r1_c2,JAI,26.7124,75.6873,2.467,-4.916,5.5,333.3,SYNTHETIC DATA — PIPELINE/CONSTRAINT VERIFICATION ONLY
1,JAI_r1_c3,JAI,26.7124,75.7873,2.333,-4.648,5.2,333.3,SYNTHETIC DATA — PIPELINE/CONSTRAINT VERIFICATION ONLY
1,JAI_r1_c4,JAI,26.7124,75.8873,2.198,-4.379,4.9,333.3,SYNTHETIC DATA — PIPELINE/CONSTRAINT VERIFICATION ONLY
1,JAI_r1_c5,JAI,26.7124,75.9873,2.063,-4.111,4.6,333.3,SYNTHETIC DATA — PIPELINE/CONSTRAINT VERIFICATION ONLY
1,JAI_r1_c6,JAI,26.7124,76.0873,1.929,-3.843,4.3,333.3,SYNTHETIC DATA — PIPELINE/CONSTRAINT VERIFICATION ONLY
1,JAI_r2_c0,JAI,26.8124,75.4873,2.496,-5.893,6.4,337.0,SYNTHETIC DATA — PIPELINE/CONSTRAINT VERIFICATION ONLY
1,JAI_r2_c1,JAI,26.8124,75.5873,2.379,-5.617,6.1,337.0,SYNTHETIC DATA — PIPELINE/CONSTRAINT VERIFICATION ONLY
1,JAI_r2_c2,JAI,26.8124,75.6873,2.262,-5.341,5.8,337.0,SYNTHETIC DATA — PIPELINE/CONSTRAINT VERIFICATION ONLY
1,JAI_r2_c3,JAI,26.8124,75.7873,2.145,-5.064,5.5,337.0,SYNTHETIC DATA — PIPELINE/CONSTRAINT VERIFICATION ONLY
1,JAI_r2_c4,JAI,26.8124,75.8873,2.028,-4.788,5.2,337.0,SYNTHETIC DATA — PIPELINE/CONSTRAINT VERIFICATION ONLY
1,JAI_r2_c5,JAI,26.8124,75.9873,1.911,-4.512,4.9,337.0,SYNTHETIC DATA — PIPELINE/CONSTRAINT VERIFICATION ONLY
1,JAI_r2_c6,JAI,26.8124,76.0873,1.794,-4.236,4.6,337.0,SYNTHETIC DATA — PIPELINE/CONSTRAINT VERIFICATION ONLY
1,JAI_r3_c0,JAI,26.9124,75.4873,2.597,-6.176,6.7,337.2,SYNTHETIC DATA — PIPELINE/CONSTRAINT VERIFICATION ONLY
1,JAI_r3_c1,JAI,26.9124,75.5873,2.481,-5.9,6.4,337.2,SYNTHETIC DATA — PIPELINE/CONSTRAINT VERIFICATION ONLY
1,JAI_r3_c2,JAI,26.9124,75.6873,2.364,-5.623,6.1,337.2,SYNTHETIC DATA — PIPELINE/CONSTRAINT VERIFICATION ONLY
1,JAI_r3_c3,JAI,26.9124,75.7873,2.248,-5.347,5.8,337.2,SYNTHETIC DATA — PIPELINE/CONSTRAINT VERIFICATION ONLY
1,JAI_r3_c4,JAI,26.9124,75.8873,2.132,-5.07,5.5,337.2,SYNTHETIC DATA — PIPELINE/CONSTRAINT VERIFICATION ONLY
1,JAI_r3_c5,JAI,26.9124,75.9873,2.015,-4.794,5.2,337.2,SYNTHETIC DATA — PIPELINE/CONSTRAINT VERIFICATION ONLY
1,JAI_r3_c6,JAI,26.9124,76.0873,1.899,-4.517,4.9,337.2,SYNTHETIC DATA — PIPELINE/CONSTRAINT VERIFICATION ONLY
1,JAI_r4_c0,JAI,27.0124,75.4873,3.093,-6.279,7.0,333.8,SYNTHETIC DATA — PIPELINE/CONSTRAINT VERIFICATION ONLY
1,JAI_r4_c1,JAI,27.0124,75.5873,2.961,-6.01,6.7,333.8,SYNTHETIC DATA — PIPELINE/CONSTRAINT VERIFICATION ONLY
1,JAI_r4_c2,JAI,27.0124,75.6873,2.828,-5.741,6.4,333.8,SYNTHETIC DATA — PIPELINE/CONSTRAINT VERIFICATION ONLY
1,JAI_r4_c3,JAI,27.0124,75.7873,2.696,-5.472,6.1,333.8,SYNTHETIC DATA — PIPELINE/CONSTRAINT VERIFICATION ONLY
1,JAI_r4_c4,JAI,27.0124,75.8873,2.563,-5.203,5.8,333.8,SYNTHETIC DATA — PIPELINE/CONSTRAINT VERIFICATION ONLY
1,JAI_r4_c5,JAI,27.0124,75.9873,2.431,-4.934,5.5,333.8,SYNTHETIC DATA — PIPELINE/CONSTRAINT VERIFICATION ONLY
1,JAI_r4_c6,JAI,27.0124,76.0873,2.298,-4.665,5.2,333.8,SYNTHETIC DATA — PIPELINE/CONSTRAINT VERIFICATION ONLY
1,JAI_r5_c0,JAI,27.1124,75.4873,3.91,-6.164,7.3,327.6,SYNTHETIC DATA — PIPELINE/CONSTRAINT VERIFICATION ONLY
1,JAI_r5_c1,JAI,27.1124,75.5873,3.749,-5.911,7.0,327.6,SYNTHETIC DATA — PIPELINE/CONSTRAINT VERIFICATION ONLY
1,JAI_r5_c2,JAI,27.1124,75.6873,3.589,-5.658,6.7,327.6,SYNTHETIC DATA — PIPELINE/CONSTRAINT VERIFICATION ONLY
1,JAI_r5_c3,JAI,27.1124,75.7873,3.428,-5.404,6.4,327.6,SYNTHETIC DATA — PIPELINE/CONSTRAINT VERIFICATION ONLY
1,JAI_r5_c4,JAI,27.1124,75.8873,3.267,-5.151,6.1,327.6,SYNTHETIC DATA — PIPELINE/CONSTRAINT VERIFICATION ONLY
1,JAI_r5_c5,JAI,27.1124,75.9873,3.107,-4.898,5.8,327.6,SYNTHETIC DATA — PIPELINE/CONSTRAINT VERIFICATION ONLY
1,JAI_r5_c6,JAI,27.1124,76.0873,2.946,-4.644,5.5,327.6,SYNTHETIC DATA — PIPELINE/CONSTRAINT VERIFICATION ONLY
1,JAI_r6_c0,JAI,27.2124,75.4873,4.863,-5.841,7.6,320.2,SYNTHETIC DATA — PIPELINE/CONSTRAINT VERIFICATION ONLY
1,JAI_r6_c1,JAI,27.2124,75.5873,4.671,-5.61,7.3,320.2,SYNTHETIC DATA — PIPELINE/CONSTRAINT VERIFICATION ONLY
1,JAI_r6_c2,JAI,27.2124,75.6873,4.479,-5.38,7.0,320.2,SYNTHETIC DATA — PIPELINE/CONSTRAINT VERIFICATION ONLY
1,JAI_r6_c3,JAI,27.2124,75.7873,4.287,-5.149,6.7,320.2,SYNTHETIC DATA — PIPELINE/CONSTRAINT VERIFICATION ONLY
1,JAI_r6_c4,JAI,27.2124,75.8873,4.095,-4.919,6.4,320.2,SYNTHETIC DATA — PIPELINE/CONSTRAINT VERIFICATION ONLY
1,JAI_r6_c5,JAI,27.2124,75.9873,3.903,-4.688,6.1,320.2,SYNTHETIC DATA — PIPELINE/CONSTRAINT VERIFICATION ONLY
1,JAI_r6_c6,JAI,27.2124,76.0873,3.711,-4.457,5.8,320.2,SYNTHETIC DATA — PIPELINE/CONSTRAINT VERIFICATION ONLY
1,AMD_r0_c0,AMD,22.7225,72.2714,5.757,-0.709,5.8,277.0,SYNTHETIC DATA — PIPELINE/CONSTRAINT VERIFICATION ONLY
1,AMD_r0_c1,AMD,22.7225,72.3714,5.459,-0.672,5.5,277.0,SYNTHETIC DATA — PIPELINE/CONSTRAINT VERIFICATION ONLY
1,AMD_r0_c2,AMD,22.7225,72.4714,5.161,-0.636,5.2,277.0,SYNTHETIC DATA — PIPELINE/CONSTRAINT VERIFICATION ONLY
1,AMD_r0_c3,AMD,22.7225,72.5714,4.863,-0.599,4.9,277.0,SYNTHETIC DATA — PIPELINE/CONSTRAINT VERIFICATION ONLY
1,AMD_r0_c4,AMD,22.7225,72.6714,4.566,-0.562,4.6,277.0,SYNTHETIC DATA — PIPELINE/CONSTRAINT VERIFICATION ONLY
1,AMD_r0_c5,AMD,22.7225,72.7714,4.268,-0.526,4.3,277.0,SYNTHETIC DATA — PIPELINE/CONSTRAINT VERIFICATION ONLY
1,AMD_r0_c6,AMD,22.7225,72.8714,3.97,-0.489,4.0,277.0,SYNTHETIC DATA — PIPELINE/CONSTRAINT VERIFICATION ONLY
1,AMD_r1_c0,AMD,22.8225,72.2714,5.935,-1.408,6.1,283.3,SYNTHETIC DATA — PIPELINE/CONSTRAINT VERIFICATION ONLY
1,AMD_r1_c1,AMD,22.8225,72.3714,5.643,-1.339,5.8,283.3,SYNTHETIC DATA — PIPELINE/CONSTRAINT VERIFICATION ONLY
1,AMD_r1_c2,AMD,22.8225,72.4714,5.351,-1.27,5.5,283.3,SYNTHETIC DATA — PIPELINE/CONSTRAINT VERIFICATION ONLY
1,AMD_r1_c3,AMD,22.8225,72.5714,5.06,-1.201,5.2,283.3,SYNTHETIC DATA — PIPELINE/CONSTRAINT VERIFICATION ONLY
1,AMD_r1_c4,AMD,22.8225,72.6714,4.768,-1.131,4.9,283.3,SYNTHETIC DATA — PIPELINE/CONSTRAINT VERIFICATION ONLY
1,AMD_r1_c5,AMD,22.8225,72.7714,4.476,-1.062,4.6,283.3,SYNTHETIC DATA — PIPELINE/CONSTRAINT VERIFICATION ONLY
1,AMD_r1_c6,AMD,22.8225,72.8714,4.184,-0.993,4.3,283.3,SYNTHETIC DATA — PIPELINE/CONSTRAINT VERIFICATION ONLY
1,AMD_r2_c0,AMD,22.9225,72.2714,6.119,-1.876,6.4,287.0,SYNTHETIC DATA — PIPELINE/CONSTRAINT VERIFICATION ONLY
1,AMD_r2_c1,AMD,22.9225,72.3714,5.832,-1.788,6.1,287.0,SYNTHETIC DATA — PIPELINE/CONSTRAINT VERIFICATION ONLY
1,AMD_r2_c2,AMD,22.9225,72.4714,5.545,-1.7,5.8,287.0,SYNTHETIC DATA — PIPELINE/CONSTRAINT VERIFICATION ONLY
1,AMD_r2_c3,AMD,22.9225,72.5714,5.259,-1.612,5.5,287.0,SYNTHETIC DATA — PIPELINE/CONSTRAINT VERIFICATION ONLY
1,AMD_r2_c4,AMD,22.9225,72.6714,4.972,-1.524,5.2,287.0,SYNTHETIC DATA — PIPELINE/CONSTRAINT VERIFICATION ONLY
1,AMD_r2_c5,AMD,22.9225,72.7714,4.685,-1.436,4.9,287.0,SYNTHETIC DATA — PIPELINE/CONSTRAINT VERIFICATION ONLY
1,AMD_r2_c6,AMD,22.9225,72.8714,4.398,-1.348,4.6,287.0,SYNTHETIC DATA — PIPELINE/CONSTRAINT VERIFICATION ONLY
1,AMD_r3_c0,AMD,23.0225,72.2714,6.401,-1.981,6.7,287.2,SYNTHETIC DATA — PIPELINE/CONSTRAINT VERIFICATION ONLY
1,AMD_r3_c1,AMD,23.0225,72.3714,6.114,-1.892,6.4,287.2,SYNTHETIC DATA — PIPELINE/CONSTRAINT VERIFICATION ONLY
1,AMD_r3_c2,AMD,23.0225,72.4714,5.827,-1.803,6.1,287.2,SYNTHETIC DATA — PIPELINE/CONSTRAINT VERIFICATION ONLY
1,AMD_r3_c3,AMD,23.0225,72.5714,5.541,-1.715,5.8,287.2,SYNTHETIC DATA — PIPELINE/CONSTRAINT VERIFICATION ONLY
1,AMD_r3_c4,AMD,23.0225,72.6714,5.254,-1.626,5.5,287.2,SYNTHETIC DATA — PIPELINE/CONSTRAINT VERIFICATION ONLY
1,AMD_r3_c5,AMD,23.0225,72.7714,4.968,-1.537,5.2,287.2,SYNTHETIC DATA — PIPELINE/CONSTRAINT VERIFICATION ONLY
1,AMD_r3_c6,AMD,23.0225,72.8714,4.681,-1.449,4.9,287.2,SYNTHETIC DATA — PIPELINE/CONSTRAINT VERIFICATION ONLY
1,AMD_r4_c0,AMD,23.1225,72.2714,6.799,-1.667,7.0,283.8,SYNTHETIC DATA — PIPELINE/CONSTRAINT VERIFICATION ONLY
1,AMD_r4_c1,AMD,23.1225,72.3714,6.507,-1.595,6.7,283.8,SYNTHETIC DATA — PIPELINE/CONSTRAINT VERIFICATION ONLY
1,AMD_r4_c2,AMD,23.1225,72.4714,6.216,-1.524,6.4,283.8,SYNTHETIC DATA — PIPELINE/CONSTRAINT VERIFICATION ONLY
1,AMD_r4_c3,AMD,23.1225,72.5714,5.925,-1.452,6.1,283.8,SYNTHETIC DATA — PIPELINE/CONSTRAINT VERIFICATION ONLY
1,AMD_r4_c4,AMD,23.1225,72.6714,5.633,-1.381,5.8,283.8,SYNTHETIC DATA — PIPELINE/CONSTRAINT VERIFICATION ONLY
1,AMD_r4_c5,AMD,23.1225,72.7714,5.342,-1.309,5.5,283.8,SYNTHETIC DATA — PIPELINE/CONSTRAINT VERIFICATION ONLY
1,AMD_r4_c6,AMD,23.1225,72.8714,5.05,-1.238,5.2,283.8,SYNTHETIC DATA — PIPELINE/CONSTRAINT VERIFICATION ONLY
1,AMD_r5_c0,AMD,23.2225,72.2714,7.236,-0.967,7.3,277.6,SYNTHETIC DATA — PIPELINE/CONSTRAINT VERIFICATION ONLY
1,AMD_r5_c1,AMD,23.2225,72.3714,6.938,-0.927,7.0,277.6,SYNTHETIC DATA — PIPELINE/CONSTRAINT VERIFICATION ONLY
1,AMD_r5_c2,AMD,23.2225,72.4714,6.641,-0.888,6.7,277.6,SYNTHETIC DATA — PIPELINE/CONSTRAINT VERIFICATION ONLY
1,AMD_r5_c3,AMD,23.2225,72.5714,6.344,-0.848,6.4,277.6,SYNTHETIC DATA — PIPELINE/CONSTRAINT VERIFICATION ONLY
1,AMD_r5_c4,AMD,23.2225,72.6714,6.046,-0.808,6.1,277.6,SYNTHETIC DATA — PIPELINE/CONSTRAINT VERIFICATION ONLY
1,AMD_r5_c5,AMD,23.2225,72.7714,5.749,-0.768,5.8,277.6,SYNTHETIC DATA — PIPELINE/CONSTRAINT VERIFICATION ONLY
1,AMD_r5_c6,AMD,23.2225,72.8714,5.452,-0.729,5.5,277.6,SYNTHETIC DATA — PIPELINE/CONSTRAINT VERIFICATION ONLY
1,AMD_r6_c0,AMD,23.3225,72.2714,7.6,-0.029,7.6,270.2,SYNTHETIC DATA — PIPELINE/CONSTRAINT VERIFICATION ONLY
1,AMD_r6_c1,AMD,23.3225,72.3714,7.3,-0.028,7.3,270.2,SYNTHETIC DATA — PIPELINE/CONSTRAINT VERIFICATION ONLY
1,AMD_r6_c2,AMD,23.3225,72.4714,7.0,-0.027,7.0,270.2,SYNTHETIC DATA — PIPELINE/CONSTRAINT VERIFICATION ONLY
1,AMD_r6_c3,AMD,23.3225,72.5714,6.7,-0.026,6.7,270.2,SYNTHETIC DATA — PIPELINE/CONSTRAINT VERIFICATION ONLY
1,AMD_r6_c4,AMD,23.3225,72.6714,6.4,-0.025,6.4,270.2,SYNTHETIC DATA — PIPELINE/CONSTRAINT VERIFICATION ONLY
1,AMD_r6_c5,AMD,23.3225,72.7714,6.1,-0.024,6.1,270.2,SYNTHETIC DATA — PIPELINE/CONSTRAINT VERIFICATION ONLY
1,AMD_r6_c6,AMD,23.3225,72.8714,5.8,-0.022,5.8,270.2,SYNTHETIC DATA — PIPELINE/CONSTRAINT VERIFICATION ONLY
1,CCU_r0_c0,CCU,22.2726,88.0639,4.243,3.954,5.8,227.0,SYNTHETIC DATA — PIPELINE/CONSTRAINT VERIFICATION ONLY
1,CCU_r0_c1,CCU,22.2726,88.1639,4.024,3.75,5.5,227.0,SYNTHETIC DATA — PIPELINE/CONSTRAINT VERIFICATION ONLY
1,CCU_r0_c2,CCU,22.2726,88.2639,3.804,3.545,5.2,227.0,SYNTHETIC DATA — PIPELINE/CONSTRAINT VERIFICATION ONLY
1,CCU_r0_c3,CCU,22.2726,88.3639,3.585,3.34,4.9,227.0,SYNTHETIC DATA — PIPELINE/CONSTRAINT VERIFICATION ONLY
1,CCU_r0_c4,CCU,22.2726,88.4639,3.365,3.136,4.6,227.0,SYNTHETIC DATA — PIPELINE/CONSTRAINT VERIFICATION ONLY
1,CCU_r0_c5,CCU,22.2726,88.5639,3.146,2.931,4.3,227.0,SYNTHETIC DATA — PIPELINE/CONSTRAINT VERIFICATION ONLY
1,CCU_r0_c6,CCU,22.2726,88.6639,2.926,2.727,4.0,227.0,SYNTHETIC DATA — PIPELINE/CONSTRAINT VERIFICATION ONLY
1,CCU_r1_c0,CCU,22.3726,88.0639,4.894,3.641,6.1,233.3,SYNTHETIC DATA — PIPELINE/CONSTRAINT VERIFICATION ONLY
1,CCU_r1_c1,CCU,22.3726,88.1639,4.653,3.462,5.8,233.3,SYNTHETIC DATA — PIPELINE/CONSTRAINT VERIFICATION ONLY
1,CCU_r1_c2,CCU,22.3726,88.2639,4.413,3.283,5.5,233.3,SYNTHETIC DATA — PIPELINE/CONSTRAINT VERIFICATION ONLY
1,CCU_r1_c3,CCU,22.3726,88.3639,4.172,3.104,5.2,233.3,SYNTHETIC DATA — PIPELINE/CONSTRAINT VERIFICATION ONLY
1,CCU_r1_c4,CCU,22.3726,88.4639,3.931,2.925,4.9,233.3,SYNTHETIC DATA — PIPELINE/CONSTRAINT VERIFICATION ONLY
1,CCU_r1_c5,CCU,22.3726,88.5639,3.69,2.746,4.6,233.3,SYNTHETIC DATA — PIPELINE/CONSTRAINT VERIFICATION ONLY
1,CCU_r1_c6,CCU,22.3726,88.6639,3.45,2.567,4.3,233.3,SYNTHETIC DATA — PIPELINE/CONSTRAINT VERIFICATION ONLY
1,CCU_r2_c0,CCU,22.4726,88.0639,5.37,3.482,6.4,237.0,SYNTHETIC DATA — PIPELINE/CONSTRAINT VERIFICATION ONLY
1,CCU_r2_c1,CCU,22.4726,88.1639,5.118,3.319,6.1,237.0,SYNTHETIC DATA — PIPELINE/CONSTRAINT VERIFICATION ONLY
1,CCU_r2_c2,CCU,22.4726,88.2639,4.867,3.155,5.8,237.0,SYNTHETIC DATA — PIPELINE/CONSTRAINT VERIFICATION ONLY
1,CCU_r2_c3,CCU,22.4726,88.3639,4.615,2.992,5.5,237.0,SYNTHETIC DATA — PIPELINE/CONSTRAINT VERIFICATION ONLY
1,CCU_r2_c4,CCU,22.4726,88.4639,4.363,2.829,5.2,237.0,SYNTHETIC DATA — PIPELINE/CONSTRAINT VERIFICATION ONLY
1,CCU_r2_c5,CCU,22.4726,88.5639,4.111,2.666,4.9,237.0,SYNTHETIC DATA — PIPELINE/CONSTRAINT VERIFICATION ONLY
1,CCU_r2_c6,CCU,22.4726,88.6639,3.86,2.503,4.6,237.0,SYNTHETIC DATA — PIPELINE/CONSTRAINT VERIFICATION ONLY
1,CCU_r3_c0,CCU,22.5726,88.0639,5.632,3.63,6.7,237.2,SYNTHETIC DATA — PIPELINE/CONSTRAINT VERIFICATION ONLY
1,CCU_r3_c1,CCU,22.5726,88.1639,5.379,3.467,6.4,237.2,SYNTHETIC DATA — PIPELINE/CONSTRAINT VERIFICATION ONLY
1,CCU_r3_c2,CCU,22.5726,88.2639,5.127,3.305,6.1,237.2,SYNTHETIC DATA — PIPELINE/CONSTRAINT VERIFICATION ONLY
1,CCU_r3_c3,CCU,22.5726,88.3639,4.875,3.142,5.8,237.2,SYNTHETIC DATA — PIPELINE/CONSTRAINT VERIFICATION ONLY
1,CCU_r3_c4,CCU,22.5726,88.4639,4.623,2.98,5.5,237.2,SYNTHETIC DATA — PIPELINE/CONSTRAINT VERIFICATION ONLY
1,CCU_r3_c5,CCU,22.5726,88.5639,4.371,2.817,5.2,237.2,SYNTHETIC DATA — PIPELINE/CONSTRAINT VERIFICATION ONLY
1,CCU_r3_c6,CCU,22.5726,88.6639,4.119,2.655,4.9,237.2,SYNTHETIC DATA — PIPELINE/CONSTRAINT VERIFICATION ONLY
1,CCU_r4_c0,CCU,22.6726,88.0639,5.647,4.137,7.0,233.8,SYNTHETIC DATA — PIPELINE/CONSTRAINT VERIFICATION ONLY
1,CCU_r4_c1,CCU,22.6726,88.1639,5.405,3.96,6.7,233.8,SYNTHETIC DATA — PIPELINE/CONSTRAINT VERIFICATION ONLY
1,CCU_r4_c2,CCU,22.6726,88.2639,5.163,3.782,6.4,233.8,SYNTHETIC DATA — PIPELINE/CONSTRAINT VERIFICATION ONLY
1,CCU_r4_c3,CCU,22.6726,88.3639,4.921,3.605,6.1,233.8,SYNTHETIC DATA — PIPELINE/CONSTRAINT VERIFICATION ONLY
1,CCU_r4_c4,CCU,22.6726,88.4639,4.679,3.428,5.8,233.8,SYNTHETIC DATA — PIPELINE/CONSTRAINT VERIFICATION ONLY
1,CCU_r4_c5,CCU,22.6726,88.5639,4.437,3.25,5.5,233.8,SYNTHETIC DATA — PIPELINE/CONSTRAINT VERIFICATION ONLY
1,CCU_r4_c6,CCU,22.6726,88.6639,4.195,3.073,5.2,233.8,SYNTHETIC DATA — PIPELINE/CONSTRAINT VERIFICATION ONLY
1,CCU_r5_c0,CCU,22.7726,88.0639,5.392,4.921,7.3,227.6,SYNTHETIC DATA — PIPELINE/CONSTRAINT VERIFICATION ONLY
1,CCU_r5_c1,CCU,22.7726,88.1639,5.17,4.719,7.0,227.6,SYNTHETIC DATA — PIPELINE/CONSTRAINT VERIFICATION ONLY
1,CCU_r5_c2,CCU,22.7726,88.2639,4.949,4.517,6.7,227.6,SYNTHETIC DATA — PIPELINE/CONSTRAINT VERIFICATION ONLY
1,CCU_r5_c3,CCU,22.7726,88.3639,4.727,4.314,6.4,227.6,SYNTHETIC DATA — PIPELINE/CONSTRAINT VERIFICATION ONLY
1,CCU_r5_c4,CCU,22.7726,88.4639,4.506,4.112,6.1,227.6,SYNTHETIC DATA — PIPELINE/CONSTRAINT VERIFICATION ONLY
1,CCU_r5_c5,CCU,22.7726,88.5639,4.284,3.91,5.8,227.6,SYNTHETIC DATA — PIPELINE/CONSTRAINT VERIFICATION ONLY
1,CCU_r5_c6,CCU,22.7726,88.6639,4.062,3.708,5.5,227.6,SYNTHETIC DATA — PIPELINE/CONSTRAINT VERIFICATION ONLY
1,CCU_r6_c0,CCU,22.8726,88.0639,4.908,5.803,7.6,220.2,SYNTHETIC DATA — PIPELINE/CONSTRAINT VERIFICATION ONLY
1,CCU_r6_c1,CCU,22.8726,88.1639,4.714,5.574,7.3,220.2,SYNTHETIC DATA — PIPELINE/CONSTRAINT VERIFICATION ONLY
1,CCU_r6_c2,CCU,22.8726,88.2639,4.52,5.345,7.0,220.2,SYNTHETIC DATA — PIPELINE/CONSTRAINT VERIFICATION ONLY
1,CCU_r6_c3,CCU,22.8726,88.3639,4.327,5.116,6.7,220.2,SYNTHETIC DATA — PIPELINE/CONSTRAINT VERIFICATION ONLY
1,CCU_r6_c4,CCU,22.8726,88.4639,4.133,4.887,6.4,220.2,SYNTHETIC DATA — PIPELINE/CONSTRAINT VERIFICATION ONLY
1,CCU_r6_c5,CCU,22.8726,88.5639,3.939,4.658,6.1,220.2,SYNTHETIC DATA — PIPELINE/CONSTRAINT VERIFICATION ONLY
1,CCU_r6_c6,CCU,22.8726,88.6639,3.745,4.429,5.8,220.2,SYNTHETIC DATA — PIPELINE/CONSTRAINT VERIFICATION ONLY
1,HYD_r0_c0,HYD,17.085,78.1867,5.34,2.264,5.8,247.0,SYNTHETIC DATA — PIPELINE/CONSTRAINT VERIFICATION ONLY
1,HYD_r0_c1,HYD,17.085,78.2867,5.064,2.147,5.5,247.0,SYNTHETIC DATA — PIPELINE/CONSTRAINT VERIFICATION ONLY
1,HYD_r0_c2,HYD,17.085,78.3867,4.787,2.03,5.2,247.0,SYNTHETIC DATA — PIPELINE/CONSTRAINT VERIFICATION ONLY
1,HYD_r0_c3,HYD,17.085,78.4867,4.511,1.913,4.9,247.0,SYNTHETIC DATA — PIPELINE/CONSTRAINT VERIFICATION ONLY
1,HYD_r0_c4,HYD,17.085,78.5867,4.235,1.796,4.6,247.0,SYNTHETIC DATA — PIPELINE/CONSTRAINT VERIFICATION ONLY
1,HYD_r0_c5,HYD,17.085,78.6867,3.959,1.679,4.3,247.0,SYNTHETIC DATA — PIPELINE/CONSTRAINT VERIFICATION ONLY
1,HYD_r0_c6,HYD,17.085,78.7867,3.683,1.562,4.0,247.0,SYNTHETIC DATA — PIPELINE/CONSTRAINT VERIFICATION ONLY
1,HYD_r1_c0,HYD,17.185,78.1867,5.844,1.748,6.1,253.3,SYNTHETIC DATA — PIPELINE/CONSTRAINT VERIFICATION ONLY
1,HYD_r1_c1,HYD,17.185,78.2867,5.557,1.662,5.8,253.3,SYNTHETIC DATA — PIPELINE/CONSTRAINT VERIFICATION ONLY
1,HYD_r1_c2,HYD,17.185,78.3867,5.269,1.576,5.5,253.3,SYNTHETIC DATA — PIPELINE/CONSTRAINT VERIFICATION ONLY
1,HYD_r1_c3,HYD,17.185,78.4867,4.982,1.49,5.2,253.3,SYNTHETIC DATA — PIPELINE/CONSTRAINT VERIFICATION ONLY
1,HYD_r1_c4,HYD,17.185,78.5867,4.695,1.404,4.9,253.3,SYNTHETIC DATA — PIPELINE/CONSTRAINT VERIFICATION ONLY
1,HYD_r1_c5,HYD,17.185,78.6867,4.407,1.318,4.6,253.3,SYNTHETIC DATA — PIPELINE/CONSTRAINT VERIFICATION ONLY
1,HYD_r1_c6,HYD,17.185,78.7867,4.12,1.232,4.3,253.3,SYNTHETIC DATA — PIPELINE/CONSTRAINT VERIFICATION ONLY
1,HYD_r2_c0,HYD,17.285,78.1867,6.237,1.435,6.4,257.0,SYNTHETIC DATA — PIPELINE/CONSTRAINT VERIFICATION ONLY
1,HYD_r2_c1,HYD,17.285,78.2867,5.945,1.368,6.1,257.0,SYNTHETIC DATA — PIPELINE/CONSTRAINT VERIFICATION ONLY
1,HYD_r2_c2,HYD,17.285,78.3867,5.652,1.301,5.8,257.0,SYNTHETIC DATA — PIPELINE/CONSTRAINT VERIFICATION ONLY
1,HYD_r2_c3,HYD,17.285,78.4867,5.36,1.233,5.5,257.0,SYNTHETIC DATA — PIPELINE/CONSTRAINT VERIFICATION ONLY
1,HYD_r2_c4,HYD,17.285,78.5867,5.068,1.166,5.2,257.0,SYNTHETIC DATA — PIPELINE/CONSTRAINT VERIFICATION ONLY
1,HYD_r2_c5,HYD,17.285,78.6867,4.775,1.099,4.9,257.0,SYNTHETIC DATA — PIPELINE/CONSTRAINT VERIFICATION ONLY
1,HYD_r2_c6,HYD,17.285,78.7867,4.483,1.032,4.6,257.0,SYNTHETIC DATA — PIPELINE/CONSTRAINT VERIFICATION ONLY
1,HYD_r3_c0,HYD,17.385,78.1867,6.533,1.485,6.7,257.2,SYNTHETIC DATA — PIPELINE/CONSTRAINT VERIFICATION ONLY
1,HYD_r3_c1,HYD,17.385,78.2867,6.241,1.418,6.4,257.2,SYNTHETIC DATA — PIPELINE/CONSTRAINT VERIFICATION ONLY
1,HYD_r3_c2,HYD,17.385,78.3867,5.948,1.352,6.1,257.2,SYNTHETIC DATA — PIPELINE/CONSTRAINT VERIFICATION ONLY
1,HYD_r3_c3,HYD,17.385,78.4867,5.656,1.285,5.8,257.2,SYNTHETIC DATA — PIPELINE/CONSTRAINT VERIFICATION ONLY
1,HYD_r3_c4,HYD,17.385,78.5867,5.363,1.219,5.5,257.2,SYNTHETIC DATA — PIPELINE/CONSTRAINT VERIFICATION ONLY
1,HYD_r3_c5,HYD,17.385,78.6867,5.071,1.152,5.2,257.2,SYNTHETIC DATA — PIPELINE/CONSTRAINT VERIFICATION ONLY
1,HYD_r3_c6,HYD,17.385,78.7867,4.778,1.086,4.9,257.2,SYNTHETIC DATA — PIPELINE/CONSTRAINT VERIFICATION ONLY
1,HYD_r4_c0,HYD,17.485,78.1867,6.721,1.956,7.0,253.8,SYNTHETIC DATA — PIPELINE/CONSTRAINT VERIFICATION ONLY
1,HYD_r4_c1,HYD,17.485,78.2867,6.433,1.872,6.7,253.8,SYNTHETIC DATA — PIPELINE/CONSTRAINT VERIFICATION ONLY
1,HYD_r4_c2,HYD,17.485,78.3867,6.145,1.788,6.4,253.8,SYNTHETIC DATA — PIPELINE/CONSTRAINT VERIFICATION ONLY
1,HYD_r4_c3,HYD,17.485,78.4867,5.857,1.705,6.1,253.8,SYNTHETIC DATA — PIPELINE/CONSTRAINT VERIFICATION ONLY
1,HYD_r4_c4,HYD,17.485,78.5867,5.569,1.621,5.8,253.8,SYNTHETIC DATA — PIPELINE/CONSTRAINT VERIFICATION ONLY
1,HYD_r4_c5,HYD,17.485,78.6867,5.281,1.537,5.5,253.8,SYNTHETIC DATA — PIPELINE/CONSTRAINT VERIFICATION ONLY
1,HYD_r4_c6,HYD,17.485,78.7867,4.993,1.453,5.2,253.8,SYNTHETIC DATA — PIPELINE/CONSTRAINT VERIFICATION ONLY
1,HYD_r5_c0,HYD,17.585,78.1867,6.75,2.78,7.3,247.6,SYNTHETIC DATA — PIPELINE/CONSTRAINT VERIFICATION ONLY
1,HYD_r5_c1,HYD,17.585,78.2867,6.472,2.666,7.0,247.6,SYNTHETIC DATA — PIPELINE/CONSTRAINT VERIFICATION ONLY
1,HYD_r5_c2,HYD,17.585,78.3867,6.195,2.552,6.7,247.6,SYNTHETIC DATA — PIPELINE/CONSTRAINT VERIFICATION ONLY
1,HYD_r5_c3,HYD,17.585,78.4867,5.918,2.438,6.4,247.6,SYNTHETIC DATA — PIPELINE/CONSTRAINT VERIFICATION ONLY
1,HYD_r5_c4,HYD,17.585,78.5867,5.64,2.323,6.1,247.6,SYNTHETIC DATA — PIPELINE/CONSTRAINT VERIFICATION ONLY
1,HYD_r5_c5,HYD,17.585,78.6867,5.363,2.209,5.8,247.6,SYNTHETIC DATA — PIPELINE/CONSTRAINT VERIFICATION ONLY
1,HYD_r5_c6,HYD,17.585,78.7867,5.085,2.095,5.5,247.6,SYNTHETIC DATA — PIPELINE/CONSTRAINT VERIFICATION ONLY
1,HYD_r6_c0,HYD,17.685,78.1867,6.596,3.774,7.6,240.2,SYNTHETIC DATA — PIPELINE/CONSTRAINT VERIFICATION ONLY
1,HYD_r6_c1,HYD,17.685,78.2867,6.336,3.625,7.3,240.2,SYNTHETIC DATA — PIPELINE/CONSTRAINT VERIFICATION ONLY
1,HYD_r6_c2,HYD,17.685,78.3867,6.076,3.476,7.0,240.2,SYNTHETIC DATA — PIPELINE/CONSTRAINT VERIFICATION ONLY
1,HYD_r6_c3,HYD,17.685,78.4867,5.815,3.327,6.7,240.2,SYNTHETIC DATA — PIPELINE/CONSTRAINT VERIFICATION ONLY
1,HYD_r6_c4,HYD,17.685,78.5867,5.555,3.179,6.4,240.2,SYNTHETIC DATA — PIPELINE/CONSTRAINT VERIFICATION ONLY
1,HYD_r6_c5,HYD,17.685,78.6867,5.295,3.03,6.1,240.2,SYNTHETIC DATA — PIPELINE/CONSTRAINT VERIFICATION ONLY
1,HYD_r6_c6,HYD,17.685,78.7867,5.034,2.881,5.8,240.2,SYNTHETIC DATA — PIPELINE/CONSTRAINT VERIFICATION ONLY
1,BLR_r0_c0,BLR,12.6716,77.2946,5.652,1.303,5.8,257.0,SYNTHETIC DATA — PIPELINE/CONSTRAINT VERIFICATION ONLY
1,BLR_r0_c1,BLR,12.6716,77.3946,5.359,1.235,5.5,257.0,SYNTHETIC DATA — PIPELINE/CONSTRAINT VERIFICATION ONLY
1,BLR_r0_c2,BLR,12.6716,77.4946,5.067,1.168,5.2,257.0,SYNTHETIC DATA — PIPELINE/CONSTRAINT VERIFICATION ONLY
1,BLR_r0_c3,BLR,12.6716,77.5946,4.775,1.101,4.9,257.0,SYNTHETIC DATA — PIPELINE/CONSTRAINT VERIFICATION ONLY
1,BLR_r0_c4,BLR,12.6716,77.6946,4.482,1.033,4.6,257.0,SYNTHETIC DATA — PIPELINE/CONSTRAINT VERIFICATION ONLY
1,BLR_r0_c5,BLR,12.6716,77.7946,4.19,0.966,4.3,257.0,SYNTHETIC DATA — PIPELINE/CONSTRAINT VERIFICATION ONLY
1,BLR_r0_c6,BLR,12.6716,77.8946,3.898,0.898,4.0,257.0,SYNTHETIC DATA — PIPELINE/CONSTRAINT VERIFICATION ONLY
1,BLR_r1_c0,BLR,12.7716,77.2946,6.059,0.707,6.1,263.3,SYNTHETIC DATA — PIPELINE/CONSTRAINT VERIFICATION ONLY
1,BLR_r1_c1,BLR,12.7716,77.3946,5.761,0.672,5.8,263.3,SYNTHETIC DATA — PIPELINE/CONSTRAINT VERIFICATION ONLY
1,BLR_r1_c2,BLR,12.7716,77.4946,5.463,0.637,5.5,263.3,SYNTHETIC DATA — PIPELINE/CONSTRAINT VERIFICATION ONLY
1,BLR_r1_c3,BLR,12.7716,77.5946,5.165,0.602,5.2,263.3,SYNTHETIC DATA — PIPELINE/CONSTRAINT VERIFICATION ONLY
1,BLR_r1_c4,BLR,12.7716,77.6946,4.867,0.568,4.9,263.3,SYNTHETIC DATA — PIPELINE/CONSTRAINT VERIFICATION ONLY
1,BLR_r1_c5,BLR,12.7716,77.7946,4.569,0.533,4.6,263.3,SYNTHETIC DATA — PIPELINE/CONSTRAINT VERIFICATION ONLY
1,BLR_r1_c6,BLR,12.7716,77.8946,4.271,0.498,4.3,263.3,SYNTHETIC DATA — PIPELINE/CONSTRAINT VERIFICATION ONLY
1,BLR_r2_c0,BLR,12.8716,77.2946,6.391,0.33,6.4,267.0,SYNTHETIC DATA — PIPELINE/CONSTRAINT VERIFICATION ONLY
1,BLR_r2_c1,BLR,12.8716,77.3946,6.092,0.315,6.1,267.0,SYNTHETIC DATA — PIPELINE/CONSTRAINT VERIFICATION ONLY
1,BLR_r2_c2,BLR,12.8716,77.4946,5.792,0.299,5.8,267.0,SYNTHETIC DATA — PIPELINE/CONSTRAINT VERIFICATION ONLY
1,BLR_r2_c3,BLR,12.8716,77.5946,5.493,0.284,5.5,267.0,SYNTHETIC DATA — PIPELINE/CONSTRAINT VERIFICATION ONLY
1,BLR_r2_c4,BLR,12.8716,77.6946,5.193,0.268,5.2,267.0,SYNTHETIC DATA — PIPELINE/CONSTRAINT VERIFICATION ONLY
1,BLR_r2_c5,BLR,12.8716,77.7946,4.893,0.253,4.9,267.0,SYNTHETIC DATA — PIPELINE/CONSTRAINT VERIFICATION ONLY
1,BLR_r2_c6,BLR,12.8716,77.8946,4.594,0.237,4.6,267.0,SYNTHETIC DATA — PIPELINE/CONSTRAINT VERIFICATION ONLY
1,BLR_r3_c0,BLR,12.9716,77.2946,6.692,0.328,6.7,267.2,SYNTHETIC DATA — PIPELINE/CONSTRAINT VERIFICATION ONLY
1,BLR_r3_c1,BLR,12.9716,77.3946,6.392,0.313,6.4,267.2,SYNTHETIC DATA — PIPELINE/CONSTRAINT VERIFICATION ONLY
1,BLR_r3_c2,BLR,12.9716,77.4946,6.093,0.298,6.1,267.2,SYNTHETIC DATA — PIPELINE/CONSTRAINT VERIFICATION ONLY
1,BLR_r3_c3,BLR,12.9716,77.5946,5.793,0.284,5.8,267.2,SYNTHETIC DATA — PIPELINE/CONSTRAINT VERIFICATION ONLY
1,BLR_r3_c4,BLR,12.9716,77.6946,5.493,0.269,5.5,267.2,SYNTHETIC DATA — PIPELINE/CONSTRAINT VERIFICATION ONLY
1,BLR_r3_c5,BLR,12.9716,77.7946,5.194,0.254,5.2,267.2,SYNTHETIC DATA — PIPELINE/CONSTRAINT VERIFICATION ONLY
1,BLR_r3_c6,BLR,12.9716,77.8946,4.894,0.24,4.9,267.2,SYNTHETIC DATA — PIPELINE/CONSTRAINT VERIFICATION ONLY
1,BLR_r4_c0,BLR,13.0716,77.2946,6.959,0.759,7.0,263.8,SYNTHETIC DATA — PIPELINE/CONSTRAINT VERIFICATION ONLY
1,BLR_r4_c1,BLR,13.0716,77.3946,6.66,0.727,6.7,263.8,SYNTHETIC DATA — PIPELINE/CONSTRAINT VERIFICATION ONLY
1,BLR_r4_c2,BLR,13.0716,77.4946,6.362,0.694,6.4,263.8,SYNTHETIC DATA — PIPELINE/CONSTRAINT VERIFICATION ONLY
1,BLR_r4_c3,BLR,13.0716,77.5946,6.064,0.662,6.1,263.8,SYNTHETIC DATA — PIPELINE/CONSTRAINT VERIFICATION ONLY
1,BLR_r4_c4,BLR,13.0716,77.6946,5.766,0.629,5.8,263.8,SYNTHETIC DATA — PIPELINE/CONSTRAINT VERIFICATION ONLY
1,BLR_r4_c5,BLR,13.0716,77.7946,5.468,0.596,5.5,263.8,SYNTHETIC DATA — PIPELINE/CONSTRAINT VERIFICATION ONLY
1,BLR_r4_c6,BLR,13.0716,77.8946,5.169,0.564,5.2,263.8,SYNTHETIC DATA — PIPELINE/CONSTRAINT VERIFICATION ONLY
1,BLR_r5_c0,BLR,13.1716,77.2946,7.13,1.566,7.3,257.6,SYNTHETIC DATA — PIPELINE/CONSTRAINT VERIFICATION ONLY
1,BLR_r5_c1,BLR,13.1716,77.3946,6.837,1.502,7.0,257.6,SYNTHETIC DATA — PIPELINE/CONSTRAINT VERIFICATION ONLY
1,BLR_r5_c2,BLR,13.1716,77.4946,6.544,1.437,6.7,257.6,SYNTHETIC DATA — PIPELINE/CONSTRAINT VERIFICATION ONLY
1,BLR_r5_c3,BLR,13.1716,77.5946,6.251,1.373,6.4,257.6,SYNTHETIC DATA — PIPELINE/CONSTRAINT VERIFICATION ONLY
1,BLR_r5_c4,BLR,13.1716,77.6946,5.958,1.309,6.1,257.6,SYNTHETIC DATA — PIPELINE/CONSTRAINT VERIFICATION ONLY
1,BLR_r5_c5,BLR,13.1716,77.7946,5.665,1.244,5.8,257.6,SYNTHETIC DATA — PIPELINE/CONSTRAINT VERIFICATION ONLY
1,BLR_r5_c6,BLR,13.1716,77.8946,5.372,1.18,5.5,257.6,SYNTHETIC DATA — PIPELINE/CONSTRAINT VERIFICATION ONLY
1,BLR_r6_c0,BLR,13.2716,77.2946,7.152,2.572,7.6,250.2,SYNTHETIC DATA — PIPELINE/CONSTRAINT VERIFICATION ONLY
1,BLR_r6_c1,BLR,13.2716,77.3946,6.869,2.47,7.3,250.2,SYNTHETIC DATA — PIPELINE/CONSTRAINT VERIFICATION ONLY
1,BLR_r6_c2,BLR,13.2716,77.4946,6.587,2.369,7.0,250.2,SYNTHETIC DATA — PIPELINE/CONSTRAINT VERIFICATION ONLY
1,BLR_r6_c3,BLR,13.2716,77.5946,6.305,2.267,6.7,250.2,SYNTHETIC DATA — PIPELINE/CONSTRAINT VERIFICATION ONLY
1,BLR_r6_c4,BLR,13.2716,77.6946,6.022,2.166,6.4,250.2,SYNTHETIC DATA — PIPELINE/CONSTRAINT VERIFICATION ONLY
1,BLR_r6_c5,BLR,13.2716,77.7946,5.74,2.064,6.1,250.2,SYNTHETIC DATA — PIPELINE/CONSTRAINT VERIFICATION ONLY
1,BLR_r6_c6,BLR,13.2716,77.8946,5.458,1.963,5.8,250.2,SYNTHETIC DATA — PIPELINE/CONSTRAINT VERIFICATION ONLY
1,MAA_r0_c0,MAA,12.7827,79.9707,-5.167,2.635,5.8,117.0,SYNTHETIC DATA — PIPELINE/CONSTRAINT VERIFICATION ONLY
1,MAA_r0_c1,MAA,12.7827,80.0707,-4.9,2.499,5.5,117.0,SYNTHETIC DATA — PIPELINE/CONSTRAINT VERIFICATION ONLY
1,MAA_r0_c2,MAA,12.7827,80.1707,-4.632,2.362,5.2,117.0,SYNTHETIC DATA — PIPELINE/CONSTRAINT VERIFICATION ONLY
1,MAA_r0_c3,MAA,12.7827,80.2707,-4.365,2.226,4.9,117.0,SYNTHETIC DATA — PIPELINE/CONSTRAINT VERIFICATION ONLY
1,MAA_r0_c4,MAA,12.7827,80.3707,-4.098,2.09,4.6,117.0,SYNTHETIC DATA — PIPELINE/CONSTRAINT VERIFICATION ONLY
1,MAA_r0_c5,MAA,12.7827,80.4707,-3.831,1.954,4.3,117.0,SYNTHETIC DATA — PIPELINE/CONSTRAINT VERIFICATION ONLY
1,MAA_r0_c6,MAA,12.7827,80.5707,-3.563,1.817,4.0,117.0,SYNTHETIC DATA — PIPELINE/CONSTRAINT VERIFICATION ONLY
1,MAA_r1_c0,MAA,12.8827,79.9707,-5.096,3.353,6.1,123.3,SYNTHETIC DATA — PIPELINE/CONSTRAINT VERIFICATION ONLY
1,MAA_r1_c1,MAA,12.8827,80.0707,-4.845,3.188,5.8,123.3,SYNTHETIC DATA — PIPELINE/CONSTRAINT VERIFICATION ONLY
1,MAA_r1_c2,MAA,12.8827,80.1707,-4.594,3.024,5.5,123.3,SYNTHETIC DATA — PIPELINE/CONSTRAINT VERIFICATION ONLY
1,MAA_r1_c3,MAA,12.8827,80.2707,-4.344,2.859,5.2,123.3,SYNTHETIC DATA — PIPELINE/CONSTRAINT VERIFICATION ONLY
1,MAA_r1_c4,MAA,12.8827,80.3707,-4.093,2.694,4.9,123.3,SYNTHETIC DATA — PIPELINE/CONSTRAINT VERIFICATION ONLY
1,MAA_r1_c5,MAA,12.8827,80.4707,-3.843,2.529,4.6,123.3,SYNTHETIC DATA — PIPELINE/CONSTRAINT VERIFICATION ONLY
1,MAA_r1_c6,MAA,12.8827,80.5707,-3.592,2.364,4.3,123.3,SYNTHETIC DATA — PIPELINE/CONSTRAINT VERIFICATION ONLY
1,MAA_r2_c0,MAA,12.9827,79.9707,-5.108,3.855,6.4,127.0,SYNTHETIC DATA — PIPELINE/CONSTRAINT VERIFICATION ONLY
1,MAA_r2_c1,MAA,12.9827,80.0707,-4.869,3.675,6.1,127.0,SYNTHETIC DATA — PIPELINE/CONSTRAINT VERIFICATION ONLY
1,MAA_r2_c2,MAA,12.9827,80.1707,-4.63,3.494,5.8,127.0,SYNTHETIC DATA — PIPELINE/CONSTRAINT VERIFICATION ONLY
1,MAA_r2_c3,MAA,12.9827,80.2707,-4.39,3.313,5.5,127.0,SYNTHETIC DATA — PIPELINE/CONSTRAINT VERIFICATION ONLY
1,MAA_r2_c4,MAA,12.9827,80.3707,-4.151,3.132,5.2,127.0,SYNTHETIC DATA — PIPELINE/CONSTRAINT VERIFICATION ONLY
1,MAA_r2_c5,MAA,12.9827,80.4707,-3.911,2.952,4.9,127.0,SYNTHETIC DATA — PIPELINE/CONSTRAINT VERIFICATION ONLY
1,MAA_r2_c6,MAA,12.9827,80.5707,-3.672,2.771,4.6,127.0,SYNTHETIC DATA — PIPELINE/CONSTRAINT VERIFICATION ONLY
1,MAA_r3_c0,MAA,13.0827,79.9707,-5.337,4.05,6.7,127.2,SYNTHETIC DATA — PIPELINE/CONSTRAINT VERIFICATION ONLY
1,MAA_r3_c1,MAA,13.0827,80.0707,-5.098,3.869,6.4,127.2,SYNTHETIC DATA — PIPELINE/CONSTRAINT VERIFICATION ONLY
1,MAA_r3_c2,MAA,13.0827,80.1707,-4.859,3.688,6.1,127.2,SYNTHETIC DATA — PIPELINE/CONSTRAINT VERIFICATION ONLY
1,MAA_r3_c3,MAA,13.0827,80.2707,-4.62,3.506,5.8,127.2,SYNTHETIC DATA — PIPELINE/CONSTRAINT VERIFICATION ONLY
1,MAA_r3_c4,MAA,13.0827,80.3707,-4.381,3.325,5.5,127.2,SYNTHETIC DATA — PIPELINE/CONSTRAINT VERIFICATION ONLY
1,MAA_r3_c5,MAA,13.0827,80.4707,-4.142,3.144,5.2,127.2,SYNTHETIC DATA — PIPELINE/CONSTRAINT VERIFICATION ONLY
1,MAA_r3_c6,MAA,13.0827,80.5707,-3.903,2.962,4.9,127.2,SYNTHETIC DATA — PIPELINE/CONSTRAINT VERIFICATION ONLY
1,MAA_r4_c0,MAA,13.1827,79.9707,-5.819,3.891,7.0,123.8,SYNTHETIC DATA — PIPELINE/CONSTRAINT VERIFICATION ONLY
1,MAA_r4_c1,MAA,13.1827,80.0707,-5.569,3.725,6.7,123.8,SYNTHETIC DATA — PIPELINE/CONSTRAINT VERIFICATION ONLY
1,MAA_r4_c2,MAA,13.1827,80.1707,-5.32,3.558,6.4,123.8,SYNTHETIC DATA — PIPELINE/CONSTRAINT VERIFICATION ONLY
1,MAA_r4_c3,MAA,13.1827,80.2707,-5.071,3.391,6.1,123.8,SYNTHETIC DATA — PIPELINE/CONSTRAINT VERIFICATION ONLY
1,MAA_r4_c4,MAA,13.1827,80.3707,-4.821,3.224,5.8,123.8,SYNTHETIC DATA — PIPELINE/CONSTRAINT VERIFICATION ONLY
1,MAA_r4_c5,MAA,13.1827,80.4707,-4.572,3.058,5.5,123.8,SYNTHETIC DATA — PIPELINE/CONSTRAINT VERIFICATION ONLY
1,MAA_r4_c6,MAA,13.1827,80.5707,-4.322,2.891,5.2,123.8,SYNTHETIC DATA — PIPELINE/CONSTRAINT VERIFICATION ONLY
1,MAA_r5_c0,MAA,13.2827,79.9707,-6.469,3.384,7.3,117.6,SYNTHETIC DATA — PIPELINE/CONSTRAINT VERIFICATION ONLY
1,MAA_r5_c1,MAA,13.2827,80.0707,-6.203,3.244,7.0,117.6,SYNTHETIC DATA — PIPELINE/CONSTRAINT VERIFICATION ONLY
1,MAA_r5_c2,MAA,13.2827,80.1707,-5.937,3.105,6.7,117.6,SYNTHETIC DATA — PIPELINE/CONSTRAINT VERIFICATION ONLY
1,MAA_r5_c3,MAA,13.2827,80.2707,-5.671,2.966,6.4,117.6,SYNTHETIC DATA — PIPELINE/CONSTRAINT VERIFICATION ONLY
1,MAA_r5_c4,MAA,13.2827,80.3707,-5.405,2.827,6.1,117.6,SYNTHETIC DATA — PIPELINE/CONSTRAINT VERIFICATION ONLY
1,MAA_r5_c5,MAA,13.2827,80.4707,-5.139,2.688,5.8,117.6,SYNTHETIC DATA — PIPELINE/CONSTRAINT VERIFICATION ONLY
1,MAA_r5_c6,MAA,13.2827,80.5707,-4.874,2.549,5.5,117.6,SYNTHETIC DATA — PIPELINE/CONSTRAINT VERIFICATION ONLY
1,MAA_r6_c0,MAA,13.3827,79.9707,-7.132,2.627,7.6,110.2,SYNTHETIC DATA — PIPELINE/CONSTRAINT VERIFICATION ONLY
1,MAA_r6_c1,MAA,13.3827,80.0707,-6.85,2.523,7.3,110.2,SYNTHETIC DATA — PIPELINE/CONSTRAINT VERIFICATION ONLY
1,MAA_r6_c2,MAA,13.3827,80.1707,-6.569,2.42,7.0,110.2,SYNTHETIC DATA — PIPELINE/CONSTRAINT VERIFICATION ONLY
1,MAA_r6_c3,MAA,13.3827,80.2707,-6.287,2.316,6.7,110.2,SYNTHETIC DATA — PIPELINE/CONSTRAINT VERIFICATION ONLY
1,MAA_r6_c4,MAA,13.3827,80.3707,-6.006,2.212,6.4,110.2,SYNTHETIC DATA — PIPELINE/CONSTRAINT VERIFICATION ONLY
1,MAA_r6_c5,MAA,13.3827,80.4707,-5.724,2.109,6.1,110.2,SYNTHETIC DATA — PIPELINE/CONSTRAINT VERIFICATION ONLY
1,MAA_r6_c6,MAA,13.3827,80.5707,-5.442,2.005,5.8,110.2,SYNTHETIC DATA — PIPELINE/CONSTRAINT VERIFICATION ONLY
2,DEL_r0_c0,DEL,28.3139,76.909,2.745,-4.475,5.25,328.5,SYNTHETIC DATA — PIPELINE/CONSTRAINT VERIFICATION ONLY
2,DEL_r0_c1,DEL,28.3139,77.009,2.589,-4.219,4.95,328.5,SYNTHETIC DATA — PIPELINE/CONSTRAINT VERIFICATION ONLY
2,DEL_r0_c2,DEL,28.3139,77.109,2.432,-3.963,4.65,328.5,SYNTHETIC DATA — PIPELINE/CONSTRAINT VERIFICATION ONLY
2,DEL_r0_c3,DEL,28.3139,77.209,2.275,-3.708,4.35,328.5,SYNTHETIC DATA — PIPELINE/CONSTRAINT VERIFICATION ONLY
2,DEL_r0_c4,DEL,28.3139,77.309,2.118,-3.452,4.05,328.5,SYNTHETIC DATA — PIPELINE/CONSTRAINT VERIFICATION ONLY
2,DEL_r0_c5,DEL,28.3139,77.409,1.961,-3.196,3.75,328.5,SYNTHETIC DATA — PIPELINE/CONSTRAINT VERIFICATION ONLY
2,DEL_r0_c6,DEL,28.3139,77.509,1.804,-2.941,3.45,328.5,SYNTHETIC DATA — PIPELINE/CONSTRAINT VERIFICATION ONLY
2,DEL_r1_c0,DEL,28.4139,76.909,2.488,-4.961,5.55,333.4,SYNTHETIC DATA — PIPELINE/CONSTRAINT VERIFICATION ONLY
2,DEL_r1_c1,DEL,28.4139,77.009,2.353,-4.693,5.25,333.4,SYNTHETIC DATA — PIPELINE/CONSTRAINT VERIFICATION ONLY
2,DEL_r1_c2,DEL,28.4139,77.109,2.219,-4.425,4.95,333.4,SYNTHETIC DATA — PIPELINE/CONSTRAINT VERIFICATION ONLY
2,DEL_r1_c3,DEL,28.4139,77.209,2.084,-4.157,4.65,333.4,SYNTHETIC DATA — PIPELINE/CONSTRAINT VERIFICATION ONLY
2,DEL_r1_c4,DEL,28.4139,77.309,1.95,-3.888,4.35,333.4,SYNTHETIC DATA — PIPELINE/CONSTRAINT VERIFICATION ONLY
2,DEL_r1_c5,DEL,28.4139,77.409,1.815,-3.62,4.05,333.4,SYNTHETIC DATA — PIPELINE/CONSTRAINT VERIFICATION ONLY
2,DEL_r1_c6,DEL,28.4139,77.509,1.681,-3.352,3.75,333.4,SYNTHETIC DATA — PIPELINE/CONSTRAINT VERIFICATION ONLY
2,DEL_r2_c0,DEL,28.5139,76.909,2.473,-5.302,5.85,335.0,SYNTHETIC DATA — PIPELINE/CONSTRAINT VERIFICATION ONLY
2,DEL_r2_c1,DEL,28.5139,77.009,2.346,-5.03,5.55,335.0,SYNTHETIC DATA — PIPELINE/CONSTRAINT VERIFICATION ONLY
2,DEL_r2_c2,DEL,28.5139,77.109,2.219,-4.758,5.25,335.0,SYNTHETIC DATA — PIPELINE/CONSTRAINT VERIFICATION ONLY
2,DEL_r2_c3,DEL,28.5139,77.209,2.092,-4.486,4.95,335.0,SYNTHETIC DATA — PIPELINE/CONSTRAINT VERIFICATION ONLY
2,DEL_r2_c4,DEL,28.5139,77.309,1.966,-4.214,4.65,335.0,SYNTHETIC DATA — PIPELINE/CONSTRAINT VERIFICATION ONLY
2,DEL_r2_c5,DEL,28.5139,77.409,1.839,-3.942,4.35,335.0,SYNTHETIC DATA — PIPELINE/CONSTRAINT VERIFICATION ONLY
2,DEL_r2_c6,DEL,28.5139,77.509,1.712,-3.67,4.05,335.0,SYNTHETIC DATA — PIPELINE/CONSTRAINT VERIFICATION ONLY
2,DEL_r3_c0,DEL,28.6139,76.909,2.797,-5.477,6.15,332.9,SYNTHETIC DATA — PIPELINE/CONSTRAINT VERIFICATION ONLY
2,DEL_r3_c1,DEL,28.6139,77.009,2.661,-5.21,5.85,332.9,SYNTHETIC DATA — PIPELINE/CONSTRAINT VERIFICATION ONLY
2,DEL_r3_c2,DEL,28.6139,77.109,2.524,-4.943,5.55,332.9,SYNTHETIC DATA — PIPELINE/CONSTRAINT VERIFICATION ONLY
2,DEL_r3_c3,DEL,28.6139,77.209,2.388,-4.676,5.25,332.9,SYNTHETIC DATA — PIPELINE/CONSTRAINT VERIFICATION ONLY
2,DEL_r3_c4,DEL,28.6139,77.309,2.251,-4.408,4.95,332.9,SYNTHETIC DATA — PIPELINE/CONSTRAINT VERIFICATION ONLY
2,DEL_r3_c5,DEL,28.6139,77.409,2.115,-4.141,4.65,332.9,SYNTHETIC DATA — PIPELINE/CONSTRAINT VERIFICATION ONLY
2,DEL_r3_c6,DEL,28.6139,77.509,1.978,-3.874,4.35,332.9,SYNTHETIC DATA — PIPELINE/CONSTRAINT VERIFICATION ONLY
2,DEL_r4_c0,DEL,28.7139,76.909,3.443,-5.454,6.45,327.7,SYNTHETIC DATA — PIPELINE/CONSTRAINT VERIFICATION ONLY
2,DEL_r4_c1,DEL,28.7139,77.009,3.283,-5.2,6.15,327.7,SYNTHETIC DATA — PIPELINE/CONSTRAINT VERIFICATION ONLY
2,DEL_r4_c2,DEL,28.7139,77.109,3.123,-4.947,5.85,327.7,SYNTHETIC DATA — PIPELINE/CONSTRAINT VERIFICATION ONLY
2,DEL_r4_c3,DEL,28.7139,77.209,2.963,-4.693,5.55,327.7,SYNTHETIC DATA — PIPELINE/CONSTRAINT VERIFICATION ONLY
2,DEL_r4_c4,DEL,28.7139,77.309,2.803,-4.439,5.25,327.7,SYNTHETIC DATA — PIPELINE/CONSTRAINT VERIFICATION ONLY
2,DEL_r4_c5,DEL,28.7139,77.409,2.643,-4.186,4.95,327.7,SYNTHETIC DATA — PIPELINE/CONSTRAINT VERIFICATION ONLY
2,DEL_r4_c6,DEL,28.7139,77.509,2.483,-3.932,4.65,327.7,SYNTHETIC DATA — PIPELINE/CONSTRAINT VERIFICATION ONLY
2,DEL_r5_c0,DEL,28.8139,76.909,4.282,-5.218,6.75,320.6,SYNTHETIC DATA — PIPELINE/CONSTRAINT VERIFICATION ONLY
2,DEL_r5_c1,DEL,28.8139,77.009,4.092,-4.986,6.45,320.6,SYNTHETIC DATA — PIPELINE/CONSTRAINT VERIFICATION ONLY
2,DEL_r5_c2,DEL,28.8139,77.109,3.902,-4.754,6.15,320.6,SYNTHETIC DATA — PIPELINE/CONSTRAINT VERIFICATION ONLY
2,DEL_r5_c3,DEL,28.8139,77.209,3.711,-4.522,5.85,320.6,SYNTHETIC DATA — PIPELINE/CONSTRAINT VERIFICATION ONLY
2,DEL_r5_c4,DEL,28.8139,77.309,3.521,-4.29,5.55,320.6,SYNTHETIC DATA — PIPELINE/CONSTRAINT VERIFICATION ONLY
2,DEL_r5_c5,DEL,28.8139,77.409,3.331,-4.058,5.25,320.6,SYNTHETIC DATA — PIPELINE/CONSTRAINT VERIFICATION ONLY
2,DEL_r5_c6,DEL,28.8139,77.509,3.14,-3.826,4.95,320.6,SYNTHETIC DATA — PIPELINE/CONSTRAINT VERIFICATION ONLY
2,DEL_r6_c0,DEL,28.9139,76.909,5.126,-4.841,7.05,313.4,SYNTHETIC DATA — PIPELINE/CONSTRAINT VERIFICATION ONLY
2,DEL_r6_c1,DEL,28.9139,77.009,4.907,-4.635,6.75,313.4,SYNTHETIC DATA — PIPELINE/CONSTRAINT VERIFICATION ONLY
2,DEL_r6_c2,DEL,28.9139,77.109,4.689,-4.429,6.45,313.4,SYNTHETIC DATA — PIPELINE/CONSTRAINT VERIFICATION ONLY
2,DEL_r6_c3,DEL,28.9139,77.209,4.471,-4.223,6.15,313.4,SYNTHETIC DATA — PIPELINE/CONSTRAINT VERIFICATION ONLY
2,DEL_r6_c4,DEL,28.9139,77.309,4.253,-4.017,5.85,313.4,SYNTHETIC DATA — PIPELINE/CONSTRAINT VERIFICATION ONLY
2,DEL_r6_c5,DEL,28.9139,77.409,4.035,-3.811,5.55,313.4,SYNTHETIC DATA — PIPELINE/CONSTRAINT VERIFICATION ONLY
2,DEL_r6_c6,DEL,28.9139,77.509,3.817,-3.605,5.25,313.4,SYNTHETIC DATA — PIPELINE/CONSTRAINT VERIFICATION ONLY
2,BOM_r0_c0,BOM,18.776,72.5777,5.216,0.597,5.25,263.5,SYNTHETIC DATA — PIPELINE/CONSTRAINT VERIFICATION ONLY
2,BOM_r0_c1,BOM,18.776,72.6777,4.918,0.563,4.95,263.5,SYNTHETIC DATA — PIPELINE/CONSTRAINT VERIFICATION ONLY
2,BOM_r0_c2,BOM,18.776,72.7777,4.62,0.529,4.65,263.5,SYNTHETIC DATA — PIPELINE/CONSTRAINT VERIFICATION ONLY
2,BOM_r0_c3,BOM,18.776,72.8777,4.322,0.495,4.35,263.5,SYNTHETIC DATA — PIPELINE/CONSTRAINT VERIFICATION ONLY
2,BOM_r0_c4,BOM,18.776,72.9777,4.024,0.461,4.05,263.5,SYNTHETIC DATA — PIPELINE/CONSTRAINT VERIFICATION ONLY
2,BOM_r0_c5,BOM,18.776,73.0777,3.726,0.426,3.75,263.5,SYNTHETIC DATA — PIPELINE/CONSTRAINT VERIFICATION ONLY
2,BOM_r0_c6,BOM,18.776,73.1777,3.428,0.392,3.45,263.5,SYNTHETIC DATA — PIPELINE/CONSTRAINT VERIFICATION ONLY
2,BOM_r1_c0,BOM,18.876,72.5777,5.548,0.158,5.55,268.4,SYNTHETIC DATA — PIPELINE/CONSTRAINT VERIFICATION ONLY
2,BOM_r1_c1,BOM,18.876,72.6777,5.248,0.15,5.25,268.4,SYNTHETIC DATA — PIPELINE/CONSTRAINT VERIFICATION ONLY
2,BOM_r1_c2,BOM,18.876,72.7777,4.948,0.141,4.95,268.4,SYNTHETIC DATA — PIPELINE/CONSTRAINT VERIFICATION ONLY
2,BOM_r1_c3,BOM,18.876,72.8777,4.648,0.132,4.65,268.4,SYNTHETIC DATA — PIPELINE/CONSTRAINT VERIFICATION ONLY
2,BOM_r1_c4,BOM,18.876,72.9777,4.348,0.124,4.35,268.4,SYNTHETIC DATA — PIPELINE/CONSTRAINT VERIFICATION ONLY
2,BOM_r1_c5,BOM,18.876,73.0777,4.048,0.115,4.05,268.4,SYNTHETIC DATA — PIPELINE/CONSTRAINT VERIFICATION ONLY
2,BOM_r1_c6,BOM,18.876,73.1777,3.748,0.107,3.75,268.4,SYNTHETIC DATA — PIPELINE/CONSTRAINT VERIFICATION ONLY
2,BOM_r2_c0,BOM,18.976,72.5777,5.85,0.001,5.85,270.0,SYNTHETIC DATA — PIPELINE/CONSTRAINT VERIFICATION ONLY
2,BOM_r2_c1,BOM,18.976,72.6777,5.55,0.001,5.55,270.0,SYNTHETIC DATA — PIPELINE/CONSTRAINT VERIFICATION ONLY
2,BOM_r2_c2,BOM,18.976,72.7777,5.25,0.001,5.25,270.0,SYNTHETIC DATA — PIPELINE/CONSTRAINT VERIFICATION ONLY
2,BOM_r2_c3,BOM,18.976,72.8777,4.95,0.001,4.95,270.0,SYNTHETIC DATA — PIPELINE/CONSTRAINT VERIFICATION ONLY
2,BOM_r2_c4,BOM,18.976,72.9777,4.65,0.001,4.65,270.0,SYNTHETIC DATA — PIPELINE/CONSTRAINT VERIFICATION ONLY
2,BOM_r2_c5,BOM,18.976,73.0777,4.35,0.0,4.35,270.0,SYNTHETIC DATA — PIPELINE/CONSTRAINT VERIFICATION ONLY
2,BOM_r2_c6,BOM,18.976,73.1777,4.05,0.0,4.05,270.0,SYNTHETIC DATA — PIPELINE/CONSTRAINT VERIFICATION ONLY
2,BOM_r3_c0,BOM,19.076,72.5777,6.146,0.22,6.15,267.9,SYNTHETIC DATA — PIPELINE/CONSTRAINT VERIFICATION ONLY
2,BOM_r3_c1,BOM,19.076,72.6777,5.846,0.209,5.85,267.9,SYNTHETIC DATA — PIPELINE/CONSTRAINT VERIFICATION ONLY
2,BOM_r3_c2,BOM,19.076,72.7777,5.546,0.199,5.55,267.9,SYNTHETIC DATA — PIPELINE/CONSTRAINT VERIFICATION ONLY
2,BOM_r3_c3,BOM,19.076,72.8777,5.247,0.188,5.25,267.9,SYNTHETIC DATA — PIPELINE/CONSTRAINT VERIFICATION ONLY
2,BOM_r3_c4,BOM,19.076,72.9777,4.947,0.177,4.95,267.9,SYNTHETIC DATA — PIPELINE/CONSTRAINT VERIFICATION ONLY
2,BOM_r3_c5,BOM,19.076,73.0777,4.647,0.166,4.65,267.9,SYNTHETIC DATA — PIPELINE/CONSTRAINT VERIFICATION ONLY
2,BOM_r3_c6,BOM,19.076,73.1777,4.347,0.156,4.35,267.9,SYNTHETIC DATA — PIPELINE/CONSTRAINT VERIFICATION ONLY
2,BOM_r4_c0,BOM,19.176,72.5777,6.398,0.816,6.45,262.7,SYNTHETIC DATA — PIPELINE/CONSTRAINT VERIFICATION ONLY
2,BOM_r4_c1,BOM,19.176,72.6777,6.101,0.778,6.15,262.7,SYNTHETIC DATA — PIPELINE/CONSTRAINT VERIFICATION ONLY
2,BOM_r4_c2,BOM,19.176,72.7777,5.803,0.74,5.85,262.7,SYNTHETIC DATA — PIPELINE/CONSTRAINT VERIFICATION ONLY
2,BOM_r4_c3,BOM,19.176,72.8777,5.505,0.702,5.55,262.7,SYNTHETIC DATA — PIPELINE/CONSTRAINT VERIFICATION ONLY
2,BOM_r4_c4,BOM,19.176,72.9777,5.208,0.664,5.25,262.7,SYNTHETIC DATA — PIPELINE/CONSTRAINT VERIFICATION ONLY
2,BOM_r4_c5,BOM,19.176,73.0777,4.91,0.626,4.95,262.7,SYNTHETIC DATA — PIPELINE/CONSTRAINT VERIFICATION ONLY
2,BOM_r4_c6,BOM,19.176,73.1777,4.613,0.588,4.65,262.7,SYNTHETIC DATA — PIPELINE/CONSTRAINT VERIFICATION ONLY
2,BOM_r5_c0,BOM,19.276,72.5777,6.539,1.676,6.75,255.6,SYNTHETIC DATA — PIPELINE/CONSTRAINT VERIFICATION ONLY
2,BOM_r5_c1,BOM,19.276,72.6777,6.248,1.601,6.45,255.6,SYNTHETIC DATA — PIPELINE/CONSTRAINT VERIFICATION ONLY
2,BOM_r5_c2,BOM,19.276,72.7777,5.957,1.527,6.15,255.6,SYNTHETIC DATA — PIPELINE/CONSTRAINT VERIFICATION ONLY
2,BOM_r5_c3,BOM,19.276,72.8777,5.667,1.452,5.85,255.6,SYNTHETIC DATA — PIPELINE/CONSTRAINT VERIFICATION ONLY
2,BOM_r5_c4,BOM,19.276,72.9777,5.376,1.378,5.55,255.6,SYNTHETIC DATA — PIPELINE/CONSTRAINT VERIFICATION ONLY
2,BOM_r5_c5,BOM,19.276,73.0777,5.086,1.304,5.25,255.6,SYNTHETIC DATA — PIPELINE/CONSTRAINT VERIFICATION ONLY
2,BOM_r5_c6,BOM,19.276,73.1777,4.795,1.229,4.95,255.6,SYNTHETIC DATA — PIPELINE/CONSTRAINT VERIFICATION ONLY
2,BOM_r6_c0,BOM,19.376,72.5777,6.553,2.6,7.05,248.4,SYNTHETIC DATA — PIPELINE/CONSTRAINT VERIFICATION ONLY
2,BOM_r6_c1,BOM,19.376,72.6777,6.274,2.489,6.75,248.4,SYNTHETIC DATA — PIPELINE/CONSTRAINT VERIFICATION ONLY
2,BOM_r6_c2,BOM,19.376,72.7777,5.995,2.378,6.45,248.4,SYNTHETIC DATA — PIPELINE/CONSTRAINT VERIFICATION ONLY
2,BOM_r6_c3,BOM,19.376,72.8777,5.717,2.268,6.15,248.4,SYNTHETIC DATA — PIPELINE/CONSTRAINT VERIFICATION ONLY
2,BOM_r6_c4,BOM,19.376,72.9777,5.438,2.157,5.85,248.4,SYNTHETIC DATA — PIPELINE/CONSTRAINT VERIFICATION ONLY
2,BOM_r6_c5,BOM,19.376,73.0777,5.159,2.046,5.55,248.4,SYNTHETIC DATA — PIPELINE/CONSTRAINT VERIFICATION ONLY
2,BOM_r6_c6,BOM,19.376,73.1777,4.88,1.936,5.25,248.4,SYNTHETIC DATA — PIPELINE/CONSTRAINT VERIFICATION ONLY
2,LKO_r0_c0,LKO,26.5467,80.6462,3.81,-3.612,5.25,313.5,SYNTHETIC DATA — PIPELINE/CONSTRAINT VERIFICATION ONLY
2,LKO_r0_c1,LKO,26.5467,80.7462,3.592,-3.405,4.95,313.5,SYNTHETIC DATA — PIPELINE/CONSTRAINT VERIFICATION ONLY
2,LKO_r0_c2,LKO,26.5467,80.8462,3.375,-3.199,4.65,313.5,SYNTHETIC DATA — PIPELINE/CONSTRAINT VERIFICATION ONLY
2,LKO_r0_c3,LKO,26.5467,80.9462,3.157,-2.993,4.35,313.5,SYNTHETIC DATA — PIPELINE/CONSTRAINT VERIFICATION ONLY
2,LKO_r0_c4,LKO,26.5467,81.0462,2.939,-2.786,4.05,313.5,SYNTHETIC DATA — PIPELINE/CONSTRAINT VERIFICATION ONLY
2,LKO_r0_c5,LKO,26.5467,81.1462,2.722,-2.58,3.75,313.5,SYNTHETIC DATA — PIPELINE/CONSTRAINT VERIFICATION ONLY
2,LKO_r0_c6,LKO,26.5467,81.2462,2.504,-2.373,3.45,313.5,SYNTHETIC DATA — PIPELINE/CONSTRAINT VERIFICATION ONLY
2,LKO_r1_c0,LKO,26.6467,80.6462,3.687,-4.148,5.55,318.4,SYNTHETIC DATA — PIPELINE/CONSTRAINT VERIFICATION ONLY
2,LKO_r1_c1,LKO,26.6467,80.7462,3.488,-3.924,5.25,318.4,SYNTHETIC DATA — PIPELINE/CONSTRAINT VERIFICATION ONLY
2,LKO_r1_c2,LKO,26.6467,80.8462,3.288,-3.7,4.95,318.4,SYNTHETIC DATA — PIPELINE/CONSTRAINT VERIFICATION ONLY
2,LKO_r1_c3,LKO,26.6467,80.9462,3.089,-3.476,4.65,318.4,SYNTHETIC DATA — PIPELINE/CONSTRAINT VERIFICATION ONLY
2,LKO_r1_c4,LKO,26.6467,81.0462,2.89,-3.251,4.35,318.4,SYNTHETIC DATA — PIPELINE/CONSTRAINT VERIFICATION ONLY
2,LKO_r1_c5,LKO,26.6467,81.1462,2.691,-3.027,4.05,318.4,SYNTHETIC DATA — PIPELINE/CONSTRAINT VERIFICATION ONLY
2,LKO_r1_c6,LKO,26.6467,81.2462,2.491,-2.803,3.75,318.4,SYNTHETIC DATA — PIPELINE/CONSTRAINT VERIFICATION ONLY
2,LKO_r2_c0,LKO,26.7467,80.6462,3.761,-4.481,5.85,320.0,SYNTHETIC DATA — PIPELINE/CONSTRAINT VERIFICATION ONLY
2,LKO_r2_c1,LKO,26.7467,80.7462,3.568,-4.251,5.55,320.0,SYNTHETIC DATA — PIPELINE/CONSTRAINT VERIFICATION ONLY
2,LKO_r2_c2,LKO,26.7467,80.8462,3.375,-4.021,5.25,320.0,SYNTHETIC DATA — PIPELINE/CONSTRAINT VERIFICATION ONLY
2,LKO_r2_c3,LKO,26.7467,80.9462,3.182,-3.792,4.95,320.0,SYNTHETIC DATA — PIPELINE/CONSTRAINT VERIFICATION ONLY
2,LKO_r2_c4,LKO,26.7467,81.0462,2.989,-3.562,4.65,320.0,SYNTHETIC DATA — PIPELINE/CONSTRAINT VERIFICATION ONLY
2,LKO_r2_c5,LKO,26.7467,81.1462,2.796,-3.332,4.35,320.0,SYNTHETIC DATA — PIPELINE/CONSTRAINT VERIFICATION ONLY
2,LKO_r2_c6,LKO,26.7467,81.2462,2.604,-3.102,4.05,320.0,SYNTHETIC DATA — PIPELINE/CONSTRAINT VERIFICATION ONLY
2,LKO_r3_c0,LKO,26.8467,80.6462,4.119,-4.567,6.15,317.9,SYNTHETIC DATA — PIPELINE/CONSTRAINT VERIFICATION ONLY
2,LKO_r3_c1,LKO,26.8467,80.7462,3.918,-4.344,5.85,317.9,SYNTHETIC DATA — PIPELINE/CONSTRAINT VERIFICATION ONLY
2,LKO_r3_c2,LKO,26.8467,80.8462,3.717,-4.121,5.55,317.9,SYNTHETIC DATA — PIPELINE/CONSTRAINT VERIFICATION ONLY
2,LKO_r3_c3,LKO,26.8467,80.9462,3.516,-3.898,5.25,317.9,SYNTHETIC DATA — PIPELINE/CONSTRAINT VERIFICATION ONLY
2,LKO_r3_c4,LKO,26.8467,81.0462,3.316,-3.676,4.95,317.9,SYNTHETIC DATA — PIPELINE/CONSTRAINT VERIFICATION ONLY
2,LKO_r3_c5,LKO,26.8467,81.1462,3.115,-3.453,4.65,317.9,SYNTHETIC DATA — PIPELINE/CONSTRAINT VERIFICATION ONLY
2,LKO_r3_c6,LKO,26.8467,81.2462,2.914,-3.23,4.35,317.9,SYNTHETIC DATA — PIPELINE/CONSTRAINT VERIFICATION ONLY
2,LKO_r4_c0,LKO,26.9467,80.6462,4.738,-4.377,6.45,312.7,SYNTHETIC DATA — PIPELINE/CONSTRAINT VERIFICATION ONLY
2,LKO_r4_c1,LKO,26.9467,80.7462,4.517,-4.173,6.15,312.7,SYNTHETIC DATA — PIPELINE/CONSTRAINT VERIFICATION ONLY
2,LKO_r4_c2,LKO,26.9467,80.8462,4.297,-3.97,5.85,312.7,SYNTHETIC DATA — PIPELINE/CONSTRAINT VERIFICATION ONLY
2,LKO_r4_c3,LKO,26.9467,80.9462,4.077,-3.766,5.55,312.7,SYNTHETIC DATA — PIPELINE/CONSTRAINT VERIFICATION ONLY
2,LKO_r4_c4,LKO,26.9467,81.0462,3.856,-3.563,5.25,312.7,SYNTHETIC DATA — PIPELINE/CONSTRAINT VERIFICATION ONLY
2,LKO_r4_c5,LKO,26.9467,81.1462,3.636,-3.359,4.95,312.7,SYNTHETIC DATA — PIPELINE/CONSTRAINT VERIFICATION ONLY
2,LKO_r4_c6,LKO,26.9467,81.2462,3.416,-3.155,4.65,312.7,SYNTHETIC DATA — PIPELINE/CONSTRAINT VERIFICATION ONLY
2,LKO_r5_c0,LKO,27.0467,80.6462,5.487,-3.932,6.75,305.6,SYNTHETIC DATA — PIPELINE/CONSTRAINT VERIFICATION ONLY
2,LKO_r5_c1,LKO,27.0467,80.7462,5.243,-3.757,6.45,305.6,SYNTHETIC DATA — PIPELINE/CONSTRAINT VERIFICATION ONLY
2,LKO_r5_c2,LKO,27.0467,80.8462,4.999,-3.582,6.15,305.6,SYNTHETIC DATA — PIPELINE/CONSTRAINT VERIFICATION ONLY
2,LKO_r5_c3,LKO,27.0467,80.9462,4.755,-3.407,5.85,305.6,SYNTHETIC DATA — PIPELINE/CONSTRAINT VERIFICATION ONLY
2,LKO_r5_c4,LKO,27.0467,81.0462,4.511,-3.233,5.55,305.6,SYNTHETIC DATA — PIPELINE/CONSTRAINT VERIFICATION ONLY
2,LKO_r5_c5,LKO,27.0467,81.1462,4.268,-3.058,5.25,305.6,SYNTHETIC DATA — PIPELINE/CONSTRAINT VERIFICATION ONLY
2,LKO_r5_c6,LKO,27.0467,81.2462,4.024,-2.883,4.95,305.6,SYNTHETIC DATA — PIPELINE/CONSTRAINT VERIFICATION ONLY
2,LKO_r6_c0,LKO,27.1467,80.6462,6.204,-3.349,7.05,298.4,SYNTHETIC DATA — PIPELINE/CONSTRAINT VERIFICATION ONLY
2,LKO_r6_c1,LKO,27.1467,80.7462,5.94,-3.207,6.75,298.4,SYNTHETIC DATA — PIPELINE/CONSTRAINT VERIFICATION ONLY
2,LKO_r6_c2,LKO,27.1467,80.8462,5.676,-3.064,6.45,298.4,SYNTHETIC DATA — PIPELINE/CONSTRAINT VERIFICATION ONLY
2,LKO_r6_c3,LKO,27.1467,80.9462,5.412,-2.922,6.15,298.4,SYNTHETIC DATA — PIPELINE/CONSTRAINT VERIFICATION ONLY
2,LKO_r6_c4,LKO,27.1467,81.0462,5.148,-2.779,5.85,298.4,SYNTHETIC DATA — PIPELINE/CONSTRAINT VERIFICATION ONLY
2,LKO_r6_c5,LKO,27.1467,81.1462,4.884,-2.636,5.55,298.4,SYNTHETIC DATA — PIPELINE/CONSTRAINT VERIFICATION ONLY
2,LKO_r6_c6,LKO,27.1467,81.2462,4.62,-2.494,5.25,298.4,SYNTHETIC DATA — PIPELINE/CONSTRAINT VERIFICATION ONLY
2,VNS_r0_c0,VNS,25.0176,82.6739,4.379,-2.895,5.25,303.5,SYNTHETIC DATA — PIPELINE/CONSTRAINT VERIFICATION ONLY
2,VNS_r0_c1,VNS,25.0176,82.7739,4.129,-2.73,4.95,303.5,SYNTHETIC DATA — PIPELINE/CONSTRAINT VERIFICATION ONLY
2,VNS_r0_c2,VNS,25.0176,82.8739,3.879,-2.564,4.65,303.5,SYNTHETIC DATA — PIPELINE/CONSTRAINT VERIFICATION ONLY
2,VNS_r0_c3,VNS,25.0176,82.9739,3.629,-2.399,4.35,303.5,SYNTHETIC DATA — PIPELINE/CONSTRAINT VERIFICATION ONLY
2,VNS_r0_c4,VNS,25.0176,83.0739,3.378,-2.234,4.05,303.5,SYNTHETIC DATA — PIPELINE/CONSTRAINT VERIFICATION ONLY
2,VNS_r0_c5,VNS,25.0176,83.1739,3.128,-2.068,3.75,303.5,SYNTHETIC DATA — PIPELINE/CONSTRAINT VERIFICATION ONLY
2,VNS_r0_c6,VNS,25.0176,83.2739,2.878,-1.903,3.45,303.5,SYNTHETIC DATA — PIPELINE/CONSTRAINT VERIFICATION ONLY
2,VNS_r1_c0,VNS,25.1176,82.6739,4.351,-3.445,5.55,308.4,SYNTHETIC DATA — PIPELINE/CONSTRAINT VERIFICATION ONLY
2,VNS_r1_c1,VNS,25.1176,82.7739,4.116,-3.259,5.25,308.4,SYNTHETIC DATA — PIPELINE/CONSTRAINT VERIFICATION ONLY
2,VNS_r1_c2,VNS,25.1176,82.8739,3.881,-3.073,4.95,308.4,SYNTHETIC DATA — PIPELINE/CONSTRAINT VERIFICATION ONLY
2,VNS_r1_c3,VNS,25.1176,82.9739,3.646,-2.886,4.65,308.4,SYNTHETIC DATA — PIPELINE/CONSTRAINT VERIFICATION ONLY
2,VNS_r1_c4,VNS,25.1176,83.0739,3.411,-2.7,4.35,308.4,SYNTHETIC DATA — PIPELINE/CONSTRAINT VERIFICATION ONLY
2,VNS_r1_c5,VNS,25.1176,83.1739,3.175,-2.514,4.05,308.4,SYNTHETIC DATA — PIPELINE/CONSTRAINT VERIFICATION ONLY
2,VNS_r1_c6,VNS,25.1176,83.2739,2.94,-2.328,3.75,308.4,SYNTHETIC DATA — PIPELINE/CONSTRAINT VERIFICATION ONLY
2,VNS_r2_c0,VNS,25.2176,82.6739,4.482,-3.76,5.85,310.0,SYNTHETIC DATA — PIPELINE/CONSTRAINT VERIFICATION ONLY
2,VNS_r2_c1,VNS,25.2176,82.7739,4.252,-3.567,5.55,310.0,SYNTHETIC DATA — PIPELINE/CONSTRAINT VERIFICATION ONLY
2,VNS_r2_c2,VNS,25.2176,82.8739,4.022,-3.374,5.25,310.0,SYNTHETIC DATA — PIPELINE/CONSTRAINT VERIFICATION ONLY
2,VNS_r2_c3,VNS,25.2176,82.9739,3.792,-3.181,4.95,310.0,SYNTHETIC DATA — PIPELINE/CONSTRAINT VERIFICATION ONLY
2,VNS_r2_c4,VNS,25.2176,83.0739,3.562,-2.989,4.65,310.0,SYNTHETIC DATA — PIPELINE/CONSTRAINT VERIFICATION ONLY
2,VNS_r2_c5,VNS,25.2176,83.1739,3.333,-2.796,4.35,310.0,SYNTHETIC DATA — PIPELINE/CONSTRAINT VERIFICATION ONLY
2,VNS_r2_c6,VNS,25.2176,83.2739,3.103,-2.603,4.05,310.0,SYNTHETIC DATA — PIPELINE/CONSTRAINT VERIFICATION ONLY
2,VNS_r3_c0,VNS,25.3176,82.6739,4.85,-3.782,6.15,307.9,SYNTHETIC DATA — PIPELINE/CONSTRAINT VERIFICATION ONLY
2,VNS_r3_c1,VNS,25.3176,82.7739,4.613,-3.597,5.85,307.9,SYNTHETIC DATA — PIPELINE/CONSTRAINT VERIFICATION ONLY
2,VNS_r3_c2,VNS,25.3176,82.8739,4.377,-3.413,5.55,307.9,SYNTHETIC DATA — PIPELINE/CONSTRAINT VERIFICATION ONLY
2,VNS_r3_c3,VNS,25.3176,82.9739,4.14,-3.228,5.25,307.9,SYNTHETIC DATA — PIPELINE/CONSTRAINT VERIFICATION ONLY
2,VNS_r3_c4,VNS,25.3176,83.0739,3.903,-3.044,4.95,307.9,SYNTHETIC DATA — PIPELINE/CONSTRAINT VERIFICATION ONLY
2,VNS_r3_c5,VNS,25.3176,83.1739,3.667,-2.86,4.65,307.9,SYNTHETIC DATA — PIPELINE/CONSTRAINT VERIFICATION ONLY
2,VNS_r3_c6,VNS,25.3176,83.2739,3.43,-2.675,4.35,307.9,SYNTHETIC DATA — PIPELINE/CONSTRAINT VERIFICATION ONLY
2,VNS_r4_c0,VNS,25.4176,82.6739,5.426,-3.488,6.45,302.7,SYNTHETIC DATA — PIPELINE/CONSTRAINT VERIFICATION ONLY
2,VNS_r4_c1,VNS,25.4176,82.7739,5.173,-3.325,6.15,302.7,SYNTHETIC DATA — PIPELINE/CONSTRAINT VERIFICATION ONLY
2,VNS_r4_c2,VNS,25.4176,82.8739,4.921,-3.163,5.85,302.7,SYNTHETIC DATA — PIPELINE/CONSTRAINT VERIFICATION ONLY
2,VNS_r4_c3,VNS,25.4176,82.9739,4.669,-3.001,5.55,302.7,SYNTHETIC DATA — PIPELINE/CONSTRAINT VERIFICATION ONLY
2,VNS_r4_c4,VNS,25.4176,83.0739,4.416,-2.839,5.25,302.7,SYNTHETIC DATA — PIPELINE/CONSTRAINT VERIFICATION ONLY
2,VNS_r4_c5,VNS,25.4176,83.1739,4.164,-2.677,4.95,302.7,SYNTHETIC DATA — PIPELINE/CONSTRAINT VERIFICATION ONLY
2,VNS_r4_c6,VNS,25.4176,83.2739,3.912,-2.514,4.65,302.7,SYNTHETIC DATA — PIPELINE/CONSTRAINT VERIFICATION ONLY
2,VNS_r5_c0,VNS,25.5176,82.6739,6.086,-2.919,6.75,295.6,SYNTHETIC DATA — PIPELINE/CONSTRAINT VERIFICATION ONLY
2,VNS_r5_c1,VNS,25.5176,82.7739,5.816,-2.789,6.45,295.6,SYNTHETIC DATA — PIPELINE/CONSTRAINT VERIFICATION ONLY
2,VNS_r5_c2,VNS,25.5176,82.8739,5.545,-2.66,6.15,295.6,SYNTHETIC DATA — PIPELINE/CONSTRAINT VERIFICATION ONLY
2,VNS_r5_c3,VNS,25.5176,82.9739,5.275,-2.53,5.85,295.6,SYNTHETIC DATA — PIPELINE/CONSTRAINT VERIFICATION ONLY
2,VNS_r5_c4,VNS,25.5176,83.0739,5.004,-2.4,5.55,295.6,SYNTHETIC DATA — PIPELINE/CONSTRAINT VERIFICATION ONLY
2,VNS_r5_c5,VNS,25.5176,83.1739,4.734,-2.27,5.25,295.6,SYNTHETIC DATA — PIPELINE/CONSTRAINT VERIFICATION ONLY
2,VNS_r5_c6,VNS,25.5176,83.2739,4.463,-2.141,4.95,295.6,SYNTHETIC DATA — PIPELINE/CONSTRAINT VERIFICATION ONLY
2,VNS_r6_c0,VNS,25.6176,82.6739,6.691,-2.221,7.05,288.4,SYNTHETIC DATA — PIPELINE/CONSTRAINT VERIFICATION ONLY
2,VNS_r6_c1,VNS,25.6176,82.7739,6.406,-2.126,6.75,288.4,SYNTHETIC DATA — PIPELINE/CONSTRAINT VERIFICATION ONLY
2,VNS_r6_c2,VNS,25.6176,82.8739,6.122,-2.032,6.45,288.4,SYNTHETIC DATA — PIPELINE/CONSTRAINT VERIFICATION ONLY
2,VNS_r6_c3,VNS,25.6176,82.9739,5.837,-1.937,6.15,288.4,SYNTHETIC DATA — PIPELINE/CONSTRAINT VERIFICATION ONLY
2,VNS_r6_c4,VNS,25.6176,83.0739,5.552,-1.843,5.85,288.4,SYNTHETIC DATA — PIPELINE/CONSTRAINT VERIFICATION ONLY
2,VNS_r6_c5,VNS,25.6176,83.1739,5.267,-1.748,5.55,288.4,SYNTHETIC DATA — PIPELINE/CONSTRAINT VERIFICATION ONLY
2,VNS_r6_c6,VNS,25.6176,83.2739,4.983,-1.654,5.25,288.4,SYNTHETIC DATA — PIPELINE/CONSTRAINT VERIFICATION ONLY
2,JAI_r0_c0,JAI,26.6124,75.4873,2.345,-4.697,5.25,333.5,SYNTHETIC DATA — PIPELINE/CONSTRAINT VERIFICATION ONLY
2,JAI_r0_c1,JAI,26.6124,75.5873,2.211,-4.429,4.95,333.5,SYNTHETIC DATA — PIPELINE/CONSTRAINT VERIFICATION ONLY
2,JAI_r0_c2,JAI,26.6124,75.6873,2.077,-4.16,4.65,333.5,SYNTHETIC DATA — PIPELINE/CONSTRAINT VERIFICATION ONLY
2,JAI_r0_c3,JAI,26.6124,75.7873,1.943,-3.892,4.35,333.5,SYNTHETIC DATA — PIPELINE/CONSTRAINT VERIFICATION ONLY
2,JAI_r0_c4,JAI,26.6124,75.8873,1.809,-3.624,4.05,333.5,SYNTHETIC DATA — PIPELINE/CONSTRAINT VERIFICATION ONLY
2,JAI_r0_c5,JAI,26.6124,75.9873,1.675,-3.355,3.75,333.5,SYNTHETIC DATA — PIPELINE/CONSTRAINT VERIFICATION ONLY
2,JAI_r0_c6,JAI,26.6124,76.0873,1.541,-3.087,3.45,333.5,SYNTHETIC DATA — PIPELINE/CONSTRAINT VERIFICATION ONLY
2,JAI_r1_c0,JAI,26.7124,75.4873,2.046,-5.159,5.55,338.4,SYNTHETIC DATA — PIPELINE/CONSTRAINT VERIFICATION ONLY
2,JAI_r1_c1,JAI,26.7124,75.5873,1.935,-4.88,5.25,338.4,SYNTHETIC DATA — PIPELINE/CONSTRAINT VERIFICATION ONLY
2,JAI_r1_c2,JAI,26.7124,75.6873,1.825,-4.601,4.95,338.4,SYNTHETIC DATA — PIPELINE/CONSTRAINT VERIFICATION ONLY
2,JAI_r1_c3,JAI,26.7124,75.7873,1.714,-4.323,4.65,338.4,SYNTHETIC DATA — PIPELINE/CONSTRAINT VERIFICATION ONLY
2,JAI_r1_c4,JAI,26.7124,75.8873,1.604,-4.044,4.35,338.4,SYNTHETIC DATA — PIPELINE/CONSTRAINT VERIFICATION ONLY
2,JAI_r1_c5,JAI,26.7124,75.9873,1.493,-3.765,4.05,338.4,SYNTHETIC DATA — PIPELINE/CONSTRAINT VERIFICATION ONLY
2,JAI_r1_c6,JAI,26.7124,76.0873,1.382,-3.486,3.75,338.4,SYNTHETIC DATA — PIPELINE/CONSTRAINT VERIFICATION ONLY
2,JAI_r2_c0,JAI,26.8124,75.4873,2.001,-5.497,5.85,340.0,SYNTHETIC DATA — PIPELINE/CONSTRAINT VERIFICATION ONLY
2,JAI_r2_c1,JAI,26.8124,75.5873,1.899,-5.215,5.55,340.0,SYNTHETIC DATA — PIPELINE/CONSTRAINT VERIFICATION ONLY
2,JAI_r2_c2,JAI,26.8124,75.6873,1.796,-4.933,5.25,340.0,SYNTHETIC DATA — PIPELINE/CONSTRAINT VERIFICATION ONLY
2,JAI_r2_c3,JAI,26.8124,75.7873,1.694,-4.651,4.95,340.0,SYNTHETIC DATA — PIPELINE/CONSTRAINT VERIFICATION ONLY
2,JAI_r2_c4,JAI,26.8124,75.8873,1.591,-4.369,4.65,340.0,SYNTHETIC DATA — PIPELINE/CONSTRAINT VERIFICATION ONLY
2,JAI_r2_c5,JAI,26.8124,75.9873,1.488,-4.087,4.35,340.0,SYNTHETIC DATA — PIPELINE/CONSTRAINT VERIFICATION ONLY
2,JAI_r2_c6,JAI,26.8124,76.0873,1.386,-3.806,4.05,340.0,SYNTHETIC DATA — PIPELINE/CONSTRAINT VERIFICATION ONLY
2,JAI_r3_c0,JAI,26.9124,75.4873,2.309,-5.7,6.15,337.9,SYNTHETIC DATA — PIPELINE/CONSTRAINT VERIFICATION ONLY
2,JAI_r3_c1,JAI,26.9124,75.5873,2.196,-5.422,5.85,337.9,SYNTHETIC DATA — PIPELINE/CONSTRAINT VERIFICATION ONLY
2,JAI_r3_c2,JAI,26.9124,75.6873,2.084,-5.144,5.55,337.9,SYNTHETIC DATA — PIPELINE/CONSTRAINT VERIFICATION ONLY
2,JAI_r3_c3,JAI,26.9124,75.7873,1.971,-4.866,5.25,337.9,SYNTHETIC DATA — PIPELINE/CONSTRAINT VERIFICATION ONLY
2,JAI_r3_c4,JAI,26.9124,75.8873,1.858,-4.588,4.95,337.9,SYNTHETIC DATA — PIPELINE/CONSTRAINT VERIFICATION ONLY
2,JAI_r3_c5,JAI,26.9124,75.9873,1.746,-4.31,4.65,337.9,SYNTHETIC DATA — PIPELINE/CONSTRAINT VERIFICATION ONLY
2,JAI_r3_c6,JAI,26.9124,76.0873,1.633,-4.032,4.35,337.9,SYNTHETIC DATA — PIPELINE/CONSTRAINT VERIFICATION ONLY
2,JAI_r4_c0,JAI,27.0124,75.4873,2.955,-5.733,6.45,332.7,SYNTHETIC DATA — PIPELINE/CONSTRAINT VERIFICATION ONLY
2,JAI_r4_c1,JAI,27.0124,75.5873,2.818,-5.467,6.15,332.7,SYNTHETIC DATA — PIPELINE/CONSTRAINT VERIFICATION ONLY
2,JAI_r4_c2,JAI,27.0124,75.6873,2.68,-5.2,5.85,332.7,SYNTHETIC DATA — PIPELINE/CONSTRAINT VERIFICATION ONLY
2,JAI_r4_c3,JAI,27.0124,75.7873,2.543,-4.933,5.55,332.7,SYNTHETIC DATA — PIPELINE/CONSTRAINT VERIFICATION ONLY
2,JAI_r4_c4,JAI,27.0124,75.8873,2.405,-4.667,5.25,332.7,SYNTHETIC DATA — PIPELINE/CONSTRAINT VERIFICATION ONLY
2,JAI_r4_c5,JAI,27.0124,75.9873,2.268,-4.4,4.95,332.7,SYNTHETIC DATA — PIPELINE/CONSTRAINT VERIFICATION ONLY
2,JAI_r4_c6,JAI,27.0124,76.0873,2.13,-4.133,4.65,332.7,SYNTHETIC DATA — PIPELINE/CONSTRAINT VERIFICATION ONLY
2,JAI_r5_c0,JAI,27.1124,75.4873,3.811,-5.571,6.75,325.6,SYNTHETIC DATA — PIPELINE/CONSTRAINT VERIFICATION ONLY
2,JAI_r5_c1,JAI,27.1124,75.5873,3.642,-5.323,6.45,325.6,SYNTHETIC DATA — PIPELINE/CONSTRAINT VERIFICATION ONLY
2,JAI_r5_c2,JAI,27.1124,75.6873,3.472,-5.076,6.15,325.6,SYNTHETIC DATA — PIPELINE/CONSTRAINT VERIFICATION ONLY
2,JAI_r5_c3,JAI,27.1124,75.7873,3.303,-4.828,5.85,325.6,SYNTHETIC DATA — PIPELINE/CONSTRAINT VERIFICATION ONLY
2,JAI_r5_c4,JAI,27.1124,75.8873,3.134,-4.581,5.55,325.6,SYNTHETIC DATA — PIPELINE/CONSTRAINT VERIFICATION ONLY
2,JAI_r5_c5,JAI,27.1124,75.9873,2.964,-4.333,5.25,325.6,SYNTHETIC DATA — PIPELINE/CONSTRAINT VERIFICATION ONLY
2,JAI_r5_c6,JAI,27.1124,76.0873,2.795,-4.085,4.95,325.6,SYNTHETIC DATA — PIPELINE/CONSTRAINT VERIFICATION ONLY
2,JAI_r6_c0,JAI,27.2124,75.4873,4.684,-5.269,7.05,318.4,SYNTHETIC DATA — PIPELINE/CONSTRAINT VERIFICATION ONLY
2,JAI_r6_c1,JAI,27.2124,75.5873,4.485,-5.045,6.75,318.4,SYNTHETIC DATA — PIPELINE/CONSTRAINT VERIFICATION ONLY
2,JAI_r6_c2,JAI,27.2124,75.6873,4.286,-4.82,6.45,318.4,SYNTHETIC DATA — PIPELINE/CONSTRAINT VERIFICATION ONLY
2,JAI_r6_c3,JAI,27.2124,75.7873,4.086,-4.596,6.15,318.4,SYNTHETIC DATA — PIPELINE/CONSTRAINT VERIFICATION ONLY
2,JAI_r6_c4,JAI,27.2124,75.8873,3.887,-4.372,5.85,318.4,SYNTHETIC DATA — PIPELINE/CONSTRAINT VERIFICATION ONLY
2,JAI_r6_c5,JAI,27.2124,75.9873,3.688,-4.148,5.55,318.4,SYNTHETIC DATA — PIPELINE/CONSTRAINT VERIFICATION ONLY
2,JAI_r6_c6,JAI,27.2124,76.0873,3.488,-3.924,5.25,318.4,SYNTHETIC DATA — PIPELINE/CONSTRAINT VERIFICATION ONLY
2,AMD_r0_c0,AMD,22.7225,72.2714,5.106,-1.223,5.25,283.5,SYNTHETIC DATA — PIPELINE/CONSTRAINT VERIFICATION ONLY
2,AMD_r0_c1,AMD,22.7225,72.3714,4.814,-1.153,4.95,283.5,SYNTHETIC DATA — PIPELINE/CONSTRAINT VERIFICATION ONLY
2,AMD_r0_c2,AMD,22.7225,72.4714,4.522,-1.083,4.65,283.5,SYNTHETIC DATA — PIPELINE/CONSTRAINT VERIFICATION ONLY
2,AMD_r0_c3,AMD,22.7225,72.5714,4.23,-1.013,4.35,283.5,SYNTHETIC DATA — PIPELINE/CONSTRAINT VERIFICATION ONLY
2,AMD_r0_c4,AMD,22.7225,72.6714,3.939,-0.943,4.05,283.5,SYNTHETIC DATA — PIPELINE/CONSTRAINT VERIFICATION ONLY
2,AMD_r0_c5,AMD,22.7225,72.7714,3.647,-0.873,3.75,283.5,SYNTHETIC DATA — PIPELINE/CONSTRAINT VERIFICATION ONLY
2,AMD_r0_c6,AMD,22.7225,72.8714,3.355,-0.804,3.45,283.5,SYNTHETIC DATA — PIPELINE/CONSTRAINT VERIFICATION ONLY
2,AMD_r1_c0,AMD,22.8225,72.2714,5.267,-1.749,5.55,288.4,SYNTHETIC DATA — PIPELINE/CONSTRAINT VERIFICATION ONLY
2,AMD_r1_c1,AMD,22.8225,72.3714,4.983,-1.654,5.25,288.4,SYNTHETIC DATA — PIPELINE/CONSTRAINT VERIFICATION ONLY
2,AMD_r1_c2,AMD,22.8225,72.4714,4.698,-1.56,4.95,288.4,SYNTHETIC DATA — PIPELINE/CONSTRAINT VERIFICATION ONLY
2,AMD_r1_c3,AMD,22.8225,72.5714,4.413,-1.465,4.65,288.4,SYNTHETIC DATA — PIPELINE/CONSTRAINT VERIFICATION ONLY
2,AMD_r1_c4,AMD,22.8225,72.6714,4.128,-1.371,4.35,288.4,SYNTHETIC DATA — PIPELINE/CONSTRAINT VERIFICATION ONLY
2,AMD_r1_c5,AMD,22.8225,72.7714,3.844,-1.276,4.05,288.4,SYNTHETIC DATA — PIPELINE/CONSTRAINT VERIFICATION ONLY
2,AMD_r1_c6,AMD,22.8225,72.8714,3.559,-1.182,3.75,288.4,SYNTHETIC DATA — PIPELINE/CONSTRAINT VERIFICATION ONLY
2,AMD_r2_c0,AMD,22.9225,72.2714,5.497,-2.0,5.85,290.0,SYNTHETIC DATA — PIPELINE/CONSTRAINT VERIFICATION ONLY
2,AMD_r2_c1,AMD,22.9225,72.3714,5.216,-1.898,5.55,290.0,SYNTHETIC DATA — PIPELINE/CONSTRAINT VERIFICATION ONLY
2,AMD_r2_c2,AMD,22.9225,72.4714,4.934,-1.795,5.25,290.0,SYNTHETIC DATA — PIPELINE/CONSTRAINT VERIFICATION ONLY
2,AMD_r2_c3,AMD,22.9225,72.5714,4.652,-1.692,4.95,290.0,SYNTHETIC DATA — PIPELINE/CONSTRAINT VERIFICATION ONLY
2,AMD_r2_c4,AMD,22.9225,72.6714,4.37,-1.59,4.65,290.0,SYNTHETIC DATA — PIPELINE/CONSTRAINT VERIFICATION ONLY
2,AMD_r2_c5,AMD,22.9225,72.7714,4.088,-1.487,4.35,290.0,SYNTHETIC DATA — PIPELINE/CONSTRAINT VERIFICATION ONLY
2,AMD_r2_c6,AMD,22.9225,72.8714,3.806,-1.385,4.05,290.0,SYNTHETIC DATA — PIPELINE/CONSTRAINT VERIFICATION ONLY
2,AMD_r3_c0,AMD,23.0225,72.2714,5.851,-1.895,6.15,287.9,SYNTHETIC DATA — PIPELINE/CONSTRAINT VERIFICATION ONLY
2,AMD_r3_c1,AMD,23.0225,72.3714,5.565,-1.803,5.85,287.9,SYNTHETIC DATA — PIPELINE/CONSTRAINT VERIFICATION ONLY
2,AMD_r3_c2,AMD,23.0225,72.4714,5.28,-1.71,5.55,287.9,SYNTHETIC DATA — PIPELINE/CONSTRAINT VERIFICATION ONLY
2,AMD_r3_c3,AMD,23.0225,72.5714,4.995,-1.618,5.25,287.9,SYNTHETIC DATA — PIPELINE/CONSTRAINT VERIFICATION ONLY
2,AMD_r3_c4,AMD,23.0225,72.6714,4.709,-1.525,4.95,287.9,SYNTHETIC DATA — PIPELINE/CONSTRAINT VERIFICATION ONLY
2,AMD_r3_c5,AMD,23.0225,72.7714,4.424,-1.433,4.65,287.9,SYNTHETIC DATA — PIPELINE/CONSTRAINT VERIFICATION ONLY
2,AMD_r3_c6,AMD,23.0225,72.8714,4.138,-1.34,4.35,287.9,SYNTHETIC DATA — PIPELINE/CONSTRAINT VERIFICATION ONLY
2,AMD_r4_c0,AMD,23.1225,72.2714,6.291,-1.422,6.45,282.7,SYNTHETIC DATA — PIPELINE/CONSTRAINT VERIFICATION ONLY
2,AMD_r4_c1,AMD,23.1225,72.3714,5.999,-1.355,6.15,282.7,SYNTHETIC DATA — PIPELINE/CONSTRAINT VERIFICATION ONLY
2,AMD_r4_c2,AMD,23.1225,72.4714,5.706,-1.289,5.85,282.7,SYNTHETIC DATA — PIPELINE/CONSTRAINT VERIFICATION ONLY
2,AMD_r4_c3,AMD,23.1225,72.5714,5.414,-1.223,5.55,282.7,SYNTHETIC DATA — PIPELINE/CONSTRAINT VERIFICATION ONLY
2,AMD_r4_c4,AMD,23.1225,72.6714,5.121,-1.157,5.25,282.7,SYNTHETIC DATA — PIPELINE/CONSTRAINT VERIFICATION ONLY
2,AMD_r4_c5,AMD,23.1225,72.7714,4.828,-1.091,4.95,282.7,SYNTHETIC DATA — PIPELINE/CONSTRAINT VERIFICATION ONLY
2,AMD_r4_c6,AMD,23.1225,72.8714,4.536,-1.025,4.65,282.7,SYNTHETIC DATA — PIPELINE/CONSTRAINT VERIFICATION ONLY
2,AMD_r5_c0,AMD,23.2225,72.2714,6.718,-0.661,6.75,275.6,SYNTHETIC DATA — PIPELINE/CONSTRAINT VERIFICATION ONLY
2,AMD_r5_c1,AMD,23.2225,72.3714,6.419,-0.632,6.45,275.6,SYNTHETIC DATA — PIPELINE/CONSTRAINT VERIFICATION ONLY
2,AMD_r5_c2,AMD,23.2225,72.4714,6.12,-0.603,6.15,275.6,SYNTHETIC DATA — PIPELINE/CONSTRAINT VERIFICATION ONLY
2,AMD_r5_c3,AMD,23.2225,72.5714,5.822,-0.573,5.85,275.6,SYNTHETIC DATA — PIPELINE/CONSTRAINT VERIFICATION ONLY
2,AMD_r5_c4,AMD,23.2225,72.6714,5.523,-0.544,5.55,275.6,SYNTHETIC DATA — PIPELINE/CONSTRAINT VERIFICATION ONLY
2,AMD_r5_c5,AMD,23.2225,72.7714,5.225,-0.514,5.25,275.6,SYNTHETIC DATA — PIPELINE/CONSTRAINT VERIFICATION ONLY
2,AMD_r5_c6,AMD,23.2225,72.8714,4.926,-0.485,4.95,275.6,SYNTHETIC DATA — PIPELINE/CONSTRAINT VERIFICATION ONLY
2,AMD_r6_c0,AMD,23.3225,72.2714,7.047,0.201,7.05,268.4,SYNTHETIC DATA — PIPELINE/CONSTRAINT VERIFICATION ONLY
2,AMD_r6_c1,AMD,23.3225,72.3714,6.747,0.193,6.75,268.4,SYNTHETIC DATA — PIPELINE/CONSTRAINT VERIFICATION ONLY
2,AMD_r6_c2,AMD,23.3225,72.4714,6.447,0.184,6.45,268.4,SYNTHETIC DATA — PIPELINE/CONSTRAINT VERIFICATION ONLY
2,AMD_r6_c3,AMD,23.3225,72.5714,6.147,0.176,6.15,268.4,SYNTHETIC DATA — PIPELINE/CONSTRAINT VERIFICATION ONLY
2,AMD_r6_c4,AMD,23.3225,72.6714,5.848,0.167,5.85,268.4,SYNTHETIC DATA — PIPELINE/CONSTRAINT VERIFICATION ONLY
2,AMD_r6_c5,AMD,23.3225,72.7714,5.548,0.159,5.55,268.4,SYNTHETIC DATA — PIPELINE/CONSTRAINT VERIFICATION ONLY
2,AMD_r6_c6,AMD,23.3225,72.8714,5.248,0.15,5.25,268.4,SYNTHETIC DATA — PIPELINE/CONSTRAINT VERIFICATION ONLY
2,CCU_r0_c0,CCU,22.2726,88.0639,4.219,3.125,5.25,233.5,SYNTHETIC DATA — PIPELINE/CONSTRAINT VERIFICATION ONLY
2,CCU_r0_c1,CCU,22.2726,88.1639,3.978,2.946,4.95,233.5,SYNTHETIC DATA — PIPELINE/CONSTRAINT VERIFICATION ONLY
2,CCU_r0_c2,CCU,22.2726,88.2639,3.736,2.768,4.65,233.5,SYNTHETIC DATA — PIPELINE/CONSTRAINT VERIFICATION ONLY
2,CCU_r0_c3,CCU,22.2726,88.3639,3.495,2.589,4.35,233.5,SYNTHETIC DATA — PIPELINE/CONSTRAINT VERIFICATION ONLY
2,CCU_r0_c4,CCU,22.2726,88.4639,3.254,2.411,4.05,233.5,SYNTHETIC DATA — PIPELINE/CONSTRAINT VERIFICATION ONLY
2,CCU_r0_c5,CCU,22.2726,88.5639,3.013,2.232,3.75,233.5,SYNTHETIC DATA — PIPELINE/CONSTRAINT VERIFICATION ONLY
2,CCU_r0_c6,CCU,22.2726,88.6639,2.772,2.054,3.45,233.5,SYNTHETIC DATA — PIPELINE/CONSTRAINT VERIFICATION ONLY
2,CCU_r1_c0,CCU,22.3726,88.0639,4.725,2.911,5.55,238.4,SYNTHETIC DATA — PIPELINE/CONSTRAINT VERIFICATION ONLY
2,CCU_r1_c1,CCU,22.3726,88.1639,4.47,2.753,5.25,238.4,SYNTHETIC DATA — PIPELINE/CONSTRAINT VERIFICATION ONLY
2,CCU_r1_c2,CCU,22.3726,88.2639,4.215,2.596,4.95,238.4,SYNTHETIC DATA — PIPELINE/CONSTRAINT VERIFICATION ONLY
2,CCU_r1_c3,CCU,22.3726,88.3639,3.959,2.439,4.65,238.4,SYNTHETIC DATA — PIPELINE/CONSTRAINT VERIFICATION ONLY
2,CCU_r1_c4,CCU,22.3726,88.4639,3.704,2.281,4.35,238.4,SYNTHETIC DATA — PIPELINE/CONSTRAINT VERIFICATION ONLY
2,CCU_r1_c5,CCU,22.3726,88.5639,3.448,2.124,4.05,238.4,SYNTHETIC DATA — PIPELINE/CONSTRAINT VERIFICATION ONLY
2,CCU_r1_c6,CCU,22.3726,88.6639,3.193,1.967,3.75,238.4,SYNTHETIC DATA — PIPELINE/CONSTRAINT VERIFICATION ONLY
2,CCU_r2_c0,CCU,22.4726,88.0639,5.066,2.926,5.85,240.0,SYNTHETIC DATA — PIPELINE/CONSTRAINT VERIFICATION ONLY
2,CCU_r2_c1,CCU,22.4726,88.1639,4.806,2.776,5.55,240.0,SYNTHETIC DATA — PIPELINE/CONSTRAINT VERIFICATION ONLY
2,CCU_r2_c2,CCU,22.4726,88.2639,4.546,2.626,5.25,240.0,SYNTHETIC DATA — PIPELINE/CONSTRAINT VERIFICATION ONLY
2,CCU_r2_c3,CCU,22.4726,88.3639,4.287,2.475,4.95,240.0,SYNTHETIC DATA — PIPELINE/CONSTRAINT VERIFICATION ONLY
2,CCU_r2_c4,CCU,22.4726,88.4639,4.027,2.325,4.65,240.0,SYNTHETIC DATA — PIPELINE/CONSTRAINT VERIFICATION ONLY
2,CCU_r2_c5,CCU,22.4726,88.5639,3.767,2.175,4.35,240.0,SYNTHETIC DATA — PIPELINE/CONSTRAINT VERIFICATION ONLY
2,CCU_r2_c6,CCU,22.4726,88.6639,3.507,2.025,4.05,240.0,SYNTHETIC DATA — PIPELINE/CONSTRAINT VERIFICATION ONLY
2,CCU_r3_c0,CCU,22.5726,88.0639,5.213,3.264,6.15,237.9,SYNTHETIC DATA — PIPELINE/CONSTRAINT VERIFICATION ONLY
2,CCU_r3_c1,CCU,22.5726,88.1639,4.958,3.105,5.85,237.9,SYNTHETIC DATA — PIPELINE/CONSTRAINT VERIFICATION ONLY
2,CCU_r3_c2,CCU,22.5726,88.2639,4.704,2.945,5.55,237.9,SYNTHETIC DATA — PIPELINE/CONSTRAINT VERIFICATION ONLY
2,CCU_r3_c3,CCU,22.5726,88.3639,4.45,2.786,5.25,237.9,SYNTHETIC DATA — PIPELINE/CONSTRAINT VERIFICATION ONLY
2,CCU_r3_c4,CCU,22.5726,88.4639,4.195,2.627,4.95,237.9,SYNTHETIC DATA — PIPELINE/CONSTRAINT VERIFICATION ONLY
2,CCU_r3_c5,CCU,22.5726,88.5639,3.941,2.468,4.65,237.9,SYNTHETIC DATA — PIPELINE/CONSTRAINT VERIFICATION ONLY
2,CCU_r3_c6,CCU,22.5726,88.6639,3.687,2.308,4.35,237.9,SYNTHETIC DATA — PIPELINE/CONSTRAINT VERIFICATION ONLY
2,CCU_r4_c0,CCU,22.6726,88.0639,5.133,3.906,6.45,232.7,SYNTHETIC DATA — PIPELINE/CONSTRAINT VERIFICATION ONLY
2,CCU_r4_c1,CCU,22.6726,88.1639,4.894,3.724,6.15,232.7,SYNTHETIC DATA — PIPELINE/CONSTRAINT VERIFICATION ONLY
2,CCU_r4_c2,CCU,22.6726,88.2639,4.656,3.542,5.85,232.7,SYNTHETIC DATA — PIPELINE/CONSTRAINT VERIFICATION ONLY
2,CCU_r4_c3,CCU,22.6726,88.3639,4.417,3.361,5.55,232.7,SYNTHETIC DATA — PIPELINE/CONSTRAINT VERIFICATION ONLY
2,CCU_r4_c4,CCU,22.6726,88.4639,4.178,3.179,5.25,232.7,SYNTHETIC DATA — PIPELINE/CONSTRAINT VERIFICATION ONLY
2,CCU_r4_c5,CCU,22.6726,88.5639,3.939,2.997,4.95,232.7,SYNTHETIC DATA — PIPELINE/CONSTRAINT VERIFICATION ONLY
2,CCU_r4_c6,CCU,22.6726,88.6639,3.701,2.816,4.65,232.7,SYNTHETIC DATA — PIPELINE/CONSTRAINT VERIFICATION ONLY
2,CCU_r5_c0,CCU,22.7726,88.0639,4.825,4.721,6.75,225.6,SYNTHETIC DATA — PIPELINE/CONSTRAINT VERIFICATION ONLY
2,CCU_r5_c1,CCU,22.7726,88.1639,4.61,4.511,6.45,225.6,SYNTHETIC DATA — PIPELINE/CONSTRAINT VERIFICATION ONLY
2,CCU_r5_c2,CCU,22.7726,88.2639,4.396,4.301,6.15,225.6,SYNTHETIC DATA — PIPELINE/CONSTRAINT VERIFICATION ONLY
2,CCU_r5_c3,CCU,22.7726,88.3639,4.181,4.091,5.85,225.6,SYNTHETIC DATA — PIPELINE/CONSTRAINT VERIFICATION ONLY
2,CCU_r5_c4,CCU,22.7726,88.4639,3.967,3.881,5.55,225.6,SYNTHETIC DATA — PIPELINE/CONSTRAINT VERIFICATION ONLY
2,CCU_r5_c5,CCU,22.7726,88.5639,3.753,3.672,5.25,225.6,SYNTHETIC DATA — PIPELINE/CONSTRAINT VERIFICATION ONLY
2,CCU_r5_c6,CCU,22.7726,88.6639,3.538,3.462,4.95,225.6,SYNTHETIC DATA — PIPELINE/CONSTRAINT VERIFICATION ONLY
2,CCU_r6_c0,CCU,22.8726,88.0639,4.375,5.528,7.05,218.4,SYNTHETIC DATA — PIPELINE/CONSTRAINT VERIFICATION ONLY
2,CCU_r6_c1,CCU,22.8726,88.1639,4.189,5.293,6.75,218.4,SYNTHETIC DATA — PIPELINE/CONSTRAINT VERIFICATION ONLY
2,CCU_r6_c2,CCU,22.8726,88.2639,4.003,5.057,6.45,218.4,SYNTHETIC DATA — PIPELINE/CONSTRAINT VERIFICATION ONLY
2,CCU_r6_c3,CCU,22.8726,88.3639,3.817,4.822,6.15,218.4,SYNTHETIC DATA — PIPELINE/CONSTRAINT VERIFICATION ONLY
2,CCU_r6_c4,CCU,22.8726,88.4639,3.631,4.587,5.85,218.4,SYNTHETIC DATA — PIPELINE/CONSTRAINT VERIFICATION ONLY
2,CCU_r6_c5,CCU,22.8726,88.5639,3.444,4.352,5.55,218.4,SYNTHETIC DATA — PIPELINE/CONSTRAINT VERIFICATION ONLY
2,CCU_r6_c6,CCU,22.8726,88.6639,3.258,4.117,5.25,218.4,SYNTHETIC DATA — PIPELINE/CONSTRAINT VERIFICATION ONLY
2,HYD_r0_c0,HYD,17.085,78.1867,5.033,1.494,5.25,253.5,SYNTHETIC DATA — PIPELINE/CONSTRAINT VERIFICATION ONLY
2,HYD_r0_c1,HYD,17.085,78.2867,4.745,1.408,4.95,253.5,SYNTHETIC DATA — PIPELINE/CONSTRAINT VERIFICATION ONLY
2,HYD_r0_c2,HYD,17.085,78.3867,4.458,1.323,4.65,253.5,SYNTHETIC DATA — PIPELINE/CONSTRAINT VERIFICATION ONLY
2,HYD_r0_c3,HYD,17.085,78.4867,4.17,1.238,4.35,253.5,SYNTHETIC DATA — PIPELINE/CONSTRAINT VERIFICATION ONLY
2,HYD_r0_c4,HYD,17.085,78.5867,3.883,1.152,4.05,253.5,SYNTHETIC DATA — PIPELINE/CONSTRAINT VERIFICATION ONLY
2,HYD_r0_c5,HYD,17.085,78.6867,3.595,1.067,3.75,253.5,SYNTHETIC DATA — PIPELINE/CONSTRAINT VERIFICATION ONLY
2,HYD_r0_c6,HYD,17.085,78.7867,3.307,0.982,3.45,253.5,SYNTHETIC DATA — PIPELINE/CONSTRAINT VERIFICATION ONLY
2,HYD_r1_c0,HYD,17.185,78.1867,5.436,1.119,5.55,258.4,SYNTHETIC DATA — PIPELINE/CONSTRAINT VERIFICATION ONLY
2,HYD_r1_c1,HYD,17.185,78.2867,5.142,1.059,5.25,258.4,SYNTHETIC DATA — PIPELINE/CONSTRAINT VERIFICATION ONLY
2,HYD_r1_c2,HYD,17.185,78.3867,4.848,0.998,4.95,258.4,SYNTHETIC DATA — PIPELINE/CONSTRAINT VERIFICATION ONLY
2,HYD_r1_c3,HYD,17.185,78.4867,4.555,0.938,4.65,258.4,SYNTHETIC DATA — PIPELINE/CONSTRAINT VERIFICATION ONLY
2,HYD_r1_c4,HYD,17.185,78.5867,4.261,0.877,4.35,258.4,SYNTHETIC DATA — PIPELINE/CONSTRAINT VERIFICATION ONLY
2,HYD_r1_c5,HYD,17.185,78.6867,3.967,0.817,4.05,258.4,SYNTHETIC DATA — PIPELINE/CONSTRAINT VERIFICATION ONLY
2,HYD_r1_c6,HYD,17.185,78.7867,3.673,0.756,3.75,258.4,SYNTHETIC DATA — PIPELINE/CONSTRAINT VERIFICATION ONLY
2,HYD_r2_c0,HYD,17.285,78.1867,5.761,1.016,5.85,260.0,SYNTHETIC DATA — PIPELINE/CONSTRAINT VERIFICATION ONLY
2,HYD_r2_c1,HYD,17.285,78.2867,5.466,0.964,5.55,260.0,SYNTHETIC DATA — PIPELINE/CONSTRAINT VERIFICATION ONLY
2,HYD_r2_c2,HYD,17.285,78.3867,5.17,0.912,5.25,260.0,SYNTHETIC DATA — PIPELINE/CONSTRAINT VERIFICATION ONLY
2,HYD_r2_c3,HYD,17.285,78.4867,4.875,0.86,4.95,260.0,SYNTHETIC DATA — PIPELINE/CONSTRAINT VERIFICATION ONLY
2,HYD_r2_c4,HYD,17.285,78.5867,4.579,0.808,4.65,260.0,SYNTHETIC DATA — PIPELINE/CONSTRAINT VERIFICATION ONLY
2,HYD_r2_c5,HYD,17.285,78.6867,4.284,0.756,4.35,260.0,SYNTHETIC DATA — PIPELINE/CONSTRAINT VERIFICATION ONLY
2,HYD_r2_c6,HYD,17.285,78.7867,3.988,0.704,4.05,260.0,SYNTHETIC DATA — PIPELINE/CONSTRAINT VERIFICATION ONLY
2,HYD_r3_c0,HYD,17.385,78.1867,6.014,1.284,6.15,257.9,SYNTHETIC DATA — PIPELINE/CONSTRAINT VERIFICATION ONLY
2,HYD_r3_c1,HYD,17.385,78.2867,5.721,1.221,5.85,257.9,SYNTHETIC DATA — PIPELINE/CONSTRAINT VERIFICATION ONLY
2,HYD_r3_c2,HYD,17.385,78.3867,5.428,1.159,5.55,257.9,SYNTHETIC DATA — PIPELINE/CONSTRAINT VERIFICATION ONLY
2,HYD_r3_c3,HYD,17.385,78.4867,5.134,1.096,5.25,257.9,SYNTHETIC DATA — PIPELINE/CONSTRAINT VERIFICATION ONLY
2,HYD_r3_c4,HYD,17.385,78.5867,4.841,1.034,4.95,257.9,SYNTHETIC DATA — PIPELINE/CONSTRAINT VERIFICATION ONLY
2,HYD_r3_c5,HYD,17.385,78.6867,4.548,0.971,4.65,257.9,SYNTHETIC DATA — PIPELINE/CONSTRAINT VERIFICATION ONLY
2,HYD_r3_c6,HYD,17.385,78.7867,4.254,0.908,4.35,257.9,SYNTHETIC DATA — PIPELINE/CONSTRAINT VERIFICATION ONLY
2,HYD_r4_c0,HYD,17.485,78.1867,6.159,1.915,6.45,252.7,SYNTHETIC DATA — PIPELINE/CONSTRAINT VERIFICATION ONLY
2,HYD_r4_c1,HYD,17.485,78.2867,5.873,1.826,6.15,252.7,SYNTHETIC DATA — PIPELINE/CONSTRAINT VERIFICATION ONLY
2,HYD_r4_c2,HYD,17.485,78.3867,5.586,1.736,5.85,252.7,SYNTHETIC DATA — PIPELINE/CONSTRAINT VERIFICATION ONLY
2,HYD_r4_c3,HYD,17.485,78.4867,5.3,1.647,5.55,252.7,SYNTHETIC DATA — PIPELINE/CONSTRAINT VERIFICATION ONLY
2,HYD_r4_c4,HYD,17.485,78.5867,5.013,1.558,5.25,252.7,SYNTHETIC DATA — PIPELINE/CONSTRAINT VERIFICATION ONLY
2,HYD_r4_c5,HYD,17.485,78.6867,4.727,1.469,4.95,252.7,SYNTHETIC DATA — PIPELINE/CONSTRAINT VERIFICATION ONLY
2,HYD_r4_c6,HYD,17.485,78.7867,4.44,1.38,4.65,252.7,SYNTHETIC DATA — PIPELINE/CONSTRAINT VERIFICATION ONLY
2,HYD_r5_c0,HYD,17.585,78.1867,6.148,2.786,6.75,245.6,SYNTHETIC DATA — PIPELINE/CONSTRAINT VERIFICATION ONLY
2,HYD_r5_c1,HYD,17.585,78.2867,5.875,2.662,6.45,245.6,SYNTHETIC DATA — PIPELINE/CONSTRAINT VERIFICATION ONLY
2,HYD_r5_c2,HYD,17.585,78.3867,5.602,2.538,6.15,245.6,SYNTHETIC DATA — PIPELINE/CONSTRAINT VERIFICATION ONLY
2,HYD_r5_c3,HYD,17.585,78.4867,5.328,2.414,5.85,245.6,SYNTHETIC DATA — PIPELINE/CONSTRAINT VERIFICATION ONLY
2,HYD_r5_c4,HYD,17.585,78.5867,5.055,2.291,5.55,245.6,SYNTHETIC DATA — PIPELINE/CONSTRAINT VERIFICATION ONLY
2,HYD_r5_c5,HYD,17.585,78.6867,4.782,2.167,5.25,245.6,SYNTHETIC DATA — PIPELINE/CONSTRAINT VERIFICATION ONLY
2,HYD_r5_c6,HYD,17.585,78.7867,4.509,2.043,4.95,245.6,SYNTHETIC DATA — PIPELINE/CONSTRAINT VERIFICATION ONLY
2,HYD_r6_c0,HYD,17.685,78.1867,6.002,3.698,7.05,238.4,SYNTHETIC DATA — PIPELINE/CONSTRAINT VERIFICATION ONLY
2,HYD_r6_c1,HYD,17.685,78.2867,5.747,3.541,6.75,238.4,SYNTHETIC DATA — PIPELINE/CONSTRAINT VERIFICATION ONLY
2,HYD_r6_c2,HYD,17.685,78.3867,5.491,3.383,6.45,238.4,SYNTHETIC DATA — PIPELINE/CONSTRAINT VERIFICATION ONLY
2,HYD_r6_c3,HYD,17.685,78.4867,5.236,3.226,6.15,238.4,SYNTHETIC DATA — PIPELINE/CONSTRAINT VERIFICATION ONLY
2,HYD_r6_c4,HYD,17.685,78.5867,4.981,3.069,5.85,238.4,SYNTHETIC DATA — PIPELINE/CONSTRAINT VERIFICATION ONLY
2,HYD_r6_c5,HYD,17.685,78.6867,4.725,2.911,5.55,238.4,SYNTHETIC DATA — PIPELINE/CONSTRAINT VERIFICATION ONLY
2,HYD_r6_c6,HYD,17.685,78.7867,4.47,2.754,5.25,238.4,SYNTHETIC DATA — PIPELINE/CONSTRAINT VERIFICATION ONLY
2,BLR_r0_c0,BLR,12.6716,77.2946,5.216,0.597,5.25,263.5,SYNTHETIC DATA — PIPELINE/CONSTRAINT VERIFICATION ONLY
2,BLR_r0_c1,BLR,12.6716,77.3946,4.918,0.563,4.95,263.5,SYNTHETIC DATA — PIPELINE/CONSTRAINT VERIFICATION ONLY
2,BLR_r0_c2,BLR,12.6716,77.4946,4.62,0.529,4.65,263.5,SYNTHETIC DATA — PIPELINE/CONSTRAINT VERIFICATION ONLY
2,BLR_r0_c3,BLR,12.6716,77.5946,4.322,0.495,4.35,263.5,SYNTHETIC DATA — PIPELINE/CONSTRAINT VERIFICATION ONLY
2,BLR_r0_c4,BLR,12.6716,77.6946,4.024,0.461,4.05,263.5,SYNTHETIC DATA — PIPELINE/CONSTRAINT VERIFICATION ONLY
2,BLR_r0_c5,BLR,12.6716,77.7946,3.726,0.426,3.75,263.5,SYNTHETIC DATA — PIPELINE/CONSTRAINT VERIFICATION ONLY
2,BLR_r0_c6,BLR,12.6716,77.8946,3.428,0.392,3.45,263.5,SYNTHETIC DATA — PIPELINE/CONSTRAINT VERIFICATION ONLY
2,BLR_r1_c0,BLR,12.7716,77.2946,5.548,0.158,5.55,268.4,SYNTHETIC DATA — PIPELINE/CONSTRAINT VERIFICATION ONLY
2,BLR_r1_c1,BLR,12.7716,77.3946,5.248,0.15,5.25,268.4,SYNTHETIC DATA — PIPELINE/CONSTRAINT VERIFICATION ONLY
2,BLR_r1_c2,BLR,12.7716,77.4946,4.948,0.141,4.95,268.4,SYNTHETIC DATA — PIPELINE/CONSTRAINT VERIFICATION ONLY
2,BLR_r1_c3,BLR,12.7716,77.5946,4.648,0.132,4.65,268.4,SYNTHETIC DATA — PIPELINE/CONSTRAINT VERIFICATION ONLY
2,BLR_r1_c4,BLR,12.7716,77.6946,4.348,0.124,4.35,268.4,SYNTHETIC DATA — PIPELINE/CONSTRAINT VERIFICATION ONLY
2,BLR_r1_c5,BLR,12.7716,77.7946,4.048,0.115,4.05,268.4,SYNTHETIC DATA — PIPELINE/CONSTRAINT VERIFICATION ONLY
2,BLR_r1_c6,BLR,12.7716,77.8946,3.748,0.107,3.75,268.4,SYNTHETIC DATA — PIPELINE/CONSTRAINT VERIFICATION ONLY
2,BLR_r2_c0,BLR,12.8716,77.2946,5.85,0.001,5.85,270.0,SYNTHETIC DATA — PIPELINE/CONSTRAINT VERIFICATION ONLY
2,BLR_r2_c1,BLR,12.8716,77.3946,5.55,0.001,5.55,270.0,SYNTHETIC DATA — PIPELINE/CONSTRAINT VERIFICATION ONLY
2,BLR_r2_c2,BLR,12.8716,77.4946,5.25,0.001,5.25,270.0,SYNTHETIC DATA — PIPELINE/CONSTRAINT VERIFICATION ONLY
2,BLR_r2_c3,BLR,12.8716,77.5946,4.95,0.001,4.95,270.0,SYNTHETIC DATA — PIPELINE/CONSTRAINT VERIFICATION ONLY
2,BLR_r2_c4,BLR,12.8716,77.6946,4.65,0.001,4.65,270.0,SYNTHETIC DATA — PIPELINE/CONSTRAINT VERIFICATION ONLY
2,BLR_r2_c5,BLR,12.8716,77.7946,4.35,0.0,4.35,270.0,SYNTHETIC DATA — PIPELINE/CONSTRAINT VERIFICATION ONLY
2,BLR_r2_c6,BLR,12.8716,77.8946,4.05,0.0,4.05,270.0,SYNTHETIC DATA — PIPELINE/CONSTRAINT VERIFICATION ONLY
2,BLR_r3_c0,BLR,12.9716,77.2946,6.146,0.22,6.15,267.9,SYNTHETIC DATA — PIPELINE/CONSTRAINT VERIFICATION ONLY
2,BLR_r3_c1,BLR,12.9716,77.3946,5.846,0.209,5.85,267.9,SYNTHETIC DATA — PIPELINE/CONSTRAINT VERIFICATION ONLY
2,BLR_r3_c2,BLR,12.9716,77.4946,5.546,0.199,5.55,267.9,SYNTHETIC DATA — PIPELINE/CONSTRAINT VERIFICATION ONLY
2,BLR_r3_c3,BLR,12.9716,77.5946,5.247,0.188,5.25,267.9,SYNTHETIC DATA — PIPELINE/CONSTRAINT VERIFICATION ONLY
2,BLR_r3_c4,BLR,12.9716,77.6946,4.947,0.177,4.95,267.9,SYNTHETIC DATA — PIPELINE/CONSTRAINT VERIFICATION ONLY
2,BLR_r3_c5,BLR,12.9716,77.7946,4.647,0.166,4.65,267.9,SYNTHETIC DATA — PIPELINE/CONSTRAINT VERIFICATION ONLY
2,BLR_r3_c6,BLR,12.9716,77.8946,4.347,0.156,4.35,267.9,SYNTHETIC DATA — PIPELINE/CONSTRAINT VERIFICATION ONLY
2,BLR_r4_c0,BLR,13.0716,77.2946,6.398,0.816,6.45,262.7,SYNTHETIC DATA — PIPELINE/CONSTRAINT VERIFICATION ONLY
2,BLR_r4_c1,BLR,13.0716,77.3946,6.101,0.778,6.15,262.7,SYNTHETIC DATA — PIPELINE/CONSTRAINT VERIFICATION ONLY
2,BLR_r4_c2,BLR,13.0716,77.4946,5.803,0.74,5.85,262.7,SYNTHETIC DATA — PIPELINE/CONSTRAINT VERIFICATION ONLY
2,BLR_r4_c3,BLR,13.0716,77.5946,5.505,0.702,5.55,262.7,SYNTHETIC DATA — PIPELINE/CONSTRAINT VERIFICATION ONLY
2,BLR_r4_c4,BLR,13.0716,77.6946,5.208,0.664,5.25,262.7,SYNTHETIC DATA — PIPELINE/CONSTRAINT VERIFICATION ONLY
2,BLR_r4_c5,BLR,13.0716,77.7946,4.91,0.626,4.95,262.7,SYNTHETIC DATA — PIPELINE/CONSTRAINT VERIFICATION ONLY
2,BLR_r4_c6,BLR,13.0716,77.8946,4.613,0.588,4.65,262.7,SYNTHETIC DATA — PIPELINE/CONSTRAINT VERIFICATION ONLY
2,BLR_r5_c0,BLR,13.1716,77.2946,6.539,1.676,6.75,255.6,SYNTHETIC DATA — PIPELINE/CONSTRAINT VERIFICATION ONLY
2,BLR_r5_c1,BLR,13.1716,77.3946,6.248,1.601,6.45,255.6,SYNTHETIC DATA — PIPELINE/CONSTRAINT VERIFICATION ONLY
2,BLR_r5_c2,BLR,13.1716,77.4946,5.957,1.527,6.15,255.6,SYNTHETIC DATA — PIPELINE/CONSTRAINT VERIFICATION ONLY
2,BLR_r5_c3,BLR,13.1716,77.5946,5.667,1.452,5.85,255.6,SYNTHETIC DATA — PIPELINE/CONSTRAINT VERIFICATION ONLY
2,BLR_r5_c4,BLR,13.1716,77.6946,5.376,1.378,5.55,255.6,SYNTHETIC DATA — PIPELINE/CONSTRAINT VERIFICATION ONLY
2,BLR_r5_c5,BLR,13.1716,77.7946,5.086,1.304,5.25,255.6,SYNTHETIC DATA — PIPELINE/CONSTRAINT VERIFICATION ONLY
2,BLR_r5_c6,BLR,13.1716,77.8946,4.795,1.229,4.95,255.6,SYNTHETIC DATA — PIPELINE/CONSTRAINT VERIFICATION ONLY
2,BLR_r6_c0,BLR,13.2716,77.2946,6.553,2.6,7.05,248.4,SYNTHETIC DATA — PIPELINE/CONSTRAINT VERIFICATION ONLY
2,BLR_r6_c1,BLR,13.2716,77.3946,6.274,2.489,6.75,248.4,SYNTHETIC DATA — PIPELINE/CONSTRAINT VERIFICATION ONLY
2,BLR_r6_c2,BLR,13.2716,77.4946,5.995,2.378,6.45,248.4,SYNTHETIC DATA — PIPELINE/CONSTRAINT VERIFICATION ONLY
2,BLR_r6_c3,BLR,13.2716,77.5946,5.717,2.268,6.15,248.4,SYNTHETIC DATA — PIPELINE/CONSTRAINT VERIFICATION ONLY
2,BLR_r6_c4,BLR,13.2716,77.6946,5.438,2.157,5.85,248.4,SYNTHETIC DATA — PIPELINE/CONSTRAINT VERIFICATION ONLY
2,BLR_r6_c5,BLR,13.2716,77.7946,5.159,2.046,5.55,248.4,SYNTHETIC DATA — PIPELINE/CONSTRAINT VERIFICATION ONLY
2,BLR_r6_c6,BLR,13.2716,77.8946,4.88,1.936,5.25,248.4,SYNTHETIC DATA — PIPELINE/CONSTRAINT VERIFICATION ONLY
2,MAA_r0_c0,MAA,12.7827,79.9707,-4.379,2.895,5.25,123.5,SYNTHETIC DATA — PIPELINE/CONSTRAINT VERIFICATION ONLY
2,MAA_r0_c1,MAA,12.7827,80.0707,-4.129,2.73,4.95,123.5,SYNTHETIC DATA — PIPELINE/CONSTRAINT VERIFICATION ONLY
2,MAA_r0_c2,MAA,12.7827,80.1707,-3.879,2.564,4.65,123.5,SYNTHETIC DATA — PIPELINE/CONSTRAINT VERIFICATION ONLY
2,MAA_r0_c3,MAA,12.7827,80.2707,-3.629,2.399,4.35,123.5,SYNTHETIC DATA — PIPELINE/CONSTRAINT VERIFICATION ONLY
2,MAA_r0_c4,MAA,12.7827,80.3707,-3.378,2.234,4.05,123.5,SYNTHETIC DATA — PIPELINE/CONSTRAINT VERIFICATION ONLY
2,MAA_r0_c5,MAA,12.7827,80.4707,-3.128,2.068,3.75,123.5,SYNTHETIC DATA — PIPELINE/CONSTRAINT VERIFICATION ONLY
2,MAA_r0_c6,MAA,12.7827,80.5707,-2.878,1.903,3.45,123.5,SYNTHETIC DATA — PIPELINE/CONSTRAINT VERIFICATION ONLY
2,MAA_r1_c0,MAA,12.8827,79.9707,-4.351,3.445,5.55,128.4,SYNTHETIC DATA — PIPELINE/CONSTRAINT VERIFICATION ONLY
2,MAA_r1_c1,MAA,12.8827,80.0707,-4.116,3.259,5.25,128.4,SYNTHETIC DATA — PIPELINE/CONSTRAINT VERIFICATION ONLY
2,MAA_r1_c2,MAA,12.8827,80.1707,-3.881,3.073,4.95,128.4,SYNTHETIC DATA — PIPELINE/CONSTRAINT VERIFICATION ONLY
2,MAA_r1_c3,MAA,12.8827,80.2707,-3.646,2.886,4.65,128.4,SYNTHETIC DATA — PIPELINE/CONSTRAINT VERIFICATION ONLY
2,MAA_r1_c4,MAA,12.8827,80.3707,-3.411,2.7,4.35,128.4,SYNTHETIC DATA — PIPELINE/CONSTRAINT VERIFICATION ONLY
2,MAA_r1_c5,MAA,12.8827,80.4707,-3.175,2.514,4.05,128.4,SYNTHETIC DATA — PIPELINE/CONSTRAINT VERIFICATION ONLY
2,MAA_r1_c6,MAA,12.8827,80.5707,-2.94,2.328,3.75,128.4,SYNTHETIC DATA — PIPELINE/CONSTRAINT VERIFICATION ONLY
2,MAA_r2_c0,MAA,12.9827,79.9707,-4.482,3.76,5.85,130.0,SYNTHETIC DATA — PIPELINE/CONSTRAINT VERIFICATION ONLY
2,MAA_r2_c1,MAA,12.9827,80.0707,-4.252,3.567,5.55,130.0,SYNTHETIC DATA — PIPELINE/CONSTRAINT VERIFICATION ONLY
2,MAA_r2_c2,MAA,12.9827,80.1707,-4.022,3.374,5.25,130.0,SYNTHETIC DATA — PIPELINE/CONSTRAINT VERIFICATION ONLY
2,MAA_r2_c3,MAA,12.9827,80.2707,-3.792,3.181,4.95,130.0,SYNTHETIC DATA — PIPELINE/CONSTRAINT VERIFICATION ONLY
2,MAA_r2_c4,MAA,12.9827,80.3707,-3.562,2.989,4.65,130.0,SYNTHETIC DATA — PIPELINE/CONSTRAINT VERIFICATION ONLY
2,MAA_r2_c5,MAA,12.9827,80.4707,-3.333,2.796,4.35,130.0,SYNTHETIC DATA — PIPELINE/CONSTRAINT VERIFICATION ONLY
2,MAA_r2_c6,MAA,12.9827,80.5707,-3.103,2.603,4.05,130.0,SYNTHETIC DATA — PIPELINE/CONSTRAINT VERIFICATION ONLY
2,MAA_r3_c0,MAA,13.0827,79.9707,-4.85,3.782,6.15,127.9,SYNTHETIC DATA — PIPELINE/CONSTRAINT VERIFICATION ONLY
2,MAA_r3_c1,MAA,13.0827,80.0707,-4.613,3.597,5.85,127.9,SYNTHETIC DATA — PIPELINE/CONSTRAINT VERIFICATION ONLY
2,MAA_r3_c2,MAA,13.0827,80.1707,-4.377,3.413,5.55,127.9,SYNTHETIC DATA — PIPELINE/CONSTRAINT VERIFICATION ONLY
2,MAA_r3_c3,MAA,13.0827,80.2707,-4.14,3.228,5.25,127.9,SYNTHETIC DATA — PIPELINE/CONSTRAINT VERIFICATION ONLY
2,MAA_r3_c4,MAA,13.0827,80.3707,-3.903,3.044,4.95,127.9,SYNTHETIC DATA — PIPELINE/CONSTRAINT VERIFICATION ONLY
2,MAA_r3_c5,MAA,13.0827,80.4707,-3.667,2.86,4.65,127.9,SYNTHETIC DATA — PIPELINE/CONSTRAINT VERIFICATION ONLY
2,MAA_r3_c6,MAA,13.0827,80.5707,-3.43,2.675,4.35,127.9,SYNTHETIC DATA — PIPELINE/CONSTRAINT VERIFICATION ONLY
2,MAA_r4_c0,MAA,13.1827,79.9707,-5.426,3.488,6.45,122.7,SYNTHETIC DATA — PIPELINE/CONSTRAINT VERIFICATION ONLY
2,MAA_r4_c1,MAA,13.1827,80.0707,-5.173,3.325,6.15,122.7,SYNTHETIC DATA — PIPELINE/CONSTRAINT VERIFICATION ONLY
2,MAA_r4_c2,MAA,13.1827,80.1707,-4.921,3.163,5.85,122.7,SYNTHETIC DATA — PIPELINE/CONSTRAINT VERIFICATION ONLY
2,MAA_r4_c3,MAA,13.1827,80.2707,-4.669,3.001,5.55,122.7,SYNTHETIC DATA — PIPELINE/CONSTRAINT VERIFICATION ONLY
2,MAA_r4_c4,MAA,13.1827,80.3707,-4.416,2.839,5.25,122.7,SYNTHETIC DATA — PIPELINE/CONSTRAINT VERIFICATION ONLY
2,MAA_r4_c5,MAA,13.1827,80.4707,-4.164,2.677,4.95,122.7,SYNTHETIC DATA — PIPELINE/CONSTRAINT VERIFICATION ONLY
2,MAA_r4_c6,MAA,13.1827,80.5707,-3.912,2.514,4.65,122.7,SYNTHETIC DATA — PIPELINE/CONSTRAINT VERIFICATION ONLY
2,MAA_r5_c0,MAA,13.2827,79.9707,-6.086,2.919,6.75,115.6,SYNTHETIC DATA — PIPELINE/CONSTRAINT VERIFICATION ONLY
2,MAA_r5_c1,MAA,13.2827,80.0707,-5.816,2.789,6.45,115.6,SYNTHETIC DATA — PIPELINE/CONSTRAINT VERIFICATION ONLY
2,MAA_r5_c2,MAA,13.2827,80.1707,-5.545,2.66,6.15,115.6,SYNTHETIC DATA — PIPELINE/CONSTRAINT VERIFICATION ONLY
2,MAA_r5_c3,MAA,13.2827,80.2707,-5.275,2.53,5.85,115.6,SYNTHETIC DATA — PIPELINE/CONSTRAINT VERIFICATION ONLY
2,MAA_r5_c4,MAA,13.2827,80.3707,-5.004,2.4,5.55,115.6,SYNTHETIC DATA — PIPELINE/CONSTRAINT VERIFICATION ONLY
2,MAA_r5_c5,MAA,13.2827,80.4707,-4.734,2.27,5.25,115.6,SYNTHETIC DATA — PIPELINE/CONSTRAINT VERIFICATION ONLY
2,MAA_r5_c6,MAA,13.2827,80.5707,-4.463,2.141,4.95,115.6,SYNTHETIC DATA — PIPELINE/CONSTRAINT VERIFICATION ONLY
2,MAA_r6_c0,MAA,13.3827,79.9707,-6.691,2.221,7.05,108.4,SYNTHETIC DATA — PIPELINE/CONSTRAINT VERIFICATION ONLY
2,MAA_r6_c1,MAA,13.3827,80.0707,-6.406,2.126,6.75,108.4,SYNTHETIC DATA — PIPELINE/CONSTRAINT VERIFICATION ONLY
2,MAA_r6_c2,MAA,13.3827,80.1707,-6.122,2.032,6.45,108.4,SYNTHETIC DATA — PIPELINE/CONSTRAINT VERIFICATION ONLY
2,MAA_r6_c3,MAA,13.3827,80.2707,-5.837,1.937,6.15,108.4,SYNTHETIC DATA — PIPELINE/CONSTRAINT VERIFICATION ONLY
2,MAA_r6_c4,MAA,13.3827,80.3707,-5.552,1.843,5.85,108.4,SYNTHETIC DATA — PIPELINE/CONSTRAINT VERIFICATION ONLY
2,MAA_r6_c5,MAA,13.3827,80.4707,-5.267,1.748,5.55,108.4,SYNTHETIC DATA — PIPELINE/CONSTRAINT VERIFICATION ONLY
2,MAA_r6_c6,MAA,13.3827,80.5707,-4.983,1.654,5.25,108.4,SYNTHETIC DATA — PIPELINE/CONSTRAINT VERIFICATION ONLY
3,DEL_r0_c0,DEL,28.3139,76.909,1.985,-4.038,4.5,333.8,SYNTHETIC DATA — PIPELINE/CONSTRAINT VERIFICATION ONLY
3,DEL_r0_c1,DEL,28.3139,77.009,1.853,-3.769,4.2,333.8,SYNTHETIC DATA — PIPELINE/CONSTRAINT VERIFICATION ONLY
3,DEL_r0_c2,DEL,28.3139,77.109,1.721,-3.5,3.9,333.8,SYNTHETIC DATA — PIPELINE/CONSTRAINT VERIFICATION ONLY
3,DEL_r0_c3,DEL,28.3139,77.209,1.588,-3.231,3.6,333.8,SYNTHETIC DATA — PIPELINE/CONSTRAINT VERIFICATION ONLY
3,DEL_r0_c4,DEL,28.3139,77.309,1.456,-2.961,3.3,333.8,SYNTHETIC DATA — PIPELINE/CONSTRAINT VERIFICATION ONLY
3,DEL_r0_c5,DEL,28.3139,77.409,1.324,-2.692,3.0,333.8,SYNTHETIC DATA — PIPELINE/CONSTRAINT VERIFICATION ONLY
3,DEL_r0_c6,DEL,28.3139,77.509,1.191,-2.423,2.7,333.8,SYNTHETIC DATA — PIPELINE/CONSTRAINT VERIFICATION ONLY
3,DEL_r1_c0,DEL,28.4139,76.909,1.887,-4.414,4.8,336.9,SYNTHETIC DATA — PIPELINE/CONSTRAINT VERIFICATION ONLY
3,DEL_r1_c1,DEL,28.4139,77.009,1.769,-4.138,4.5,336.9,SYNTHETIC DATA — PIPELINE/CONSTRAINT VERIFICATION ONLY
3,DEL_r1_c2,DEL,28.4139,77.109,1.651,-3.862,4.2,336.9,SYNTHETIC DATA — PIPELINE/CONSTRAINT VERIFICATION ONLY
3,DEL_r1_c3,DEL,28.4139,77.209,1.533,-3.586,3.9,336.9,SYNTHETIC DATA — PIPELINE/CONSTRAINT VERIFICATION ONLY
3,DEL_r1_c4,DEL,28.4139,77.309,1.415,-3.31,3.6,336.9,SYNTHETIC DATA — PIPELINE/CONSTRAINT VERIFICATION ONLY
3,DEL_r1_c5,DEL,28.4139,77.409,1.297,-3.034,3.3,336.9,SYNTHETIC DATA — PIPELINE/CONSTRAINT VERIFICATION ONLY
3,DEL_r1_c6,DEL,28.4139,77.509,1.179,-2.758,3.0,336.9,SYNTHETIC DATA — PIPELINE/CONSTRAINT VERIFICATION ONLY
3,DEL_r2_c0,DEL,28.5139,76.909,2.053,-4.669,5.1,336.3,SYNTHETIC DATA — PIPELINE/CONSTRAINT VERIFICATION ONLY
3,DEL_r2_c1,DEL,28.5139,77.009,1.932,-4.394,4.8,336.3,SYNTHETIC DATA — PIPELINE/CONSTRAINT VERIFICATION ONLY
3,DEL_r2_c2,DEL,28.5139,77.109,1.811,-4.119,4.5,336.3,SYNTHETIC DATA — PIPELINE/CONSTRAINT VERIFICATION ONLY
3,DEL_r2_c3,DEL,28.5139,77.209,1.69,-3.845,4.2,336.3,SYNTHETIC DATA — PIPELINE/CONSTRAINT VERIFICATION ONLY
3,DEL_r2_c4,DEL,28.5139,77.309,1.57,-3.57,3.9,336.3,SYNTHETIC DATA — PIPELINE/CONSTRAINT VERIFICATION ONLY
3,DEL_r2_c5,DEL,28.5139,77.409,1.449,-3.296,3.6,336.3,SYNTHETIC DATA — PIPELINE/CONSTRAINT VERIFICATION ONLY
3,DEL_r2_c6,DEL,28.5139,77.509,1.328,-3.021,3.3,336.3,SYNTHETIC DATA — PIPELINE/CONSTRAINT VERIFICATION ONLY
3,DEL_r3_c0,DEL,28.6139,76.909,2.518,-4.777,5.4,332.2,SYNTHETIC DATA — PIPELINE/CONSTRAINT VERIFICATION ONLY
3,DEL_r3_c1,DEL,28.6139,77.009,2.378,-4.511,5.1,332.2,SYNTHETIC DATA — PIPELINE/CONSTRAINT VERIFICATION ONLY
3,DEL_r3_c2,DEL,28.6139,77.109,2.238,-4.246,4.8,332.2,SYNTHETIC DATA — PIPELINE/CONSTRAINT VERIFICATION ONLY
3,DEL_r3_c3,DEL,28.6139,77.209,2.099,-3.981,4.5,332.2,SYNTHETIC DATA — PIPELINE/CONSTRAINT VERIFICATION ONLY
3,DEL_r3_c4,DEL,28.6139,77.309,1.959,-3.715,4.2,332.2,SYNTHETIC DATA — PIPELINE/CONSTRAINT VERIFICATION ONLY
3,DEL_r3_c5,DEL,28.6139,77.409,1.819,-3.45,3.9,332.2,SYNTHETIC DATA — PIPELINE/CONSTRAINT VERIFICATION ONLY
3,DEL_r3_c6,DEL,28.6139,77.509,1.679,-3.185,3.6,332.2,SYNTHETIC DATA — PIPELINE/CONSTRAINT VERIFICATION ONLY
3,DEL_r4_c0,DEL,28.7139,76.909,3.215,-4.707,5.7,325.7,SYNTHETIC DATA — PIPELINE/CONSTRAINT VERIFICATION ONLY
3,DEL_r4_c1,DEL,28.7139,77.009,3.046,-4.459,5.4,325.7,SYNTHETIC DATA — PIPELINE/CONSTRAINT VERIFICATION ONLY
3,DEL_r4_c2,DEL,28.7139,77.109,2.877,-4.211,5.1,325.7,SYNTHETIC DATA — PIPELINE/CONSTRAINT VERIFICATION ONLY
3,DEL_r4_c3,DEL,28.7139,77.209,2.708,-3.963,4.8,325.7,SYNTHETIC DATA — PIPELINE/CONSTRAINT VERIFICATION ONLY
3,DEL_r4_c4,DEL,28.7139,77.309,2.538,-3.716,4.5,325.7,SYNTHETIC DATA — PIPELINE/CONSTRAINT VERIFICATION ONLY
3,DEL_r4_c5,DEL,28.7139,77.409,2.369,-3.468,4.2,325.7,SYNTHETIC DATA — PIPELINE/CONSTRAINT VERIFICATION ONLY
3,DEL_r4_c6,DEL,28.7139,77.509,2.2,-3.22,3.9,325.7,SYNTHETIC DATA — PIPELINE/CONSTRAINT VERIFICATION ONLY
3,DEL_r5_c0,DEL,28.8139,76.909,3.996,-4.476,6.0,318.2,SYNTHETIC DATA — PIPELINE/CONSTRAINT VERIFICATION ONLY
3,DEL_r5_c1,DEL,28.8139,77.009,3.796,-4.252,5.7,318.2,SYNTHETIC DATA — PIPELINE/CONSTRAINT VERIFICATION ONLY
3,DEL_r5_c2,DEL,28.8139,77.109,3.597,-4.028,5.4,318.2,SYNTHETIC DATA — PIPELINE/CONSTRAINT VERIFICATION ONLY
3,DEL_r5_c3,DEL,28.8139,77.209,3.397,-3.804,5.1,318.2,SYNTHETIC DATA — PIPELINE/CONSTRAINT VERIFICATION ONLY
3,DEL_r5_c4,DEL,28.8139,77.309,3.197,-3.58,4.8,318.2,SYNTHETIC DATA — PIPELINE/CONSTRAINT VERIFICATION ONLY
3,DEL_r5_c5,DEL,28.8139,77.409,2.997,-3.357,4.5,318.2,SYNTHETIC DATA — PIPELINE/CONSTRAINT VERIFICATION ONLY
3,DEL_r5_c6,DEL,28.8139,77.509,2.797,-3.133,4.2,318.2,SYNTHETIC DATA — PIPELINE/CONSTRAINT VERIFICATION ONLY
3,DEL_r6_c0,DEL,28.9139,76.909,4.7,-4.195,6.3,311.8,SYNTHETIC DATA — PIPELINE/CONSTRAINT VERIFICATION ONLY
3,DEL_r6_c1,DEL,28.9139,77.009,4.476,-3.996,6.0,311.8,SYNTHETIC DATA — PIPELINE/CONSTRAINT VERIFICATION ONLY
3,DEL_r6_c2,DEL,28.9139,77.109,4.252,-3.796,5.7,311.8,SYNTHETIC DATA — PIPELINE/CONSTRAINT VERIFICATION ONLY
3,DEL_r6_c3,DEL,28.9139,77.209,4.028,-3.596,5.4,311.8,SYNTHETIC DATA — PIPELINE/CONSTRAINT VERIFICATION ONLY
3,DEL_r6_c4,DEL,28.9139,77.309,3.805,-3.396,5.1,311.8,SYNTHETIC DATA — PIPELINE/CONSTRAINT VERIFICATION ONLY
3,DEL_r6_c5,DEL,28.9139,77.409,3.581,-3.197,4.8,311.8,SYNTHETIC DATA — PIPELINE/CONSTRAINT VERIFICATION ONLY
3,DEL_r6_c6,DEL,28.9139,77.509,3.357,-2.997,4.5,311.8,SYNTHETIC DATA — PIPELINE/CONSTRAINT VERIFICATION ONLY
3,BOM_r0_c0,BOM,18.776,72.5777,4.499,0.093,4.5,268.8,SYNTHETIC DATA — PIPELINE/CONSTRAINT VERIFICATION ONLY
3,BOM_r0_c1,BOM,18.776,72.6777,4.199,0.086,4.2,268.8,SYNTHETIC DATA — PIPELINE/CONSTRAINT VERIFICATION ONLY
3,BOM_r0_c2,BOM,18.776,72.7777,3.899,0.08,3.9,268.8,SYNTHETIC DATA — PIPELINE/CONSTRAINT VERIFICATION ONLY
3,BOM_r0_c3,BOM,18.776,72.8777,3.599,0.074,3.6,268.8,SYNTHETIC DATA — PIPELINE/CONSTRAINT VERIFICATION ONLY
3,BOM_r0_c4,BOM,18.776,72.9777,3.299,0.068,3.3,268.8,SYNTHETIC DATA — PIPELINE/CONSTRAINT VERIFICATION ONLY
3,BOM_r0_c5,BOM,18.776,73.0777,2.999,0.062,3.0,268.8,SYNTHETIC DATA — PIPELINE/CONSTRAINT VERIFICATION ONLY
3,BOM_r0_c6,BOM,18.776,73.1777,2.699,0.056,2.7,268.8,SYNTHETIC DATA — PIPELINE/CONSTRAINT VERIFICATION ONLY
3,BOM_r1_c0,BOM,18.876,72.5777,4.797,-0.155,4.8,271.9,SYNTHETIC DATA — PIPELINE/CONSTRAINT VERIFICATION ONLY
3,BOM_r1_c1,BOM,18.876,72.6777,4.498,-0.145,4.5,271.9,SYNTHETIC DATA — PIPELINE/CONSTRAINT VERIFICATION ONLY
3,BOM_r1_c2,BOM,18.876,72.7777,4.198,-0.136,4.2,271.9,SYNTHETIC DATA — PIPELINE/CONSTRAINT VERIFICATION ONLY
3,BOM_r1_c3,BOM,18.876,72.8777,3.898,-0.126,3.9,271.9,SYNTHETIC DATA — PIPELINE/CONSTRAINT VERIFICATION ONLY
3,BOM_r1_c4,BOM,18.876,72.9777,3.598,-0.116,3.6,271.9,SYNTHETIC DATA — PIPELINE/CONSTRAINT VERIFICATION ONLY
3,BOM_r1_c5,BOM,18.876,73.0777,3.298,-0.107,3.3,271.9,SYNTHETIC DATA — PIPELINE/CONSTRAINT VERIFICATION ONLY
3,BOM_r1_c6,BOM,18.876,73.1777,2.998,-0.097,3.0,271.9,SYNTHETIC DATA — PIPELINE/CONSTRAINT VERIFICATION ONLY
3,BOM_r2_c0,BOM,18.976,72.5777,5.099,-0.113,5.1,271.3,SYNTHETIC DATA — PIPELINE/CONSTRAINT VERIFICATION ONLY
3,BOM_r2_c1,BOM,18.976,72.6777,4.799,-0.106,4.8,271.3,SYNTHETIC DATA — PIPELINE/CONSTRAINT VERIFICATION ONLY
3,BOM_r2_c2,BOM,18.976,72.7777,4.499,-0.099,4.5,271.3,SYNTHETIC DATA — PIPELINE/CONSTRAINT VERIFICATION ONLY
3,BOM_r2_c3,BOM,18.976,72.8777,4.199,-0.093,4.2,271.3,SYNTHETIC DATA — PIPELINE/CONSTRAINT VERIFICATION ONLY
3,BOM_r2_c4,BOM,18.976,72.9777,3.899,-0.086,3.9,271.3,SYNTHETIC DATA — PIPELINE/CONSTRAINT VERIFICATION ONLY
3,BOM_r2_c5,BOM,18.976,73.0777,3.599,-0.08,3.6,271.3,SYNTHETIC DATA — PIPELINE/CONSTRAINT VERIFICATION ONLY
3,BOM_r2_c6,BOM,18.976,73.1777,3.299,-0.073,3.3,271.3,SYNTHETIC DATA — PIPELINE/CONSTRAINT VERIFICATION ONLY
3,BOM_r3_c0,BOM,19.076,72.5777,5.394,0.264,5.4,267.2,SYNTHETIC DATA — PIPELINE/CONSTRAINT VERIFICATION ONLY
3,BOM_r3_c1,BOM,19.076,72.6777,5.094,0.249,5.1,267.2,SYNTHETIC DATA — PIPELINE/CONSTRAINT VERIFICATION ONLY
3,BOM_r3_c2,BOM,19.076,72.7777,4.794,0.234,4.8,267.2,SYNTHETIC DATA — PIPELINE/CONSTRAINT VERIFICATION ONLY
3,BOM_r3_c3,BOM,19.076,72.8777,4.495,0.22,4.5,267.2,SYNTHETIC DATA — PIPELINE/CONSTRAINT VERIFICATION ONLY
3,BOM_r3_c4,BOM,19.076,72.9777,4.195,0.205,4.2,267.2,SYNTHETIC DATA — PIPELINE/CONSTRAINT VERIFICATION ONLY
3,BOM_r3_c5,BOM,19.076,73.0777,3.895,0.19,3.9,267.2,SYNTHETIC DATA — PIPELINE/CONSTRAINT VERIFICATION ONLY
3,BOM_r3_c6,BOM,19.076,73.1777,3.596,0.176,3.6,267.2,SYNTHETIC DATA — PIPELINE/CONSTRAINT VERIFICATION ONLY
3,BOM_r4_c0,BOM,19.176,72.5777,5.624,0.925,5.7,260.7,SYNTHETIC DATA — PIPELINE/CONSTRAINT VERIFICATION ONLY
3,BOM_r4_c1,BOM,19.176,72.6777,5.328,0.876,5.4,260.7,SYNTHETIC DATA — PIPELINE/CONSTRAINT VERIFICATION ONLY
3,BOM_r4_c2,BOM,19.176,72.7777,5.032,0.828,5.1,260.7,SYNTHETIC DATA — PIPELINE/CONSTRAINT VERIFICATION ONLY
3,BOM_r4_c3,BOM,19.176,72.8777,4.736,0.779,4.8,260.7,SYNTHETIC DATA — PIPELINE/CONSTRAINT VERIFICATION ONLY
3,BOM_r4_c4,BOM,19.176,72.9777,4.44,0.73,4.5,260.7,SYNTHETIC DATA — PIPELINE/CONSTRAINT VERIFICATION ONLY
3,BOM_r4_c5,BOM,19.176,73.0777,4.144,0.682,4.2,260.7,SYNTHETIC DATA — PIPELINE/CONSTRAINT VERIFICATION ONLY
3,BOM_r4_c6,BOM,19.176,73.1777,3.848,0.633,3.9,260.7,SYNTHETIC DATA — PIPELINE/CONSTRAINT VERIFICATION ONLY
3,BOM_r5_c0,BOM,19.276,72.5777,5.745,1.73,6.0,253.2,SYNTHETIC DATA — PIPELINE/CONSTRAINT VERIFICATION ONLY
3,BOM_r5_c1,BOM,19.276,72.6777,5.458,1.644,5.7,253.2,SYNTHETIC DATA — PIPELINE/CONSTRAINT VERIFICATION ONLY
3,BOM_r5_c2,BOM,19.276,72.7777,5.171,1.557,5.4,253.2,SYNTHETIC DATA — PIPELINE/CONSTRAINT VERIFICATION ONLY
3,BOM_r5_c3,BOM,19.276,72.8777,4.883,1.471,5.1,253.2,SYNTHETIC DATA — PIPELINE/CONSTRAINT VERIFICATION ONLY
3,BOM_r5_c4,BOM,19.276,72.9777,4.596,1.384,4.8,253.2,SYNTHETIC DATA — PIPELINE/CONSTRAINT VERIFICATION ONLY
3,BOM_r5_c5,BOM,19.276,73.0777,4.309,1.298,4.5,253.2,SYNTHETIC DATA — PIPELINE/CONSTRAINT VERIFICATION ONLY
3,BOM_r5_c6,BOM,19.276,73.1777,4.022,1.211,4.2,253.2,SYNTHETIC DATA — PIPELINE/CONSTRAINT VERIFICATION ONLY
3,BOM_r6_c0,BOM,19.376,72.5777,5.789,2.486,6.3,246.8,SYNTHETIC DATA — PIPELINE/CONSTRAINT VERIFICATION ONLY
3,BOM_r6_c1,BOM,19.376,72.6777,5.513,2.368,6.0,246.8,SYNTHETIC DATA — PIPELINE/CONSTRAINT VERIFICATION ONLY
3,BOM_r6_c2,BOM,19.376,72.7777,5.237,2.25,5.7,246.8,SYNTHETIC DATA — PIPELINE/CONSTRAINT VERIFICATION ONLY
3,BOM_r6_c3,BOM,19.376,72.8777,4.962,2.131,5.4,246.8,SYNTHETIC DATA — PIPELINE/CONSTRAINT VERIFICATION ONLY
3,BOM_r6_c4,BOM,19.376,72.9777,4.686,2.013,5.1,246.8,SYNTHETIC DATA — PIPELINE/CONSTRAINT VERIFICATION ONLY
3,BOM_r6_c5,BOM,19.376,73.0777,4.41,1.894,4.8,246.8,SYNTHETIC DATA — PIPELINE/CONSTRAINT VERIFICATION ONLY
3,BOM_r6_c6,BOM,19.376,73.1777,4.135,1.776,4.5,246.8,SYNTHETIC DATA — PIPELINE/CONSTRAINT VERIFICATION ONLY
3,LKO_r0_c0,LKO,26.5467,80.6462,2.963,-3.387,4.5,318.8,SYNTHETIC DATA — PIPELINE/CONSTRAINT VERIFICATION ONLY
3,LKO_r0_c1,LKO,26.5467,80.7462,2.765,-3.161,4.2,318.8,SYNTHETIC DATA — PIPELINE/CONSTRAINT VERIFICATION ONLY
3,LKO_r0_c2,LKO,26.5467,80.8462,2.568,-2.935,3.9,318.8,SYNTHETIC DATA — PIPELINE/CONSTRAINT VERIFICATION ONLY
3,LKO_r0_c3,LKO,26.5467,80.9462,2.37,-2.71,3.6,318.8,SYNTHETIC DATA — PIPELINE/CONSTRAINT VERIFICATION ONLY
3,LKO_r0_c4,LKO,26.5467,81.0462,2.173,-2.484,3.3,318.8,SYNTHETIC DATA — PIPELINE/CONSTRAINT VERIFICATION ONLY
3,LKO_r0_c5,LKO,26.5467,81.1462,1.975,-2.258,3.0,318.8,SYNTHETIC DATA — PIPELINE/CONSTRAINT VERIFICATION ONLY
3,LKO_r0_c6,LKO,26.5467,81.2462,1.778,-2.032,2.7,318.8,SYNTHETIC DATA — PIPELINE/CONSTRAINT VERIFICATION ONLY
3,LKO_r1_c0,LKO,26.6467,80.6462,2.965,-3.775,4.8,321.9,SYNTHETIC DATA — PIPELINE/CONSTRAINT VERIFICATION ONLY
3,LKO_r1_c1,LKO,26.6467,80.7462,2.78,-3.539,4.5,321.9,SYNTHETIC DATA — PIPELINE/CONSTRAINT VERIFICATION ONLY
3,LKO_r1_c2,LKO,26.6467,80.8462,2.594,-3.303,4.2,321.9,SYNTHETIC DATA — PIPELINE/CONSTRAINT VERIFICATION ONLY
3,LKO_r1_c3,LKO,26.6467,80.9462,2.409,-3.067,3.9,321.9,SYNTHETIC DATA — PIPELINE/CONSTRAINT VERIFICATION ONLY
3,LKO_r1_c4,LKO,26.6467,81.0462,2.224,-2.831,3.6,321.9,SYNTHETIC DATA — PIPELINE/CONSTRAINT VERIFICATION ONLY
3,LKO_r1_c5,LKO,26.6467,81.1462,2.038,-2.595,3.3,321.9,SYNTHETIC DATA — PIPELINE/CONSTRAINT VERIFICATION ONLY
3,LKO_r1_c6,LKO,26.6467,81.2462,1.853,-2.359,3.0,321.9,SYNTHETIC DATA — PIPELINE/CONSTRAINT VERIFICATION ONLY
3,LKO_r2_c0,LKO,26.7467,80.6462,3.191,-3.978,5.1,321.3,SYNTHETIC DATA — PIPELINE/CONSTRAINT VERIFICATION ONLY
3,LKO_r2_c1,LKO,26.7467,80.7462,3.003,-3.744,4.8,321.3,SYNTHETIC DATA — PIPELINE/CONSTRAINT VERIFICATION ONLY
3,LKO_r2_c2,LKO,26.7467,80.8462,2.816,-3.51,4.5,321.3,SYNTHETIC DATA — PIPELINE/CONSTRAINT VERIFICATION ONLY
3,LKO_r2_c3,LKO,26.7467,80.9462,2.628,-3.276,4.2,321.3,SYNTHETIC DATA — PIPELINE/CONSTRAINT VERIFICATION ONLY
3,LKO_r2_c4,LKO,26.7467,81.0462,2.44,-3.042,3.9,321.3,SYNTHETIC DATA — PIPELINE/CONSTRAINT VERIFICATION ONLY
3,LKO_r2_c5,LKO,26.7467,81.1462,2.253,-2.808,3.6,321.3,SYNTHETIC DATA — PIPELINE/CONSTRAINT VERIFICATION ONLY
3,LKO_r2_c6,LKO,26.7467,81.2462,2.065,-2.574,3.3,321.3,SYNTHETIC DATA — PIPELINE/CONSTRAINT VERIFICATION ONLY
3,LKO_r3_c0,LKO,26.8467,80.6462,3.669,-3.962,5.4,317.2,SYNTHETIC DATA — PIPELINE/CONSTRAINT VERIFICATION ONLY
3,LKO_r3_c1,LKO,26.8467,80.7462,3.465,-3.742,5.1,317.2,SYNTHETIC DATA — PIPELINE/CONSTRAINT VERIFICATION ONLY
3,LKO_r3_c2,LKO,26.8467,80.8462,3.261,-3.522,4.8,317.2,SYNTHETIC DATA — PIPELINE/CONSTRAINT VERIFICATION ONLY
3,LKO_r3_c3,LKO,26.8467,80.9462,3.057,-3.302,4.5,317.2,SYNTHETIC DATA — PIPELINE/CONSTRAINT VERIFICATION ONLY
3,LKO_r3_c4,LKO,26.8467,81.0462,2.853,-3.082,4.2,317.2,SYNTHETIC DATA — PIPELINE/CONSTRAINT VERIFICATION ONLY
3,LKO_r3_c5,LKO,26.8467,81.1462,2.65,-2.862,3.9,317.2,SYNTHETIC DATA — PIPELINE/CONSTRAINT VERIFICATION ONLY
3,LKO_r3_c6,LKO,26.8467,81.2462,2.446,-2.642,3.6,317.2,SYNTHETIC DATA — PIPELINE/CONSTRAINT VERIFICATION ONLY
3,LKO_r4_c0,LKO,26.9467,80.6462,4.324,-3.714,5.7,310.7,SYNTHETIC DATA — PIPELINE/CONSTRAINT VERIFICATION ONLY
3,LKO_r4_c1,LKO,26.9467,80.7462,4.096,-3.518,5.4,310.7,SYNTHETIC DATA — PIPELINE/CONSTRAINT VERIFICATION ONLY
3,LKO_r4_c2,LKO,26.9467,80.8462,3.869,-3.323,5.1,310.7,SYNTHETIC DATA — PIPELINE/CONSTRAINT VERIFICATION ONLY
3,LKO_r4_c3,LKO,26.9467,80.9462,3.641,-3.128,4.8,310.7,SYNTHETIC DATA — PIPELINE/CONSTRAINT VERIFICATION ONLY
3,LKO_r4_c4,LKO,26.9467,81.0462,3.414,-2.932,4.5,310.7,SYNTHETIC DATA — PIPELINE/CONSTRAINT VERIFICATION ONLY
3,LKO_r4_c5,LKO,26.9467,81.1462,3.186,-2.737,4.2,310.7,SYNTHETIC DATA — PIPELINE/CONSTRAINT VERIFICATION ONLY
3,LKO_r4_c6,LKO,26.9467,81.2462,2.959,-2.541,3.9,310.7,SYNTHETIC DATA — PIPELINE/CONSTRAINT VERIFICATION ONLY
3,LKO_r5_c0,LKO,27.0467,80.6462,5.018,-3.289,6.0,303.2,SYNTHETIC DATA — PIPELINE/CONSTRAINT VERIFICATION ONLY
3,LKO_r5_c1,LKO,27.0467,80.7462,4.767,-3.124,5.7,303.2,SYNTHETIC DATA — PIPELINE/CONSTRAINT VERIFICATION ONLY
3,LKO_r5_c2,LKO,27.0467,80.8462,4.517,-2.96,5.4,303.2,SYNTHETIC DATA — PIPELINE/CONSTRAINT VERIFICATION ONLY
3,LKO_r5_c3,LKO,27.0467,80.9462,4.266,-2.795,5.1,303.2,SYNTHETIC DATA — PIPELINE/CONSTRAINT VERIFICATION ONLY
3,LKO_r5_c4,LKO,27.0467,81.0462,4.015,-2.631,4.8,303.2,SYNTHETIC DATA — PIPELINE/CONSTRAINT VERIFICATION ONLY
3,LKO_r5_c5,LKO,27.0467,81.1462,3.764,-2.467,4.5,303.2,SYNTHETIC DATA — PIPELINE/CONSTRAINT VERIFICATION ONLY
3,LKO_r5_c6,LKO,27.0467,81.2462,3.513,-2.302,4.2,303.2,SYNTHETIC DATA — PIPELINE/CONSTRAINT VERIFICATION ONLY
3,LKO_r6_c0,LKO,27.1467,80.6462,5.626,-2.836,6.3,296.8,SYNTHETIC DATA — PIPELINE/CONSTRAINT VERIFICATION ONLY
3,LKO_r6_c1,LKO,27.1467,80.7462,5.358,-2.701,6.0,296.8,SYNTHETIC DATA — PIPELINE/CONSTRAINT VERIFICATION ONLY
3,LKO_r6_c2,LKO,27.1467,80.8462,5.09,-2.566,5.7,296.8,SYNTHETIC DATA — PIPELINE/CONSTRAINT VERIFICATION ONLY
3,LKO_r6_c3,LKO,27.1467,80.9462,4.822,-2.431,5.4,296.8,SYNTHETIC DATA — PIPELINE/CONSTRAINT VERIFICATION ONLY
3,LKO_r6_c4,LKO,27.1467,81.0462,4.554,-2.296,5.1,296.8,SYNTHETIC DATA — PIPELINE/CONSTRAINT VERIFICATION ONLY
3,LKO_r6_c5,LKO,27.1467,81.1462,4.286,-2.161,4.8,296.8,SYNTHETIC DATA — PIPELINE/CONSTRAINT VERIFICATION ONLY
3,LKO_r6_c6,LKO,27.1467,81.2462,4.018,-2.026,4.5,296.8,SYNTHETIC DATA — PIPELINE/CONSTRAINT VERIFICATION ONLY
3,VNS_r0_c0,VNS,25.0176,82.6739,3.506,-2.821,4.5,308.8,SYNTHETIC DATA — PIPELINE/CONSTRAINT VERIFICATION ONLY
3,VNS_r0_c1,VNS,25.0176,82.7739,3.272,-2.633,4.2,308.8,SYNTHETIC DATA — PIPELINE/CONSTRAINT VERIFICATION ONLY
3,VNS_r0_c2,VNS,25.0176,82.8739,3.039,-2.445,3.9,308.8,SYNTHETIC DATA — PIPELINE/CONSTRAINT VERIFICATION ONLY
3,VNS_r0_c3,VNS,25.0176,82.9739,2.805,-2.257,3.6,308.8,SYNTHETIC DATA — PIPELINE/CONSTRAINT VERIFICATION ONLY
3,VNS_r0_c4,VNS,25.0176,83.0739,2.571,-2.069,3.3,308.8,SYNTHETIC DATA — PIPELINE/CONSTRAINT VERIFICATION ONLY
3,VNS_r0_c5,VNS,25.0176,83.1739,2.337,-1.881,3.0,308.8,SYNTHETIC DATA — PIPELINE/CONSTRAINT VERIFICATION ONLY
3,VNS_r0_c6,VNS,25.0176,83.2739,2.104,-1.693,2.7,308.8,SYNTHETIC DATA — PIPELINE/CONSTRAINT VERIFICATION ONLY
3,VNS_r1_c0,VNS,25.1176,82.6739,3.575,-3.203,4.8,311.9,SYNTHETIC DATA — PIPELINE/CONSTRAINT VERIFICATION ONLY
3,VNS_r1_c1,VNS,25.1176,82.7739,3.352,-3.002,4.5,311.9,SYNTHETIC DATA — PIPELINE/CONSTRAINT VERIFICATION ONLY
3,VNS_r1_c2,VNS,25.1176,82.8739,3.128,-2.802,4.2,311.9,SYNTHETIC DATA — PIPELINE/CONSTRAINT VERIFICATION ONLY
3,VNS_r1_c3,VNS,25.1176,82.9739,2.905,-2.602,3.9,311.9,SYNTHETIC DATA — PIPELINE/CONSTRAINT VERIFICATION ONLY
3,VNS_r1_c4,VNS,25.1176,83.0739,2.682,-2.402,3.6,311.9,SYNTHETIC DATA — PIPELINE/CONSTRAINT VERIFICATION ONLY
3,VNS_r1_c5,VNS,25.1176,83.1739,2.458,-2.202,3.3,311.9,SYNTHETIC DATA — PIPELINE/CONSTRAINT VERIFICATION ONLY
3,VNS_r1_c6,VNS,25.1176,83.2739,2.235,-2.002,3.0,311.9,SYNTHETIC DATA — PIPELINE/CONSTRAINT VERIFICATION ONLY
3,VNS_r2_c0,VNS,25.2176,82.6739,3.833,-3.364,5.1,311.3,SYNTHETIC DATA — PIPELINE/CONSTRAINT VERIFICATION ONLY
3,VNS_r2_c1,VNS,25.2176,82.7739,3.608,-3.166,4.8,311.3,SYNTHETIC DATA — PIPELINE/CONSTRAINT VERIFICATION ONLY
3,VNS_r2_c2,VNS,25.2176,82.8739,3.382,-2.968,4.5,311.3,SYNTHETIC DATA — PIPELINE/CONSTRAINT VERIFICATION ONLY
3,VNS_r2_c3,VNS,25.2176,82.9739,3.157,-2.77,4.2,311.3,SYNTHETIC DATA — PIPELINE/CONSTRAINT VERIFICATION ONLY
3,VNS_r2_c4,VNS,25.2176,83.0739,2.931,-2.572,3.9,311.3,SYNTHETIC DATA — PIPELINE/CONSTRAINT VERIFICATION ONLY
3,VNS_r2_c5,VNS,25.2176,83.1739,2.706,-2.374,3.6,311.3,SYNTHETIC DATA — PIPELINE/CONSTRAINT VERIFICATION ONLY
3,VNS_r2_c6,VNS,25.2176,83.2739,2.48,-2.177,3.3,311.3,SYNTHETIC DATA — PIPELINE/CONSTRAINT VERIFICATION ONLY
3,VNS_r3_c0,VNS,25.3176,82.6739,4.301,-3.265,5.4,307.2,SYNTHETIC DATA — PIPELINE/CONSTRAINT VERIFICATION ONLY
3,VNS_r3_c1,VNS,25.3176,82.7739,4.062,-3.084,5.1,307.2,SYNTHETIC DATA — PIPELINE/CONSTRAINT VERIFICATION ONLY
3,VNS_r3_c2,VNS,25.3176,82.8739,3.823,-2.902,4.8,307.2,SYNTHETIC DATA — PIPELINE/CONSTRAINT VERIFICATION ONLY
3,VNS_r3_c3,VNS,25.3176,82.9739,3.584,-2.721,4.5,307.2,SYNTHETIC DATA — PIPELINE/CONSTRAINT VERIFICATION ONLY
3,VNS_r3_c4,VNS,25.3176,83.0739,3.345,-2.539,4.2,307.2,SYNTHETIC DATA — PIPELINE/CONSTRAINT VERIFICATION ONLY
3,VNS_r3_c5,VNS,25.3176,83.1739,3.106,-2.358,3.9,307.2,SYNTHETIC DATA — PIPELINE/CONSTRAINT VERIFICATION ONLY
3,VNS_r3_c6,VNS,25.3176,83.2739,2.867,-2.177,3.6,307.2,SYNTHETIC DATA — PIPELINE/CONSTRAINT VERIFICATION ONLY
3,VNS_r4_c0,VNS,25.4176,82.6739,4.903,-2.907,5.7,300.7,SYNTHETIC DATA — PIPELINE/CONSTRAINT VERIFICATION ONLY
3,VNS_r4_c1,VNS,25.4176,82.7739,4.645,-2.754,5.4,300.7,SYNTHETIC DATA — PIPELINE/CONSTRAINT VERIFICATION ONLY
3,VNS_r4_c2,VNS,25.4176,82.8739,4.387,-2.601,5.1,300.7,SYNTHETIC DATA — PIPELINE/CONSTRAINT VERIFICATION ONLY
3,VNS_r4_c3,VNS,25.4176,82.9739,4.129,-2.448,4.8,300.7,SYNTHETIC DATA — PIPELINE/CONSTRAINT VERIFICATION ONLY
3,VNS_r4_c4,VNS,25.4176,83.0739,3.871,-2.295,4.5,300.7,SYNTHETIC DATA — PIPELINE/CONSTRAINT VERIFICATION ONLY
3,VNS_r4_c5,VNS,25.4176,83.1739,3.613,-2.142,4.2,300.7,SYNTHETIC DATA — PIPELINE/CONSTRAINT VERIFICATION ONLY
3,VNS_r4_c6,VNS,25.4176,83.2739,3.355,-1.989,3.9,300.7,SYNTHETIC DATA — PIPELINE/CONSTRAINT VERIFICATION ONLY
3,VNS_r5_c0,VNS,25.5176,82.6739,5.513,-2.367,6.0,293.2,SYNTHETIC DATA — PIPELINE/CONSTRAINT VERIFICATION ONLY
3,VNS_r5_c1,VNS,25.5176,82.7739,5.238,-2.249,5.7,293.2,SYNTHETIC DATA — PIPELINE/CONSTRAINT VERIFICATION ONLY
3,VNS_r5_c2,VNS,25.5176,82.8739,4.962,-2.131,5.4,293.2,SYNTHETIC DATA — PIPELINE/CONSTRAINT VERIFICATION ONLY
3,VNS_r5_c3,VNS,25.5176,82.9739,4.686,-2.012,5.1,293.2,SYNTHETIC DATA — PIPELINE/CONSTRAINT VERIFICATION ONLY
3,VNS_r5_c4,VNS,25.5176,83.0739,4.411,-1.894,4.8,293.2,SYNTHETIC DATA — PIPELINE/CONSTRAINT VERIFICATION ONLY
3,VNS_r5_c5,VNS,25.5176,83.1739,4.135,-1.775,4.5,293.2,SYNTHETIC DATA — PIPELINE/CONSTRAINT VERIFICATION ONLY
3,VNS_r5_c6,VNS,25.5176,83.2739,3.859,-1.657,4.2,293.2,SYNTHETIC DATA — PIPELINE/CONSTRAINT VERIFICATION ONLY
3,VNS_r6_c0,VNS,25.6176,82.6739,6.033,-1.816,6.3,286.8,SYNTHETIC DATA — PIPELINE/CONSTRAINT VERIFICATION ONLY
3,VNS_r6_c1,VNS,25.6176,82.7739,5.745,-1.73,6.0,286.8,SYNTHETIC DATA — PIPELINE/CONSTRAINT VERIFICATION ONLY
3,VNS_r6_c2,VNS,25.6176,82.8739,5.458,-1.643,5.7,286.8,SYNTHETIC DATA — PIPELINE/CONSTRAINT VERIFICATION ONLY
3,VNS_r6_c3,VNS,25.6176,82.9739,5.171,-1.557,5.4,286.8,SYNTHETIC DATA — PIPELINE/CONSTRAINT VERIFICATION ONLY
3,VNS_r6_c4,VNS,25.6176,83.0739,4.883,-1.47,5.1,286.8,SYNTHETIC DATA — PIPELINE/CONSTRAINT VERIFICATION ONLY
3,VNS_r6_c5,VNS,25.6176,83.1739,4.596,-1.384,4.8,286.8,SYNTHETIC DATA — PIPELINE/CONSTRAINT VERIFICATION ONLY
3,VNS_r6_c6,VNS,25.6176,83.2739,4.309,-1.297,4.5,286.8,SYNTHETIC DATA — PIPELINE/CONSTRAINT VERIFICATION ONLY
3,JAI_r0_c0,JAI,26.6124,75.4873,1.626,-4.196,4.5,338.8,SYNTHETIC DATA — PIPELINE/CONSTRAINT VERIFICATION ONLY
3,JAI_r0_c1,JAI,26.6124,75.5873,1.517,-3.916,4.2,338.8,SYNTHETIC DATA — PIPELINE/CONSTRAINT VERIFICATION ONLY
3,JAI_r0_c2,JAI,26.6124,75.6873,1.409,-3.637,3.9,338.8,SYNTHETIC DATA — PIPELINE/CONSTRAINT VERIFICATION ONLY
3,JAI_r0_c3,JAI,26.6124,75.7873,1.301,-3.357,3.6,338.8,SYNTHETIC DATA — PIPELINE/CONSTRAINT VERIFICATION ONLY
3,JAI_r0_c4,JAI,26.6124,75.8873,1.192,-3.077,3.3,338.8,SYNTHETIC DATA — PIPELINE/CONSTRAINT VERIFICATION ONLY
3,JAI_r0_c5,JAI,26.6124,75.9873,1.084,-2.797,3.0,338.8,SYNTHETIC DATA — PIPELINE/CONSTRAINT VERIFICATION ONLY
3,JAI_r0_c6,JAI,26.6124,76.0873,0.975,-2.518,2.7,338.8,SYNTHETIC DATA — PIPELINE/CONSTRAINT VERIFICATION ONLY
3,JAI_r1_c0,JAI,26.7124,75.4873,1.495,-4.561,4.8,341.9,SYNTHETIC DATA — PIPELINE/CONSTRAINT VERIFICATION ONLY
3,JAI_r1_c1,JAI,26.7124,75.5873,1.402,-4.276,4.5,341.9,SYNTHETIC DATA — PIPELINE/CONSTRAINT VERIFICATION ONLY
3,JAI_r1_c2,JAI,26.7124,75.6873,1.308,-3.991,4.2,341.9,SYNTHETIC DATA — PIPELINE/CONSTRAINT VERIFICATION ONLY
3,JAI_r1_c3,JAI,26.7124,75.7873,1.215,-3.706,3.9,341.9,SYNTHETIC DATA — PIPELINE/CONSTRAINT VERIFICATION ONLY
3,JAI_r1_c4,JAI,26.7124,75.8873,1.121,-3.421,3.6,341.9,SYNTHETIC DATA — PIPELINE/CONSTRAINT VERIFICATION ONLY
3,JAI_r1_c5,JAI,26.7124,75.9873,1.028,-3.136,3.3,341.9,SYNTHETIC DATA — PIPELINE/CONSTRAINT VERIFICATION ONLY
3,JAI_r1_c6,JAI,26.7124,76.0873,0.934,-2.851,3.0,341.9,SYNTHETIC DATA — PIPELINE/CONSTRAINT VERIFICATION ONLY
3,JAI_r2_c0,JAI,26.8124,75.4873,1.638,-4.83,5.1,341.3,SYNTHETIC DATA — PIPELINE/CONSTRAINT VERIFICATION ONLY
3,JAI_r2_c1,JAI,26.8124,75.5873,1.542,-4.546,4.8,341.3,SYNTHETIC DATA — PIPELINE/CONSTRAINT VERIFICATION ONLY
3,JAI_r2_c2,JAI,26.8124,75.6873,1.445,-4.262,4.5,341.3,SYNTHETIC DATA — PIPELINE/CONSTRAINT VERIFICATION ONLY
3,JAI_r2_c3,JAI,26.8124,75.7873,1.349,-3.977,4.2,341.3,SYNTHETIC DATA — PIPELINE/CONSTRAINT VERIFICATION ONLY
3,JAI_r2_c4,JAI,26.8124,75.8873,1.253,-3.693,3.9,341.3,SYNTHETIC DATA — PIPELINE/CONSTRAINT VERIFICATION ONLY
3,JAI_r2_c5,JAI,26.8124,75.9873,1.156,-3.409,3.6,341.3,SYNTHETIC DATA — PIPELINE/CONSTRAINT VERIFICATION ONLY
3,JAI_r2_c6,JAI,26.8124,76.0873,1.06,-3.125,3.3,341.3,SYNTHETIC DATA — PIPELINE/CONSTRAINT VERIFICATION ONLY
3,JAI_r3_c0,JAI,26.9124,75.4873,2.092,-4.978,5.4,337.2,SYNTHETIC DATA — PIPELINE/CONSTRAINT VERIFICATION ONLY
3,JAI_r3_c1,JAI,26.9124,75.5873,1.976,-4.702,5.1,337.2,SYNTHETIC DATA — PIPELINE/CONSTRAINT VERIFICATION ONLY
3,JAI_r3_c2,JAI,26.9124,75.6873,1.86,-4.425,4.8,337.2,SYNTHETIC DATA — PIPELINE/CONSTRAINT VERIFICATION ONLY
3,JAI_r3_c3,JAI,26.9124,75.7873,1.744,-4.148,4.5,337.2,SYNTHETIC DATA — PIPELINE/CONSTRAINT VERIFICATION ONLY
3,JAI_r3_c4,JAI,26.9124,75.8873,1.627,-3.872,4.2,337.2,SYNTHETIC DATA — PIPELINE/CONSTRAINT VERIFICATION ONLY
3,JAI_r3_c5,JAI,26.9124,75.9873,1.511,-3.595,3.9,337.2,SYNTHETIC DATA — PIPELINE/CONSTRAINT VERIFICATION ONLY
3,JAI_r3_c6,JAI,26.9124,76.0873,1.395,-3.319,3.6,337.2,SYNTHETIC DATA — PIPELINE/CONSTRAINT VERIFICATION ONLY
3,JAI_r4_c0,JAI,27.0124,75.4873,2.793,-4.969,5.7,330.7,SYNTHETIC DATA — PIPELINE/CONSTRAINT VERIFICATION ONLY
3,JAI_r4_c1,JAI,27.0124,75.5873,2.646,-4.707,5.4,330.7,SYNTHETIC DATA — PIPELINE/CONSTRAINT VERIFICATION ONLY
3,JAI_r4_c2,JAI,27.0124,75.6873,2.499,-4.446,5.1,330.7,SYNTHETIC DATA — PIPELINE/CONSTRAINT VERIFICATION ONLY
3,JAI_r4_c3,JAI,27.0124,75.7873,2.352,-4.184,4.8,330.7,SYNTHETIC DATA — PIPELINE/CONSTRAINT VERIFICATION ONLY
3,JAI_r4_c4,JAI,27.0124,75.8873,2.205,-3.923,4.5,330.7,SYNTHETIC DATA — PIPELINE/CONSTRAINT VERIFICATION ONLY
3,JAI_r4_c5,JAI,27.0124,75.9873,2.058,-3.661,4.2,330.7,SYNTHETIC DATA — PIPELINE/CONSTRAINT VERIFICATION ONLY
3,JAI_r4_c6,JAI,27.0124,76.0873,1.911,-3.4,3.9,330.7,SYNTHETIC DATA — PIPELINE/CONSTRAINT VERIFICATION ONLY
3,JAI_r5_c0,JAI,27.1124,75.4873,3.591,-4.807,6.0,323.2,SYNTHETIC DATA — PIPELINE/CONSTRAINT VERIFICATION ONLY
3,JAI_r5_c1,JAI,27.1124,75.5873,3.411,-4.566,5.7,323.2,SYNTHETIC DATA — PIPELINE/CONSTRAINT VERIFICATION ONLY
3,JAI_r5_c2,JAI,27.1124,75.6873,3.232,-4.326,5.4,323.2,SYNTHETIC DATA — PIPELINE/CONSTRAINT VERIFICATION ONLY
3,JAI_r5_c3,JAI,27.1124,75.7873,3.052,-4.086,5.1,323.2,SYNTHETIC DATA — PIPELINE/CONSTRAINT VERIFICATION ONLY
3,JAI_r5_c4,JAI,27.1124,75.8873,2.873,-3.845,4.8,323.2,SYNTHETIC DATA — PIPELINE/CONSTRAINT VERIFICATION ONLY
3,JAI_r5_c5,JAI,27.1124,75.9873,2.693,-3.605,4.5,323.2,SYNTHETIC DATA — PIPELINE/CONSTRAINT VERIFICATION ONLY
3,JAI_r5_c6,JAI,27.1124,76.0873,2.514,-3.365,4.2,323.2,SYNTHETIC DATA — PIPELINE/CONSTRAINT VERIFICATION ONLY
3,JAI_r6_c0,JAI,27.2124,75.4873,4.316,-4.589,6.3,316.8,SYNTHETIC DATA — PIPELINE/CONSTRAINT VERIFICATION ONLY
3,JAI_r6_c1,JAI,27.2124,75.5873,4.111,-4.371,6.0,316.8,SYNTHETIC DATA — PIPELINE/CONSTRAINT VERIFICATION ONLY
3,JAI_r6_c2,JAI,27.2124,75.6873,3.905,-4.152,5.7,316.8,SYNTHETIC DATA — PIPELINE/CONSTRAINT VERIFICATION ONLY
3,JAI_r6_c3,JAI,27.2124,75.7873,3.7,-3.933,5.4,316.8,SYNTHETIC DATA — PIPELINE/CONSTRAINT VERIFICATION ONLY
3,JAI_r6_c4,JAI,27.2124,75.8873,3.494,-3.715,5.1,316.8,SYNTHETIC DATA — PIPELINE/CONSTRAINT VERIFICATION ONLY
3,JAI_r6_c5,JAI,27.2124,75.9873,3.289,-3.496,4.8,316.8,SYNTHETIC DATA — PIPELINE/CONSTRAINT VERIFICATION ONLY
3,JAI_r6_c6,JAI,27.2124,76.0873,3.083,-3.278,4.5,316.8,SYNTHETIC DATA — PIPELINE/CONSTRAINT VERIFICATION ONLY
3,AMD_r0_c0,AMD,22.7225,72.2714,4.259,-1.452,4.5,288.8,SYNTHETIC DATA — PIPELINE/CONSTRAINT VERIFICATION ONLY
3,AMD_r0_c1,AMD,22.7225,72.3714,3.975,-1.355,4.2,288.8,SYNTHETIC DATA — PIPELINE/CONSTRAINT VERIFICATION ONLY
3,AMD_r0_c2,AMD,22.7225,72.4714,3.691,-1.258,3.9,288.8,SYNTHETIC DATA — PIPELINE/CONSTRAINT VERIFICATION ONLY
3,AMD_r0_c3,AMD,22.7225,72.5714,3.408,-1.161,3.6,288.8,SYNTHETIC DATA — PIPELINE/CONSTRAINT VERIFICATION ONLY
3,AMD_r0_c4,AMD,22.7225,72.6714,3.124,-1.065,3.3,288.8,SYNTHETIC DATA — PIPELINE/CONSTRAINT VERIFICATION ONLY
3,AMD_r0_c5,AMD,22.7225,72.7714,2.84,-0.968,3.0,288.8,SYNTHETIC DATA — PIPELINE/CONSTRAINT VERIFICATION ONLY
3,AMD_r0_c6,AMD,22.7225,72.8714,2.556,-0.871,2.7,288.8,SYNTHETIC DATA — PIPELINE/CONSTRAINT VERIFICATION ONLY
3,AMD_r1_c0,AMD,22.8225,72.2714,4.455,-1.787,4.8,291.9,SYNTHETIC DATA — PIPELINE/CONSTRAINT VERIFICATION ONLY
3,AMD_r1_c1,AMD,22.8225,72.3714,4.177,-1.675,4.5,291.9,SYNTHETIC DATA — PIPELINE/CONSTRAINT VERIFICATION ONLY
3,AMD_r1_c2,AMD,22.8225,72.4714,3.898,-1.563,4.2,291.9,SYNTHETIC DATA — PIPELINE/CONSTRAINT VERIFICATION ONLY
3,AMD_r1_c3,AMD,22.8225,72.5714,3.62,-1.452,3.9,291.9,SYNTHETIC DATA — PIPELINE/CONSTRAINT VERIFICATION ONLY
3,AMD_r1_c4,AMD,22.8225,72.6714,3.341,-1.34,3.6,291.9,SYNTHETIC DATA — PIPELINE/CONSTRAINT VERIFICATION ONLY
3,AMD_r1_c5,AMD,22.8225,72.7714,3.063,-1.228,3.3,291.9,SYNTHETIC DATA — PIPELINE/CONSTRAINT VERIFICATION ONLY
3,AMD_r1_c6,AMD,22.8225,72.8714,2.784,-1.117,3.0,291.9,SYNTHETIC DATA — PIPELINE/CONSTRAINT VERIFICATION ONLY
3,AMD_r2_c0,AMD,22.9225,72.2714,4.753,-1.85,5.1,291.3,SYNTHETIC DATA — PIPELINE/CONSTRAINT VERIFICATION ONLY
3,AMD_r2_c1,AMD,22.9225,72.3714,4.473,-1.741,4.8,291.3,SYNTHETIC DATA — PIPELINE/CONSTRAINT VERIFICATION ONLY
3,AMD_r2_c2,AMD,22.9225,72.4714,4.194,-1.632,4.5,291.3,SYNTHETIC DATA — PIPELINE/CONSTRAINT VERIFICATION ONLY
3,AMD_r2_c3,AMD,22.9225,72.5714,3.914,-1.523,4.2,291.3,SYNTHETIC DATA — PIPELINE/CONSTRAINT VERIFICATION ONLY
3,AMD_r2_c4,AMD,22.9225,72.6714,3.634,-1.414,3.9,291.3,SYNTHETIC DATA — PIPELINE/CONSTRAINT VERIFICATION ONLY
3,AMD_r2_c5,AMD,22.9225,72.7714,3.355,-1.306,3.6,291.3,SYNTHETIC DATA — PIPELINE/CONSTRAINT VERIFICATION ONLY
3,AMD_r2_c6,AMD,22.9225,72.8714,3.075,-1.197,3.3,291.3,SYNTHETIC DATA — PIPELINE/CONSTRAINT VERIFICATION ONLY
3,AMD_r3_c0,AMD,23.0225,72.2714,5.158,-1.597,5.4,287.2,SYNTHETIC DATA — PIPELINE/CONSTRAINT VERIFICATION ONLY
3,AMD_r3_c1,AMD,23.0225,72.3714,4.872,-1.508,5.1,287.2,SYNTHETIC DATA — PIPELINE/CONSTRAINT VERIFICATION ONLY
3,AMD_r3_c2,AMD,23.0225,72.4714,4.585,-1.42,4.8,287.2,SYNTHETIC DATA — PIPELINE/CONSTRAINT VERIFICATION ONLY
3,AMD_r3_c3,AMD,23.0225,72.5714,4.299,-1.331,4.5,287.2,SYNTHETIC DATA — PIPELINE/CONSTRAINT VERIFICATION ONLY
3,AMD_r3_c4,AMD,23.0225,72.6714,4.012,-1.242,4.2,287.2,SYNTHETIC DATA — PIPELINE/CONSTRAINT VERIFICATION ONLY
3,AMD_r3_c5,AMD,23.0225,72.7714,3.726,-1.153,3.9,287.2,SYNTHETIC DATA — PIPELINE/CONSTRAINT VERIFICATION ONLY
3,AMD_r3_c6,AMD,23.0225,72.8714,3.439,-1.065,3.6,287.2,SYNTHETIC DATA — PIPELINE/CONSTRAINT VERIFICATION ONLY
3,AMD_r4_c0,AMD,23.1225,72.2714,5.602,-1.054,5.7,280.7,SYNTHETIC DATA — PIPELINE/CONSTRAINT VERIFICATION ONLY
3,AMD_r4_c1,AMD,23.1225,72.3714,5.307,-0.999,5.4,280.7,SYNTHETIC DATA — PIPELINE/CONSTRAINT VERIFICATION ONLY
3,AMD_r4_c2,AMD,23.1225,72.4714,5.012,-0.943,5.1,280.7,SYNTHETIC DATA — PIPELINE/CONSTRAINT VERIFICATION ONLY
3,AMD_r4_c3,AMD,23.1225,72.5714,4.717,-0.888,4.8,280.7,SYNTHETIC DATA — PIPELINE/CONSTRAINT VERIFICATION ONLY
3,AMD_r4_c4,AMD,23.1225,72.6714,4.422,-0.832,4.5,280.7,SYNTHETIC DATA — PIPELINE/CONSTRAINT VERIFICATION ONLY
3,AMD_r4_c5,AMD,23.1225,72.7714,4.128,-0.777,4.2,280.7,SYNTHETIC DATA — PIPELINE/CONSTRAINT VERIFICATION ONLY
3,AMD_r4_c6,AMD,23.1225,72.8714,3.833,-0.721,3.9,280.7,SYNTHETIC DATA — PIPELINE/CONSTRAINT VERIFICATION ONLY
3,AMD_r5_c0,AMD,23.2225,72.2714,5.99,-0.339,6.0,273.2,SYNTHETIC DATA — PIPELINE/CONSTRAINT VERIFICATION ONLY
3,AMD_r5_c1,AMD,23.2225,72.3714,5.691,-0.322,5.7,273.2,SYNTHETIC DATA — PIPELINE/CONSTRAINT VERIFICATION ONLY
3,AMD_r5_c2,AMD,23.2225,72.4714,5.391,-0.305,5.4,273.2,SYNTHETIC DATA — PIPELINE/CONSTRAINT VERIFICATION ONLY
3,AMD_r5_c3,AMD,23.2225,72.5714,5.092,-0.288,5.1,273.2,SYNTHETIC DATA — PIPELINE/CONSTRAINT VERIFICATION ONLY
3,AMD_r5_c4,AMD,23.2225,72.6714,4.792,-0.271,4.8,273.2,SYNTHETIC DATA — PIPELINE/CONSTRAINT VERIFICATION ONLY
3,AMD_r5_c5,AMD,23.2225,72.7714,4.493,-0.254,4.5,273.2,SYNTHETIC DATA — PIPELINE/CONSTRAINT VERIFICATION ONLY
3,AMD_r5_c6,AMD,23.2225,72.8714,4.193,-0.237,4.2,273.2,SYNTHETIC DATA — PIPELINE/CONSTRAINT VERIFICATION ONLY
3,AMD_r6_c0,AMD,23.3225,72.2714,6.29,0.357,6.3,266.8,SYNTHETIC DATA — PIPELINE/CONSTRAINT VERIFICATION ONLY
3,AMD_r6_c1,AMD,23.3225,72.3714,5.99,0.34,6.0,266.8,SYNTHETIC DATA — PIPELINE/CONSTRAINT VERIFICATION ONLY
3,AMD_r6_c2,AMD,23.3225,72.4714,5.691,0.323,5.7,266.8,SYNTHETIC DATA — PIPELINE/CONSTRAINT VERIFICATION ONLY
3,AMD_r6_c3,AMD,23.3225,72.5714,5.391,0.306,5.4,266.8,SYNTHETIC DATA — PIPELINE/CONSTRAINT VERIFICATION ONLY
3,AMD_r6_c4,AMD,23.3225,72.6714,5.092,0.289,5.1,266.8,SYNTHETIC DATA — PIPELINE/CONSTRAINT VERIFICATION ONLY
3,AMD_r6_c5,AMD,23.3225,72.7714,4.792,0.272,4.8,266.8,SYNTHETIC DATA — PIPELINE/CONSTRAINT VERIFICATION ONLY
3,AMD_r6_c6,AMD,23.3225,72.8714,4.493,0.255,4.5,266.8,SYNTHETIC DATA — PIPELINE/CONSTRAINT VERIFICATION ONLY
3,CCU_r0_c0,CCU,22.2726,88.0639,3.85,2.33,4.5,238.8,SYNTHETIC DATA — PIPELINE/CONSTRAINT VERIFICATION ONLY
3,CCU_r0_c1,CCU,22.2726,88.1639,3.593,2.174,4.2,238.8,SYNTHETIC DATA — PIPELINE/CONSTRAINT VERIFICATION ONLY
3,CCU_r0_c2,CCU,22.2726,88.2639,3.337,2.019,3.9,238.8,SYNTHETIC DATA — PIPELINE/CONSTRAINT VERIFICATION ONLY
3,CCU_r0_c3,CCU,22.2726,88.3639,3.08,1.864,3.6,238.8,SYNTHETIC DATA — PIPELINE/CONSTRAINT VERIFICATION ONLY
3,CCU_r0_c4,CCU,22.2726,88.4639,2.823,1.708,3.3,238.8,SYNTHETIC DATA — PIPELINE/CONSTRAINT VERIFICATION ONLY
3,CCU_r0_c5,CCU,22.2726,88.5639,2.567,1.553,3.0,238.8,SYNTHETIC DATA — PIPELINE/CONSTRAINT VERIFICATION ONLY
3,CCU_r0_c6,CCU,22.2726,88.6639,2.31,1.398,2.7,238.8,SYNTHETIC DATA — PIPELINE/CONSTRAINT VERIFICATION ONLY
3,CCU_r1_c0,CCU,22.3726,88.0639,4.232,2.264,4.8,241.9,SYNTHETIC DATA — PIPELINE/CONSTRAINT VERIFICATION ONLY
3,CCU_r1_c1,CCU,22.3726,88.1639,3.968,2.123,4.5,241.9,SYNTHETIC DATA — PIPELINE/CONSTRAINT VERIFICATION ONLY
3,CCU_r1_c2,CCU,22.3726,88.2639,3.703,1.981,4.2,241.9,SYNTHETIC DATA — PIPELINE/CONSTRAINT VERIFICATION ONLY
3,CCU_r1_c3,CCU,22.3726,88.3639,3.439,1.84,3.9,241.9,SYNTHETIC DATA — PIPELINE/CONSTRAINT VERIFICATION ONLY
3,CCU_r1_c4,CCU,22.3726,88.4639,3.174,1.698,3.6,241.9,SYNTHETIC DATA — PIPELINE/CONSTRAINT VERIFICATION ONLY
3,CCU_r1_c5,CCU,22.3726,88.5639,2.91,1.557,3.3,241.9,SYNTHETIC DATA — PIPELINE/CONSTRAINT VERIFICATION ONLY
3,CCU_r1_c6,CCU,22.3726,88.6639,2.645,1.415,3.0,241.9,SYNTHETIC DATA — PIPELINE/CONSTRAINT VERIFICATION ONLY
3,CCU_r2_c0,CCU,22.4726,88.0639,4.472,2.452,5.1,241.3,SYNTHETIC DATA — PIPELINE/CONSTRAINT VERIFICATION ONLY
3,CCU_r2_c1,CCU,22.4726,88.1639,4.209,2.308,4.8,241.3,SYNTHETIC DATA — PIPELINE/CONSTRAINT VERIFICATION ONLY
3,CCU_r2_c2,CCU,22.4726,88.2639,3.946,2.163,4.5,241.3,SYNTHETIC DATA — PIPELINE/CONSTRAINT VERIFICATION ONLY
3,CCU_r2_c3,CCU,22.4726,88.3639,3.683,2.019,4.2,241.3,SYNTHETIC DATA — PIPELINE/CONSTRAINT VERIFICATION ONLY
3,CCU_r2_c4,CCU,22.4726,88.4639,3.42,1.875,3.9,241.3,SYNTHETIC DATA — PIPELINE/CONSTRAINT VERIFICATION ONLY
3,CCU_r2_c5,CCU,22.4726,88.5639,3.157,1.731,3.6,241.3,SYNTHETIC DATA — PIPELINE/CONSTRAINT VERIFICATION ONLY
3,CCU_r2_c6,CCU,22.4726,88.6639,2.894,1.586,3.3,241.3,SYNTHETIC DATA — PIPELINE/CONSTRAINT VERIFICATION ONLY
3,CCU_r3_c0,CCU,22.5726,88.0639,4.539,2.925,5.4,237.2,SYNTHETIC DATA — PIPELINE/CONSTRAINT VERIFICATION ONLY
3,CCU_r3_c1,CCU,22.5726,88.1639,4.287,2.762,5.1,237.2,SYNTHETIC DATA — PIPELINE/CONSTRAINT VERIFICATION ONLY
3,CCU_r3_c2,CCU,22.5726,88.2639,4.035,2.6,4.8,237.2,SYNTHETIC DATA — PIPELINE/CONSTRAINT VERIFICATION ONLY
3,CCU_r3_c3,CCU,22.5726,88.3639,3.783,2.437,4.5,237.2,SYNTHETIC DATA — PIPELINE/CONSTRAINT VERIFICATION ONLY
3,CCU_r3_c4,CCU,22.5726,88.4639,3.53,2.275,4.2,237.2,SYNTHETIC DATA — PIPELINE/CONSTRAINT VERIFICATION ONLY
3,CCU_r3_c5,CCU,22.5726,88.5639,3.278,2.112,3.9,237.2,SYNTHETIC DATA — PIPELINE/CONSTRAINT VERIFICATION ONLY
3,CCU_r3_c6,CCU,22.5726,88.6639,3.026,1.95,3.6,237.2,SYNTHETIC DATA — PIPELINE/CONSTRAINT VERIFICATION ONLY
3,CCU_r4_c0,CCU,22.6726,88.0639,4.408,3.613,5.7,230.7,SYNTHETIC DATA — PIPELINE/CONSTRAINT VERIFICATION ONLY
3,CCU_r4_c1,CCU,22.6726,88.1639,4.176,3.423,5.4,230.7,SYNTHETIC DATA — PIPELINE/CONSTRAINT VERIFICATION ONLY
3,CCU_r4_c2,CCU,22.6726,88.2639,3.944,3.233,5.1,230.7,SYNTHETIC DATA — PIPELINE/CONSTRAINT VERIFICATION ONLY
3,CCU_r4_c3,CCU,22.6726,88.3639,3.712,3.043,4.8,230.7,SYNTHETIC DATA — PIPELINE/CONSTRAINT VERIFICATION ONLY
3,CCU_r4_c4,CCU,22.6726,88.4639,3.48,2.853,4.5,230.7,SYNTHETIC DATA — PIPELINE/CONSTRAINT VERIFICATION ONLY
3,CCU_r4_c5,CCU,22.6726,88.5639,3.248,2.662,4.2,230.7,SYNTHETIC DATA — PIPELINE/CONSTRAINT VERIFICATION ONLY
3,CCU_r4_c6,CCU,22.6726,88.6639,3.016,2.472,3.9,230.7,SYNTHETIC DATA — PIPELINE/CONSTRAINT VERIFICATION ONLY
3,CCU_r5_c0,CCU,22.7726,88.0639,4.11,4.371,6.0,223.2,SYNTHETIC DATA — PIPELINE/CONSTRAINT VERIFICATION ONLY
3,CCU_r5_c1,CCU,22.7726,88.1639,3.905,4.153,5.7,223.2,SYNTHETIC DATA — PIPELINE/CONSTRAINT VERIFICATION ONLY
3,CCU_r5_c2,CCU,22.7726,88.2639,3.699,3.934,5.4,223.2,SYNTHETIC DATA — PIPELINE/CONSTRAINT VERIFICATION ONLY
3,CCU_r5_c3,CCU,22.7726,88.3639,3.494,3.715,5.1,223.2,SYNTHETIC DATA — PIPELINE/CONSTRAINT VERIFICATION ONLY
3,CCU_r5_c4,CCU,22.7726,88.4639,3.288,3.497,4.8,223.2,SYNTHETIC DATA — PIPELINE/CONSTRAINT VERIFICATION ONLY
3,CCU_r5_c5,CCU,22.7726,88.5639,3.083,3.278,4.5,223.2,SYNTHETIC DATA — PIPELINE/CONSTRAINT VERIFICATION ONLY
3,CCU_r5_c6,CCU,22.7726,88.6639,2.877,3.06,4.2,223.2,SYNTHETIC DATA — PIPELINE/CONSTRAINT VERIFICATION ONLY
3,CCU_r6_c0,CCU,22.8726,88.0639,3.77,5.048,6.3,216.8,SYNTHETIC DATA — PIPELINE/CONSTRAINT VERIFICATION ONLY
3,CCU_r6_c1,CCU,22.8726,88.1639,3.59,4.807,6.0,216.8,SYNTHETIC DATA — PIPELINE/CONSTRAINT VERIFICATION ONLY
3,CCU_r6_c2,CCU,22.8726,88.2639,3.411,4.567,5.7,216.8,SYNTHETIC DATA — PIPELINE/CONSTRAINT VERIFICATION ONLY
3,CCU_r6_c3,CCU,22.8726,88.3639,3.231,4.327,5.4,216.8,SYNTHETIC DATA — PIPELINE/CONSTRAINT VERIFICATION ONLY
3,CCU_r6_c4,CCU,22.8726,88.4639,3.052,4.086,5.1,216.8,SYNTHETIC DATA — PIPELINE/CONSTRAINT VERIFICATION ONLY
3,CCU_r6_c5,CCU,22.8726,88.5639,2.872,3.846,4.8,216.8,SYNTHETIC DATA — PIPELINE/CONSTRAINT VERIFICATION ONLY
3,CCU_r6_c6,CCU,22.8726,88.6639,2.693,3.605,4.5,216.8,SYNTHETIC DATA — PIPELINE/CONSTRAINT VERIFICATION ONLY
3,HYD_r0_c0,HYD,17.085,78.1867,4.415,0.872,4.5,258.8,SYNTHETIC DATA — PIPELINE/CONSTRAINT VERIFICATION ONLY
3,HYD_r0_c1,HYD,17.085,78.2867,4.12,0.814,4.2,258.8,SYNTHETIC DATA — PIPELINE/CONSTRAINT VERIFICATION ONLY
3,HYD_r0_c2,HYD,17.085,78.3867,3.826,0.756,3.9,258.8,SYNTHETIC DATA — PIPELINE/CONSTRAINT VERIFICATION ONLY
3,HYD_r0_c3,HYD,17.085,78.4867,3.532,0.698,3.6,258.8,SYNTHETIC DATA — PIPELINE/CONSTRAINT VERIFICATION ONLY
3,HYD_r0_c4,HYD,17.085,78.5867,3.237,0.64,3.3,258.8,SYNTHETIC DATA — PIPELINE/CONSTRAINT VERIFICATION ONLY
3,HYD_r0_c5,HYD,17.085,78.6867,2.943,0.582,3.0,258.8,SYNTHETIC DATA — PIPELINE/CONSTRAINT VERIFICATION ONLY
3,HYD_r0_c6,HYD,17.085,78.7867,2.649,0.523,2.7,258.8,SYNTHETIC DATA — PIPELINE/CONSTRAINT VERIFICATION ONLY
3,HYD_r1_c0,HYD,17.185,78.1867,4.752,0.68,4.8,261.9,SYNTHETIC DATA — PIPELINE/CONSTRAINT VERIFICATION ONLY
3,HYD_r1_c1,HYD,17.185,78.2867,4.455,0.638,4.5,261.9,SYNTHETIC DATA — PIPELINE/CONSTRAINT VERIFICATION ONLY
3,HYD_r1_c2,HYD,17.185,78.3867,4.158,0.595,4.2,261.9,SYNTHETIC DATA — PIPELINE/CONSTRAINT VERIFICATION ONLY
3,HYD_r1_c3,HYD,17.185,78.4867,3.861,0.553,3.9,261.9,SYNTHETIC DATA — PIPELINE/CONSTRAINT VERIFICATION ONLY
3,HYD_r1_c4,HYD,17.185,78.5867,3.564,0.51,3.6,261.9,SYNTHETIC DATA — PIPELINE/CONSTRAINT VERIFICATION ONLY
3,HYD_r1_c5,HYD,17.185,78.6867,3.267,0.468,3.3,261.9,SYNTHETIC DATA — PIPELINE/CONSTRAINT VERIFICATION ONLY
3,HYD_r1_c6,HYD,17.185,78.7867,2.97,0.425,3.0,261.9,SYNTHETIC DATA — PIPELINE/CONSTRAINT VERIFICATION ONLY
3,HYD_r2_c0,HYD,17.285,78.1867,5.041,0.774,5.1,261.3,SYNTHETIC DATA — PIPELINE/CONSTRAINT VERIFICATION ONLY
3,HYD_r2_c1,HYD,17.285,78.2867,4.744,0.729,4.8,261.3,SYNTHETIC DATA — PIPELINE/CONSTRAINT VERIFICATION ONLY
3,HYD_r2_c2,HYD,17.285,78.3867,4.448,0.683,4.5,261.3,SYNTHETIC DATA — PIPELINE/CONSTRAINT VERIFICATION ONLY
3,HYD_r2_c3,HYD,17.285,78.4867,4.151,0.638,4.2,261.3,SYNTHETIC DATA — PIPELINE/CONSTRAINT VERIFICATION ONLY
3,HYD_r2_c4,HYD,17.285,78.5867,3.855,0.592,3.9,261.3,SYNTHETIC DATA — PIPELINE/CONSTRAINT VERIFICATION ONLY
3,HYD_r2_c5,HYD,17.285,78.6867,3.558,0.547,3.6,261.3,SYNTHETIC DATA — PIPELINE/CONSTRAINT VERIFICATION ONLY
3,HYD_r2_c6,HYD,17.285,78.7867,3.262,0.501,3.3,261.3,SYNTHETIC DATA — PIPELINE/CONSTRAINT VERIFICATION ONLY
3,HYD_r3_c0,HYD,17.385,78.1867,5.266,1.196,5.4,257.2,SYNTHETIC DATA — PIPELINE/CONSTRAINT VERIFICATION ONLY
3,HYD_r3_c1,HYD,17.385,78.2867,4.973,1.13,5.1,257.2,SYNTHETIC DATA — PIPELINE/CONSTRAINT VERIFICATION ONLY
3,HYD_r3_c2,HYD,17.385,78.3867,4.681,1.063,4.8,257.2,SYNTHETIC DATA — PIPELINE/CONSTRAINT VERIFICATION ONLY
3,HYD_r3_c3,HYD,17.385,78.4867,4.388,0.997,4.5,257.2,SYNTHETIC DATA — PIPELINE/CONSTRAINT VERIFICATION ONLY
3,HYD_r3_c4,HYD,17.385,78.5867,4.096,0.93,4.2,257.2,SYNTHETIC DATA — PIPELINE/CONSTRAINT VERIFICATION ONLY
3,HYD_r3_c5,HYD,17.385,78.6867,3.803,0.864,3.9,257.2,SYNTHETIC DATA — PIPELINE/CONSTRAINT VERIFICATION ONLY
3,HYD_r3_c6,HYD,17.385,78.7867,3.511,0.797,3.6,257.2,SYNTHETIC DATA — PIPELINE/CONSTRAINT VERIFICATION ONLY
3,HYD_r4_c0,HYD,17.485,78.1867,5.378,1.888,5.7,250.7,SYNTHETIC DATA — PIPELINE/CONSTRAINT VERIFICATION ONLY
3,HYD_r4_c1,HYD,17.485,78.2867,5.095,1.788,5.4,250.7,SYNTHETIC DATA — PIPELINE/CONSTRAINT VERIFICATION ONLY
3,HYD_r4_c2,HYD,17.485,78.3867,4.812,1.689,5.1,250.7,SYNTHETIC DATA — PIPELINE/CONSTRAINT VERIFICATION ONLY
3,HYD_r4_c3,HYD,17.485,78.4867,4.529,1.59,4.8,250.7,SYNTHETIC DATA — PIPELINE/CONSTRAINT VERIFICATION ONLY
3,HYD_r4_c4,HYD,17.485,78.5867,4.246,1.49,4.5,250.7,SYNTHETIC DATA — PIPELINE/CONSTRAINT VERIFICATION ONLY
3,HYD_r4_c5,HYD,17.485,78.6867,3.963,1.391,4.2,250.7,SYNTHETIC DATA — PIPELINE/CONSTRAINT VERIFICATION ONLY
3,HYD_r4_c6,HYD,17.485,78.7867,3.68,1.292,3.9,250.7,SYNTHETIC DATA — PIPELINE/CONSTRAINT VERIFICATION ONLY
3,HYD_r5_c0,HYD,17.585,78.1867,5.357,2.702,6.0,243.2,SYNTHETIC DATA — PIPELINE/CONSTRAINT VERIFICATION ONLY
3,HYD_r5_c1,HYD,17.585,78.2867,5.089,2.567,5.7,243.2,SYNTHETIC DATA — PIPELINE/CONSTRAINT VERIFICATION ONLY
3,HYD_r5_c2,HYD,17.585,78.3867,4.822,2.432,5.4,243.2,SYNTHETIC DATA — PIPELINE/CONSTRAINT VERIFICATION ONLY
3,HYD_r5_c3,HYD,17.585,78.4867,4.554,2.296,5.1,243.2,SYNTHETIC DATA — PIPELINE/CONSTRAINT VERIFICATION ONLY
3,HYD_r5_c4,HYD,17.585,78.5867,4.286,2.161,4.8,243.2,SYNTHETIC DATA — PIPELINE/CONSTRAINT VERIFICATION ONLY
3,HYD_r5_c5,HYD,17.585,78.6867,4.018,2.026,4.5,243.2,SYNTHETIC DATA — PIPELINE/CONSTRAINT VERIFICATION ONLY
3,HYD_r5_c6,HYD,17.585,78.7867,3.75,1.891,4.2,243.2,SYNTHETIC DATA — PIPELINE/CONSTRAINT VERIFICATION ONLY
3,HYD_r6_c0,HYD,17.685,78.1867,5.269,3.454,6.3,236.8,SYNTHETIC DATA — PIPELINE/CONSTRAINT VERIFICATION ONLY
3,HYD_r6_c1,HYD,17.685,78.2867,5.018,3.289,6.0,236.8,SYNTHETIC DATA — PIPELINE/CONSTRAINT VERIFICATION ONLY
3,HYD_r6_c2,HYD,17.685,78.3867,4.767,3.125,5.7,236.8,SYNTHETIC DATA — PIPELINE/CONSTRAINT VERIFICATION ONLY
3,HYD_r6_c3,HYD,17.685,78.4867,4.516,2.96,5.4,236.8,SYNTHETIC DATA — PIPELINE/CONSTRAINT VERIFICATION ONLY
3,HYD_r6_c4,HYD,17.685,78.5867,4.265,2.796,5.1,236.8,SYNTHETIC DATA — PIPELINE/CONSTRAINT VERIFICATION ONLY
3,HYD_r6_c5,HYD,17.685,78.6867,4.014,2.631,4.8,236.8,SYNTHETIC DATA — PIPELINE/CONSTRAINT VERIFICATION ONLY
3,HYD_r6_c6,HYD,17.685,78.7867,3.763,2.467,4.5,236.8,SYNTHETIC DATA — PIPELINE/CONSTRAINT VERIFICATION ONLY
3,BLR_r0_c0,BLR,12.6716,77.2946,4.499,0.093,4.5,268.8,SYNTHETIC DATA — PIPELINE/CONSTRAINT VERIFICATION ONLY
3,BLR_r0_c1,BLR,12.6716,77.3946,4.199,0.086,4.2,268.8,SYNTHETIC DATA — PIPELINE/CONSTRAINT VERIFICATION ONLY
3,BLR_r0_c2,BLR,12.6716,77.4946,3.899,0.08,3.9,268.8,SYNTHETIC DATA — PIPELINE/CONSTRAINT VERIFICATION ONLY
3,BLR_r0_c3,BLR,12.6716,77.5946,3.599,0.074,3.6,268.8,SYNTHETIC DATA — PIPELINE/CONSTRAINT VERIFICATION ONLY
3,BLR_r0_c4,BLR,12.6716,77.6946,3.299,0.068,3.3,268.8,SYNTHETIC DATA — PIPELINE/CONSTRAINT VERIFICATION ONLY
3,BLR_r0_c5,BLR,12.6716,77.7946,2.999,0.062,3.0,268.8,SYNTHETIC DATA — PIPELINE/CONSTRAINT VERIFICATION ONLY
3,BLR_r0_c6,BLR,12.6716,77.8946,2.699,0.056,2.7,268.8,SYNTHETIC DATA — PIPELINE/CONSTRAINT VERIFICATION ONLY
3,BLR_r1_c0,BLR,12.7716,77.2946,4.797,-0.155,4.8,271.9,SYNTHETIC DATA — PIPELINE/CONSTRAINT VERIFICATION ONLY
3,BLR_r1_c1,BLR,12.7716,77.3946,4.498,-0.145,4.5,271.9,SYNTHETIC DATA — PIPELINE/CONSTRAINT VERIFICATION ONLY
3,BLR_r1_c2,BLR,12.7716,77.4946,4.198,-0.136,4.2,271.9,SYNTHETIC DATA — PIPELINE/CONSTRAINT VERIFICATION ONLY
3,BLR_r1_c3,BLR,12.7716,77.5946,3.898,-0.126,3.9,271.9,SYNTHETIC DATA — PIPELINE/CONSTRAINT VERIFICATION ONLY
3,BLR_r1_c4,BLR,12.7716,77.6946,3.598,-0.116,3.6,271.9,SYNTHETIC DATA — PIPELINE/CONSTRAINT VERIFICATION ONLY
3,BLR_r1_c5,BLR,12.7716,77.7946,3.298,-0.107,3.3,271.9,SYNTHETIC DATA — PIPELINE/CONSTRAINT VERIFICATION ONLY
3,BLR_r1_c6,BLR,12.7716,77.8946,2.998,-0.097,3.0,271.9,SYNTHETIC DATA — PIPELINE/CONSTRAINT VERIFICATION ONLY
3,BLR_r2_c0,BLR,12.8716,77.2946,5.099,-0.113,5.1,271.3,SYNTHETIC DATA — PIPELINE/CONSTRAINT VERIFICATION ONLY
3,BLR_r2_c1,BLR,12.8716,77.3946,4.799,-0.106,4.8,271.3,SYNTHETIC DATA — PIPELINE/CONSTRAINT VERIFICATION ONLY
3,BLR_r2_c2,BLR,12.8716,77.4946,4.499,-0.099,4.5,271.3,SYNTHETIC DATA — PIPELINE/CONSTRAINT VERIFICATION ONLY
3,BLR_r2_c3,BLR,12.8716,77.5946,4.199,-0.093,4.2,271.3,SYNTHETIC DATA — PIPELINE/CONSTRAINT VERIFICATION ONLY
3,BLR_r2_c4,BLR,12.8716,77.6946,3.899,-0.086,3.9,271.3,SYNTHETIC DATA — PIPELINE/CONSTRAINT VERIFICATION ONLY
3,BLR_r2_c5,BLR,12.8716,77.7946,3.599,-0.08,3.6,271.3,SYNTHETIC DATA — PIPELINE/CONSTRAINT VERIFICATION ONLY
3,BLR_r2_c6,BLR,12.8716,77.8946,3.299,-0.073,3.3,271.3,SYNTHETIC DATA — PIPELINE/CONSTRAINT VERIFICATION ONLY
3,BLR_r3_c0,BLR,12.9716,77.2946,5.394,0.264,5.4,267.2,SYNTHETIC DATA — PIPELINE/CONSTRAINT VERIFICATION ONLY
3,BLR_r3_c1,BLR,12.9716,77.3946,5.094,0.249,5.1,267.2,SYNTHETIC DATA — PIPELINE/CONSTRAINT VERIFICATION ONLY
3,BLR_r3_c2,BLR,12.9716,77.4946,4.794,0.234,4.8,267.2,SYNTHETIC DATA — PIPELINE/CONSTRAINT VERIFICATION ONLY
3,BLR_r3_c3,BLR,12.9716,77.5946,4.495,0.22,4.5,267.2,SYNTHETIC DATA — PIPELINE/CONSTRAINT VERIFICATION ONLY
3,BLR_r3_c4,BLR,12.9716,77.6946,4.195,0.205,4.2,267.2,SYNTHETIC DATA — PIPELINE/CONSTRAINT VERIFICATION ONLY
3,BLR_r3_c5,BLR,12.9716,77.7946,3.895,0.19,3.9,267.2,SYNTHETIC DATA — PIPELINE/CONSTRAINT VERIFICATION ONLY
3,BLR_r3_c6,BLR,12.9716,77.8946,3.596,0.176,3.6,267.2,SYNTHETIC DATA — PIPELINE/CONSTRAINT VERIFICATION ONLY
3,BLR_r4_c0,BLR,13.0716,77.2946,5.624,0.925,5.7,260.7,SYNTHETIC DATA — PIPELINE/CONSTRAINT VERIFICATION ONLY
3,BLR_r4_c1,BLR,13.0716,77.3946,5.328,0.876,5.4,260.7,SYNTHETIC DATA — PIPELINE/CONSTRAINT VERIFICATION ONLY
3,BLR_r4_c2,BLR,13.0716,77.4946,5.032,0.828,5.1,260.7,SYNTHETIC DATA — PIPELINE/CONSTRAINT VERIFICATION ONLY
3,BLR_r4_c3,BLR,13.0716,77.5946,4.736,0.779,4.8,260.7,SYNTHETIC DATA — PIPELINE/CONSTRAINT VERIFICATION ONLY
3,BLR_r4_c4,BLR,13.0716,77.6946,4.44,0.73,4.5,260.7,SYNTHETIC DATA — PIPELINE/CONSTRAINT VERIFICATION ONLY
3,BLR_r4_c5,BLR,13.0716,77.7946,4.144,0.682,4.2,260.7,SYNTHETIC DATA — PIPELINE/CONSTRAINT VERIFICATION ONLY
3,BLR_r4_c6,BLR,13.0716,77.8946,3.848,0.633,3.9,260.7,SYNTHETIC DATA — PIPELINE/CONSTRAINT VERIFICATION ONLY
3,BLR_r5_c0,BLR,13.1716,77.2946,5.745,1.73,6.0,253.2,SYNTHETIC DATA — PIPELINE/CONSTRAINT VERIFICATION ONLY
3,BLR_r5_c1,BLR,13.1716,77.3946,5.458,1.644,5.7,253.2,SYNTHETIC DATA — PIPELINE/CONSTRAINT VERIFICATION ONLY
3,BLR_r5_c2,BLR,13.1716,77.4946,5.171,1.557,5.4,253.2,SYNTHETIC DATA — PIPELINE/CONSTRAINT VERIFICATION ONLY
3,BLR_r5_c3,BLR,13.1716,77.5946,4.883,1.471,5.1,253.2,SYNTHETIC DATA — PIPELINE/CONSTRAINT VERIFICATION ONLY
3,BLR_r5_c4,BLR,13.1716,77.6946,4.596,1.384,4.8,253.2,SYNTHETIC DATA — PIPELINE/CONSTRAINT VERIFICATION ONLY
3,BLR_r5_c5,BLR,13.1716,77.7946,4.309,1.298,4.5,253.2,SYNTHETIC DATA — PIPELINE/CONSTRAINT VERIFICATION ONLY
3,BLR_r5_c6,BLR,13.1716,77.8946,4.022,1.211,4.2,253.2,SYNTHETIC DATA — PIPELINE/CONSTRAINT VERIFICATION ONLY
3,BLR_r6_c0,BLR,13.2716,77.2946,5.789,2.486,6.3,246.8,SYNTHETIC DATA — PIPELINE/CONSTRAINT VERIFICATION ONLY
3,BLR_r6_c1,BLR,13.2716,77.3946,5.513,2.368,6.0,246.8,SYNTHETIC DATA — PIPELINE/CONSTRAINT VERIFICATION ONLY
3,BLR_r6_c2,BLR,13.2716,77.4946,5.237,2.25,5.7,246.8,SYNTHETIC DATA — PIPELINE/CONSTRAINT VERIFICATION ONLY
3,BLR_r6_c3,BLR,13.2716,77.5946,4.962,2.131,5.4,246.8,SYNTHETIC DATA — PIPELINE/CONSTRAINT VERIFICATION ONLY
3,BLR_r6_c4,BLR,13.2716,77.6946,4.686,2.013,5.1,246.8,SYNTHETIC DATA — PIPELINE/CONSTRAINT VERIFICATION ONLY
3,BLR_r6_c5,BLR,13.2716,77.7946,4.41,1.894,4.8,246.8,SYNTHETIC DATA — PIPELINE/CONSTRAINT VERIFICATION ONLY
3,BLR_r6_c6,BLR,13.2716,77.8946,4.135,1.776,4.5,246.8,SYNTHETIC DATA — PIPELINE/CONSTRAINT VERIFICATION ONLY
3,MAA_r0_c0,MAA,12.7827,79.9707,-3.506,2.821,4.5,128.8,SYNTHETIC DATA — PIPELINE/CONSTRAINT VERIFICATION ONLY
3,MAA_r0_c1,MAA,12.7827,80.0707,-3.272,2.633,4.2,128.8,SYNTHETIC DATA — PIPELINE/CONSTRAINT VERIFICATION ONLY
3,MAA_r0_c2,MAA,12.7827,80.1707,-3.039,2.445,3.9,128.8,SYNTHETIC DATA — PIPELINE/CONSTRAINT VERIFICATION ONLY
3,MAA_r0_c3,MAA,12.7827,80.2707,-2.805,2.257,3.6,128.8,SYNTHETIC DATA — PIPELINE/CONSTRAINT VERIFICATION ONLY
3,MAA_r0_c4,MAA,12.7827,80.3707,-2.571,2.069,3.3,128.8,SYNTHETIC DATA — PIPELINE/CONSTRAINT VERIFICATION ONLY
3,MAA_r0_c5,MAA,12.7827,80.4707,-2.337,1.881,3.0,128.8,SYNTHETIC DATA — PIPELINE/CONSTRAINT VERIFICATION ONLY
3,MAA_r0_c6,MAA,12.7827,80.5707,-2.104,1.693,2.7,128.8,SYNTHETIC DATA — PIPELINE/CONSTRAINT VERIFICATION ONLY
3,MAA_r1_c0,MAA,12.8827,79.9707,-3.575,3.203,4.8,131.9,SYNTHETIC DATA — PIPELINE/CONSTRAINT VERIFICATION ONLY
3,MAA_r1_c1,MAA,12.8827,80.0707,-3.352,3.002,4.5,131.9,SYNTHETIC DATA — PIPELINE/CONSTRAINT VERIFICATION ONLY
3,MAA_r1_c2,MAA,12.8827,80.1707,-3.128,2.802,4.2,131.9,SYNTHETIC DATA — PIPELINE/CONSTRAINT VERIFICATION ONLY
3,MAA_r1_c3,MAA,12.8827,80.2707,-2.905,2.602,3.9,131.9,SYNTHETIC DATA — PIPELINE/CONSTRAINT VERIFICATION ONLY
3,MAA_r1_c4,MAA,12.8827,80.3707,-2.682,2.402,3.6,131.9,SYNTHETIC DATA — PIPELINE/CONSTRAINT VERIFICATION ONLY
3,MAA_r1_c5,MAA,12.8827,80.4707,-2.458,2.202,3.3,131.9,SYNTHETIC DATA — PIPELINE/CONSTRAINT VERIFICATION ONLY
3,MAA_r1_c6,MAA,12.8827,80.5707,-2.235,2.002,3.0,131.9,SYNTHETIC DATA — PIPELINE/CONSTRAINT VERIFICATION ONLY
3,MAA_r2_c0,MAA,12.9827,79.9707,-3.833,3.364,5.1,131.3,SYNTHETIC DATA — PIPELINE/CONSTRAINT VERIFICATION ONLY
3,MAA_r2_c1,MAA,12.9827,80.0707,-3.608,3.166,4.8,131.3,SYNTHETIC DATA — PIPELINE/CONSTRAINT VERIFICATION ONLY
3,MAA_r2_c2,MAA,12.9827,80.1707,-3.382,2.968,4.5,131.3,SYNTHETIC DATA — PIPELINE/CONSTRAINT VERIFICATION ONLY
3,MAA_r2_c3,MAA,12.9827,80.2707,-3.157,2.77,4.2,131.3,SYNTHETIC DATA — PIPELINE/CONSTRAINT VERIFICATION ONLY
3,MAA_r2_c4,MAA,12.9827,80.3707,-2.931,2.572,3.9,131.3,SYNTHETIC DATA — PIPELINE/CONSTRAINT VERIFICATION ONLY
3,MAA_r2_c5,MAA,12.9827,80.4707,-2.706,2.374,3.6,131.3,SYNTHETIC DATA — PIPELINE/CONSTRAINT VERIFICATION ONLY
3,MAA_r2_c6,MAA,12.9827,80.5707,-2.48,2.177,3.3,131.3,SYNTHETIC DATA — PIPELINE/CONSTRAINT VERIFICATION ONLY
3,MAA_r3_c0,MAA,13.0827,79.9707,-4.301,3.265,5.4,127.2,SYNTHETIC DATA — PIPELINE/CONSTRAINT VERIFICATION ONLY
3,MAA_r3_c1,MAA,13.0827,80.0707,-4.062,3.084,5.1,127.2,SYNTHETIC DATA — PIPELINE/CONSTRAINT VERIFICATION ONLY
3,MAA_r3_c2,MAA,13.0827,80.1707,-3.823,2.902,4.8,127.2,SYNTHETIC DATA — PIPELINE/CONSTRAINT VERIFICATION ONLY
3,MAA_r3_c3,MAA,13.0827,80.2707,-3.584,2.721,4.5,127.2,SYNTHETIC DATA — PIPELINE/CONSTRAINT VERIFICATION ONLY
3,MAA_r3_c4,MAA,13.0827,80.3707,-3.345,2.539,4.2,127.2,SYNTHETIC DATA — PIPELINE/CONSTRAINT VERIFICATION ONLY
3,MAA_r3_c5,MAA,13.0827,80.4707,-3.106,2.358,3.9,127.2,SYNTHETIC DATA — PIPELINE/CONSTRAINT VERIFICATION ONLY
3,MAA_r3_c6,MAA,13.0827,80.5707,-2.867,2.177,3.6,127.2,SYNTHETIC DATA — PIPELINE/CONSTRAINT VERIFICATION ONLY
3,MAA_r4_c0,MAA,13.1827,79.9707,-4.903,2.907,5.7,120.7,SYNTHETIC DATA — PIPELINE/CONSTRAINT VERIFICATION ONLY
3,MAA_r4_c1,MAA,13.1827,80.0707,-4.645,2.754,5.4,120.7,SYNTHETIC DATA — PIPELINE/CONSTRAINT VERIFICATION ONLY
3,MAA_r4_c2,MAA,13.1827,80.1707,-4.387,2.601,5.1,120.7,SYNTHETIC DATA — PIPELINE/CONSTRAINT VERIFICATION ONLY
3,MAA_r4_c3,MAA,13.1827,80.2707,-4.129,2.448,4.8,120.7,SYNTHETIC DATA — PIPELINE/CONSTRAINT VERIFICATION ONLY
3,MAA_r4_c4,MAA,13.1827,80.3707,-3.871,2.295,4.5,120.7,SYNTHETIC DATA — PIPELINE/CONSTRAINT VERIFICATION ONLY
3,MAA_r4_c5,MAA,13.1827,80.4707,-3.613,2.142,4.2,120.7,SYNTHETIC DATA — PIPELINE/CONSTRAINT VERIFICATION ONLY
3,MAA_r4_c6,MAA,13.1827,80.5707,-3.355,1.989,3.9,120.7,SYNTHETIC DATA — PIPELINE/CONSTRAINT VERIFICATION ONLY
3,MAA_r5_c0,MAA,13.2827,79.9707,-5.513,2.367,6.0,113.2,SYNTHETIC DATA — PIPELINE/CONSTRAINT VERIFICATION ONLY
3,MAA_r5_c1,MAA,13.2827,80.0707,-5.238,2.249,5.7,113.2,SYNTHETIC DATA — PIPELINE/CONSTRAINT VERIFICATION ONLY
3,MAA_r5_c2,MAA,13.2827,80.1707,-4.962,2.131,5.4,113.2,SYNTHETIC DATA — PIPELINE/CONSTRAINT VERIFICATION ONLY
3,MAA_r5_c3,MAA,13.2827,80.2707,-4.686,2.012,5.1,113.2,SYNTHETIC DATA — PIPELINE/CONSTRAINT VERIFICATION ONLY
3,MAA_r5_c4,MAA,13.2827,80.3707,-4.411,1.894,4.8,113.2,SYNTHETIC DATA — PIPELINE/CONSTRAINT VERIFICATION ONLY
3,MAA_r5_c5,MAA,13.2827,80.4707,-4.135,1.775,4.5,113.2,SYNTHETIC DATA — PIPELINE/CONSTRAINT VERIFICATION ONLY
3,MAA_r5_c6,MAA,13.2827,80.5707,-3.859,1.657,4.2,113.2,SYNTHETIC DATA — PIPELINE/CONSTRAINT VERIFICATION ONLY
3,MAA_r6_c0,MAA,13.3827,79.9707,-6.033,1.816,6.3,106.8,SYNTHETIC DATA — PIPELINE/CONSTRAINT VERIFICATION ONLY
3,MAA_r6_c1,MAA,13.3827,80.0707,-5.745,1.73,6.0,106.8,SYNTHETIC DATA — PIPELINE/CONSTRAINT VERIFICATION ONLY
3,MAA_r6_c2,MAA,13.3827,80.1707,-5.458,1.643,5.7,106.8,SYNTHETIC DATA — PIPELINE/CONSTRAINT VERIFICATION ONLY
3,MAA_r6_c3,MAA,13.3827,80.2707,-5.171,1.557,5.4,106.8,SYNTHETIC DATA — PIPELINE/CONSTRAINT VERIFICATION ONLY
3,MAA_r6_c4,MAA,13.3827,80.3707,-4.883,1.47,5.1,106.8,SYNTHETIC DATA — PIPELINE/CONSTRAINT VERIFICATION ONLY
3,MAA_r6_c5,MAA,13.3827,80.4707,-4.596,1.384,4.8,106.8,SYNTHETIC DATA — PIPELINE/CONSTRAINT VERIFICATION ONLY
3,MAA_r6_c6,MAA,13.3827,80.5707,-4.309,1.297,4.5,106.8,SYNTHETIC DATA — PIPELINE/CONSTRAINT VERIFICATION ONLY
4,DEL_r0_c0,DEL,28.3139,76.909,1.427,-3.468,3.75,337.6,SYNTHETIC DATA — PIPELINE/CONSTRAINT VERIFICATION ONLY
4,DEL_r0_c1,DEL,28.3139,77.009,1.312,-3.191,3.45,337.6,SYNTHETIC DATA — PIPELINE/CONSTRAINT VERIFICATION ONLY
4,DEL_r0_c2,DEL,28.3139,77.109,1.198,-2.913,3.15,337.6,SYNTHETIC DATA — PIPELINE/CONSTRAINT VERIFICATION ONLY
4,DEL_r0_c3,DEL,28.3139,77.209,1.084,-2.636,2.85,337.6,SYNTHETIC DATA — PIPELINE/CONSTRAINT VERIFICATION ONLY
4,DEL_r0_c4,DEL,28.3139,77.309,0.97,-2.358,2.55,337.6,SYNTHETIC DATA — PIPELINE/CONSTRAINT VERIFICATION ONLY
4,DEL_r0_c5,DEL,28.3139,77.409,0.856,-2.081,2.25,337.6,SYNTHETIC DATA — PIPELINE/CONSTRAINT VERIFICATION ONLY
4,DEL_r0_c6,DEL,28.3139,77.509,0.742,-1.803,1.95,337.6,SYNTHETIC DATA — PIPELINE/CONSTRAINT VERIFICATION ONLY
4,DEL_r1_c0,DEL,28.4139,76.909,1.482,-3.769,4.05,338.5,SYNTHETIC DATA — PIPELINE/CONSTRAINT VERIFICATION ONLY
4,DEL_r1_c1,DEL,28.4139,77.009,1.372,-3.49,3.75,338.5,SYNTHETIC DATA — PIPELINE/CONSTRAINT VERIFICATION ONLY
4,DEL_r1_c2,DEL,28.4139,77.109,1.262,-3.211,3.45,338.5,SYNTHETIC DATA — PIPELINE/CONSTRAINT VERIFICATION ONLY
4,DEL_r1_c3,DEL,28.4139,77.209,1.153,-2.932,3.15,338.5,SYNTHETIC DATA — PIPELINE/CONSTRAINT VERIFICATION ONLY
4,DEL_r1_c4,DEL,28.4139,77.309,1.043,-2.652,2.85,338.5,SYNTHETIC DATA — PIPELINE/CONSTRAINT VERIFICATION ONLY
4,DEL_r1_c5,DEL,28.4139,77.409,0.933,-2.373,2.55,338.5,SYNTHETIC DATA — PIPELINE/CONSTRAINT VERIFICATION ONLY
4,DEL_r1_c6,DEL,28.4139,77.509,0.823,-2.094,2.25,338.5,SYNTHETIC DATA — PIPELINE/CONSTRAINT VERIFICATION ONLY
4,DEL_r2_c0,DEL,28.5139,76.909,1.784,-3.967,4.35,335.8,SYNTHETIC DATA — PIPELINE/CONSTRAINT VERIFICATION ONLY
4,DEL_r2_c1,DEL,28.5139,77.009,1.661,-3.694,4.05,335.8,SYNTHETIC DATA — PIPELINE/CONSTRAINT VERIFICATION ONLY
4,DEL_r2_c2,DEL,28.5139,77.109,1.538,-3.42,3.75,335.8,SYNTHETIC DATA — PIPELINE/CONSTRAINT VERIFICATION ONLY
4,DEL_r2_c3,DEL,28.5139,77.209,1.415,-3.147,3.45,335.8,SYNTHETIC DATA — PIPELINE/CONSTRAINT VERIFICATION ONLY
4,DEL_r2_c4,DEL,28.5139,77.309,1.292,-2.873,3.15,335.8,SYNTHETIC DATA — PIPELINE/CONSTRAINT VERIFICATION ONLY
4,DEL_r2_c5,DEL,28.5139,77.409,1.169,-2.599,2.85,335.8,SYNTHETIC DATA — PIPELINE/CONSTRAINT VERIFICATION ONLY
4,DEL_r2_c6,DEL,28.5139,77.509,1.046,-2.326,2.55,335.8,SYNTHETIC DATA — PIPELINE/CONSTRAINT VERIFICATION ONLY
4,DEL_r3_c0,DEL,28.6139,76.909,2.32,-4.03,4.65,330.1,SYNTHETIC DATA — PIPELINE/CONSTRAINT VERIFICATION ONLY
4,DEL_r3_c1,DEL,28.6139,77.009,2.17,-3.77,4.35,330.1,SYNTHETIC DATA — PIPELINE/CONSTRAINT VERIFICATION ONLY
4,DEL_r3_c2,DEL,28.6139,77.109,2.021,-3.51,4.05,330.1,SYNTHETIC DATA — PIPELINE/CONSTRAINT VERIFICATION ONLY
4,DEL_r3_c3,DEL,28.6139,77.209,1.871,-3.25,3.75,330.1,SYNTHETIC DATA — PIPELINE/CONSTRAINT VERIFICATION ONLY
4,DEL_r3_c4,DEL,28.6139,77.309,1.721,-2.99,3.45,330.1,SYNTHETIC DATA — PIPELINE/CONSTRAINT VERIFICATION ONLY
4,DEL_r3_c5,DEL,28.6139,77.409,1.572,-2.73,3.15,330.1,SYNTHETIC DATA — PIPELINE/CONSTRAINT VERIFICATION ONLY
4,DEL_r3_c6,DEL,28.6139,77.509,1.422,-2.47,2.85,330.1,SYNTHETIC DATA — PIPELINE/CONSTRAINT VERIFICATION ONLY
4,DEL_r4_c0,DEL,28.7139,76.909,2.994,-3.942,4.95,322.8,SYNTHETIC DATA — PIPELINE/CONSTRAINT VERIFICATION ONLY
4,DEL_r4_c1,DEL,28.7139,77.009,2.812,-3.703,4.65,322.8,SYNTHETIC DATA — PIPELINE/CONSTRAINT VERIFICATION ONLY
4,DEL_r4_c2,DEL,28.7139,77.109,2.631,-3.464,4.35,322.8,SYNTHETIC DATA — PIPELINE/CONSTRAINT VERIFICATION ONLY
4,DEL_r4_c3,DEL,28.7139,77.209,2.449,-3.225,4.05,322.8,SYNTHETIC DATA — PIPELINE/CONSTRAINT VERIFICATION ONLY
4,DEL_r4_c4,DEL,28.7139,77.309,2.268,-2.986,3.75,322.8,SYNTHETIC DATA — PIPELINE/CONSTRAINT VERIFICATION ONLY
4,DEL_r4_c5,DEL,28.7139,77.409,2.087,-2.747,3.45,322.8,SYNTHETIC DATA — PIPELINE/CONSTRAINT VERIFICATION ONLY
4,DEL_r4_c6,DEL,28.7139,77.509,1.905,-2.509,3.15,322.8,SYNTHETIC DATA — PIPELINE/CONSTRAINT VERIFICATION ONLY
4,DEL_r5_c0,DEL,28.8139,76.909,3.666,-3.758,5.25,315.7,SYNTHETIC DATA — PIPELINE/CONSTRAINT VERIFICATION ONLY
4,DEL_r5_c1,DEL,28.8139,77.009,3.456,-3.543,4.95,315.7,SYNTHETIC DATA — PIPELINE/CONSTRAINT VERIFICATION ONLY
4,DEL_r5_c2,DEL,28.8139,77.109,3.247,-3.329,4.65,315.7,SYNTHETIC DATA — PIPELINE/CONSTRAINT VERIFICATION ONLY
4,DEL_r5_c3,DEL,28.8139,77.209,3.037,-3.114,4.35,315.7,SYNTHETIC DATA — PIPELINE/CONSTRAINT VERIFICATION ONLY
4,DEL_r5_c4,DEL,28.8139,77.309,2.828,-2.899,4.05,315.7,SYNTHETIC DATA — PIPELINE/CONSTRAINT VERIFICATION ONLY
4,DEL_r5_c5,DEL,28.8139,77.409,2.618,-2.684,3.75,315.7,SYNTHETIC DATA — PIPELINE/CONSTRAINT VERIFICATION ONLY
4,DEL_r5_c6,DEL,28.8139,77.509,2.409,-2.47,3.45,315.7,SYNTHETIC DATA — PIPELINE/CONSTRAINT VERIFICATION ONLY
4,DEL_r6_c0,DEL,28.9139,76.909,4.215,-3.611,5.55,310.6,SYNTHETIC DATA — PIPELINE/CONSTRAINT VERIFICATION ONLY
4,DEL_r6_c1,DEL,28.9139,77.009,3.987,-3.416,5.25,310.6,SYNTHETIC DATA — PIPELINE/CONSTRAINT VERIFICATION ONLY
4,DEL_r6_c2,DEL,28.9139,77.109,3.759,-3.22,4.95,310.6,SYNTHETIC DATA — PIPELINE/CONSTRAINT VERIFICATION ONLY
4,DEL_r6_c3,DEL,28.9139,77.209,3.531,-3.025,4.65,310.6,SYNTHETIC DATA — PIPELINE/CONSTRAINT VERIFICATION ONLY
4,DEL_r6_c4,DEL,28.9139,77.309,3.303,-2.83,4.35,310.6,SYNTHETIC DATA — PIPELINE/CONSTRAINT VERIFICATION ONLY
4,DEL_r6_c5,DEL,28.9139,77.409,3.076,-2.635,4.05,310.6,SYNTHETIC DATA — PIPELINE/CONSTRAINT VERIFICATION ONLY
4,DEL_r6_c6,DEL,28.9139,77.509,2.848,-2.44,3.75,310.6,SYNTHETIC DATA — PIPELINE/CONSTRAINT VERIFICATION ONLY
4,BOM_r0_c0,BOM,18.776,72.5777,3.746,-0.173,3.75,272.6,SYNTHETIC DATA — PIPELINE/CONSTRAINT VERIFICATION ONLY
4,BOM_r0_c1,BOM,18.776,72.6777,3.446,-0.159,3.45,272.6,SYNTHETIC DATA — PIPELINE/CONSTRAINT VERIFICATION ONLY
4,BOM_r0_c2,BOM,18.776,72.7777,3.147,-0.145,3.15,272.6,SYNTHETIC DATA — PIPELINE/CONSTRAINT VERIFICATION ONLY
4,BOM_r0_c3,BOM,18.776,72.8777,2.847,-0.131,2.85,272.6,SYNTHETIC DATA — PIPELINE/CONSTRAINT VERIFICATION ONLY
4,BOM_r0_c4,BOM,18.776,72.9777,2.547,-0.117,2.55,272.6,SYNTHETIC DATA — PIPELINE/CONSTRAINT VERIFICATION ONLY
4,BOM_r0_c5,BOM,18.776,73.0777,2.248,-0.104,2.25,272.6,SYNTHETIC DATA — PIPELINE/CONSTRAINT VERIFICATION ONLY
4,BOM_r0_c6,BOM,18.776,73.1777,1.948,-0.09,1.95,272.6,SYNTHETIC DATA — PIPELINE/CONSTRAINT VERIFICATION ONLY
4,BOM_r1_c0,BOM,18.876,72.5777,4.042,-0.25,4.05,273.5,SYNTHETIC DATA — PIPELINE/CONSTRAINT VERIFICATION ONLY
4,BOM_r1_c1,BOM,18.876,72.6777,3.743,-0.231,3.75,273.5,SYNTHETIC DATA — PIPELINE/CONSTRAINT VERIFICATION ONLY
4,BOM_r1_c2,BOM,18.876,72.7777,3.443,-0.213,3.45,273.5,SYNTHETIC DATA — PIPELINE/CONSTRAINT VERIFICATION ONLY
4,BOM_r1_c3,BOM,18.876,72.8777,3.144,-0.194,3.15,273.5,SYNTHETIC DATA — PIPELINE/CONSTRAINT VERIFICATION ONLY
4,BOM_r1_c4,BOM,18.876,72.9777,2.845,-0.176,2.85,273.5,SYNTHETIC DATA — PIPELINE/CONSTRAINT VERIFICATION ONLY
4,BOM_r1_c5,BOM,18.876,73.0777,2.545,-0.157,2.55,273.5,SYNTHETIC DATA — PIPELINE/CONSTRAINT VERIFICATION ONLY
4,BOM_r1_c6,BOM,18.876,73.1777,2.246,-0.139,2.25,273.5,SYNTHETIC DATA — PIPELINE/CONSTRAINT VERIFICATION ONLY
4,BOM_r2_c0,BOM,18.976,72.5777,4.35,-0.06,4.35,270.8,SYNTHETIC DATA — PIPELINE/CONSTRAINT VERIFICATION ONLY
4,BOM_r2_c1,BOM,18.976,72.6777,4.05,-0.056,4.05,270.8,SYNTHETIC DATA — PIPELINE/CONSTRAINT VERIFICATION ONLY
4,BOM_r2_c2,BOM,18.976,72.7777,3.75,-0.052,3.75,270.8,SYNTHETIC DATA — PIPELINE/CONSTRAINT VERIFICATION ONLY
4,BOM_r2_c3,BOM,18.976,72.8777,3.45,-0.047,3.45,270.8,SYNTHETIC DATA — PIPELINE/CONSTRAINT VERIFICATION ONLY
4,BOM_r2_c4,BOM,18.976,72.9777,3.15,-0.043,3.15,270.8,SYNTHETIC DATA — PIPELINE/CONSTRAINT VERIFICATION ONLY
4,BOM_r2_c5,BOM,18.976,73.0777,2.85,-0.039,2.85,270.8,SYNTHETIC DATA — PIPELINE/CONSTRAINT VERIFICATION ONLY
4,BOM_r2_c6,BOM,18.976,73.1777,2.55,-0.035,2.55,270.8,SYNTHETIC DATA — PIPELINE/CONSTRAINT VERIFICATION ONLY
4,BOM_r3_c0,BOM,19.076,72.5777,4.633,0.4,4.65,265.1,SYNTHETIC DATA — PIPELINE/CONSTRAINT VERIFICATION ONLY
4,BOM_r3_c1,BOM,19.076,72.6777,4.334,0.374,4.35,265.1,SYNTHETIC DATA — PIPELINE/CONSTRAINT VERIFICATION ONLY
4,BOM_r3_c2,BOM,19.076,72.7777,4.035,0.348,4.05,265.1,SYNTHETIC DATA — PIPELINE/CONSTRAINT VERIFICATION ONLY
4,BOM_r3_c3,BOM,19.076,72.8777,3.736,0.322,3.75,265.1,SYNTHETIC DATA — PIPELINE/CONSTRAINT VERIFICATION ONLY
4,BOM_r3_c4,BOM,19.076,72.9777,3.437,0.296,3.45,265.1,SYNTHETIC DATA — PIPELINE/CONSTRAINT VERIFICATION ONLY
4,BOM_r3_c5,BOM,19.076,73.0777,3.138,0.271,3.15,265.1,SYNTHETIC DATA — PIPELINE/CONSTRAINT VERIFICATION ONLY
4,BOM_r3_c6,BOM,19.076,73.1777,2.839,0.245,2.85,265.1,SYNTHETIC DATA — PIPELINE/CONSTRAINT VERIFICATION ONLY
4,BOM_r4_c0,BOM,19.176,72.5777,4.838,1.047,4.95,257.8,SYNTHETIC DATA — PIPELINE/CONSTRAINT VERIFICATION ONLY
4,BOM_r4_c1,BOM,19.176,72.6777,4.545,0.984,4.65,257.8,SYNTHETIC DATA — PIPELINE/CONSTRAINT VERIFICATION ONLY
4,BOM_r4_c2,BOM,19.176,72.7777,4.252,0.92,4.35,257.8,SYNTHETIC DATA — PIPELINE/CONSTRAINT VERIFICATION ONLY
4,BOM_r4_c3,BOM,19.176,72.8777,3.958,0.857,4.05,257.8,SYNTHETIC DATA — PIPELINE/CONSTRAINT VERIFICATION ONLY
4,BOM_r4_c4,BOM,19.176,72.9777,3.665,0.793,3.75,257.8,SYNTHETIC DATA — PIPELINE/CONSTRAINT VERIFICATION ONLY
4,BOM_r4_c5,BOM,19.176,73.0777,3.372,0.73,3.45,257.8,SYNTHETIC DATA — PIPELINE/CONSTRAINT VERIFICATION ONLY
4,BOM_r4_c6,BOM,19.176,73.1777,3.079,0.666,3.15,257.8,SYNTHETIC DATA — PIPELINE/CONSTRAINT VERIFICATION ONLY
4,BOM_r5_c0,BOM,19.276,72.5777,4.955,1.734,5.25,250.7,SYNTHETIC DATA — PIPELINE/CONSTRAINT VERIFICATION ONLY
4,BOM_r5_c1,BOM,19.276,72.6777,4.672,1.635,4.95,250.7,SYNTHETIC DATA — PIPELINE/CONSTRAINT VERIFICATION ONLY
4,BOM_r5_c2,BOM,19.276,72.7777,4.389,1.536,4.65,250.7,SYNTHETIC DATA — PIPELINE/CONSTRAINT VERIFICATION ONLY
4,BOM_r5_c3,BOM,19.276,72.8777,4.106,1.437,4.35,250.7,SYNTHETIC DATA — PIPELINE/CONSTRAINT VERIFICATION ONLY
4,BOM_r5_c4,BOM,19.276,72.9777,3.823,1.338,4.05,250.7,SYNTHETIC DATA — PIPELINE/CONSTRAINT VERIFICATION ONLY
4,BOM_r5_c5,BOM,19.276,73.0777,3.54,1.239,3.75,250.7,SYNTHETIC DATA — PIPELINE/CONSTRAINT VERIFICATION ONLY
4,BOM_r5_c6,BOM,19.276,73.1777,3.256,1.14,3.45,250.7,SYNTHETIC DATA — PIPELINE/CONSTRAINT VERIFICATION ONLY
4,BOM_r6_c0,BOM,19.376,72.5777,5.054,2.294,5.55,245.6,SYNTHETIC DATA — PIPELINE/CONSTRAINT VERIFICATION ONLY
4,BOM_r6_c1,BOM,19.376,72.6777,4.781,2.17,5.25,245.6,SYNTHETIC DATA — PIPELINE/CONSTRAINT VERIFICATION ONLY
4,BOM_r6_c2,BOM,19.376,72.7777,4.507,2.046,4.95,245.6,SYNTHETIC DATA — PIPELINE/CONSTRAINT VERIFICATION ONLY
4,BOM_r6_c3,BOM,19.376,72.8777,4.234,1.922,4.65,245.6,SYNTHETIC DATA — PIPELINE/CONSTRAINT VERIFICATION ONLY
4,BOM_r6_c4,BOM,19.376,72.9777,3.961,1.798,4.35,245.6,SYNTHETIC DATA — PIPELINE/CONSTRAINT VERIFICATION ONLY
4,BOM_r6_c5,BOM,19.376,73.0777,3.688,1.674,4.05,245.6,SYNTHETIC DATA — PIPELINE/CONSTRAINT VERIFICATION ONLY
4,BOM_r6_c6,BOM,19.376,73.1777,3.415,1.55,3.75,245.6,SYNTHETIC DATA — PIPELINE/CONSTRAINT VERIFICATION ONLY
4,LKO_r0_c0,LKO,26.5467,80.6462,2.276,-2.981,3.75,322.6,SYNTHETIC DATA — PIPELINE/CONSTRAINT VERIFICATION ONLY
4,LKO_r0_c1,LKO,26.5467,80.7462,2.093,-2.742,3.45,322.6,SYNTHETIC DATA — PIPELINE/CONSTRAINT VERIFICATION ONLY
4,LKO_r0_c2,LKO,26.5467,80.8462,1.911,-2.504,3.15,322.6,SYNTHETIC DATA — PIPELINE/CONSTRAINT VERIFICATION ONLY
4,LKO_r0_c3,LKO,26.5467,80.9462,1.729,-2.265,2.85,322.6,SYNTHETIC DATA — PIPELINE/CONSTRAINT VERIFICATION ONLY
4,LKO_r0_c4,LKO,26.5467,81.0462,1.547,-2.027,2.55,322.6,SYNTHETIC DATA — PIPELINE/CONSTRAINT VERIFICATION ONLY
4,LKO_r0_c5,LKO,26.5467,81.1462,1.365,-1.788,2.25,322.6,SYNTHETIC DATA — PIPELINE/CONSTRAINT VERIFICATION ONLY
4,LKO_r0_c6,LKO,26.5467,81.2462,1.183,-1.55,1.95,322.6,SYNTHETIC DATA — PIPELINE/CONSTRAINT VERIFICATION ONLY
4,LKO_r1_c0,LKO,26.6467,80.6462,2.407,-3.257,4.05,323.5,SYNTHETIC DATA — PIPELINE/CONSTRAINT VERIFICATION ONLY
4,LKO_r1_c1,LKO,26.6467,80.7462,2.229,-3.016,3.75,323.5,SYNTHETIC DATA — PIPELINE/CONSTRAINT VERIFICATION ONLY
4,LKO_r1_c2,LKO,26.6467,80.8462,2.05,-2.775,3.45,323.5,SYNTHETIC DATA — PIPELINE/CONSTRAINT VERIFICATION ONLY
4,LKO_r1_c3,LKO,26.6467,80.9462,1.872,-2.533,3.15,323.5,SYNTHETIC DATA — PIPELINE/CONSTRAINT VERIFICATION ONLY
4,LKO_r1_c4,LKO,26.6467,81.0462,1.694,-2.292,2.85,323.5,SYNTHETIC DATA — PIPELINE/CONSTRAINT VERIFICATION ONLY
4,LKO_r1_c5,LKO,26.6467,81.1462,1.516,-2.051,2.55,323.5,SYNTHETIC DATA — PIPELINE/CONSTRAINT VERIFICATION ONLY
4,LKO_r1_c6,LKO,26.6467,81.2462,1.337,-1.81,2.25,323.5,SYNTHETIC DATA — PIPELINE/CONSTRAINT VERIFICATION ONLY
4,LKO_r2_c0,LKO,26.7467,80.6462,2.75,-3.37,4.35,320.8,SYNTHETIC DATA — PIPELINE/CONSTRAINT VERIFICATION ONLY
4,LKO_r2_c1,LKO,26.7467,80.7462,2.56,-3.138,4.05,320.8,SYNTHETIC DATA — PIPELINE/CONSTRAINT VERIFICATION ONLY
4,LKO_r2_c2,LKO,26.7467,80.8462,2.371,-2.906,3.75,320.8,SYNTHETIC DATA — PIPELINE/CONSTRAINT VERIFICATION ONLY
4,LKO_r2_c3,LKO,26.7467,80.9462,2.181,-2.673,3.45,320.8,SYNTHETIC DATA — PIPELINE/CONSTRAINT VERIFICATION ONLY
4,LKO_r2_c4,LKO,26.7467,81.0462,1.991,-2.441,3.15,320.8,SYNTHETIC DATA — PIPELINE/CONSTRAINT VERIFICATION ONLY
4,LKO_r2_c5,LKO,26.7467,81.1462,1.802,-2.208,2.85,320.8,SYNTHETIC DATA — PIPELINE/CONSTRAINT VERIFICATION ONLY
4,LKO_r2_c6,LKO,26.7467,81.2462,1.612,-1.976,2.55,320.8,SYNTHETIC DATA — PIPELINE/CONSTRAINT VERIFICATION ONLY
4,LKO_r3_c0,LKO,26.8467,80.6462,3.284,-3.292,4.65,315.1,SYNTHETIC DATA — PIPELINE/CONSTRAINT VERIFICATION ONLY
4,LKO_r3_c1,LKO,26.8467,80.7462,3.072,-3.08,4.35,315.1,SYNTHETIC DATA — PIPELINE/CONSTRAINT VERIFICATION ONLY
4,LKO_r3_c2,LKO,26.8467,80.8462,2.86,-2.867,4.05,315.1,SYNTHETIC DATA — PIPELINE/CONSTRAINT VERIFICATION ONLY
4,LKO_r3_c3,LKO,26.8467,80.9462,2.648,-2.655,3.75,315.1,SYNTHETIC DATA — PIPELINE/CONSTRAINT VERIFICATION ONLY
4,LKO_r3_c4,LKO,26.8467,81.0462,2.436,-2.443,3.45,315.1,SYNTHETIC DATA — PIPELINE/CONSTRAINT VERIFICATION ONLY
4,LKO_r3_c5,LKO,26.8467,81.1462,2.225,-2.23,3.15,315.1,SYNTHETIC DATA — PIPELINE/CONSTRAINT VERIFICATION ONLY
4,LKO_r3_c6,LKO,26.8467,81.2462,2.013,-2.018,2.85,315.1,SYNTHETIC DATA — PIPELINE/CONSTRAINT VERIFICATION ONLY
4,LKO_r4_c0,LKO,26.9467,80.6462,3.912,-3.033,4.95,307.8,SYNTHETIC DATA — PIPELINE/CONSTRAINT VERIFICATION ONLY
4,LKO_r4_c1,LKO,26.9467,80.7462,3.675,-2.849,4.65,307.8,SYNTHETIC DATA — PIPELINE/CONSTRAINT VERIFICATION ONLY
4,LKO_r4_c2,LKO,26.9467,80.8462,3.438,-2.665,4.35,307.8,SYNTHETIC DATA — PIPELINE/CONSTRAINT VERIFICATION ONLY
4,LKO_r4_c3,LKO,26.9467,80.9462,3.201,-2.481,4.05,307.8,SYNTHETIC DATA — PIPELINE/CONSTRAINT VERIFICATION ONLY
4,LKO_r4_c4,LKO,26.9467,81.0462,2.964,-2.298,3.75,307.8,SYNTHETIC DATA — PIPELINE/CONSTRAINT VERIFICATION ONLY
4,LKO_r4_c5,LKO,26.9467,81.1462,2.727,-2.114,3.45,307.8,SYNTHETIC DATA — PIPELINE/CONSTRAINT VERIFICATION ONLY
4,LKO_r4_c6,LKO,26.9467,81.2462,2.49,-1.93,3.15,307.8,SYNTHETIC DATA — PIPELINE/CONSTRAINT VERIFICATION ONLY
4,LKO_r5_c0,LKO,27.0467,80.6462,4.514,-2.681,5.25,300.7,SYNTHETIC DATA — PIPELINE/CONSTRAINT VERIFICATION ONLY
4,LKO_r5_c1,LKO,27.0467,80.7462,4.256,-2.528,4.95,300.7,SYNTHETIC DATA — PIPELINE/CONSTRAINT VERIFICATION ONLY
4,LKO_r5_c2,LKO,27.0467,80.8462,3.998,-2.375,4.65,300.7,SYNTHETIC DATA — PIPELINE/CONSTRAINT VERIFICATION ONLY
4,LKO_r5_c3,LKO,27.0467,80.9462,3.74,-2.222,4.35,300.7,SYNTHETIC DATA — PIPELINE/CONSTRAINT VERIFICATION ONLY
4,LKO_r5_c4,LKO,27.0467,81.0462,3.482,-2.068,4.05,300.7,SYNTHETIC DATA — PIPELINE/CONSTRAINT VERIFICATION ONLY
4,LKO_r5_c5,LKO,27.0467,81.1462,3.224,-1.915,3.75,300.7,SYNTHETIC DATA — PIPELINE/CONSTRAINT VERIFICATION ONLY
4,LKO_r5_c6,LKO,27.0467,81.2462,2.966,-1.762,3.45,300.7,SYNTHETIC DATA — PIPELINE/CONSTRAINT VERIFICATION ONLY
4,LKO_r6_c0,LKO,27.1467,80.6462,5.006,-2.397,5.55,295.6,SYNTHETIC DATA — PIPELINE/CONSTRAINT VERIFICATION ONLY
4,LKO_r6_c1,LKO,27.1467,80.7462,4.735,-2.267,5.25,295.6,SYNTHETIC DATA — PIPELINE/CONSTRAINT VERIFICATION ONLY
4,LKO_r6_c2,LKO,27.1467,80.8462,4.465,-2.138,4.95,295.6,SYNTHETIC DATA — PIPELINE/CONSTRAINT VERIFICATION ONLY
4,LKO_r6_c3,LKO,27.1467,80.9462,4.194,-2.008,4.65,295.6,SYNTHETIC DATA — PIPELINE/CONSTRAINT VERIFICATION ONLY
4,LKO_r6_c4,LKO,27.1467,81.0462,3.923,-1.879,4.35,295.6,SYNTHETIC DATA — PIPELINE/CONSTRAINT VERIFICATION ONLY
4,LKO_r6_c5,LKO,27.1467,81.1462,3.653,-1.749,4.05,295.6,SYNTHETIC DATA — PIPELINE/CONSTRAINT VERIFICATION ONLY
4,LKO_r6_c6,LKO,27.1467,81.2462,3.382,-1.62,3.75,295.6,SYNTHETIC DATA — PIPELINE/CONSTRAINT VERIFICATION ONLY
4,VNS_r0_c0,VNS,25.0176,82.6739,2.759,-2.54,3.75,312.6,SYNTHETIC DATA — PIPELINE/CONSTRAINT VERIFICATION ONLY
4,VNS_r0_c1,VNS,25.0176,82.7739,2.538,-2.337,3.45,312.6,SYNTHETIC DATA — PIPELINE/CONSTRAINT VERIFICATION ONLY
4,VNS_r0_c2,VNS,25.0176,82.8739,2.317,-2.134,3.15,312.6,SYNTHETIC DATA — PIPELINE/CONSTRAINT VERIFICATION ONLY
4,VNS_r0_c3,VNS,25.0176,82.9739,2.097,-1.931,2.85,312.6,SYNTHETIC DATA — PIPELINE/CONSTRAINT VERIFICATION ONLY
4,VNS_r0_c4,VNS,25.0176,83.0739,1.876,-1.727,2.55,312.6,SYNTHETIC DATA — PIPELINE/CONSTRAINT VERIFICATION ONLY
4,VNS_r0_c5,VNS,25.0176,83.1739,1.655,-1.524,2.25,312.6,SYNTHETIC DATA — PIPELINE/CONSTRAINT VERIFICATION ONLY
4,VNS_r0_c6,VNS,25.0176,83.2739,1.434,-1.321,1.95,312.6,SYNTHETIC DATA — PIPELINE/CONSTRAINT VERIFICATION ONLY
4,VNS_r1_c0,VNS,25.1176,82.6739,2.936,-2.79,4.05,313.5,SYNTHETIC DATA — PIPELINE/CONSTRAINT VERIFICATION ONLY
4,VNS_r1_c1,VNS,25.1176,82.7739,2.719,-2.583,3.75,313.5,SYNTHETIC DATA — PIPELINE/CONSTRAINT VERIFICATION ONLY
4,VNS_r1_c2,VNS,25.1176,82.8739,2.501,-2.376,3.45,313.5,SYNTHETIC DATA — PIPELINE/CONSTRAINT VERIFICATION ONLY
4,VNS_r1_c3,VNS,25.1176,82.9739,2.284,-2.17,3.15,313.5,SYNTHETIC DATA — PIPELINE/CONSTRAINT VERIFICATION ONLY
4,VNS_r1_c4,VNS,25.1176,83.0739,2.066,-1.963,2.85,313.5,SYNTHETIC DATA — PIPELINE/CONSTRAINT VERIFICATION ONLY
4,VNS_r1_c5,VNS,25.1176,83.1739,1.849,-1.756,2.55,313.5,SYNTHETIC DATA — PIPELINE/CONSTRAINT VERIFICATION ONLY
4,VNS_r1_c6,VNS,25.1176,83.2739,1.631,-1.55,2.25,313.5,SYNTHETIC DATA — PIPELINE/CONSTRAINT VERIFICATION ONLY
4,VNS_r2_c0,VNS,25.2176,82.6739,3.294,-2.842,4.35,310.8,SYNTHETIC DATA — PIPELINE/CONSTRAINT VERIFICATION ONLY
4,VNS_r2_c1,VNS,25.2176,82.7739,3.066,-2.646,4.05,310.8,SYNTHETIC DATA — PIPELINE/CONSTRAINT VERIFICATION ONLY
4,VNS_r2_c2,VNS,25.2176,82.8739,2.839,-2.45,3.75,310.8,SYNTHETIC DATA — PIPELINE/CONSTRAINT VERIFICATION ONLY
4,VNS_r2_c3,VNS,25.2176,82.9739,2.612,-2.254,3.45,310.8,SYNTHETIC DATA — PIPELINE/CONSTRAINT VERIFICATION ONLY
4,VNS_r2_c4,VNS,25.2176,83.0739,2.385,-2.058,3.15,310.8,SYNTHETIC DATA — PIPELINE/CONSTRAINT VERIFICATION ONLY
4,VNS_r2_c5,VNS,25.2176,83.1739,2.158,-1.862,2.85,310.8,SYNTHETIC DATA — PIPELINE/CONSTRAINT VERIFICATION ONLY
4,VNS_r2_c6,VNS,25.2176,83.2739,1.931,-1.666,2.55,310.8,SYNTHETIC DATA — PIPELINE/CONSTRAINT VERIFICATION ONLY
4,VNS_r3_c0,VNS,25.3176,82.6739,3.806,-2.672,4.65,305.1,SYNTHETIC DATA — PIPELINE/CONSTRAINT VERIFICATION ONLY
4,VNS_r3_c1,VNS,25.3176,82.7739,3.56,-2.499,4.35,305.1,SYNTHETIC DATA — PIPELINE/CONSTRAINT VERIFICATION ONLY
4,VNS_r3_c2,VNS,25.3176,82.8739,3.315,-2.327,4.05,305.1,SYNTHETIC DATA — PIPELINE/CONSTRAINT VERIFICATION ONLY
4,VNS_r3_c3,VNS,25.3176,82.9739,3.069,-2.155,3.75,305.1,SYNTHETIC DATA — PIPELINE/CONSTRAINT VERIFICATION ONLY
4,VNS_r3_c4,VNS,25.3176,83.0739,2.824,-1.982,3.45,305.1,SYNTHETIC DATA — PIPELINE/CONSTRAINT VERIFICATION ONLY
4,VNS_r3_c5,VNS,25.3176,83.1739,2.578,-1.81,3.15,305.1,SYNTHETIC DATA — PIPELINE/CONSTRAINT VERIFICATION ONLY
4,VNS_r3_c6,VNS,25.3176,83.2739,2.333,-1.638,2.85,305.1,SYNTHETIC DATA — PIPELINE/CONSTRAINT VERIFICATION ONLY
4,VNS_r4_c0,VNS,25.4176,82.6739,4.379,-2.307,4.95,297.8,SYNTHETIC DATA — PIPELINE/CONSTRAINT VERIFICATION ONLY
4,VNS_r4_c1,VNS,25.4176,82.7739,4.114,-2.168,4.65,297.8,SYNTHETIC DATA — PIPELINE/CONSTRAINT VERIFICATION ONLY
4,VNS_r4_c2,VNS,25.4176,82.8739,3.848,-2.028,4.35,297.8,SYNTHETIC DATA — PIPELINE/CONSTRAINT VERIFICATION ONLY
4,VNS_r4_c3,VNS,25.4176,82.9739,3.583,-1.888,4.05,297.8,SYNTHETIC DATA — PIPELINE/CONSTRAINT VERIFICATION ONLY
4,VNS_r4_c4,VNS,25.4176,83.0739,3.318,-1.748,3.75,297.8,SYNTHETIC DATA — PIPELINE/CONSTRAINT VERIFICATION ONLY
4,VNS_r4_c5,VNS,25.4176,83.1739,3.052,-1.608,3.45,297.8,SYNTHETIC DATA — PIPELINE/CONSTRAINT VERIFICATION ONLY
4,VNS_r4_c6,VNS,25.4176,83.2739,2.787,-1.468,3.15,297.8,SYNTHETIC DATA — PIPELINE/CONSTRAINT VERIFICATION ONLY
4,VNS_r5_c0,VNS,25.5176,82.6739,4.911,-1.857,5.25,290.7,SYNTHETIC DATA — PIPELINE/CONSTRAINT VERIFICATION ONLY
4,VNS_r5_c1,VNS,25.5176,82.7739,4.63,-1.751,4.95,290.7,SYNTHETIC DATA — PIPELINE/CONSTRAINT VERIFICATION ONLY
4,VNS_r5_c2,VNS,25.5176,82.8739,4.349,-1.645,4.65,290.7,SYNTHETIC DATA — PIPELINE/CONSTRAINT VERIFICATION ONLY
4,VNS_r5_c3,VNS,25.5176,82.9739,4.069,-1.539,4.35,290.7,SYNTHETIC DATA — PIPELINE/CONSTRAINT VERIFICATION ONLY
4,VNS_r5_c4,VNS,25.5176,83.0739,3.788,-1.432,4.05,290.7,SYNTHETIC DATA — PIPELINE/CONSTRAINT VERIFICATION ONLY
4,VNS_r5_c5,VNS,25.5176,83.1739,3.508,-1.326,3.75,290.7,SYNTHETIC DATA — PIPELINE/CONSTRAINT VERIFICATION ONLY
4,VNS_r5_c6,VNS,25.5176,83.2739,3.227,-1.22,3.45,290.7,SYNTHETIC DATA — PIPELINE/CONSTRAINT VERIFICATION ONLY
4,VNS_r6_c0,VNS,25.6176,82.6739,5.346,-1.491,5.55,285.6,SYNTHETIC DATA — PIPELINE/CONSTRAINT VERIFICATION ONLY
4,VNS_r6_c1,VNS,25.6176,82.7739,5.057,-1.411,5.25,285.6,SYNTHETIC DATA — PIPELINE/CONSTRAINT VERIFICATION ONLY
4,VNS_r6_c2,VNS,25.6176,82.8739,4.768,-1.33,4.95,285.6,SYNTHETIC DATA — PIPELINE/CONSTRAINT VERIFICATION ONLY
4,VNS_r6_c3,VNS,25.6176,82.9739,4.479,-1.249,4.65,285.6,SYNTHETIC DATA — PIPELINE/CONSTRAINT VERIFICATION ONLY
4,VNS_r6_c4,VNS,25.6176,83.0739,4.19,-1.169,4.35,285.6,SYNTHETIC DATA — PIPELINE/CONSTRAINT VERIFICATION ONLY
4,VNS_r6_c5,VNS,25.6176,83.1739,3.901,-1.088,4.05,285.6,SYNTHETIC DATA — PIPELINE/CONSTRAINT VERIFICATION ONLY
4,VNS_r6_c6,VNS,25.6176,83.2739,3.612,-1.008,3.75,285.6,SYNTHETIC DATA — PIPELINE/CONSTRAINT VERIFICATION ONLY
4,JAI_r0_c0,JAI,26.6124,75.4873,1.119,-3.579,3.75,342.6,SYNTHETIC DATA — PIPELINE/CONSTRAINT VERIFICATION ONLY
4,JAI_r0_c1,JAI,26.6124,75.5873,1.029,-3.293,3.45,342.6,SYNTHETIC DATA — PIPELINE/CONSTRAINT VERIFICATION ONLY
4,JAI_r0_c2,JAI,26.6124,75.6873,0.94,-3.007,3.15,342.6,SYNTHETIC DATA — PIPELINE/CONSTRAINT VERIFICATION ONLY
4,JAI_r0_c3,JAI,26.6124,75.7873,0.85,-2.72,2.85,342.6,SYNTHETIC DATA — PIPELINE/CONSTRAINT VERIFICATION ONLY
4,JAI_r0_c4,JAI,26.6124,75.8873,0.761,-2.434,2.55,342.6,SYNTHETIC DATA — PIPELINE/CONSTRAINT VERIFICATION ONLY
4,JAI_r0_c5,JAI,26.6124,75.9873,0.671,-2.148,2.25,342.6,SYNTHETIC DATA — PIPELINE/CONSTRAINT VERIFICATION ONLY
4,JAI_r0_c6,JAI,26.6124,76.0873,0.582,-1.861,1.95,342.6,SYNTHETIC DATA — PIPELINE/CONSTRAINT VERIFICATION ONLY
4,JAI_r1_c0,JAI,26.7124,75.4873,1.148,-3.884,4.05,343.5,SYNTHETIC DATA — PIPELINE/CONSTRAINT VERIFICATION ONLY
4,JAI_r1_c1,JAI,26.7124,75.5873,1.063,-3.596,3.75,343.5,SYNTHETIC DATA — PIPELINE/CONSTRAINT VERIFICATION ONLY
4,JAI_r1_c2,JAI,26.7124,75.6873,0.978,-3.309,3.45,343.5,SYNTHETIC DATA — PIPELINE/CONSTRAINT VERIFICATION ONLY
4,JAI_r1_c3,JAI,26.7124,75.7873,0.893,-3.021,3.15,343.5,SYNTHETIC DATA — PIPELINE/CONSTRAINT VERIFICATION ONLY
4,JAI_r1_c4,JAI,26.7124,75.8873,0.808,-2.733,2.85,343.5,SYNTHETIC DATA — PIPELINE/CONSTRAINT VERIFICATION ONLY
4,JAI_r1_c5,JAI,26.7124,75.9873,0.723,-2.445,2.55,343.5,SYNTHETIC DATA — PIPELINE/CONSTRAINT VERIFICATION ONLY
4,JAI_r1_c6,JAI,26.7124,76.0873,0.638,-2.158,2.25,343.5,SYNTHETIC DATA — PIPELINE/CONSTRAINT VERIFICATION ONLY
4,JAI_r2_c0,JAI,26.8124,75.4873,1.431,-4.108,4.35,340.8,SYNTHETIC DATA — PIPELINE/CONSTRAINT VERIFICATION ONLY
4,JAI_r2_c1,JAI,26.8124,75.5873,1.333,-3.824,4.05,340.8,SYNTHETIC DATA — PIPELINE/CONSTRAINT VERIFICATION ONLY
4,JAI_r2_c2,JAI,26.8124,75.6873,1.234,-3.541,3.75,340.8,SYNTHETIC DATA — PIPELINE/CONSTRAINT VERIFICATION ONLY
4,JAI_r2_c3,JAI,26.8124,75.7873,1.135,-3.258,3.45,340.8,SYNTHETIC DATA — PIPELINE/CONSTRAINT VERIFICATION ONLY
4,JAI_r2_c4,JAI,26.8124,75.8873,1.037,-2.975,3.15,340.8,SYNTHETIC DATA — PIPELINE/CONSTRAINT VERIFICATION ONLY
4,JAI_r2_c5,JAI,26.8124,75.9873,0.938,-2.691,2.85,340.8,SYNTHETIC DATA — PIPELINE/CONSTRAINT VERIFICATION ONLY
4,JAI_r2_c6,JAI,26.8124,76.0873,0.839,-2.408,2.55,340.8,SYNTHETIC DATA — PIPELINE/CONSTRAINT VERIFICATION ONLY
4,JAI_r3_c0,JAI,26.9124,75.4873,1.96,-4.217,4.65,335.1,SYNTHETIC DATA — PIPELINE/CONSTRAINT VERIFICATION ONLY
4,JAI_r3_c1,JAI,26.9124,75.5873,1.834,-3.945,4.35,335.1,SYNTHETIC DATA — PIPELINE/CONSTRAINT VERIFICATION ONLY
4,JAI_r3_c2,JAI,26.9124,75.6873,1.707,-3.673,4.05,335.1,SYNTHETIC DATA — PIPELINE/CONSTRAINT VERIFICATION ONLY
4,JAI_r3_c3,JAI,26.9124,75.7873,1.581,-3.401,3.75,335.1,SYNTHETIC DATA — PIPELINE/CONSTRAINT VERIFICATION ONLY
4,JAI_r3_c4,JAI,26.9124,75.8873,1.454,-3.129,3.45,335.1,SYNTHETIC DATA — PIPELINE/CONSTRAINT VERIFICATION ONLY
4,JAI_r3_c5,JAI,26.9124,75.9873,1.328,-2.857,3.15,335.1,SYNTHETIC DATA — PIPELINE/CONSTRAINT VERIFICATION ONLY
4,JAI_r3_c6,JAI,26.9124,76.0873,1.201,-2.584,2.85,335.1,SYNTHETIC DATA — PIPELINE/CONSTRAINT VERIFICATION ONLY
4,JAI_r4_c0,JAI,27.0124,75.4873,2.639,-4.188,4.95,327.8,SYNTHETIC DATA — PIPELINE/CONSTRAINT VERIFICATION ONLY
4,JAI_r4_c1,JAI,27.0124,75.5873,2.479,-3.934,4.65,327.8,SYNTHETIC DATA — PIPELINE/CONSTRAINT VERIFICATION ONLY
4,JAI_r4_c2,JAI,27.0124,75.6873,2.319,-3.68,4.35,327.8,SYNTHETIC DATA — PIPELINE/CONSTRAINT VERIFICATION ONLY
4,JAI_r4_c3,JAI,27.0124,75.7873,2.159,-3.427,4.05,327.8,SYNTHETIC DATA — PIPELINE/CONSTRAINT VERIFICATION ONLY
4,JAI_r4_c4,JAI,27.0124,75.8873,1.999,-3.173,3.75,327.8,SYNTHETIC DATA — PIPELINE/CONSTRAINT VERIFICATION ONLY
4,JAI_r4_c5,JAI,27.0124,75.9873,1.839,-2.919,3.45,327.8,SYNTHETIC DATA — PIPELINE/CONSTRAINT VERIFICATION ONLY
4,JAI_r4_c6,JAI,27.0124,76.0873,1.679,-2.665,3.15,327.8,SYNTHETIC DATA — PIPELINE/CONSTRAINT VERIFICATION ONLY
4,JAI_r5_c0,JAI,27.1124,75.4873,3.324,-4.063,5.25,320.7,SYNTHETIC DATA — PIPELINE/CONSTRAINT VERIFICATION ONLY
4,JAI_r5_c1,JAI,27.1124,75.5873,3.134,-3.831,4.95,320.7,SYNTHETIC DATA — PIPELINE/CONSTRAINT VERIFICATION ONLY
4,JAI_r5_c2,JAI,27.1124,75.6873,2.944,-3.599,4.65,320.7,SYNTHETIC DATA — PIPELINE/CONSTRAINT VERIFICATION ONLY
4,JAI_r5_c3,JAI,27.1124,75.7873,2.754,-3.367,4.35,320.7,SYNTHETIC DATA — PIPELINE/CONSTRAINT VERIFICATION ONLY
4,JAI_r5_c4,JAI,27.1124,75.8873,2.564,-3.135,4.05,320.7,SYNTHETIC DATA — PIPELINE/CONSTRAINT VERIFICATION ONLY
4,JAI_r5_c5,JAI,27.1124,75.9873,2.375,-2.902,3.75,320.7,SYNTHETIC DATA — PIPELINE/CONSTRAINT VERIFICATION ONLY
4,JAI_r5_c6,JAI,27.1124,76.0873,2.185,-2.67,3.45,320.7,SYNTHETIC DATA — PIPELINE/CONSTRAINT VERIFICATION ONLY
4,JAI_r6_c0,JAI,27.2124,75.4873,3.884,-3.964,5.55,315.6,SYNTHETIC DATA — PIPELINE/CONSTRAINT VERIFICATION ONLY
4,JAI_r6_c1,JAI,27.2124,75.5873,3.674,-3.75,5.25,315.6,SYNTHETIC DATA — PIPELINE/CONSTRAINT VERIFICATION ONLY
4,JAI_r6_c2,JAI,27.2124,75.6873,3.464,-3.536,4.95,315.6,SYNTHETIC DATA — PIPELINE/CONSTRAINT VERIFICATION ONLY
4,JAI_r6_c3,JAI,27.2124,75.7873,3.254,-3.322,4.65,315.6,SYNTHETIC DATA — PIPELINE/CONSTRAINT VERIFICATION ONLY
4,JAI_r6_c4,JAI,27.2124,75.8873,3.044,-3.107,4.35,315.6,SYNTHETIC DATA — PIPELINE/CONSTRAINT VERIFICATION ONLY
4,JAI_r6_c5,JAI,27.2124,75.9873,2.834,-2.893,4.05,315.6,SYNTHETIC DATA — PIPELINE/CONSTRAINT VERIFICATION ONLY
4,JAI_r6_c6,JAI,27.2124,76.0873,2.624,-2.679,3.75,315.6,SYNTHETIC DATA — PIPELINE/CONSTRAINT VERIFICATION ONLY
4,AMD_r0_c0,AMD,22.7225,72.2714,3.461,-1.444,3.75,292.6,SYNTHETIC DATA — PIPELINE/CONSTRAINT VERIFICATION ONLY
4,AMD_r0_c1,AMD,22.7225,72.3714,3.184,-1.328,3.45,292.6,SYNTHETIC DATA — PIPELINE/CONSTRAINT VERIFICATION ONLY
4,AMD_r0_c2,AMD,22.7225,72.4714,2.907,-1.213,3.15,292.6,SYNTHETIC DATA — PIPELINE/CONSTRAINT VERIFICATION ONLY
4,AMD_r0_c3,AMD,22.7225,72.5714,2.63,-1.097,2.85,292.6,SYNTHETIC DATA — PIPELINE/CONSTRAINT VERIFICATION ONLY
4,AMD_r0_c4,AMD,22.7225,72.6714,2.353,-0.982,2.55,292.6,SYNTHETIC DATA — PIPELINE/CONSTRAINT VERIFICATION ONLY
4,AMD_r0_c5,AMD,22.7225,72.7714,2.077,-0.866,2.25,292.6,SYNTHETIC DATA — PIPELINE/CONSTRAINT VERIFICATION ONLY
4,AMD_r0_c6,AMD,22.7225,72.8714,1.8,-0.751,1.95,292.6,SYNTHETIC DATA — PIPELINE/CONSTRAINT VERIFICATION ONLY
4,AMD_r1_c0,AMD,22.8225,72.2714,3.713,-1.617,4.05,293.5,SYNTHETIC DATA — PIPELINE/CONSTRAINT VERIFICATION ONLY
4,AMD_r1_c1,AMD,22.8225,72.3714,3.438,-1.497,3.75,293.5,SYNTHETIC DATA — PIPELINE/CONSTRAINT VERIFICATION ONLY
4,AMD_r1_c2,AMD,22.8225,72.4714,3.163,-1.378,3.45,293.5,SYNTHETIC DATA — PIPELINE/CONSTRAINT VERIFICATION ONLY
4,AMD_r1_c3,AMD,22.8225,72.5714,2.888,-1.258,3.15,293.5,SYNTHETIC DATA — PIPELINE/CONSTRAINT VERIFICATION ONLY
4,AMD_r1_c4,AMD,22.8225,72.6714,2.613,-1.138,2.85,293.5,SYNTHETIC DATA — PIPELINE/CONSTRAINT VERIFICATION ONLY
4,AMD_r1_c5,AMD,22.8225,72.7714,2.338,-1.018,2.55,293.5,SYNTHETIC DATA — PIPELINE/CONSTRAINT VERIFICATION ONLY
4,AMD_r1_c6,AMD,22.8225,72.8714,2.063,-0.898,2.25,293.5,SYNTHETIC DATA — PIPELINE/CONSTRAINT VERIFICATION ONLY
4,AMD_r2_c0,AMD,22.9225,72.2714,4.067,-1.544,4.35,290.8,SYNTHETIC DATA — PIPELINE/CONSTRAINT VERIFICATION ONLY
4,AMD_r2_c1,AMD,22.9225,72.3714,3.786,-1.437,4.05,290.8,SYNTHETIC DATA — PIPELINE/CONSTRAINT VERIFICATION ONLY
4,AMD_r2_c2,AMD,22.9225,72.4714,3.506,-1.331,3.75,290.8,SYNTHETIC DATA — PIPELINE/CONSTRAINT VERIFICATION ONLY
4,AMD_r2_c3,AMD,22.9225,72.5714,3.225,-1.224,3.45,290.8,SYNTHETIC DATA — PIPELINE/CONSTRAINT VERIFICATION ONLY
4,AMD_r2_c4,AMD,22.9225,72.6714,2.945,-1.118,3.15,290.8,SYNTHETIC DATA — PIPELINE/CONSTRAINT VERIFICATION ONLY
4,AMD_r2_c5,AMD,22.9225,72.7714,2.664,-1.011,2.85,290.8,SYNTHETIC DATA — PIPELINE/CONSTRAINT VERIFICATION ONLY
4,AMD_r2_c6,AMD,22.9225,72.8714,2.384,-0.905,2.55,290.8,SYNTHETIC DATA — PIPELINE/CONSTRAINT VERIFICATION ONLY
4,AMD_r3_c0,AMD,23.0225,72.2714,4.49,-1.209,4.65,285.1,SYNTHETIC DATA — PIPELINE/CONSTRAINT VERIFICATION ONLY
4,AMD_r3_c1,AMD,23.0225,72.3714,4.2,-1.131,4.35,285.1,SYNTHETIC DATA — PIPELINE/CONSTRAINT VERIFICATION ONLY
4,AMD_r3_c2,AMD,23.0225,72.4714,3.911,-1.053,4.05,285.1,SYNTHETIC DATA — PIPELINE/CONSTRAINT VERIFICATION ONLY
4,AMD_r3_c3,AMD,23.0225,72.5714,3.621,-0.975,3.75,285.1,SYNTHETIC DATA — PIPELINE/CONSTRAINT VERIFICATION ONLY
4,AMD_r3_c4,AMD,23.0225,72.6714,3.331,-0.897,3.45,285.1,SYNTHETIC DATA — PIPELINE/CONSTRAINT VERIFICATION ONLY
4,AMD_r3_c5,AMD,23.0225,72.7714,3.042,-0.819,3.15,285.1,SYNTHETIC DATA — PIPELINE/CONSTRAINT VERIFICATION ONLY
4,AMD_r3_c6,AMD,23.0225,72.8714,2.752,-0.741,2.85,285.1,SYNTHETIC DATA — PIPELINE/CONSTRAINT VERIFICATION ONLY
4,AMD_r4_c0,AMD,23.1225,72.2714,4.904,-0.67,4.95,277.8,SYNTHETIC DATA — PIPELINE/CONSTRAINT VERIFICATION ONLY
4,AMD_r4_c1,AMD,23.1225,72.3714,4.607,-0.63,4.65,277.8,SYNTHETIC DATA — PIPELINE/CONSTRAINT VERIFICATION ONLY
4,AMD_r4_c2,AMD,23.1225,72.4714,4.31,-0.589,4.35,277.8,SYNTHETIC DATA — PIPELINE/CONSTRAINT VERIFICATION ONLY
4,AMD_r4_c3,AMD,23.1225,72.5714,4.013,-0.549,4.05,277.8,SYNTHETIC DATA — PIPELINE/CONSTRAINT VERIFICATION ONLY
4,AMD_r4_c4,AMD,23.1225,72.6714,3.715,-0.508,3.75,277.8,SYNTHETIC DATA — PIPELINE/CONSTRAINT VERIFICATION ONLY
4,AMD_r4_c5,AMD,23.1225,72.7714,3.418,-0.467,3.45,277.8,SYNTHETIC DATA — PIPELINE/CONSTRAINT VERIFICATION ONLY
4,AMD_r4_c6,AMD,23.1225,72.8714,3.121,-0.427,3.15,277.8,SYNTHETIC DATA — PIPELINE/CONSTRAINT VERIFICATION ONLY
4,AMD_r5_c0,AMD,23.2225,72.2714,5.25,-0.065,5.25,270.7,SYNTHETIC DATA — PIPELINE/CONSTRAINT VERIFICATION ONLY
4,AMD_r5_c1,AMD,23.2225,72.3714,4.95,-0.062,4.95,270.7,SYNTHETIC DATA — PIPELINE/CONSTRAINT VERIFICATION ONLY
4,AMD_r5_c2,AMD,23.2225,72.4714,4.65,-0.058,4.65,270.7,SYNTHETIC DATA — PIPELINE/CONSTRAINT VERIFICATION ONLY
4,AMD_r5_c3,AMD,23.2225,72.5714,4.35,-0.054,4.35,270.7,SYNTHETIC DATA — PIPELINE/CONSTRAINT VERIFICATION ONLY
4,AMD_r5_c4,AMD,23.2225,72.6714,4.05,-0.05,4.05,270.7,SYNTHETIC DATA — PIPELINE/CONSTRAINT VERIFICATION ONLY
4,AMD_r5_c5,AMD,23.2225,72.7714,3.75,-0.047,3.75,270.7,SYNTHETIC DATA — PIPELINE/CONSTRAINT VERIFICATION ONLY
4,AMD_r5_c6,AMD,23.2225,72.8714,3.45,-0.043,3.45,270.7,SYNTHETIC DATA — PIPELINE/CONSTRAINT VERIFICATION ONLY
4,AMD_r6_c0,AMD,23.3225,72.2714,5.534,0.427,5.55,265.6,SYNTHETIC DATA — PIPELINE/CONSTRAINT VERIFICATION ONLY
4,AMD_r6_c1,AMD,23.3225,72.3714,5.234,0.404,5.25,265.6,SYNTHETIC DATA — PIPELINE/CONSTRAINT VERIFICATION ONLY
4,AMD_r6_c2,AMD,23.3225,72.4714,4.935,0.381,4.95,265.6,SYNTHETIC DATA — PIPELINE/CONSTRAINT VERIFICATION ONLY
4,AMD_r6_c3,AMD,23.3225,72.5714,4.636,0.358,4.65,265.6,SYNTHETIC DATA — PIPELINE/CONSTRAINT VERIFICATION ONLY
4,AMD_r6_c4,AMD,23.3225,72.6714,4.337,0.335,4.35,265.6,SYNTHETIC DATA — PIPELINE/CONSTRAINT VERIFICATION ONLY
4,AMD_r6_c5,AMD,23.3225,72.7714,4.038,0.312,4.05,265.6,SYNTHETIC DATA — PIPELINE/CONSTRAINT VERIFICATION ONLY
4,AMD_r6_c6,AMD,23.3225,72.8714,3.739,0.289,3.75,265.6,SYNTHETIC DATA — PIPELINE/CONSTRAINT VERIFICATION ONLY
4,CCU_r0_c0,CCU,22.2726,88.0639,3.331,1.723,3.75,242.6,SYNTHETIC DATA — PIPELINE/CONSTRAINT VERIFICATION ONLY
4,CCU_r0_c1,CCU,22.2726,88.1639,3.064,1.586,3.45,242.6,SYNTHETIC DATA — PIPELINE/CONSTRAINT VERIFICATION ONLY
4,CCU_r0_c2,CCU,22.2726,88.2639,2.798,1.448,3.15,242.6,SYNTHETIC DATA — PIPELINE/CONSTRAINT VERIFICATION ONLY
4,CCU_r0_c3,CCU,22.2726,88.3639,2.531,1.31,2.85,242.6,SYNTHETIC DATA — PIPELINE/CONSTRAINT VERIFICATION ONLY
4,CCU_r0_c4,CCU,22.2726,88.4639,2.265,1.172,2.55,242.6,SYNTHETIC DATA — PIPELINE/CONSTRAINT VERIFICATION ONLY
4,CCU_r0_c5,CCU,22.2726,88.5639,1.998,1.034,2.25,242.6,SYNTHETIC DATA — PIPELINE/CONSTRAINT VERIFICATION ONLY
4,CCU_r0_c6,CCU,22.2726,88.6639,1.732,0.896,1.95,242.6,SYNTHETIC DATA — PIPELINE/CONSTRAINT VERIFICATION ONLY
4,CCU_r1_c0,CCU,22.3726,88.0639,3.626,1.805,4.05,243.5,SYNTHETIC DATA — PIPELINE/CONSTRAINT VERIFICATION ONLY
4,CCU_r1_c1,CCU,22.3726,88.1639,3.357,1.671,3.75,243.5,SYNTHETIC DATA — PIPELINE/CONSTRAINT VERIFICATION ONLY
4,CCU_r1_c2,CCU,22.3726,88.2639,3.088,1.537,3.45,243.5,SYNTHETIC DATA — PIPELINE/CONSTRAINT VERIFICATION ONLY
4,CCU_r1_c3,CCU,22.3726,88.3639,2.82,1.404,3.15,243.5,SYNTHETIC DATA — PIPELINE/CONSTRAINT VERIFICATION ONLY
4,CCU_r1_c4,CCU,22.3726,88.4639,2.551,1.27,2.85,243.5,SYNTHETIC DATA — PIPELINE/CONSTRAINT VERIFICATION ONLY
4,CCU_r1_c5,CCU,22.3726,88.5639,2.283,1.136,2.55,243.5,SYNTHETIC DATA — PIPELINE/CONSTRAINT VERIFICATION ONLY
4,CCU_r1_c6,CCU,22.3726,88.6639,2.014,1.003,2.25,243.5,SYNTHETIC DATA — PIPELINE/CONSTRAINT VERIFICATION ONLY
4,CCU_r2_c0,CCU,22.4726,88.0639,3.797,2.123,4.35,240.8,SYNTHETIC DATA — PIPELINE/CONSTRAINT VERIFICATION ONLY
4,CCU_r2_c1,CCU,22.4726,88.1639,3.535,1.977,4.05,240.8,SYNTHETIC DATA — PIPELINE/CONSTRAINT VERIFICATION ONLY
4,CCU_r2_c2,CCU,22.4726,88.2639,3.273,1.83,3.75,240.8,SYNTHETIC DATA — PIPELINE/CONSTRAINT VERIFICATION ONLY
4,CCU_r2_c3,CCU,22.4726,88.3639,3.011,1.684,3.45,240.8,SYNTHETIC DATA — PIPELINE/CONSTRAINT VERIFICATION ONLY
4,CCU_r2_c4,CCU,22.4726,88.4639,2.749,1.537,3.15,240.8,SYNTHETIC DATA — PIPELINE/CONSTRAINT VERIFICATION ONLY
4,CCU_r2_c5,CCU,22.4726,88.5639,2.488,1.391,2.85,240.8,SYNTHETIC DATA — PIPELINE/CONSTRAINT VERIFICATION ONLY
4,CCU_r2_c6,CCU,22.4726,88.6639,2.226,1.245,2.55,240.8,SYNTHETIC DATA — PIPELINE/CONSTRAINT VERIFICATION ONLY
4,CCU_r3_c0,CCU,22.5726,88.0639,3.812,2.662,4.65,235.1,SYNTHETIC DATA — PIPELINE/CONSTRAINT VERIFICATION ONLY
4,CCU_r3_c1,CCU,22.5726,88.1639,3.566,2.491,4.35,235.1,SYNTHETIC DATA — PIPELINE/CONSTRAINT VERIFICATION ONLY
4,CCU_r3_c2,CCU,22.5726,88.2639,3.32,2.319,4.05,235.1,SYNTHETIC DATA — PIPELINE/CONSTRAINT VERIFICATION ONLY
4,CCU_r3_c3,CCU,22.5726,88.3639,3.074,2.147,3.75,235.1,SYNTHETIC DATA — PIPELINE/CONSTRAINT VERIFICATION ONLY
4,CCU_r3_c4,CCU,22.5726,88.4639,2.829,1.975,3.45,235.1,SYNTHETIC DATA — PIPELINE/CONSTRAINT VERIFICATION ONLY
4,CCU_r3_c5,CCU,22.5726,88.5639,2.583,1.804,3.15,235.1,SYNTHETIC DATA — PIPELINE/CONSTRAINT VERIFICATION ONLY
4,CCU_r3_c6,CCU,22.5726,88.6639,2.337,1.632,2.85,235.1,SYNTHETIC DATA — PIPELINE/CONSTRAINT VERIFICATION ONLY
4,CCU_r4_c0,CCU,22.6726,88.0639,3.666,3.326,4.95,227.8,SYNTHETIC DATA — PIPELINE/CONSTRAINT VERIFICATION ONLY
4,CCU_r4_c1,CCU,22.6726,88.1639,3.444,3.124,4.65,227.8,SYNTHETIC DATA — PIPELINE/CONSTRAINT VERIFICATION ONLY
4,CCU_r4_c2,CCU,22.6726,88.2639,3.222,2.923,4.35,227.8,SYNTHETIC DATA — PIPELINE/CONSTRAINT VERIFICATION ONLY
4,CCU_r4_c3,CCU,22.6726,88.3639,3.0,2.721,4.05,227.8,SYNTHETIC DATA — PIPELINE/CONSTRAINT VERIFICATION ONLY
4,CCU_r4_c4,CCU,22.6726,88.4639,2.777,2.52,3.75,227.8,SYNTHETIC DATA — PIPELINE/CONSTRAINT VERIFICATION ONLY
4,CCU_r4_c5,CCU,22.6726,88.5639,2.555,2.318,3.45,227.8,SYNTHETIC DATA — PIPELINE/CONSTRAINT VERIFICATION ONLY
4,CCU_r4_c6,CCU,22.6726,88.6639,2.333,2.117,3.15,227.8,SYNTHETIC DATA — PIPELINE/CONSTRAINT VERIFICATION ONLY
4,CCU_r5_c0,CCU,22.7726,88.0639,3.424,3.979,5.25,220.7,SYNTHETIC DATA — PIPELINE/CONSTRAINT VERIFICATION ONLY
4,CCU_r5_c1,CCU,22.7726,88.1639,3.229,3.752,4.95,220.7,SYNTHETIC DATA — PIPELINE/CONSTRAINT VERIFICATION ONLY
4,CCU_r5_c2,CCU,22.7726,88.2639,3.033,3.525,4.65,220.7,SYNTHETIC DATA — PIPELINE/CONSTRAINT VERIFICATION ONLY
4,CCU_r5_c3,CCU,22.7726,88.3639,2.837,3.297,4.35,220.7,SYNTHETIC DATA — PIPELINE/CONSTRAINT VERIFICATION ONLY
4,CCU_r5_c4,CCU,22.7726,88.4639,2.642,3.07,4.05,220.7,SYNTHETIC DATA — PIPELINE/CONSTRAINT VERIFICATION ONLY
4,CCU_r5_c5,CCU,22.7726,88.5639,2.446,2.842,3.75,220.7,SYNTHETIC DATA — PIPELINE/CONSTRAINT VERIFICATION ONLY
4,CCU_r5_c6,CCU,22.7726,88.6639,2.25,2.615,3.45,220.7,SYNTHETIC DATA — PIPELINE/CONSTRAINT VERIFICATION ONLY
4,CCU_r6_c0,CCU,22.8726,88.0639,3.23,4.513,5.55,215.6,SYNTHETIC DATA — PIPELINE/CONSTRAINT VERIFICATION ONLY
4,CCU_r6_c1,CCU,22.8726,88.1639,3.055,4.269,5.25,215.6,SYNTHETIC DATA — PIPELINE/CONSTRAINT VERIFICATION ONLY
4,CCU_r6_c2,CCU,22.8726,88.2639,2.881,4.026,4.95,215.6,SYNTHETIC DATA — PIPELINE/CONSTRAINT VERIFICATION ONLY
4,CCU_r6_c3,CCU,22.8726,88.3639,2.706,3.782,4.65,215.6,SYNTHETIC DATA — PIPELINE/CONSTRAINT VERIFICATION ONLY
4,CCU_r6_c4,CCU,22.8726,88.4639,2.531,3.538,4.35,215.6,SYNTHETIC DATA — PIPELINE/CONSTRAINT VERIFICATION ONLY
4,CCU_r6_c5,CCU,22.8726,88.5639,2.357,3.294,4.05,215.6,SYNTHETIC DATA — PIPELINE/CONSTRAINT VERIFICATION ONLY
4,CCU_r6_c6,CCU,22.8726,88.6639,2.182,3.05,3.75,215.6,SYNTHETIC DATA — PIPELINE/CONSTRAINT VERIFICATION ONLY
4,HYD_r0_c0,HYD,17.085,78.1867,3.719,0.48,3.75,262.6,SYNTHETIC DATA — PIPELINE/CONSTRAINT VERIFICATION ONLY
4,HYD_r0_c1,HYD,17.085,78.2867,3.422,0.442,3.45,262.6,SYNTHETIC DATA — PIPELINE/CONSTRAINT VERIFICATION ONLY
4,HYD_r0_c2,HYD,17.085,78.3867,3.124,0.403,3.15,262.6,SYNTHETIC DATA — PIPELINE/CONSTRAINT VERIFICATION ONLY
4,HYD_r0_c3,HYD,17.085,78.4867,2.827,0.365,2.85,262.6,SYNTHETIC DATA — PIPELINE/CONSTRAINT VERIFICATION ONLY
4,HYD_r0_c4,HYD,17.085,78.5867,2.529,0.327,2.55,262.6,SYNTHETIC DATA — PIPELINE/CONSTRAINT VERIFICATION ONLY
4,HYD_r0_c5,HYD,17.085,78.6867,2.231,0.288,2.25,262.6,SYNTHETIC DATA — PIPELINE/CONSTRAINT VERIFICATION ONLY
4,HYD_r0_c6,HYD,17.085,78.7867,1.934,0.25,1.95,262.6,SYNTHETIC DATA — PIPELINE/CONSTRAINT VERIFICATION ONLY
4,HYD_r1_c0,HYD,17.185,78.1867,4.024,0.456,4.05,263.5,SYNTHETIC DATA — PIPELINE/CONSTRAINT VERIFICATION ONLY
4,HYD_r1_c1,HYD,17.185,78.2867,3.726,0.422,3.75,263.5,SYNTHETIC DATA — PIPELINE/CONSTRAINT VERIFICATION ONLY
4,HYD_r1_c2,HYD,17.185,78.3867,3.428,0.388,3.45,263.5,SYNTHETIC DATA — PIPELINE/CONSTRAINT VERIFICATION ONLY
4,HYD_r1_c3,HYD,17.185,78.4867,3.13,0.355,3.15,263.5,SYNTHETIC DATA — PIPELINE/CONSTRAINT VERIFICATION ONLY
4,HYD_r1_c4,HYD,17.185,78.5867,2.832,0.321,2.85,263.5,SYNTHETIC DATA — PIPELINE/CONSTRAINT VERIFICATION ONLY
4,HYD_r1_c5,HYD,17.185,78.6867,2.534,0.287,2.55,263.5,SYNTHETIC DATA — PIPELINE/CONSTRAINT VERIFICATION ONLY
4,HYD_r1_c6,HYD,17.185,78.7867,2.236,0.253,2.25,263.5,SYNTHETIC DATA — PIPELINE/CONSTRAINT VERIFICATION ONLY
4,HYD_r2_c0,HYD,17.285,78.1867,4.294,0.696,4.35,260.8,SYNTHETIC DATA — PIPELINE/CONSTRAINT VERIFICATION ONLY
4,HYD_r2_c1,HYD,17.285,78.2867,3.998,0.648,4.05,260.8,SYNTHETIC DATA — PIPELINE/CONSTRAINT VERIFICATION ONLY
4,HYD_r2_c2,HYD,17.285,78.3867,3.702,0.6,3.75,260.8,SYNTHETIC DATA — PIPELINE/CONSTRAINT VERIFICATION ONLY
4,HYD_r2_c3,HYD,17.285,78.4867,3.406,0.552,3.45,260.8,SYNTHETIC DATA — PIPELINE/CONSTRAINT VERIFICATION ONLY
4,HYD_r2_c4,HYD,17.285,78.5867,3.109,0.504,3.15,260.8,SYNTHETIC DATA — PIPELINE/CONSTRAINT VERIFICATION ONLY
4,HYD_r2_c5,HYD,17.285,78.6867,2.813,0.456,2.85,260.8,SYNTHETIC DATA — PIPELINE/CONSTRAINT VERIFICATION ONLY
4,HYD_r2_c6,HYD,17.285,78.7867,2.517,0.408,2.55,260.8,SYNTHETIC DATA — PIPELINE/CONSTRAINT VERIFICATION ONLY
4,HYD_r3_c0,HYD,17.385,78.1867,4.493,1.198,4.65,255.1,SYNTHETIC DATA — PIPELINE/CONSTRAINT VERIFICATION ONLY
4,HYD_r3_c1,HYD,17.385,78.2867,4.203,1.121,4.35,255.1,SYNTHETIC DATA — PIPELINE/CONSTRAINT VERIFICATION ONLY
4,HYD_r3_c2,HYD,17.385,78.3867,3.913,1.043,4.05,255.1,SYNTHETIC DATA — PIPELINE/CONSTRAINT VERIFICATION ONLY
4,HYD_r3_c3,HYD,17.385,78.4867,3.623,0.966,3.75,255.1,SYNTHETIC DATA — PIPELINE/CONSTRAINT VERIFICATION ONLY
4,HYD_r3_c4,HYD,17.385,78.5867,3.334,0.889,3.45,255.1,SYNTHETIC DATA — PIPELINE/CONSTRAINT VERIFICATION ONLY
4,HYD_r3_c5,HYD,17.385,78.6867,3.044,0.812,3.15,255.1,SYNTHETIC DATA — PIPELINE/CONSTRAINT VERIFICATION ONLY
4,HYD_r3_c6,HYD,17.385,78.7867,2.754,0.734,2.85,255.1,SYNTHETIC DATA — PIPELINE/CONSTRAINT VERIFICATION ONLY
4,HYD_r4_c0,HYD,17.485,78.1867,4.583,1.872,4.95,247.8,SYNTHETIC DATA — PIPELINE/CONSTRAINT VERIFICATION ONLY
4,HYD_r4_c1,HYD,17.485,78.2867,4.305,1.758,4.65,247.8,SYNTHETIC DATA — PIPELINE/CONSTRAINT VERIFICATION ONLY
4,HYD_r4_c2,HYD,17.485,78.3867,4.027,1.645,4.35,247.8,SYNTHETIC DATA — PIPELINE/CONSTRAINT VERIFICATION ONLY
4,HYD_r4_c3,HYD,17.485,78.4867,3.749,1.531,4.05,247.8,SYNTHETIC DATA — PIPELINE/CONSTRAINT VERIFICATION ONLY
4,HYD_r4_c4,HYD,17.485,78.5867,3.472,1.418,3.75,247.8,SYNTHETIC DATA — PIPELINE/CONSTRAINT VERIFICATION ONLY
4,HYD_r4_c5,HYD,17.485,78.6867,3.194,1.304,3.45,247.8,SYNTHETIC DATA — PIPELINE/CONSTRAINT VERIFICATION ONLY
4,HYD_r4_c6,HYD,17.485,78.7867,2.916,1.191,3.15,247.8,SYNTHETIC DATA — PIPELINE/CONSTRAINT VERIFICATION ONLY
4,HYD_r5_c0,HYD,17.585,78.1867,4.579,2.568,5.25,240.7,SYNTHETIC DATA — PIPELINE/CONSTRAINT VERIFICATION ONLY
4,HYD_r5_c1,HYD,17.585,78.2867,4.317,2.421,4.95,240.7,SYNTHETIC DATA — PIPELINE/CONSTRAINT VERIFICATION ONLY
4,HYD_r5_c2,HYD,17.585,78.3867,4.056,2.275,4.65,240.7,SYNTHETIC DATA — PIPELINE/CONSTRAINT VERIFICATION ONLY
4,HYD_r5_c3,HYD,17.585,78.4867,3.794,2.128,4.35,240.7,SYNTHETIC DATA — PIPELINE/CONSTRAINT VERIFICATION ONLY
4,HYD_r5_c4,HYD,17.585,78.5867,3.532,1.981,4.05,240.7,SYNTHETIC DATA — PIPELINE/CONSTRAINT VERIFICATION ONLY
4,HYD_r5_c5,HYD,17.585,78.6867,3.271,1.834,3.75,240.7,SYNTHETIC DATA — PIPELINE/CONSTRAINT VERIFICATION ONLY
4,HYD_r5_c6,HYD,17.585,78.7867,3.009,1.688,3.45,240.7,SYNTHETIC DATA — PIPELINE/CONSTRAINT VERIFICATION ONLY
4,HYD_r6_c0,HYD,17.685,78.1867,4.579,3.137,5.55,235.6,SYNTHETIC DATA — PIPELINE/CONSTRAINT VERIFICATION ONLY
4,HYD_r6_c1,HYD,17.685,78.2867,4.331,2.967,5.25,235.6,SYNTHETIC DATA — PIPELINE/CONSTRAINT VERIFICATION ONLY
4,HYD_r6_c2,HYD,17.685,78.3867,4.084,2.798,4.95,235.6,SYNTHETIC DATA — PIPELINE/CONSTRAINT VERIFICATION ONLY
4,HYD_r6_c3,HYD,17.685,78.4867,3.836,2.628,4.65,235.6,SYNTHETIC DATA — PIPELINE/CONSTRAINT VERIFICATION ONLY
4,HYD_r6_c4,HYD,17.685,78.5867,3.589,2.458,4.35,235.6,SYNTHETIC DATA — PIPELINE/CONSTRAINT VERIFICATION ONLY
4,HYD_r6_c5,HYD,17.685,78.6867,3.341,2.289,4.05,235.6,SYNTHETIC DATA — PIPELINE/CONSTRAINT VERIFICATION ONLY
4,HYD_r6_c6,HYD,17.685,78.7867,3.094,2.119,3.75,235.6,SYNTHETIC DATA — PIPELINE/CONSTRAINT VERIFICATION ONLY
4,BLR_r0_c0,BLR,12.6716,77.2946,3.746,-0.173,3.75,272.6,SYNTHETIC DATA — PIPELINE/CONSTRAINT VERIFICATION ONLY
4,BLR_r0_c1,BLR,12.6716,77.3946,3.446,-0.159,3.45,272.6,SYNTHETIC DATA — PIPELINE/CONSTRAINT VERIFICATION ONLY
4,BLR_r0_c2,BLR,12.6716,77.4946,3.147,-0.145,3.15,272.6,SYNTHETIC DATA — PIPELINE/CONSTRAINT VERIFICATION ONLY
4,BLR_r0_c3,BLR,12.6716,77.5946,2.847,-0.131,2.85,272.6,SYNTHETIC DATA — PIPELINE/CONSTRAINT VERIFICATION ONLY
4,BLR_r0_c4,BLR,12.6716,77.6946,2.547,-0.117,2.55,272.6,SYNTHETIC DATA — PIPELINE/CONSTRAINT VERIFICATION ONLY
4,BLR_r0_c5,BLR,12.6716,77.7946,2.248,-0.104,2.25,272.6,SYNTHETIC DATA — PIPELINE/CONSTRAINT VERIFICATION ONLY
4,BLR_r0_c6,BLR,12.6716,77.8946,1.948,-0.09,1.95,272.6,SYNTHETIC DATA — PIPELINE/CONSTRAINT VERIFICATION ONLY
4,BLR_r1_c0,BLR,12.7716,77.2946,4.042,-0.25,4.05,273.5,SYNTHETIC DATA — PIPELINE/CONSTRAINT VERIFICATION ONLY
4,BLR_r1_c1,BLR,12.7716,77.3946,3.743,-0.231,3.75,273.5,SYNTHETIC DATA — PIPELINE/CONSTRAINT VERIFICATION ONLY
4,BLR_r1_c2,BLR,12.7716,77.4946,3.443,-0.213,3.45,273.5,SYNTHETIC DATA — PIPELINE/CONSTRAINT VERIFICATION ONLY
4,BLR_r1_c3,BLR,12.7716,77.5946,3.144,-0.194,3.15,273.5,SYNTHETIC DATA — PIPELINE/CONSTRAINT VERIFICATION ONLY
4,BLR_r1_c4,BLR,12.7716,77.6946,2.845,-0.176,2.85,273.5,SYNTHETIC DATA — PIPELINE/CONSTRAINT VERIFICATION ONLY
4,BLR_r1_c5,BLR,12.7716,77.7946,2.545,-0.157,2.55,273.5,SYNTHETIC DATA — PIPELINE/CONSTRAINT VERIFICATION ONLY
4,BLR_r1_c6,BLR,12.7716,77.8946,2.246,-0.139,2.25,273.5,SYNTHETIC DATA — PIPELINE/CONSTRAINT VERIFICATION ONLY
4,BLR_r2_c0,BLR,12.8716,77.2946,4.35,-0.06,4.35,270.8,SYNTHETIC DATA — PIPELINE/CONSTRAINT VERIFICATION ONLY
4,BLR_r2_c1,BLR,12.8716,77.3946,4.05,-0.056,4.05,270.8,SYNTHETIC DATA — PIPELINE/CONSTRAINT VERIFICATION ONLY
4,BLR_r2_c2,BLR,12.8716,77.4946,3.75,-0.052,3.75,270.8,SYNTHETIC DATA — PIPELINE/CONSTRAINT VERIFICATION ONLY
4,BLR_r2_c3,BLR,12.8716,77.5946,3.45,-0.047,3.45,270.8,SYNTHETIC DATA — PIPELINE/CONSTRAINT VERIFICATION ONLY
4,BLR_r2_c4,BLR,12.8716,77.6946,3.15,-0.043,3.15,270.8,SYNTHETIC DATA — PIPELINE/CONSTRAINT VERIFICATION ONLY
4,BLR_r2_c5,BLR,12.8716,77.7946,2.85,-0.039,2.85,270.8,SYNTHETIC DATA — PIPELINE/CONSTRAINT VERIFICATION ONLY
4,BLR_r2_c6,BLR,12.8716,77.8946,2.55,-0.035,2.55,270.8,SYNTHETIC DATA — PIPELINE/CONSTRAINT VERIFICATION ONLY
4,BLR_r3_c0,BLR,12.9716,77.2946,4.633,0.4,4.65,265.1,SYNTHETIC DATA — PIPELINE/CONSTRAINT VERIFICATION ONLY
4,BLR_r3_c1,BLR,12.9716,77.3946,4.334,0.374,4.35,265.1,SYNTHETIC DATA — PIPELINE/CONSTRAINT VERIFICATION ONLY
4,BLR_r3_c2,BLR,12.9716,77.4946,4.035,0.348,4.05,265.1,SYNTHETIC DATA — PIPELINE/CONSTRAINT VERIFICATION ONLY
4,BLR_r3_c3,BLR,12.9716,77.5946,3.736,0.322,3.75,265.1,SYNTHETIC DATA — PIPELINE/CONSTRAINT VERIFICATION ONLY
4,BLR_r3_c4,BLR,12.9716,77.6946,3.437,0.296,3.45,265.1,SYNTHETIC DATA — PIPELINE/CONSTRAINT VERIFICATION ONLY
4,BLR_r3_c5,BLR,12.9716,77.7946,3.138,0.271,3.15,265.1,SYNTHETIC DATA — PIPELINE/CONSTRAINT VERIFICATION ONLY
4,BLR_r3_c6,BLR,12.9716,77.8946,2.839,0.245,2.85,265.1,SYNTHETIC DATA — PIPELINE/CONSTRAINT VERIFICATION ONLY
4,BLR_r4_c0,BLR,13.0716,77.2946,4.838,1.047,4.95,257.8,SYNTHETIC DATA — PIPELINE/CONSTRAINT VERIFICATION ONLY
4,BLR_r4_c1,BLR,13.0716,77.3946,4.545,0.984,4.65,257.8,SYNTHETIC DATA — PIPELINE/CONSTRAINT VERIFICATION ONLY
4,BLR_r4_c2,BLR,13.0716,77.4946,4.252,0.92,4.35,257.8,SYNTHETIC DATA — PIPELINE/CONSTRAINT VERIFICATION ONLY
4,BLR_r4_c3,BLR,13.0716,77.5946,3.958,0.857,4.05,257.8,SYNTHETIC DATA — PIPELINE/CONSTRAINT VERIFICATION ONLY
4,BLR_r4_c4,BLR,13.0716,77.6946,3.665,0.793,3.75,257.8,SYNTHETIC DATA — PIPELINE/CONSTRAINT VERIFICATION ONLY
4,BLR_r4_c5,BLR,13.0716,77.7946,3.372,0.73,3.45,257.8,SYNTHETIC DATA — PIPELINE/CONSTRAINT VERIFICATION ONLY
4,BLR_r4_c6,BLR,13.0716,77.8946,3.079,0.666,3.15,257.8,SYNTHETIC DATA — PIPELINE/CONSTRAINT VERIFICATION ONLY
4,BLR_r5_c0,BLR,13.1716,77.2946,4.955,1.734,5.25,250.7,SYNTHETIC DATA — PIPELINE/CONSTRAINT VERIFICATION ONLY
4,BLR_r5_c1,BLR,13.1716,77.3946,4.672,1.635,4.95,250.7,SYNTHETIC DATA — PIPELINE/CONSTRAINT VERIFICATION ONLY
4,BLR_r5_c2,BLR,13.1716,77.4946,4.389,1.536,4.65,250.7,SYNTHETIC DATA — PIPELINE/CONSTRAINT VERIFICATION ONLY
4,BLR_r5_c3,BLR,13.1716,77.5946,4.106,1.437,4.35,250.7,SYNTHETIC DATA — PIPELINE/CONSTRAINT VERIFICATION ONLY
4,BLR_r5_c4,BLR,13.1716,77.6946,3.823,1.338,4.05,250.7,SYNTHETIC DATA — PIPELINE/CONSTRAINT VERIFICATION ONLY
4,BLR_r5_c5,BLR,13.1716,77.7946,3.54,1.239,3.75,250.7,SYNTHETIC DATA — PIPELINE/CONSTRAINT VERIFICATION ONLY
4,BLR_r5_c6,BLR,13.1716,77.8946,3.256,1.14,3.45,250.7,SYNTHETIC DATA — PIPELINE/CONSTRAINT VERIFICATION ONLY
4,BLR_r6_c0,BLR,13.2716,77.2946,5.054,2.294,5.55,245.6,SYNTHETIC DATA — PIPELINE/CONSTRAINT VERIFICATION ONLY
4,BLR_r6_c1,BLR,13.2716,77.3946,4.781,2.17,5.25,245.6,SYNTHETIC DATA — PIPELINE/CONSTRAINT VERIFICATION ONLY
4,BLR_r6_c2,BLR,13.2716,77.4946,4.507,2.046,4.95,245.6,SYNTHETIC DATA — PIPELINE/CONSTRAINT VERIFICATION ONLY
4,BLR_r6_c3,BLR,13.2716,77.5946,4.234,1.922,4.65,245.6,SYNTHETIC DATA — PIPELINE/CONSTRAINT VERIFICATION ONLY
4,BLR_r6_c4,BLR,13.2716,77.6946,3.961,1.798,4.35,245.6,SYNTHETIC DATA — PIPELINE/CONSTRAINT VERIFICATION ONLY
4,BLR_r6_c5,BLR,13.2716,77.7946,3.688,1.674,4.05,245.6,SYNTHETIC DATA — PIPELINE/CONSTRAINT VERIFICATION ONLY
4,BLR_r6_c6,BLR,13.2716,77.8946,3.415,1.55,3.75,245.6,SYNTHETIC DATA — PIPELINE/CONSTRAINT VERIFICATION ONLY
4,MAA_r0_c0,MAA,12.7827,79.9707,-2.759,2.54,3.75,132.6,SYNTHETIC DATA — PIPELINE/CONSTRAINT VERIFICATION ONLY
4,MAA_r0_c1,MAA,12.7827,80.0707,-2.538,2.337,3.45,132.6,SYNTHETIC DATA — PIPELINE/CONSTRAINT VERIFICATION ONLY
4,MAA_r0_c2,MAA,12.7827,80.1707,-2.317,2.134,3.15,132.6,SYNTHETIC DATA — PIPELINE/CONSTRAINT VERIFICATION ONLY
4,MAA_r0_c3,MAA,12.7827,80.2707,-2.097,1.931,2.85,132.6,SYNTHETIC DATA — PIPELINE/CONSTRAINT VERIFICATION ONLY
4,MAA_r0_c4,MAA,12.7827,80.3707,-1.876,1.727,2.55,132.6,SYNTHETIC DATA — PIPELINE/CONSTRAINT VERIFICATION ONLY
4,MAA_r0_c5,MAA,12.7827,80.4707,-1.655,1.524,2.25,132.6,SYNTHETIC DATA — PIPELINE/CONSTRAINT VERIFICATION ONLY
4,MAA_r0_c6,MAA,12.7827,80.5707,-1.434,1.321,1.95,132.6,SYNTHETIC DATA — PIPELINE/CONSTRAINT VERIFICATION ONLY
4,MAA_r1_c0,MAA,12.8827,79.9707,-2.936,2.79,4.05,133.5,SYNTHETIC DATA — PIPELINE/CONSTRAINT VERIFICATION ONLY
4,MAA_r1_c1,MAA,12.8827,80.0707,-2.719,2.583,3.75,133.5,SYNTHETIC DATA — PIPELINE/CONSTRAINT VERIFICATION ONLY
4,MAA_r1_c2,MAA,12.8827,80.1707,-2.501,2.376,3.45,133.5,SYNTHETIC DATA — PIPELINE/CONSTRAINT VERIFICATION ONLY
4,MAA_r1_c3,MAA,12.8827,80.2707,-2.284,2.17,3.15,133.5,SYNTHETIC DATA — PIPELINE/CONSTRAINT VERIFICATION ONLY
4,MAA_r1_c4,MAA,12.8827,80.3707,-2.066,1.963,2.85,133.5,SYNTHETIC DATA — PIPELINE/CONSTRAINT VERIFICATION ONLY
4,MAA_r1_c5,MAA,12.8827,80.4707,-1.849,1.756,2.55,133.5,SYNTHETIC DATA — PIPELINE/CONSTRAINT VERIFICATION ONLY
4,MAA_r1_c6,MAA,12.8827,80.5707,-1.631,1.55,2.25,133.5,SYNTHETIC DATA — PIPELINE/CONSTRAINT VERIFICATION ONLY
4,MAA_r2_c0,MAA,12.9827,79.9707,-3.294,2.842,4.35,130.8,SYNTHETIC DATA — PIPELINE/CONSTRAINT VERIFICATION ONLY
4,MAA_r2_c1,MAA,12.9827,80.0707,-3.066,2.646,4.05,130.8,SYNTHETIC DATA — PIPELINE/CONSTRAINT VERIFICATION ONLY
4,MAA_r2_c2,MAA,12.9827,80.1707,-2.839,2.45,3.75,130.8,SYNTHETIC DATA — PIPELINE/CONSTRAINT VERIFICATION ONLY
4,MAA_r2_c3,MAA,12.9827,80.2707,-2.612,2.254,3.45,130.8,SYNTHETIC DATA — PIPELINE/CONSTRAINT VERIFICATION ONLY
4,MAA_r2_c4,MAA,12.9827,80.3707,-2.385,2.058,3.15,130.8,SYNTHETIC DATA — PIPELINE/CONSTRAINT VERIFICATION ONLY
4,MAA_r2_c5,MAA,12.9827,80.4707,-2.158,1.862,2.85,130.8,SYNTHETIC DATA — PIPELINE/CONSTRAINT VERIFICATION ONLY
4,MAA_r2_c6,MAA,12.9827,80.5707,-1.931,1.666,2.55,130.8,SYNTHETIC DATA — PIPELINE/CONSTRAINT VERIFICATION ONLY
4,MAA_r3_c0,MAA,13.0827,79.9707,-3.806,2.672,4.65,125.1,SYNTHETIC DATA — PIPELINE/CONSTRAINT VERIFICATION ONLY
4,MAA_r3_c1,MAA,13.0827,80.0707,-3.56,2.499,4.35,125.1,SYNTHETIC DATA — PIPELINE/CONSTRAINT VERIFICATION ONLY
4,MAA_r3_c2,MAA,13.0827,80.1707,-3.315,2.327,4.05,125.1,SYNTHETIC DATA — PIPELINE/CONSTRAINT VERIFICATION ONLY
4,MAA_r3_c3,MAA,13.0827,80.2707,-3.069,2.155,3.75,125.1,SYNTHETIC DATA — PIPELINE/CONSTRAINT VERIFICATION ONLY
4,MAA_r3_c4,MAA,13.0827,80.3707,-2.824,1.982,3.45,125.1,SYNTHETIC DATA — PIPELINE/CONSTRAINT VERIFICATION ONLY
4,MAA_r3_c5,MAA,13.0827,80.4707,-2.578,1.81,3.15,125.1,SYNTHETIC DATA — PIPELINE/CONSTRAINT VERIFICATION ONLY
4,MAA_r3_c6,MAA,13.0827,80.5707,-2.333,1.638,2.85,125.1,SYNTHETIC DATA — PIPELINE/CONSTRAINT VERIFICATION ONLY
4,MAA_r4_c0,MAA,13.1827,79.9707,-4.379,2.307,4.95,117.8,SYNTHETIC DATA — PIPELINE/CONSTRAINT VERIFICATION ONLY
4,MAA_r4_c1,MAA,13.1827,80.0707,-4.114,2.168,4.65,117.8,SYNTHETIC DATA — PIPELINE/CONSTRAINT VERIFICATION ONLY
4,MAA_r4_c2,MAA,13.1827,80.1707,-3.848,2.028,4.35,117.8,SYNTHETIC DATA — PIPELINE/CONSTRAINT VERIFICATION ONLY
4,MAA_r4_c3,MAA,13.1827,80.2707,-3.583,1.888,4.05,117.8,SYNTHETIC DATA — PIPELINE/CONSTRAINT VERIFICATION ONLY
4,MAA_r4_c4,MAA,13.1827,80.3707,-3.318,1.748,3.75,117.8,SYNTHETIC DATA — PIPELINE/CONSTRAINT VERIFICATION ONLY
4,MAA_r4_c5,MAA,13.1827,80.4707,-3.052,1.608,3.45,117.8,SYNTHETIC DATA — PIPELINE/CONSTRAINT VERIFICATION ONLY
4,MAA_r4_c6,MAA,13.1827,80.5707,-2.787,1.468,3.15,117.8,SYNTHETIC DATA — PIPELINE/CONSTRAINT VERIFICATION ONLY
4,MAA_r5_c0,MAA,13.2827,79.9707,-4.911,1.857,5.25,110.7,SYNTHETIC DATA — PIPELINE/CONSTRAINT VERIFICATION ONLY
4,MAA_r5_c1,MAA,13.2827,80.0707,-4.63,1.751,4.95,110.7,SYNTHETIC DATA — PIPELINE/CONSTRAINT VERIFICATION ONLY
4,MAA_r5_c2,MAA,13.2827,80.1707,-4.349,1.645,4.65,110.7,SYNTHETIC DATA — PIPELINE/CONSTRAINT VERIFICATION ONLY
4,MAA_r5_c3,MAA,13.2827,80.2707,-4.069,1.539,4.35,110.7,SYNTHETIC DATA — PIPELINE/CONSTRAINT VERIFICATION ONLY
4,MAA_r5_c4,MAA,13.2827,80.3707,-3.788,1.432,4.05,110.7,SYNTHETIC DATA — PIPELINE/CONSTRAINT VERIFICATION ONLY
4,MAA_r5_c5,MAA,13.2827,80.4707,-3.508,1.326,3.75,110.7,SYNTHETIC DATA — PIPELINE/CONSTRAINT VERIFICATION ONLY
4,MAA_r5_c6,MAA,13.2827,80.5707,-3.227,1.22,3.45,110.7,SYNTHETIC DATA — PIPELINE/CONSTRAINT VERIFICATION ONLY
4,MAA_r6_c0,MAA,13.3827,79.9707,-5.346,1.491,5.55,105.6,SYNTHETIC DATA — PIPELINE/CONSTRAINT VERIFICATION ONLY
4,MAA_r6_c1,MAA,13.3827,80.0707,-5.057,1.411,5.25,105.6,SYNTHETIC DATA — PIPELINE/CONSTRAINT VERIFICATION ONLY
4,MAA_r6_c2,MAA,13.3827,80.1707,-4.768,1.33,4.95,105.6,SYNTHETIC DATA — PIPELINE/CONSTRAINT VERIFICATION ONLY
4,MAA_r6_c3,MAA,13.3827,80.2707,-4.479,1.249,4.65,105.6,SYNTHETIC DATA — PIPELINE/CONSTRAINT VERIFICATION ONLY
4,MAA_r6_c4,MAA,13.3827,80.3707,-4.19,1.169,4.35,105.6,SYNTHETIC DATA — PIPELINE/CONSTRAINT VERIFICATION ONLY
4,MAA_r6_c5,MAA,13.3827,80.4707,-3.901,1.088,4.05,105.6,SYNTHETIC DATA — PIPELINE/CONSTRAINT VERIFICATION ONLY
4,MAA_r6_c6,MAA,13.3827,80.5707,-3.612,1.008,3.75,105.6,SYNTHETIC DATA — PIPELINE/CONSTRAINT VERIFICATION ONLY
5,DEL_r0_c0,DEL,28.3139,76.909,1.114,-3.0,3.2,339.6,SYNTHETIC DATA — PIPELINE/CONSTRAINT VERIFICATION ONLY
5,DEL_r0_c1,DEL,28.3139,77.009,1.01,-2.719,2.9,339.6,SYNTHETIC DATA — PIPELINE/CONSTRAINT VERIFICATION ONLY
5,DEL_r0_c2,DEL,28.3139,77.109,0.905,-2.437,2.6,339.6,SYNTHETIC DATA — PIPELINE/CONSTRAINT VERIFICATION ONLY
5,DEL_r0_c3,DEL,28.3139,77.209,0.801,-2.156,2.3,339.6,SYNTHETIC DATA — PIPELINE/CONSTRAINT VERIFICATION ONLY
5,DEL_r0_c4,DEL,28.3139,77.309,0.696,-1.875,2.0,339.6,SYNTHETIC DATA — PIPELINE/CONSTRAINT VERIFICATION ONLY
5,DEL_r0_c5,DEL,28.3139,77.409,0.592,-1.594,1.7,339.6,SYNTHETIC DATA — PIPELINE/CONSTRAINT VERIFICATION ONLY
5,DEL_r0_c6,DEL,28.3139,77.509,0.488,-1.312,1.4,339.6,SYNTHETIC DATA — PIPELINE/CONSTRAINT VERIFICATION ONLY
5,DEL_r1_c0,DEL,28.4139,76.909,1.294,-3.252,3.5,338.3,SYNTHETIC DATA — PIPELINE/CONSTRAINT VERIFICATION ONLY
5,DEL_r1_c1,DEL,28.4139,77.009,1.183,-2.973,3.2,338.3,SYNTHETIC DATA — PIPELINE/CONSTRAINT VERIFICATION ONLY
5,DEL_r1_c2,DEL,28.4139,77.109,1.072,-2.694,2.9,338.3,SYNTHETIC DATA — PIPELINE/CONSTRAINT VERIFICATION ONLY
5,DEL_r1_c3,DEL,28.4139,77.209,0.961,-2.416,2.6,338.3,SYNTHETIC DATA — PIPELINE/CONSTRAINT VERIFICATION ONLY
5,DEL_r1_c4,DEL,28.4139,77.309,0.85,-2.137,2.3,338.3,SYNTHETIC DATA — PIPELINE/CONSTRAINT VERIFICATION ONLY
5,DEL_r1_c5,DEL,28.4139,77.409,0.74,-1.858,2.0,338.3,SYNTHETIC DATA — PIPELINE/CONSTRAINT VERIFICATION ONLY
5,DEL_r1_c6,DEL,28.4139,77.509,0.629,-1.58,1.7,338.3,SYNTHETIC DATA — PIPELINE/CONSTRAINT VERIFICATION ONLY
5,DEL_r2_c0,DEL,28.5139,76.909,1.687,-3.405,3.8,333.6,SYNTHETIC DATA — PIPELINE/CONSTRAINT VERIFICATION ONLY
5,DEL_r2_c1,DEL,28.5139,77.009,1.554,-3.136,3.5,333.6,SYNTHETIC DATA — PIPELINE/CONSTRAINT VERIFICATION ONLY
5,DEL_r2_c2,DEL,28.5139,77.109,1.421,-2.867,3.2,333.6,SYNTHETIC DATA — PIPELINE/CONSTRAINT VERIFICATION ONLY
5,DEL_r2_c3,DEL,28.5139,77.209,1.288,-2.598,2.9,333.6,SYNTHETIC DATA — PIPELINE/CONSTRAINT VERIFICATION ONLY
5,DEL_r2_c4,DEL,28.5139,77.309,1.155,-2.33,2.6,333.6,SYNTHETIC DATA — PIPELINE/CONSTRAINT VERIFICATION ONLY
5,DEL_r2_c5,DEL,28.5139,77.409,1.021,-2.061,2.3,333.6,SYNTHETIC DATA — PIPELINE/CONSTRAINT VERIFICATION ONLY
5,DEL_r2_c6,DEL,28.5139,77.509,0.888,-1.792,2.0,333.6,SYNTHETIC DATA — PIPELINE/CONSTRAINT VERIFICATION ONLY
5,DEL_r3_c0,DEL,28.6139,76.909,2.246,-3.43,4.1,326.8,SYNTHETIC DATA — PIPELINE/CONSTRAINT VERIFICATION ONLY
5,DEL_r3_c1,DEL,28.6139,77.009,2.082,-3.179,3.8,326.8,SYNTHETIC DATA — PIPELINE/CONSTRAINT VERIFICATION ONLY
5,DEL_r3_c2,DEL,28.6139,77.109,1.918,-2.928,3.5,326.8,SYNTHETIC DATA — PIPELINE/CONSTRAINT VERIFICATION ONLY
5,DEL_r3_c3,DEL,28.6139,77.209,1.753,-2.677,3.2,326.8,SYNTHETIC DATA — PIPELINE/CONSTRAINT VERIFICATION ONLY
5,DEL_r3_c4,DEL,28.6139,77.309,1.589,-2.426,2.9,326.8,SYNTHETIC DATA — PIPELINE/CONSTRAINT VERIFICATION ONLY
5,DEL_r3_c5,DEL,28.6139,77.409,1.425,-2.175,2.6,326.8,SYNTHETIC DATA — PIPELINE/CONSTRAINT VERIFICATION ONLY
5,DEL_r3_c6,DEL,28.6139,77.509,1.26,-1.924,2.3,326.8,SYNTHETIC DATA — PIPELINE/CONSTRAINT VERIFICATION ONLY
5,DEL_r4_c0,DEL,28.7139,76.909,2.864,-3.341,4.4,319.4,SYNTHETIC DATA — PIPELINE/CONSTRAINT VERIFICATION ONLY
5,DEL_r4_c1,DEL,28.7139,77.009,2.668,-3.113,4.1,319.4,SYNTHETIC DATA — PIPELINE/CONSTRAINT VERIFICATION ONLY
5,DEL_r4_c2,DEL,28.7139,77.109,2.473,-2.885,3.8,319.4,SYNTHETIC DATA — PIPELINE/CONSTRAINT VERIFICATION ONLY
5,DEL_r4_c3,DEL,28.7139,77.209,2.278,-2.657,3.5,319.4,SYNTHETIC DATA — PIPELINE/CONSTRAINT VERIFICATION ONLY
5,DEL_r4_c4,DEL,28.7139,77.309,2.083,-2.43,3.2,319.4,SYNTHETIC DATA — PIPELINE/CONSTRAINT VERIFICATION ONLY
5,DEL_r4_c5,DEL,28.7139,77.409,1.887,-2.202,2.9,319.4,SYNTHETIC DATA — PIPELINE/CONSTRAINT VERIFICATION ONLY
5,DEL_r4_c6,DEL,28.7139,77.509,1.692,-1.974,2.6,319.4,SYNTHETIC DATA — PIPELINE/CONSTRAINT VERIFICATION ONLY
5,DEL_r5_c0,DEL,28.8139,76.909,3.42,-3.224,4.7,313.3,SYNTHETIC DATA — PIPELINE/CONSTRAINT VERIFICATION ONLY
5,DEL_r5_c1,DEL,28.8139,77.009,3.202,-3.018,4.4,313.3,SYNTHETIC DATA — PIPELINE/CONSTRAINT VERIFICATION ONLY
5,DEL_r5_c2,DEL,28.8139,77.109,2.984,-2.812,4.1,313.3,SYNTHETIC DATA — PIPELINE/CONSTRAINT VERIFICATION ONLY
5,DEL_r5_c3,DEL,28.8139,77.209,2.765,-2.606,3.8,313.3,SYNTHETIC DATA — PIPELINE/CONSTRAINT VERIFICATION ONLY
5,DEL_r5_c4,DEL,28.8139,77.309,2.547,-2.401,3.5,313.3,SYNTHETIC DATA — PIPELINE/CONSTRAINT VERIFICATION ONLY
5,DEL_r5_c5,DEL,28.8139,77.409,2.329,-2.195,3.2,313.3,SYNTHETIC DATA — PIPELINE/CONSTRAINT VERIFICATION ONLY
5,DEL_r5_c6,DEL,28.8139,77.509,2.11,-1.989,2.9,313.3,SYNTHETIC DATA — PIPELINE/CONSTRAINT VERIFICATION ONLY
5,DEL_r6_c0,DEL,28.9139,76.909,3.83,-3.214,5.0,310.0,SYNTHETIC DATA — PIPELINE/CONSTRAINT VERIFICATION ONLY
5,DEL_r6_c1,DEL,28.9139,77.009,3.601,-3.021,4.7,310.0,SYNTHETIC DATA — PIPELINE/CONSTRAINT VERIFICATION ONLY
5,DEL_r6_c2,DEL,28.9139,77.109,3.371,-2.828,4.4,310.0,SYNTHETIC DATA — PIPELINE/CONSTRAINT VERIFICATION ONLY
5,DEL_r6_c3,DEL,28.9139,77.209,3.141,-2.635,4.1,310.0,SYNTHETIC DATA — PIPELINE/CONSTRAINT VERIFICATION ONLY
5,DEL_r6_c4,DEL,28.9139,77.309,2.911,-2.442,3.8,310.0,SYNTHETIC DATA — PIPELINE/CONSTRAINT VERIFICATION ONLY
5,DEL_r6_c5,DEL,28.9139,77.409,2.681,-2.25,3.5,310.0,SYNTHETIC DATA — PIPELINE/CONSTRAINT VERIFICATION ONLY
5,DEL_r6_c6,DEL,28.9139,77.509,2.451,-2.057,3.2,310.0,SYNTHETIC DATA — PIPELINE/CONSTRAINT VERIFICATION ONLY
5,BOM_r0_c0,BOM,18.776,72.5777,3.19,-0.258,3.2,274.6,SYNTHETIC DATA — PIPELINE/CONSTRAINT VERIFICATION ONLY
5,BOM_r0_c1,BOM,18.776,72.6777,2.891,-0.234,2.9,274.6,SYNTHETIC DATA — PIPELINE/CONSTRAINT VERIFICATION ONLY
5,BOM_r0_c2,BOM,18.776,72.7777,2.592,-0.209,2.6,274.6,SYNTHETIC DATA — PIPELINE/CONSTRAINT VERIFICATION ONLY
5,BOM_r0_c3,BOM,18.776,72.8777,2.293,-0.185,2.3,274.6,SYNTHETIC DATA — PIPELINE/CONSTRAINT VERIFICATION ONLY
5,BOM_r0_c4,BOM,18.776,72.9777,1.993,-0.161,2.0,274.6,SYNTHETIC DATA — PIPELINE/CONSTRAINT VERIFICATION ONLY
5,BOM_r0_c5,BOM,18.776,73.0777,1.694,-0.137,1.7,274.6,SYNTHETIC DATA — PIPELINE/CONSTRAINT VERIFICATION ONLY
5,BOM_r0_c6,BOM,18.776,73.1777,1.395,-0.113,1.4,274.6,SYNTHETIC DATA — PIPELINE/CONSTRAINT VERIFICATION ONLY
5,BOM_r1_c0,BOM,18.876,72.5777,3.494,-0.201,3.5,273.3,SYNTHETIC DATA — PIPELINE/CONSTRAINT VERIFICATION ONLY
5,BOM_r1_c1,BOM,18.876,72.6777,3.195,-0.184,3.2,273.3,SYNTHETIC DATA — PIPELINE/CONSTRAINT VERIFICATION ONLY
5,BOM_r1_c2,BOM,18.876,72.7777,2.895,-0.167,2.9,273.3,SYNTHETIC DATA — PIPELINE/CONSTRAINT VERIFICATION ONLY
5,BOM_r1_c3,BOM,18.876,72.8777,2.596,-0.15,2.6,273.3,SYNTHETIC DATA — PIPELINE/CONSTRAINT VERIFICATION ONLY
5,BOM_r1_c4,BOM,18.876,72.9777,2.296,-0.132,2.3,273.3,SYNTHETIC DATA — PIPELINE/CONSTRAINT VERIFICATION ONLY
5,BOM_r1_c5,BOM,18.876,73.0777,1.997,-0.115,2.0,273.3,SYNTHETIC DATA — PIPELINE/CONSTRAINT VERIFICATION ONLY
5,BOM_r1_c6,BOM,18.876,73.1777,1.697,-0.098,1.7,273.3,SYNTHETIC DATA — PIPELINE/CONSTRAINT VERIFICATION ONLY
5,BOM_r2_c0,BOM,18.976,72.5777,3.799,0.09,3.8,268.6,SYNTHETIC DATA — PIPELINE/CONSTRAINT VERIFICATION ONLY
5,BOM_r2_c1,BOM,18.976,72.6777,3.499,0.083,3.5,268.6,SYNTHETIC DATA — PIPELINE/CONSTRAINT VERIFICATION ONLY
5,BOM_r2_c2,BOM,18.976,72.7777,3.199,0.076,3.2,268.6,SYNTHETIC DATA — PIPELINE/CONSTRAINT VERIFICATION ONLY
5,BOM_r2_c3,BOM,18.976,72.8777,2.899,0.069,2.9,268.6,SYNTHETIC DATA — PIPELINE/CONSTRAINT VERIFICATION ONLY
5,BOM_r2_c4,BOM,18.976,72.9777,2.599,0.062,2.6,268.6,SYNTHETIC DATA — PIPELINE/CONSTRAINT VERIFICATION ONLY
5,BOM_r2_c5,BOM,18.976,73.0777,2.299,0.055,2.3,268.6,SYNTHETIC DATA — PIPELINE/CONSTRAINT VERIFICATION ONLY
5,BOM_r2_c6,BOM,18.976,73.1777,1.999,0.048,2.0,268.6,SYNTHETIC DATA — PIPELINE/CONSTRAINT VERIFICATION ONLY
5,BOM_r3_c0,BOM,19.076,72.5777,4.058,0.586,4.1,261.8,SYNTHETIC DATA — PIPELINE/CONSTRAINT VERIFICATION ONLY
5,BOM_r3_c1,BOM,19.076,72.6777,3.761,0.544,3.8,261.8,SYNTHETIC DATA — PIPELINE/CONSTRAINT VERIFICATION ONLY
5,BOM_r3_c2,BOM,19.076,72.7777,3.464,0.501,3.5,261.8,SYNTHETIC DATA — PIPELINE/CONSTRAINT VERIFICATION ONLY
5,BOM_r3_c3,BOM,19.076,72.8777,3.167,0.458,3.2,261.8,SYNTHETIC DATA — PIPELINE/CONSTRAINT VERIFICATION ONLY
5,BOM_r3_c4,BOM,19.076,72.9777,2.87,0.415,2.9,261.8,SYNTHETIC DATA — PIPELINE/CONSTRAINT VERIFICATION ONLY
5,BOM_r3_c5,BOM,19.076,73.0777,2.573,0.372,2.6,261.8,SYNTHETIC DATA — PIPELINE/CONSTRAINT VERIFICATION ONLY
5,BOM_r3_c6,BOM,19.076,73.1777,2.276,0.329,2.3,261.8,SYNTHETIC DATA — PIPELINE/CONSTRAINT VERIFICATION ONLY
5,BOM_r4_c0,BOM,19.176,72.5777,4.238,1.183,4.4,254.4,SYNTHETIC DATA — PIPELINE/CONSTRAINT VERIFICATION ONLY
5,BOM_r4_c1,BOM,19.176,72.6777,3.949,1.103,4.1,254.4,SYNTHETIC DATA — PIPELINE/CONSTRAINT VERIFICATION ONLY
5,BOM_r4_c2,BOM,19.176,72.7777,3.66,1.022,3.8,254.4,SYNTHETIC DATA — PIPELINE/CONSTRAINT VERIFICATION ONLY
5,BOM_r4_c3,BOM,19.176,72.8777,3.371,0.941,3.5,254.4,SYNTHETIC DATA — PIPELINE/CONSTRAINT VERIFICATION ONLY
5,BOM_r4_c4,BOM,19.176,72.9777,3.082,0.861,3.2,254.4,SYNTHETIC DATA — PIPELINE/CONSTRAINT VERIFICATION ONLY
5,BOM_r4_c5,BOM,19.176,73.0777,2.793,0.78,2.9,254.4,SYNTHETIC DATA — PIPELINE/CONSTRAINT VERIFICATION ONLY
5,BOM_r4_c6,BOM,19.176,73.1777,2.504,0.699,2.6,254.4,SYNTHETIC DATA — PIPELINE/CONSTRAINT VERIFICATION ONLY
5,BOM_r5_c0,BOM,19.276,72.5777,4.367,1.737,4.7,248.3,SYNTHETIC DATA — PIPELINE/CONSTRAINT VERIFICATION ONLY
5,BOM_r5_c1,BOM,19.276,72.6777,4.088,1.626,4.4,248.3,SYNTHETIC DATA — PIPELINE/CONSTRAINT VERIFICATION ONLY
5,BOM_r5_c2,BOM,19.276,72.7777,3.81,1.515,4.1,248.3,SYNTHETIC DATA — PIPELINE/CONSTRAINT VERIFICATION ONLY
5,BOM_r5_c3,BOM,19.276,72.8777,3.531,1.405,3.8,248.3,SYNTHETIC DATA — PIPELINE/CONSTRAINT VERIFICATION ONLY
5,BOM_r5_c4,BOM,19.276,72.9777,3.252,1.294,3.5,248.3,SYNTHETIC DATA — PIPELINE/CONSTRAINT VERIFICATION ONLY
5,BOM_r5_c5,BOM,19.276,73.0777,2.973,1.183,3.2,248.3,SYNTHETIC DATA — PIPELINE/CONSTRAINT VERIFICATION ONLY
5,BOM_r5_c6,BOM,19.276,73.1777,2.695,1.072,2.9,248.3,SYNTHETIC DATA — PIPELINE/CONSTRAINT VERIFICATION ONLY
5,BOM_r6_c0,BOM,19.376,72.5777,4.531,2.113,5.0,245.0,SYNTHETIC DATA — PIPELINE/CONSTRAINT VERIFICATION ONLY
5,BOM_r6_c1,BOM,19.376,72.6777,4.26,1.987,4.7,245.0,SYNTHETIC DATA — PIPELINE/CONSTRAINT VERIFICATION ONLY
5,BOM_r6_c2,BOM,19.376,72.7777,3.988,1.86,4.4,245.0,SYNTHETIC DATA — PIPELINE/CONSTRAINT VERIFICATION ONLY
5,BOM_r6_c3,BOM,19.376,72.8777,3.716,1.733,4.1,245.0,SYNTHETIC DATA — PIPELINE/CONSTRAINT VERIFICATION ONLY
5,BOM_r6_c4,BOM,19.376,72.9777,3.444,1.606,3.8,245.0,SYNTHETIC DATA — PIPELINE/CONSTRAINT VERIFICATION ONLY
5,BOM_r6_c5,BOM,19.376,73.0777,3.172,1.479,3.5,245.0,SYNTHETIC DATA — PIPELINE/CONSTRAINT VERIFICATION ONLY
5,BOM_r6_c6,BOM,19.376,73.1777,2.9,1.353,3.2,245.0,SYNTHETIC DATA — PIPELINE/CONSTRAINT VERIFICATION ONLY
5,LKO_r0_c0,LKO,26.5467,80.6462,1.853,-2.609,3.2,324.6,SYNTHETIC DATA — PIPELINE/CONSTRAINT VERIFICATION ONLY
5,LKO_r0_c1,LKO,26.5467,80.7462,1.679,-2.365,2.9,324.6,SYNTHETIC DATA — PIPELINE/CONSTRAINT VERIFICATION ONLY
5,LKO_r0_c2,LKO,26.5467,80.8462,1.505,-2.12,2.6,324.6,SYNTHETIC DATA — PIPELINE/CONSTRAINT VERIFICATION ONLY
5,LKO_r0_c3,LKO,26.5467,80.9462,1.332,-1.875,2.3,324.6,SYNTHETIC DATA — PIPELINE/CONSTRAINT VERIFICATION ONLY
5,LKO_r0_c4,LKO,26.5467,81.0462,1.158,-1.631,2.0,324.6,SYNTHETIC DATA — PIPELINE/CONSTRAINT VERIFICATION ONLY
5,LKO_r0_c5,LKO,26.5467,81.1462,0.984,-1.386,1.7,324.6,SYNTHETIC DATA — PIPELINE/CONSTRAINT VERIFICATION ONLY
5,LKO_r0_c6,LKO,26.5467,81.2462,0.811,-1.141,1.4,324.6,SYNTHETIC DATA — PIPELINE/CONSTRAINT VERIFICATION ONLY
5,LKO_r1_c0,LKO,26.6467,80.6462,2.092,-2.806,3.5,323.3,SYNTHETIC DATA — PIPELINE/CONSTRAINT VERIFICATION ONLY
5,LKO_r1_c1,LKO,26.6467,80.7462,1.912,-2.566,3.2,323.3,SYNTHETIC DATA — PIPELINE/CONSTRAINT VERIFICATION ONLY
5,LKO_r1_c2,LKO,26.6467,80.8462,1.733,-2.325,2.9,323.3,SYNTHETIC DATA — PIPELINE/CONSTRAINT VERIFICATION ONLY
5,LKO_r1_c3,LKO,26.6467,80.9462,1.554,-2.085,2.6,323.3,SYNTHETIC DATA — PIPELINE/CONSTRAINT VERIFICATION ONLY
5,LKO_r1_c4,LKO,26.6467,81.0462,1.375,-1.844,2.3,323.3,SYNTHETIC DATA — PIPELINE/CONSTRAINT VERIFICATION ONLY
5,LKO_r1_c5,LKO,26.6467,81.1462,1.195,-1.604,2.0,323.3,SYNTHETIC DATA — PIPELINE/CONSTRAINT VERIFICATION ONLY
5,LKO_r1_c6,LKO,26.6467,81.2462,1.016,-1.363,1.7,323.3,SYNTHETIC DATA — PIPELINE/CONSTRAINT VERIFICATION ONLY
5,LKO_r2_c0,LKO,26.7467,80.6462,2.511,-2.852,3.8,318.6,SYNTHETIC DATA — PIPELINE/CONSTRAINT VERIFICATION ONLY
5,LKO_r2_c1,LKO,26.7467,80.7462,2.313,-2.627,3.5,318.6,SYNTHETIC DATA — PIPELINE/CONSTRAINT VERIFICATION ONLY
5,LKO_r2_c2,LKO,26.7467,80.8462,2.115,-2.402,3.2,318.6,SYNTHETIC DATA — PIPELINE/CONSTRAINT VERIFICATION ONLY
5,LKO_r2_c3,LKO,26.7467,80.9462,1.916,-2.177,2.9,318.6,SYNTHETIC DATA — PIPELINE/CONSTRAINT VERIFICATION ONLY
5,LKO_r2_c4,LKO,26.7467,81.0462,1.718,-1.951,2.6,318.6,SYNTHETIC DATA — PIPELINE/CONSTRAINT VERIFICATION ONLY
5,LKO_r2_c5,LKO,26.7467,81.1462,1.52,-1.726,2.3,318.6,SYNTHETIC DATA — PIPELINE/CONSTRAINT VERIFICATION ONLY
5,LKO_r2_c6,LKO,26.7467,81.2462,1.322,-1.501,2.0,318.6,SYNTHETIC DATA — PIPELINE/CONSTRAINT VERIFICATION ONLY
5,LKO_r3_c0,LKO,26.8467,80.6462,3.058,-2.732,4.1,311.8,SYNTHETIC DATA — PIPELINE/CONSTRAINT VERIFICATION ONLY
5,LKO_r3_c1,LKO,26.8467,80.7462,2.834,-2.532,3.8,311.8,SYNTHETIC DATA — PIPELINE/CONSTRAINT VERIFICATION ONLY
5,LKO_r3_c2,LKO,26.8467,80.8462,2.61,-2.332,3.5,311.8,SYNTHETIC DATA — PIPELINE/CONSTRAINT VERIFICATION ONLY
5,LKO_r3_c3,LKO,26.8467,80.9462,2.386,-2.132,3.2,311.8,SYNTHETIC DATA — PIPELINE/CONSTRAINT VERIFICATION ONLY
5,LKO_r3_c4,LKO,26.8467,81.0462,2.163,-1.932,2.9,311.8,SYNTHETIC DATA — PIPELINE/CONSTRAINT VERIFICATION ONLY
5,LKO_r3_c5,LKO,26.8467,81.1462,1.939,-1.732,2.6,311.8,SYNTHETIC DATA — PIPELINE/CONSTRAINT VERIFICATION ONLY
5,LKO_r3_c6,LKO,26.8467,81.2462,1.715,-1.532,2.3,311.8,SYNTHETIC DATA — PIPELINE/CONSTRAINT VERIFICATION ONLY
5,LKO_r4_c0,LKO,26.9467,80.6462,3.631,-2.486,4.4,304.4,SYNTHETIC DATA — PIPELINE/CONSTRAINT VERIFICATION ONLY
5,LKO_r4_c1,LKO,26.9467,80.7462,3.383,-2.316,4.1,304.4,SYNTHETIC DATA — PIPELINE/CONSTRAINT VERIFICATION ONLY
5,LKO_r4_c2,LKO,26.9467,80.8462,3.136,-2.147,3.8,304.4,SYNTHETIC DATA — PIPELINE/CONSTRAINT VERIFICATION ONLY
5,LKO_r4_c3,LKO,26.9467,80.9462,2.888,-1.977,3.5,304.4,SYNTHETIC DATA — PIPELINE/CONSTRAINT VERIFICATION ONLY
5,LKO_r4_c4,LKO,26.9467,81.0462,2.64,-1.808,3.2,304.4,SYNTHETIC DATA — PIPELINE/CONSTRAINT VERIFICATION ONLY
5,LKO_r4_c5,LKO,26.9467,81.1462,2.393,-1.638,2.9,304.4,SYNTHETIC DATA — PIPELINE/CONSTRAINT VERIFICATION ONLY
5,LKO_r4_c6,LKO,26.9467,81.2462,2.145,-1.469,2.6,304.4,SYNTHETIC DATA — PIPELINE/CONSTRAINT VERIFICATION ONLY
5,LKO_r5_c0,LKO,27.0467,80.6462,4.138,-2.229,4.7,298.3,SYNTHETIC DATA — PIPELINE/CONSTRAINT VERIFICATION ONLY
5,LKO_r5_c1,LKO,27.0467,80.7462,3.874,-2.086,4.4,298.3,SYNTHETIC DATA — PIPELINE/CONSTRAINT VERIFICATION ONLY
5,LKO_r5_c2,LKO,27.0467,80.8462,3.61,-1.944,4.1,298.3,SYNTHETIC DATA — PIPELINE/CONSTRAINT VERIFICATION ONLY
5,LKO_r5_c3,LKO,27.0467,80.9462,3.346,-1.802,3.8,298.3,SYNTHETIC DATA — PIPELINE/CONSTRAINT VERIFICATION ONLY
5,LKO_r5_c4,LKO,27.0467,81.0462,3.081,-1.66,3.5,298.3,SYNTHETIC DATA — PIPELINE/CONSTRAINT VERIFICATION ONLY
5,LKO_r5_c5,LKO,27.0467,81.1462,2.817,-1.517,3.2,298.3,SYNTHETIC DATA — PIPELINE/CONSTRAINT VERIFICATION ONLY
5,LKO_r5_c6,LKO,27.0467,81.2462,2.553,-1.375,2.9,298.3,SYNTHETIC DATA — PIPELINE/CONSTRAINT VERIFICATION ONLY
5,LKO_r6_c0,LKO,27.1467,80.6462,4.532,-2.113,5.0,295.0,SYNTHETIC DATA — PIPELINE/CONSTRAINT VERIFICATION ONLY
5,LKO_r6_c1,LKO,27.1467,80.7462,4.26,-1.986,4.7,295.0,SYNTHETIC DATA — PIPELINE/CONSTRAINT VERIFICATION ONLY
5,LKO_r6_c2,LKO,27.1467,80.8462,3.988,-1.859,4.4,295.0,SYNTHETIC DATA — PIPELINE/CONSTRAINT VERIFICATION ONLY
5,LKO_r6_c3,LKO,27.1467,80.9462,3.716,-1.732,4.1,295.0,SYNTHETIC DATA — PIPELINE/CONSTRAINT VERIFICATION ONLY
5,LKO_r6_c4,LKO,27.1467,81.0462,3.444,-1.606,3.8,295.0,SYNTHETIC DATA — PIPELINE/CONSTRAINT VERIFICATION ONLY
5,LKO_r6_c5,LKO,27.1467,81.1462,3.172,-1.479,3.5,295.0,SYNTHETIC DATA — PIPELINE/CONSTRAINT VERIFICATION ONLY
5,LKO_r6_c6,LKO,27.1467,81.2462,2.9,-1.352,3.2,295.0,SYNTHETIC DATA — PIPELINE/CONSTRAINT VERIFICATION ONLY
5,VNS_r0_c0,VNS,25.0176,82.6739,2.278,-2.248,3.2,314.6,SYNTHETIC DATA — PIPELINE/CONSTRAINT VERIFICATION ONLY
5,VNS_r0_c1,VNS,25.0176,82.7739,2.064,-2.037,2.9,314.6,SYNTHETIC DATA — PIPELINE/CONSTRAINT VERIFICATION ONLY
5,VNS_r0_c2,VNS,25.0176,82.8739,1.851,-1.826,2.6,314.6,SYNTHETIC DATA — PIPELINE/CONSTRAINT VERIFICATION ONLY
5,VNS_r0_c3,VNS,25.0176,82.9739,1.637,-1.616,2.3,314.6,SYNTHETIC DATA — PIPELINE/CONSTRAINT VERIFICATION ONLY
5,VNS_r0_c4,VNS,25.0176,83.0739,1.424,-1.405,2.0,314.6,SYNTHETIC DATA — PIPELINE/CONSTRAINT VERIFICATION ONLY
5,VNS_r0_c5,VNS,25.0176,83.1739,1.21,-1.194,1.7,314.6,SYNTHETIC DATA — PIPELINE/CONSTRAINT VERIFICATION ONLY
5,VNS_r0_c6,VNS,25.0176,83.2739,0.996,-0.983,1.4,314.6,SYNTHETIC DATA — PIPELINE/CONSTRAINT VERIFICATION ONLY
5,VNS_r1_c0,VNS,25.1176,82.6739,2.547,-2.4,3.5,313.3,SYNTHETIC DATA — PIPELINE/CONSTRAINT VERIFICATION ONLY
5,VNS_r1_c1,VNS,25.1176,82.7739,2.329,-2.195,3.2,313.3,SYNTHETIC DATA — PIPELINE/CONSTRAINT VERIFICATION ONLY
5,VNS_r1_c2,VNS,25.1176,82.8739,2.111,-1.989,2.9,313.3,SYNTHETIC DATA — PIPELINE/CONSTRAINT VERIFICATION ONLY
5,VNS_r1_c3,VNS,25.1176,82.9739,1.892,-1.783,2.6,313.3,SYNTHETIC DATA — PIPELINE/CONSTRAINT VERIFICATION ONLY
5,VNS_r1_c4,VNS,25.1176,83.0739,1.674,-1.577,2.3,313.3,SYNTHETIC DATA — PIPELINE/CONSTRAINT VERIFICATION ONLY
5,VNS_r1_c5,VNS,25.1176,83.1739,1.456,-1.372,2.0,313.3,SYNTHETIC DATA — PIPELINE/CONSTRAINT VERIFICATION ONLY
5,VNS_r1_c6,VNS,25.1176,83.2739,1.237,-1.166,1.7,313.3,SYNTHETIC DATA — PIPELINE/CONSTRAINT VERIFICATION ONLY
5,VNS_r2_c0,VNS,25.2176,82.6739,2.968,-2.373,3.8,308.6,SYNTHETIC DATA — PIPELINE/CONSTRAINT VERIFICATION ONLY
5,VNS_r2_c1,VNS,25.2176,82.7739,2.734,-2.185,3.5,308.6,SYNTHETIC DATA — PIPELINE/CONSTRAINT VERIFICATION ONLY
5,VNS_r2_c2,VNS,25.2176,82.8739,2.5,-1.998,3.2,308.6,SYNTHETIC DATA — PIPELINE/CONSTRAINT VERIFICATION ONLY
5,VNS_r2_c3,VNS,25.2176,82.9739,2.265,-1.811,2.9,308.6,SYNTHETIC DATA — PIPELINE/CONSTRAINT VERIFICATION ONLY
5,VNS_r2_c4,VNS,25.2176,83.0739,2.031,-1.623,2.6,308.6,SYNTHETIC DATA — PIPELINE/CONSTRAINT VERIFICATION ONLY
5,VNS_r2_c5,VNS,25.2176,83.1739,1.797,-1.436,2.3,308.6,SYNTHETIC DATA — PIPELINE/CONSTRAINT VERIFICATION ONLY
5,VNS_r2_c6,VNS,25.2176,83.2739,1.562,-1.249,2.0,308.6,SYNTHETIC DATA — PIPELINE/CONSTRAINT VERIFICATION ONLY
5,VNS_r3_c0,VNS,25.3176,82.6739,3.485,-2.159,4.1,301.8,SYNTHETIC DATA — PIPELINE/CONSTRAINT VERIFICATION ONLY
5,VNS_r3_c1,VNS,25.3176,82.7739,3.23,-2.001,3.8,301.8,SYNTHETIC DATA — PIPELINE/CONSTRAINT VERIFICATION ONLY
5,VNS_r3_c2,VNS,25.3176,82.8739,2.975,-1.843,3.5,301.8,SYNTHETIC DATA — PIPELINE/CONSTRAINT VERIFICATION ONLY
5,VNS_r3_c3,VNS,25.3176,82.9739,2.72,-1.685,3.2,301.8,SYNTHETIC DATA — PIPELINE/CONSTRAINT VERIFICATION ONLY
5,VNS_r3_c4,VNS,25.3176,83.0739,2.465,-1.527,2.9,301.8,SYNTHETIC DATA — PIPELINE/CONSTRAINT VERIFICATION ONLY
5,VNS_r3_c5,VNS,25.3176,83.1739,2.21,-1.369,2.6,301.8,SYNTHETIC DATA — PIPELINE/CONSTRAINT VERIFICATION ONLY
5,VNS_r3_c6,VNS,25.3176,83.2739,1.955,-1.211,2.3,301.8,SYNTHETIC DATA — PIPELINE/CONSTRAINT VERIFICATION ONLY
5,VNS_r4_c0,VNS,25.4176,82.6739,4.007,-1.817,4.4,294.4,SYNTHETIC DATA — PIPELINE/CONSTRAINT VERIFICATION ONLY
5,VNS_r4_c1,VNS,25.4176,82.7739,3.734,-1.694,4.1,294.4,SYNTHETIC DATA — PIPELINE/CONSTRAINT VERIFICATION ONLY
5,VNS_r4_c2,VNS,25.4176,82.8739,3.461,-1.57,3.8,294.4,SYNTHETIC DATA — PIPELINE/CONSTRAINT VERIFICATION ONLY
5,VNS_r4_c3,VNS,25.4176,82.9739,3.187,-1.446,3.5,294.4,SYNTHETIC DATA — PIPELINE/CONSTRAINT VERIFICATION ONLY
5,VNS_r4_c4,VNS,25.4176,83.0739,2.914,-1.322,3.2,294.4,SYNTHETIC DATA — PIPELINE/CONSTRAINT VERIFICATION ONLY
5,VNS_r4_c5,VNS,25.4176,83.1739,2.641,-1.198,2.9,294.4,SYNTHETIC DATA — PIPELINE/CONSTRAINT VERIFICATION ONLY
5,VNS_r4_c6,VNS,25.4176,83.2739,2.368,-1.074,2.6,294.4,SYNTHETIC DATA — PIPELINE/CONSTRAINT VERIFICATION ONLY
5,VNS_r5_c0,VNS,25.5176,82.6739,4.462,-1.476,4.7,288.3,SYNTHETIC DATA — PIPELINE/CONSTRAINT VERIFICATION ONLY
5,VNS_r5_c1,VNS,25.5176,82.7739,4.177,-1.382,4.4,288.3,SYNTHETIC DATA — PIPELINE/CONSTRAINT VERIFICATION ONLY
5,VNS_r5_c2,VNS,25.5176,82.8739,3.892,-1.288,4.1,288.3,SYNTHETIC DATA — PIPELINE/CONSTRAINT VERIFICATION ONLY
5,VNS_r5_c3,VNS,25.5176,82.9739,3.608,-1.194,3.8,288.3,SYNTHETIC DATA — PIPELINE/CONSTRAINT VERIFICATION ONLY
5,VNS_r5_c4,VNS,25.5176,83.0739,3.323,-1.099,3.5,288.3,SYNTHETIC DATA — PIPELINE/CONSTRAINT VERIFICATION ONLY
5,VNS_r5_c5,VNS,25.5176,83.1739,3.038,-1.005,3.2,288.3,SYNTHETIC DATA — PIPELINE/CONSTRAINT VERIFICATION ONLY
5,VNS_r5_c6,VNS,25.5176,83.2739,2.753,-0.911,2.9,288.3,SYNTHETIC DATA — PIPELINE/CONSTRAINT VERIFICATION ONLY
5,VNS_r6_c0,VNS,25.6176,82.6739,4.83,-1.294,5.0,285.0,SYNTHETIC DATA — PIPELINE/CONSTRAINT VERIFICATION ONLY
5,VNS_r6_c1,VNS,25.6176,82.7739,4.54,-1.216,4.7,285.0,SYNTHETIC DATA — PIPELINE/CONSTRAINT VERIFICATION ONLY
5,VNS_r6_c2,VNS,25.6176,82.8739,4.25,-1.139,4.4,285.0,SYNTHETIC DATA — PIPELINE/CONSTRAINT VERIFICATION ONLY
5,VNS_r6_c3,VNS,25.6176,82.9739,3.96,-1.061,4.1,285.0,SYNTHETIC DATA — PIPELINE/CONSTRAINT VERIFICATION ONLY
5,VNS_r6_c4,VNS,25.6176,83.0739,3.671,-0.983,3.8,285.0,SYNTHETIC DATA — PIPELINE/CONSTRAINT VERIFICATION ONLY
5,VNS_r6_c5,VNS,25.6176,83.1739,3.381,-0.906,3.5,285.0,SYNTHETIC DATA — PIPELINE/CONSTRAINT VERIFICATION ONLY
5,VNS_r6_c6,VNS,25.6176,83.2739,3.091,-0.828,3.2,285.0,SYNTHETIC DATA — PIPELINE/CONSTRAINT VERIFICATION ONLY
5,JAI_r0_c0,JAI,26.6124,75.4873,0.849,-3.085,3.2,344.6,SYNTHETIC DATA — PIPELINE/CONSTRAINT VERIFICATION ONLY
5,JAI_r0_c1,JAI,26.6124,75.5873,0.769,-2.796,2.9,344.6,SYNTHETIC DATA — PIPELINE/CONSTRAINT VERIFICATION ONLY
5,JAI_r0_c2,JAI,26.6124,75.6873,0.689,-2.507,2.6,344.6,SYNTHETIC DATA — PIPELINE/CONSTRAINT VERIFICATION ONLY
5,JAI_r0_c3,JAI,26.6124,75.7873,0.61,-2.218,2.3,344.6,SYNTHETIC DATA — PIPELINE/CONSTRAINT VERIFICATION ONLY
5,JAI_r0_c4,JAI,26.6124,75.8873,0.53,-1.928,2.0,344.6,SYNTHETIC DATA — PIPELINE/CONSTRAINT VERIFICATION ONLY
5,JAI_r0_c5,JAI,26.6124,75.9873,0.451,-1.639,1.7,344.6,SYNTHETIC DATA — PIPELINE/CONSTRAINT VERIFICATION ONLY
5,JAI_r0_c6,JAI,26.6124,76.0873,0.371,-1.35,1.4,344.6,SYNTHETIC DATA — PIPELINE/CONSTRAINT VERIFICATION ONLY
5,JAI_r1_c0,JAI,26.7124,75.4873,1.006,-3.352,3.5,343.3,SYNTHETIC DATA — PIPELINE/CONSTRAINT VERIFICATION ONLY
5,JAI_r1_c1,JAI,26.7124,75.5873,0.92,-3.065,3.2,343.3,SYNTHETIC DATA — PIPELINE/CONSTRAINT VERIFICATION ONLY
5,JAI_r1_c2,JAI,26.7124,75.6873,0.833,-2.778,2.9,343.3,SYNTHETIC DATA — PIPELINE/CONSTRAINT VERIFICATION ONLY
5,JAI_r1_c3,JAI,26.7124,75.7873,0.747,-2.49,2.6,343.3,SYNTHETIC DATA — PIPELINE/CONSTRAINT VERIFICATION ONLY
5,JAI_r1_c4,JAI,26.7124,75.8873,0.661,-2.203,2.3,343.3,SYNTHETIC DATA — PIPELINE/CONSTRAINT VERIFICATION ONLY
5,JAI_r1_c5,JAI,26.7124,75.9873,0.575,-1.916,2.0,343.3,SYNTHETIC DATA — PIPELINE/CONSTRAINT VERIFICATION ONLY
5,JAI_r1_c6,JAI,26.7124,76.0873,0.489,-1.628,1.7,343.3,SYNTHETIC DATA — PIPELINE/CONSTRAINT VERIFICATION ONLY
5,JAI_r2_c0,JAI,26.8124,75.4873,1.384,-3.539,3.8,338.6,SYNTHETIC DATA — PIPELINE/CONSTRAINT VERIFICATION ONLY
5,JAI_r2_c1,JAI,26.8124,75.5873,1.275,-3.26,3.5,338.6,SYNTHETIC DATA — PIPELINE/CONSTRAINT VERIFICATION ONLY
5,JAI_r2_c2,JAI,26.8124,75.6873,1.166,-2.98,3.2,338.6,SYNTHETIC DATA — PIPELINE/CONSTRAINT VERIFICATION ONLY
5,JAI_r2_c3,JAI,26.8124,75.7873,1.056,-2.701,2.9,338.6,SYNTHETIC DATA — PIPELINE/CONSTRAINT VERIFICATION ONLY
5,JAI_r2_c4,JAI,26.8124,75.8873,0.947,-2.421,2.6,338.6,SYNTHETIC DATA — PIPELINE/CONSTRAINT VERIFICATION ONLY
5,JAI_r2_c5,JAI,26.8124,75.9873,0.838,-2.142,2.3,338.6,SYNTHETIC DATA — PIPELINE/CONSTRAINT VERIFICATION ONLY
5,JAI_r2_c6,JAI,26.8124,76.0873,0.729,-1.863,2.0,338.6,SYNTHETIC DATA — PIPELINE/CONSTRAINT VERIFICATION ONLY
5,JAI_r3_c0,JAI,26.9124,75.4873,1.939,-3.613,4.1,331.8,SYNTHETIC DATA — PIPELINE/CONSTRAINT VERIFICATION ONLY
5,JAI_r3_c1,JAI,26.9124,75.5873,1.797,-3.348,3.8,331.8,SYNTHETIC DATA — PIPELINE/CONSTRAINT VERIFICATION ONLY
5,JAI_r3_c2,JAI,26.9124,75.6873,1.655,-3.084,3.5,331.8,SYNTHETIC DATA — PIPELINE/CONSTRAINT VERIFICATION ONLY
5,JAI_r3_c3,JAI,26.9124,75.7873,1.513,-2.82,3.2,331.8,SYNTHETIC DATA — PIPELINE/CONSTRAINT VERIFICATION ONLY
5,JAI_r3_c4,JAI,26.9124,75.8873,1.371,-2.555,2.9,331.8,SYNTHETIC DATA — PIPELINE/CONSTRAINT VERIFICATION ONLY
5,JAI_r3_c5,JAI,26.9124,75.9873,1.23,-2.291,2.6,331.8,SYNTHETIC DATA — PIPELINE/CONSTRAINT VERIFICATION ONLY
5,JAI_r3_c6,JAI,26.9124,76.0873,1.088,-2.027,2.3,331.8,SYNTHETIC DATA — PIPELINE/CONSTRAINT VERIFICATION ONLY
5,JAI_r4_c0,JAI,27.0124,75.4873,2.561,-3.578,4.4,324.4,SYNTHETIC DATA — PIPELINE/CONSTRAINT VERIFICATION ONLY
5,JAI_r4_c1,JAI,27.0124,75.5873,2.387,-3.334,4.1,324.4,SYNTHETIC DATA — PIPELINE/CONSTRAINT VERIFICATION ONLY
5,JAI_r4_c2,JAI,27.0124,75.6873,2.212,-3.09,3.8,324.4,SYNTHETIC DATA — PIPELINE/CONSTRAINT VERIFICATION ONLY
5,JAI_r4_c3,JAI,27.0124,75.7873,2.038,-2.846,3.5,324.4,SYNTHETIC DATA — PIPELINE/CONSTRAINT VERIFICATION ONLY
5,JAI_r4_c4,JAI,27.0124,75.8873,1.863,-2.602,3.2,324.4,SYNTHETIC DATA — PIPELINE/CONSTRAINT VERIFICATION ONLY
5,JAI_r4_c5,JAI,27.0124,75.9873,1.688,-2.358,2.9,324.4,SYNTHETIC DATA — PIPELINE/CONSTRAINT VERIFICATION ONLY
5,JAI_r4_c6,JAI,27.0124,76.0873,1.514,-2.114,2.6,324.4,SYNTHETIC DATA — PIPELINE/CONSTRAINT VERIFICATION ONLY
5,JAI_r5_c0,JAI,27.1124,75.4873,3.126,-3.51,4.7,318.3,SYNTHETIC DATA — PIPELINE/CONSTRAINT VERIFICATION ONLY
5,JAI_r5_c1,JAI,27.1124,75.5873,2.927,-3.286,4.4,318.3,SYNTHETIC DATA — PIPELINE/CONSTRAINT VERIFICATION ONLY
5,JAI_r5_c2,JAI,27.1124,75.6873,2.727,-3.062,4.1,318.3,SYNTHETIC DATA — PIPELINE/CONSTRAINT VERIFICATION ONLY
5,JAI_r5_c3,JAI,27.1124,75.7873,2.528,-2.838,3.8,318.3,SYNTHETIC DATA — PIPELINE/CONSTRAINT VERIFICATION ONLY
5,JAI_r5_c4,JAI,27.1124,75.8873,2.328,-2.614,3.5,318.3,SYNTHETIC DATA — PIPELINE/CONSTRAINT VERIFICATION ONLY
5,JAI_r5_c5,JAI,27.1124,75.9873,2.128,-2.39,3.2,318.3,SYNTHETIC DATA — PIPELINE/CONSTRAINT VERIFICATION ONLY
5,JAI_r5_c6,JAI,27.1124,76.0873,1.929,-2.165,2.9,318.3,SYNTHETIC DATA — PIPELINE/CONSTRAINT VERIFICATION ONLY
5,JAI_r6_c0,JAI,27.2124,75.4873,3.536,-3.535,5.0,315.0,SYNTHETIC DATA — PIPELINE/CONSTRAINT VERIFICATION ONLY
5,JAI_r6_c1,JAI,27.2124,75.5873,3.324,-3.323,4.7,315.0,SYNTHETIC DATA — PIPELINE/CONSTRAINT VERIFICATION ONLY
5,JAI_r6_c2,JAI,27.2124,75.6873,3.111,-3.111,4.4,315.0,SYNTHETIC DATA — PIPELINE/CONSTRAINT VERIFICATION ONLY
5,JAI_r6_c3,JAI,27.2124,75.7873,2.899,-2.899,4.1,315.0,SYNTHETIC DATA — PIPELINE/CONSTRAINT VERIFICATION ONLY
5,JAI_r6_c4,JAI,27.2124,75.8873,2.687,-2.687,3.8,315.0,SYNTHETIC DATA — PIPELINE/CONSTRAINT VERIFICATION ONLY
5,JAI_r6_c5,JAI,27.2124,75.9873,2.475,-2.475,3.5,315.0,SYNTHETIC DATA — PIPELINE/CONSTRAINT VERIFICATION ONLY
5,JAI_r6_c6,JAI,27.2124,76.0873,2.263,-2.263,3.2,315.0,SYNTHETIC DATA — PIPELINE/CONSTRAINT VERIFICATION ONLY
5,AMD_r0_c0,AMD,22.7225,72.2714,2.909,-1.333,3.2,294.6,SYNTHETIC DATA — PIPELINE/CONSTRAINT VERIFICATION ONLY
5,AMD_r0_c1,AMD,22.7225,72.3714,2.636,-1.208,2.9,294.6,SYNTHETIC DATA — PIPELINE/CONSTRAINT VERIFICATION ONLY
5,AMD_r0_c2,AMD,22.7225,72.4714,2.364,-1.083,2.6,294.6,SYNTHETIC DATA — PIPELINE/CONSTRAINT VERIFICATION ONLY
5,AMD_r0_c3,AMD,22.7225,72.5714,2.091,-0.958,2.3,294.6,SYNTHETIC DATA — PIPELINE/CONSTRAINT VERIFICATION ONLY
5,AMD_r0_c4,AMD,22.7225,72.6714,1.818,-0.833,2.0,294.6,SYNTHETIC DATA — PIPELINE/CONSTRAINT VERIFICATION ONLY
5,AMD_r0_c5,AMD,22.7225,72.7714,1.545,-0.708,1.7,294.6,SYNTHETIC DATA — PIPELINE/CONSTRAINT VERIFICATION ONLY
5,AMD_r0_c6,AMD,22.7225,72.8714,1.273,-0.583,1.4,294.6,SYNTHETIC DATA — PIPELINE/CONSTRAINT VERIFICATION ONLY
5,AMD_r1_c0,AMD,22.8225,72.2714,3.215,-1.384,3.5,293.3,SYNTHETIC DATA — PIPELINE/CONSTRAINT VERIFICATION ONLY
5,AMD_r1_c1,AMD,22.8225,72.3714,2.939,-1.266,3.2,293.3,SYNTHETIC DATA — PIPELINE/CONSTRAINT VERIFICATION ONLY
5,AMD_r1_c2,AMD,22.8225,72.4714,2.664,-1.147,2.9,293.3,SYNTHETIC DATA — PIPELINE/CONSTRAINT VERIFICATION ONLY
5,AMD_r1_c3,AMD,22.8225,72.5714,2.388,-1.028,2.6,293.3,SYNTHETIC DATA — PIPELINE/CONSTRAINT VERIFICATION ONLY
5,AMD_r1_c4,AMD,22.8225,72.6714,2.112,-0.91,2.3,293.3,SYNTHETIC DATA — PIPELINE/CONSTRAINT VERIFICATION ONLY
5,AMD_r1_c5,AMD,22.8225,72.7714,1.837,-0.791,2.0,293.3,SYNTHETIC DATA — PIPELINE/CONSTRAINT VERIFICATION ONLY
5,AMD_r1_c6,AMD,22.8225,72.8714,1.561,-0.672,1.7,293.3,SYNTHETIC DATA — PIPELINE/CONSTRAINT VERIFICATION ONLY
5,AMD_r2_c0,AMD,22.9225,72.2714,3.601,-1.214,3.8,288.6,SYNTHETIC DATA — PIPELINE/CONSTRAINT VERIFICATION ONLY
5,AMD_r2_c1,AMD,22.9225,72.3714,3.316,-1.118,3.5,288.6,SYNTHETIC DATA — PIPELINE/CONSTRAINT VERIFICATION ONLY
5,AMD_r2_c2,AMD,22.9225,72.4714,3.032,-1.023,3.2,288.6,SYNTHETIC DATA — PIPELINE/CONSTRAINT VERIFICATION ONLY
5,AMD_r2_c3,AMD,22.9225,72.5714,2.748,-0.927,2.9,288.6,SYNTHETIC DATA — PIPELINE/CONSTRAINT VERIFICATION ONLY
5,AMD_r2_c4,AMD,22.9225,72.6714,2.464,-0.831,2.6,288.6,SYNTHETIC DATA — PIPELINE/CONSTRAINT VERIFICATION ONLY
5,AMD_r2_c5,AMD,22.9225,72.7714,2.179,-0.735,2.3,288.6,SYNTHETIC DATA — PIPELINE/CONSTRAINT VERIFICATION ONLY
5,AMD_r2_c6,AMD,22.9225,72.8714,1.895,-0.639,2.0,288.6,SYNTHETIC DATA — PIPELINE/CONSTRAINT VERIFICATION ONLY
5,AMD_r3_c0,AMD,23.0225,72.2714,4.014,-0.837,4.1,281.8,SYNTHETIC DATA — PIPELINE/CONSTRAINT VERIFICATION ONLY
5,AMD_r3_c1,AMD,23.0225,72.3714,3.72,-0.776,3.8,281.8,SYNTHETIC DATA — PIPELINE/CONSTRAINT VERIFICATION ONLY
5,AMD_r3_c2,AMD,23.0225,72.4714,3.426,-0.714,3.5,281.8,SYNTHETIC DATA — PIPELINE/CONSTRAINT VERIFICATION ONLY
5,AMD_r3_c3,AMD,23.0225,72.5714,3.133,-0.653,3.2,281.8,SYNTHETIC DATA — PIPELINE/CONSTRAINT VERIFICATION ONLY
5,AMD_r3_c4,AMD,23.0225,72.6714,2.839,-0.592,2.9,281.8,SYNTHETIC DATA — PIPELINE/CONSTRAINT VERIFICATION ONLY
5,AMD_r3_c5,AMD,23.0225,72.7714,2.545,-0.531,2.6,281.8,SYNTHETIC DATA — PIPELINE/CONSTRAINT VERIFICATION ONLY
5,AMD_r3_c6,AMD,23.0225,72.8714,2.252,-0.469,2.3,281.8,SYNTHETIC DATA — PIPELINE/CONSTRAINT VERIFICATION ONLY
5,AMD_r4_c0,AMD,23.1225,72.2714,4.387,-0.337,4.4,274.4,SYNTHETIC DATA — PIPELINE/CONSTRAINT VERIFICATION ONLY
5,AMD_r4_c1,AMD,23.1225,72.3714,4.088,-0.314,4.1,274.4,SYNTHETIC DATA — PIPELINE/CONSTRAINT VERIFICATION ONLY
5,AMD_r4_c2,AMD,23.1225,72.4714,3.789,-0.291,3.8,274.4,SYNTHETIC DATA — PIPELINE/CONSTRAINT VERIFICATION ONLY
5,AMD_r4_c3,AMD,23.1225,72.5714,3.49,-0.268,3.5,274.4,SYNTHETIC DATA — PIPELINE/CONSTRAINT VERIFICATION ONLY
5,AMD_r4_c4,AMD,23.1225,72.6714,3.191,-0.245,3.2,274.4,SYNTHETIC DATA — PIPELINE/CONSTRAINT VERIFICATION ONLY
5,AMD_r4_c5,AMD,23.1225,72.7714,2.891,-0.222,2.9,274.4,SYNTHETIC DATA — PIPELINE/CONSTRAINT VERIFICATION ONLY
5,AMD_r4_c6,AMD,23.1225,72.8714,2.592,-0.199,2.6,274.4,SYNTHETIC DATA — PIPELINE/CONSTRAINT VERIFICATION ONLY
5,AMD_r5_c0,AMD,23.2225,72.2714,4.698,0.139,4.7,268.3,SYNTHETIC DATA — PIPELINE/CONSTRAINT VERIFICATION ONLY
5,AMD_r5_c1,AMD,23.2225,72.3714,4.398,0.13,4.4,268.3,SYNTHETIC DATA — PIPELINE/CONSTRAINT VERIFICATION ONLY
5,AMD_r5_c2,AMD,23.2225,72.4714,4.098,0.121,4.1,268.3,SYNTHETIC DATA — PIPELINE/CONSTRAINT VERIFICATION ONLY
5,AMD_r5_c3,AMD,23.2225,72.5714,3.798,0.112,3.8,268.3,SYNTHETIC DATA — PIPELINE/CONSTRAINT VERIFICATION ONLY
5,AMD_r5_c4,AMD,23.2225,72.6714,3.498,0.103,3.5,268.3,SYNTHETIC DATA — PIPELINE/CONSTRAINT VERIFICATION ONLY
5,AMD_r5_c5,AMD,23.2225,72.7714,3.199,0.095,3.2,268.3,SYNTHETIC DATA — PIPELINE/CONSTRAINT VERIFICATION ONLY
5,AMD_r5_c6,AMD,23.2225,72.8714,2.899,0.086,2.9,268.3,SYNTHETIC DATA — PIPELINE/CONSTRAINT VERIFICATION ONLY
5,AMD_r6_c0,AMD,23.3225,72.2714,4.981,0.436,5.0,265.0,SYNTHETIC DATA — PIPELINE/CONSTRAINT VERIFICATION ONLY
5,AMD_r6_c1,AMD,23.3225,72.3714,4.682,0.41,4.7,265.0,SYNTHETIC DATA — PIPELINE/CONSTRAINT VERIFICATION ONLY
5,AMD_r6_c2,AMD,23.3225,72.4714,4.383,0.384,4.4,265.0,SYNTHETIC DATA — PIPELINE/CONSTRAINT VERIFICATION ONLY
5,AMD_r6_c3,AMD,23.3225,72.5714,4.084,0.358,4.1,265.0,SYNTHETIC DATA — PIPELINE/CONSTRAINT VERIFICATION ONLY
5,AMD_r6_c4,AMD,23.3225,72.6714,3.786,0.331,3.8,265.0,SYNTHETIC DATA — PIPELINE/CONSTRAINT VERIFICATION ONLY
5,AMD_r6_c5,AMD,23.3225,72.7714,3.487,0.305,3.5,265.0,SYNTHETIC DATA — PIPELINE/CONSTRAINT VERIFICATION ONLY
5,AMD_r6_c6,AMD,23.3225,72.8714,3.188,0.279,3.2,265.0,SYNTHETIC DATA — PIPELINE/CONSTRAINT VERIFICATION ONLY
5,CCU_r0_c0,CCU,22.2726,88.0639,2.891,1.371,3.2,244.6,SYNTHETIC DATA — PIPELINE/CONSTRAINT VERIFICATION ONLY
5,CCU_r0_c1,CCU,22.2726,88.1639,2.62,1.243,2.9,244.6,SYNTHETIC DATA — PIPELINE/CONSTRAINT VERIFICATION ONLY
5,CCU_r0_c2,CCU,22.2726,88.2639,2.349,1.114,2.6,244.6,SYNTHETIC DATA — PIPELINE/CONSTRAINT VERIFICATION ONLY
5,CCU_r0_c3,CCU,22.2726,88.3639,2.078,0.986,2.3,244.6,SYNTHETIC DATA — PIPELINE/CONSTRAINT VERIFICATION ONLY
5,CCU_r0_c4,CCU,22.2726,88.4639,1.807,0.857,2.0,244.6,SYNTHETIC DATA — PIPELINE/CONSTRAINT VERIFICATION ONLY
5,CCU_r0_c5,CCU,22.2726,88.5639,1.536,0.729,1.7,244.6,SYNTHETIC DATA — PIPELINE/CONSTRAINT VERIFICATION ONLY
5,CCU_r0_c6,CCU,22.2726,88.6639,1.265,0.6,1.4,244.6,SYNTHETIC DATA — PIPELINE/CONSTRAINT VERIFICATION ONLY
5,CCU_r1_c0,CCU,22.3726,88.0639,3.127,1.573,3.5,243.3,SYNTHETIC DATA — PIPELINE/CONSTRAINT VERIFICATION ONLY
5,CCU_r1_c1,CCU,22.3726,88.1639,2.859,1.438,3.2,243.3,SYNTHETIC DATA — PIPELINE/CONSTRAINT VERIFICATION ONLY
5,CCU_r1_c2,CCU,22.3726,88.2639,2.591,1.303,2.9,243.3,SYNTHETIC DATA — PIPELINE/CONSTRAINT VERIFICATION ONLY
5,CCU_r1_c3,CCU,22.3726,88.3639,2.323,1.168,2.6,243.3,SYNTHETIC DATA — PIPELINE/CONSTRAINT VERIFICATION ONLY
5,CCU_r1_c4,CCU,22.3726,88.4639,2.055,1.033,2.3,243.3,SYNTHETIC DATA — PIPELINE/CONSTRAINT VERIFICATION ONLY
5,CCU_r1_c5,CCU,22.3726,88.5639,1.787,0.899,2.0,243.3,SYNTHETIC DATA — PIPELINE/CONSTRAINT VERIFICATION ONLY
5,CCU_r1_c6,CCU,22.3726,88.6639,1.519,0.764,1.7,243.3,SYNTHETIC DATA — PIPELINE/CONSTRAINT VERIFICATION ONLY
5,CCU_r2_c0,CCU,22.4726,88.0639,3.245,1.978,3.8,238.6,SYNTHETIC DATA — PIPELINE/CONSTRAINT VERIFICATION ONLY
5,CCU_r2_c1,CCU,22.4726,88.1639,2.989,1.822,3.5,238.6,SYNTHETIC DATA — PIPELINE/CONSTRAINT VERIFICATION ONLY
5,CCU_r2_c2,CCU,22.4726,88.2639,2.732,1.665,3.2,238.6,SYNTHETIC DATA — PIPELINE/CONSTRAINT VERIFICATION ONLY
5,CCU_r2_c3,CCU,22.4726,88.3639,2.476,1.509,2.9,238.6,SYNTHETIC DATA — PIPELINE/CONSTRAINT VERIFICATION ONLY
5,CCU_r2_c4,CCU,22.4726,88.4639,2.22,1.353,2.6,238.6,SYNTHETIC DATA — PIPELINE/CONSTRAINT VERIFICATION ONLY
5,CCU_r2_c5,CCU,22.4726,88.5639,1.964,1.197,2.3,238.6,SYNTHETIC DATA — PIPELINE/CONSTRAINT VERIFICATION ONLY
5,CCU_r2_c6,CCU,22.4726,88.6639,1.708,1.041,2.0,238.6,SYNTHETIC DATA — PIPELINE/CONSTRAINT VERIFICATION ONLY
5,CCU_r3_c0,CCU,22.5726,88.0639,3.221,2.537,4.1,231.8,SYNTHETIC DATA — PIPELINE/CONSTRAINT VERIFICATION ONLY
5,CCU_r3_c1,CCU,22.5726,88.1639,2.985,2.351,3.8,231.8,SYNTHETIC DATA — PIPELINE/CONSTRAINT VERIFICATION ONLY
5,CCU_r3_c2,CCU,22.5726,88.2639,2.75,2.166,3.5,231.8,SYNTHETIC DATA — PIPELINE/CONSTRAINT VERIFICATION ONLY
5,CCU_r3_c3,CCU,22.5726,88.3639,2.514,1.98,3.2,231.8,SYNTHETIC DATA — PIPELINE/CONSTRAINT VERIFICATION ONLY
5,CCU_r3_c4,CCU,22.5726,88.4639,2.278,1.794,2.9,231.8,SYNTHETIC DATA — PIPELINE/CONSTRAINT VERIFICATION ONLY
5,CCU_r3_c5,CCU,22.5726,88.5639,2.043,1.609,2.6,231.8,SYNTHETIC DATA — PIPELINE/CONSTRAINT VERIFICATION ONLY
5,CCU_r3_c6,CCU,22.5726,88.6639,1.807,1.423,2.3,231.8,SYNTHETIC DATA — PIPELINE/CONSTRAINT VERIFICATION ONLY
5,CCU_r4_c0,CCU,22.6726,88.0639,3.078,3.144,4.4,224.4,SYNTHETIC DATA — PIPELINE/CONSTRAINT VERIFICATION ONLY
5,CCU_r4_c1,CCU,22.6726,88.1639,2.868,2.929,4.1,224.4,SYNTHETIC DATA — PIPELINE/CONSTRAINT VERIFICATION ONLY
5,CCU_r4_c2,CCU,22.6726,88.2639,2.659,2.715,3.8,224.4,SYNTHETIC DATA — PIPELINE/CONSTRAINT VERIFICATION ONLY
5,CCU_r4_c3,CCU,22.6726,88.3639,2.449,2.501,3.5,224.4,SYNTHETIC DATA — PIPELINE/CONSTRAINT VERIFICATION ONLY
5,CCU_r4_c4,CCU,22.6726,88.4639,2.239,2.286,3.2,224.4,SYNTHETIC DATA — PIPELINE/CONSTRAINT VERIFICATION ONLY
5,CCU_r4_c5,CCU,22.6726,88.5639,2.029,2.072,2.9,224.4,SYNTHETIC DATA — PIPELINE/CONSTRAINT VERIFICATION ONLY
5,CCU_r4_c6,CCU,22.6726,88.6639,1.819,1.858,2.6,224.4,SYNTHETIC DATA — PIPELINE/CONSTRAINT VERIFICATION ONLY
5,CCU_r5_c0,CCU,22.7726,88.0639,2.913,3.688,4.7,218.3,SYNTHETIC DATA — PIPELINE/CONSTRAINT VERIFICATION ONLY
5,CCU_r5_c1,CCU,22.7726,88.1639,2.727,3.453,4.4,218.3,SYNTHETIC DATA — PIPELINE/CONSTRAINT VERIFICATION ONLY
5,CCU_r5_c2,CCU,22.7726,88.2639,2.541,3.217,4.1,218.3,SYNTHETIC DATA — PIPELINE/CONSTRAINT VERIFICATION ONLY
5,CCU_r5_c3,CCU,22.7726,88.3639,2.356,2.982,3.8,218.3,SYNTHETIC DATA — PIPELINE/CONSTRAINT VERIFICATION ONLY
5,CCU_r5_c4,CCU,22.7726,88.4639,2.17,2.746,3.5,218.3,SYNTHETIC DATA — PIPELINE/CONSTRAINT VERIFICATION ONLY
5,CCU_r5_c5,CCU,22.7726,88.5639,1.984,2.511,3.2,218.3,SYNTHETIC DATA — PIPELINE/CONSTRAINT VERIFICATION ONLY
5,CCU_r5_c6,CCU,22.7726,88.6639,1.798,2.276,2.9,218.3,SYNTHETIC DATA — PIPELINE/CONSTRAINT VERIFICATION ONLY
5,CCU_r6_c0,CCU,22.8726,88.0639,2.868,4.096,5.0,215.0,SYNTHETIC DATA — PIPELINE/CONSTRAINT VERIFICATION ONLY
5,CCU_r6_c1,CCU,22.8726,88.1639,2.696,3.85,4.7,215.0,SYNTHETIC DATA — PIPELINE/CONSTRAINT VERIFICATION ONLY
5,CCU_r6_c2,CCU,22.8726,88.2639,2.524,3.604,4.4,215.0,SYNTHETIC DATA — PIPELINE/CONSTRAINT VERIFICATION ONLY
5,CCU_r6_c3,CCU,22.8726,88.3639,2.351,3.359,4.1,215.0,SYNTHETIC DATA — PIPELINE/CONSTRAINT VERIFICATION ONLY
5,CCU_r6_c4,CCU,22.8726,88.4639,2.179,3.113,3.8,215.0,SYNTHETIC DATA — PIPELINE/CONSTRAINT VERIFICATION ONLY
5,CCU_r6_c5,CCU,22.8726,88.5639,2.007,2.867,3.5,215.0,SYNTHETIC DATA — PIPELINE/CONSTRAINT VERIFICATION ONLY
5,CCU_r6_c6,CCU,22.8726,88.6639,1.835,2.621,3.2,215.0,SYNTHETIC DATA — PIPELINE/CONSTRAINT VERIFICATION ONLY
5,HYD_r0_c0,HYD,17.085,78.1867,3.186,0.3,3.2,264.6,SYNTHETIC DATA — PIPELINE/CONSTRAINT VERIFICATION ONLY
5,HYD_r0_c1,HYD,17.085,78.2867,2.887,0.272,2.9,264.6,SYNTHETIC DATA — PIPELINE/CONSTRAINT VERIFICATION ONLY
5,HYD_r0_c2,HYD,17.085,78.3867,2.589,0.244,2.6,264.6,SYNTHETIC DATA — PIPELINE/CONSTRAINT VERIFICATION ONLY
5,HYD_r0_c3,HYD,17.085,78.4867,2.29,0.216,2.3,264.6,SYNTHETIC DATA — PIPELINE/CONSTRAINT VERIFICATION ONLY
5,HYD_r0_c4,HYD,17.085,78.5867,1.991,0.187,2.0,264.6,SYNTHETIC DATA — PIPELINE/CONSTRAINT VERIFICATION ONLY
5,HYD_r0_c5,HYD,17.085,78.6867,1.693,0.159,1.7,264.6,SYNTHETIC DATA — PIPELINE/CONSTRAINT VERIFICATION ONLY
5,HYD_r0_c6,HYD,17.085,78.7867,1.394,0.131,1.4,264.6,SYNTHETIC DATA — PIPELINE/CONSTRAINT VERIFICATION ONLY
5,HYD_r1_c0,HYD,17.185,78.1867,3.476,0.408,3.5,263.3,SYNTHETIC DATA — PIPELINE/CONSTRAINT VERIFICATION ONLY
5,HYD_r1_c1,HYD,17.185,78.2867,3.178,0.373,3.2,263.3,SYNTHETIC DATA — PIPELINE/CONSTRAINT VERIFICATION ONLY
5,HYD_r1_c2,HYD,17.185,78.3867,2.88,0.338,2.9,263.3,SYNTHETIC DATA — PIPELINE/CONSTRAINT VERIFICATION ONLY
5,HYD_r1_c3,HYD,17.185,78.4867,2.582,0.303,2.6,263.3,SYNTHETIC DATA — PIPELINE/CONSTRAINT VERIFICATION ONLY
5,HYD_r1_c4,HYD,17.185,78.5867,2.284,0.268,2.3,263.3,SYNTHETIC DATA — PIPELINE/CONSTRAINT VERIFICATION ONLY
5,HYD_r1_c5,HYD,17.185,78.6867,1.986,0.233,2.0,263.3,SYNTHETIC DATA — PIPELINE/CONSTRAINT VERIFICATION ONLY
5,HYD_r1_c6,HYD,17.185,78.7867,1.688,0.198,1.7,263.3,SYNTHETIC DATA — PIPELINE/CONSTRAINT VERIFICATION ONLY
5,HYD_r2_c0,HYD,17.285,78.1867,3.726,0.749,3.8,258.6,SYNTHETIC DATA — PIPELINE/CONSTRAINT VERIFICATION ONLY
5,HYD_r2_c1,HYD,17.285,78.2867,3.431,0.69,3.5,258.6,SYNTHETIC DATA — PIPELINE/CONSTRAINT VERIFICATION ONLY
5,HYD_r2_c2,HYD,17.285,78.3867,3.137,0.631,3.2,258.6,SYNTHETIC DATA — PIPELINE/CONSTRAINT VERIFICATION ONLY
5,HYD_r2_c3,HYD,17.285,78.4867,2.843,0.571,2.9,258.6,SYNTHETIC DATA — PIPELINE/CONSTRAINT VERIFICATION ONLY
5,HYD_r2_c4,HYD,17.285,78.5867,2.549,0.512,2.6,258.6,SYNTHETIC DATA — PIPELINE/CONSTRAINT VERIFICATION ONLY
5,HYD_r2_c5,HYD,17.285,78.6867,2.255,0.453,2.3,258.6,SYNTHETIC DATA — PIPELINE/CONSTRAINT VERIFICATION ONLY
5,HYD_r2_c6,HYD,17.285,78.7867,1.961,0.394,2.0,258.6,SYNTHETIC DATA — PIPELINE/CONSTRAINT VERIFICATION ONLY
5,HYD_r3_c0,HYD,17.385,78.1867,3.894,1.282,4.1,251.8,SYNTHETIC DATA — PIPELINE/CONSTRAINT VERIFICATION ONLY
5,HYD_r3_c1,HYD,17.385,78.2867,3.609,1.188,3.8,251.8,SYNTHETIC DATA — PIPELINE/CONSTRAINT VERIFICATION ONLY
5,HYD_r3_c2,HYD,17.385,78.3867,3.324,1.095,3.5,251.8,SYNTHETIC DATA — PIPELINE/CONSTRAINT VERIFICATION ONLY
5,HYD_r3_c3,HYD,17.385,78.4867,3.039,1.001,3.2,251.8,SYNTHETIC DATA — PIPELINE/CONSTRAINT VERIFICATION ONLY
5,HYD_r3_c4,HYD,17.385,78.5867,2.755,0.907,2.9,251.8,SYNTHETIC DATA — PIPELINE/CONSTRAINT VERIFICATION ONLY
5,HYD_r3_c5,HYD,17.385,78.6867,2.47,0.813,2.6,251.8,SYNTHETIC DATA — PIPELINE/CONSTRAINT VERIFICATION ONLY
5,HYD_r3_c6,HYD,17.385,78.7867,2.185,0.719,2.3,251.8,SYNTHETIC DATA — PIPELINE/CONSTRAINT VERIFICATION ONLY
5,HYD_r4_c0,HYD,17.485,78.1867,3.968,1.901,4.4,244.4,SYNTHETIC DATA — PIPELINE/CONSTRAINT VERIFICATION ONLY
5,HYD_r4_c1,HYD,17.485,78.2867,3.697,1.772,4.1,244.4,SYNTHETIC DATA — PIPELINE/CONSTRAINT VERIFICATION ONLY
5,HYD_r4_c2,HYD,17.485,78.3867,3.427,1.642,3.8,244.4,SYNTHETIC DATA — PIPELINE/CONSTRAINT VERIFICATION ONLY
5,HYD_r4_c3,HYD,17.485,78.4867,3.156,1.512,3.5,244.4,SYNTHETIC DATA — PIPELINE/CONSTRAINT VERIFICATION ONLY
5,HYD_r4_c4,HYD,17.485,78.5867,2.886,1.383,3.2,244.4,SYNTHETIC DATA — PIPELINE/CONSTRAINT VERIFICATION ONLY
5,HYD_r4_c5,HYD,17.485,78.6867,2.615,1.253,2.9,244.4,SYNTHETIC DATA — PIPELINE/CONSTRAINT VERIFICATION ONLY
5,HYD_r4_c6,HYD,17.485,78.7867,2.345,1.124,2.6,244.4,SYNTHETIC DATA — PIPELINE/CONSTRAINT VERIFICATION ONLY
5,HYD_r5_c0,HYD,17.585,78.1867,3.999,2.469,4.7,238.3,SYNTHETIC DATA — PIPELINE/CONSTRAINT VERIFICATION ONLY
5,HYD_r5_c1,HYD,17.585,78.2867,3.744,2.312,4.4,238.3,SYNTHETIC DATA — PIPELINE/CONSTRAINT VERIFICATION ONLY
5,HYD_r5_c2,HYD,17.585,78.3867,3.489,2.154,4.1,238.3,SYNTHETIC DATA — PIPELINE/CONSTRAINT VERIFICATION ONLY
5,HYD_r5_c3,HYD,17.585,78.4867,3.233,1.996,3.8,238.3,SYNTHETIC DATA — PIPELINE/CONSTRAINT VERIFICATION ONLY
5,HYD_r5_c4,HYD,17.585,78.5867,2.978,1.839,3.5,238.3,SYNTHETIC DATA — PIPELINE/CONSTRAINT VERIFICATION ONLY
5,HYD_r5_c5,HYD,17.585,78.6867,2.723,1.681,3.2,238.3,SYNTHETIC DATA — PIPELINE/CONSTRAINT VERIFICATION ONLY
5,HYD_r5_c6,HYD,17.585,78.7867,2.468,1.524,2.9,238.3,SYNTHETIC DATA — PIPELINE/CONSTRAINT VERIFICATION ONLY
5,HYD_r6_c0,HYD,17.685,78.1867,4.096,2.868,5.0,235.0,SYNTHETIC DATA — PIPELINE/CONSTRAINT VERIFICATION ONLY
5,HYD_r6_c1,HYD,17.685,78.2867,3.85,2.696,4.7,235.0,SYNTHETIC DATA — PIPELINE/CONSTRAINT VERIFICATION ONLY
5,HYD_r6_c2,HYD,17.685,78.3867,3.604,2.524,4.4,235.0,SYNTHETIC DATA — PIPELINE/CONSTRAINT VERIFICATION ONLY
5,HYD_r6_c3,HYD,17.685,78.4867,3.358,2.352,4.1,235.0,SYNTHETIC DATA — PIPELINE/CONSTRAINT VERIFICATION ONLY
5,HYD_r6_c4,HYD,17.685,78.5867,3.113,2.18,3.8,235.0,SYNTHETIC DATA — PIPELINE/CONSTRAINT VERIFICATION ONLY
5,HYD_r6_c5,HYD,17.685,78.6867,2.867,2.008,3.5,235.0,SYNTHETIC DATA — PIPELINE/CONSTRAINT VERIFICATION ONLY
5,HYD_r6_c6,HYD,17.685,78.7867,2.621,1.836,3.2,235.0,SYNTHETIC DATA — PIPELINE/CONSTRAINT VERIFICATION ONLY
5,BLR_r0_c0,BLR,12.6716,77.2946,3.19,-0.258,3.2,274.6,SYNTHETIC DATA — PIPELINE/CONSTRAINT VERIFICATION ONLY
5,BLR_r0_c1,BLR,12.6716,77.3946,2.891,-0.234,2.9,274.6,SYNTHETIC DATA — PIPELINE/CONSTRAINT VERIFICATION ONLY
5,BLR_r0_c2,BLR,12.6716,77.4946,2.592,-0.209,2.6,274.6,SYNTHETIC DATA — PIPELINE/CONSTRAINT VERIFICATION ONLY
5,BLR_r0_c3,BLR,12.6716,77.5946,2.293,-0.185,2.3,274.6,SYNTHETIC DATA — PIPELINE/CONSTRAINT VERIFICATION ONLY
5,BLR_r0_c4,BLR,12.6716,77.6946,1.993,-0.161,2.0,274.6,SYNTHETIC DATA — PIPELINE/CONSTRAINT VERIFICATION ONLY
5,BLR_r0_c5,BLR,12.6716,77.7946,1.694,-0.137,1.7,274.6,SYNTHETIC DATA — PIPELINE/CONSTRAINT VERIFICATION ONLY
5,BLR_r0_c6,BLR,12.6716,77.8946,1.395,-0.113,1.4,274.6,SYNTHETIC DATA — PIPELINE/CONSTRAINT VERIFICATION ONLY
5,BLR_r1_c0,BLR,12.7716,77.2946,3.494,-0.201,3.5,273.3,SYNTHETIC DATA — PIPELINE/CONSTRAINT VERIFICATION ONLY
5,BLR_r1_c1,BLR,12.7716,77.3946,3.195,-0.184,3.2,273.3,SYNTHETIC DATA — PIPELINE/CONSTRAINT VERIFICATION ONLY
5,BLR_r1_c2,BLR,12.7716,77.4946,2.895,-0.167,2.9,273.3,SYNTHETIC DATA — PIPELINE/CONSTRAINT VERIFICATION ONLY
5,BLR_r1_c3,BLR,12.7716,77.5946,2.596,-0.15,2.6,273.3,SYNTHETIC DATA — PIPELINE/CONSTRAINT VERIFICATION ONLY
5,BLR_r1_c4,BLR,12.7716,77.6946,2.296,-0.132,2.3,273.3,SYNTHETIC DATA — PIPELINE/CONSTRAINT VERIFICATION ONLY
5,BLR_r1_c5,BLR,12.7716,77.7946,1.997,-0.115,2.0,273.3,SYNTHETIC DATA — PIPELINE/CONSTRAINT VERIFICATION ONLY
5,BLR_r1_c6,BLR,12.7716,77.8946,1.697,-0.098,1.7,273.3,SYNTHETIC DATA — PIPELINE/CONSTRAINT VERIFICATION ONLY
5,BLR_r2_c0,BLR,12.8716,77.2946,3.799,0.09,3.8,268.6,SYNTHETIC DATA — PIPELINE/CONSTRAINT VERIFICATION ONLY
5,BLR_r2_c1,BLR,12.8716,77.3946,3.499,0.083,3.5,268.6,SYNTHETIC DATA — PIPELINE/CONSTRAINT VERIFICATION ONLY
5,BLR_r2_c2,BLR,12.8716,77.4946,3.199,0.076,3.2,268.6,SYNTHETIC DATA — PIPELINE/CONSTRAINT VERIFICATION ONLY
5,BLR_r2_c3,BLR,12.8716,77.5946,2.899,0.069,2.9,268.6,SYNTHETIC DATA — PIPELINE/CONSTRAINT VERIFICATION ONLY
5,BLR_r2_c4,BLR,12.8716,77.6946,2.599,0.062,2.6,268.6,SYNTHETIC DATA — PIPELINE/CONSTRAINT VERIFICATION ONLY
5,BLR_r2_c5,BLR,12.8716,77.7946,2.299,0.055,2.3,268.6,SYNTHETIC DATA — PIPELINE/CONSTRAINT VERIFICATION ONLY
5,BLR_r2_c6,BLR,12.8716,77.8946,1.999,0.048,2.0,268.6,SYNTHETIC DATA — PIPELINE/CONSTRAINT VERIFICATION ONLY
5,BLR_r3_c0,BLR,12.9716,77.2946,4.058,0.586,4.1,261.8,SYNTHETIC DATA — PIPELINE/CONSTRAINT VERIFICATION ONLY
5,BLR_r3_c1,BLR,12.9716,77.3946,3.761,0.544,3.8,261.8,SYNTHETIC DATA — PIPELINE/CONSTRAINT VERIFICATION ONLY
5,BLR_r3_c2,BLR,12.9716,77.4946,3.464,0.501,3.5,261.8,SYNTHETIC DATA — PIPELINE/CONSTRAINT VERIFICATION ONLY
5,BLR_r3_c3,BLR,12.9716,77.5946,3.167,0.458,3.2,261.8,SYNTHETIC DATA — PIPELINE/CONSTRAINT VERIFICATION ONLY
5,BLR_r3_c4,BLR,12.9716,77.6946,2.87,0.415,2.9,261.8,SYNTHETIC DATA — PIPELINE/CONSTRAINT VERIFICATION ONLY
5,BLR_r3_c5,BLR,12.9716,77.7946,2.573,0.372,2.6,261.8,SYNTHETIC DATA — PIPELINE/CONSTRAINT VERIFICATION ONLY
5,BLR_r3_c6,BLR,12.9716,77.8946,2.276,0.329,2.3,261.8,SYNTHETIC DATA — PIPELINE/CONSTRAINT VERIFICATION ONLY
5,BLR_r4_c0,BLR,13.0716,77.2946,4.238,1.183,4.4,254.4,SYNTHETIC DATA — PIPELINE/CONSTRAINT VERIFICATION ONLY
5,BLR_r4_c1,BLR,13.0716,77.3946,3.949,1.103,4.1,254.4,SYNTHETIC DATA — PIPELINE/CONSTRAINT VERIFICATION ONLY
5,BLR_r4_c2,BLR,13.0716,77.4946,3.66,1.022,3.8,254.4,SYNTHETIC DATA — PIPELINE/CONSTRAINT VERIFICATION ONLY
5,BLR_r4_c3,BLR,13.0716,77.5946,3.371,0.941,3.5,254.4,SYNTHETIC DATA — PIPELINE/CONSTRAINT VERIFICATION ONLY
5,BLR_r4_c4,BLR,13.0716,77.6946,3.082,0.861,3.2,254.4,SYNTHETIC DATA — PIPELINE/CONSTRAINT VERIFICATION ONLY
5,BLR_r4_c5,BLR,13.0716,77.7946,2.793,0.78,2.9,254.4,SYNTHETIC DATA — PIPELINE/CONSTRAINT VERIFICATION ONLY
5,BLR_r4_c6,BLR,13.0716,77.8946,2.504,0.699,2.6,254.4,SYNTHETIC DATA — PIPELINE/CONSTRAINT VERIFICATION ONLY
5,BLR_r5_c0,BLR,13.1716,77.2946,4.367,1.737,4.7,248.3,SYNTHETIC DATA — PIPELINE/CONSTRAINT VERIFICATION ONLY
5,BLR_r5_c1,BLR,13.1716,77.3946,4.088,1.626,4.4,248.3,SYNTHETIC DATA — PIPELINE/CONSTRAINT VERIFICATION ONLY
5,BLR_r5_c2,BLR,13.1716,77.4946,3.81,1.515,4.1,248.3,SYNTHETIC DATA — PIPELINE/CONSTRAINT VERIFICATION ONLY
5,BLR_r5_c3,BLR,13.1716,77.5946,3.531,1.405,3.8,248.3,SYNTHETIC DATA — PIPELINE/CONSTRAINT VERIFICATION ONLY
5,BLR_r5_c4,BLR,13.1716,77.6946,3.252,1.294,3.5,248.3,SYNTHETIC DATA — PIPELINE/CONSTRAINT VERIFICATION ONLY
5,BLR_r5_c5,BLR,13.1716,77.7946,2.973,1.183,3.2,248.3,SYNTHETIC DATA — PIPELINE/CONSTRAINT VERIFICATION ONLY
5,BLR_r5_c6,BLR,13.1716,77.8946,2.695,1.072,2.9,248.3,SYNTHETIC DATA — PIPELINE/CONSTRAINT VERIFICATION ONLY
5,BLR_r6_c0,BLR,13.2716,77.2946,4.531,2.113,5.0,245.0,SYNTHETIC DATA — PIPELINE/CONSTRAINT VERIFICATION ONLY
5,BLR_r6_c1,BLR,13.2716,77.3946,4.26,1.987,4.7,245.0,SYNTHETIC DATA — PIPELINE/CONSTRAINT VERIFICATION ONLY
5,BLR_r6_c2,BLR,13.2716,77.4946,3.988,1.86,4.4,245.0,SYNTHETIC DATA — PIPELINE/CONSTRAINT VERIFICATION ONLY
5,BLR_r6_c3,BLR,13.2716,77.5946,3.716,1.733,4.1,245.0,SYNTHETIC DATA — PIPELINE/CONSTRAINT VERIFICATION ONLY
5,BLR_r6_c4,BLR,13.2716,77.6946,3.444,1.606,3.8,245.0,SYNTHETIC DATA — PIPELINE/CONSTRAINT VERIFICATION ONLY
5,BLR_r6_c5,BLR,13.2716,77.7946,3.172,1.479,3.5,245.0,SYNTHETIC DATA — PIPELINE/CONSTRAINT VERIFICATION ONLY
5,BLR_r6_c6,BLR,13.2716,77.8946,2.9,1.353,3.2,245.0,SYNTHETIC DATA — PIPELINE/CONSTRAINT VERIFICATION ONLY
5,MAA_r0_c0,MAA,12.7827,79.9707,-2.278,2.248,3.2,134.6,SYNTHETIC DATA — PIPELINE/CONSTRAINT VERIFICATION ONLY
5,MAA_r0_c1,MAA,12.7827,80.0707,-2.064,2.037,2.9,134.6,SYNTHETIC DATA — PIPELINE/CONSTRAINT VERIFICATION ONLY
5,MAA_r0_c2,MAA,12.7827,80.1707,-1.851,1.826,2.6,134.6,SYNTHETIC DATA — PIPELINE/CONSTRAINT VERIFICATION ONLY
5,MAA_r0_c3,MAA,12.7827,80.2707,-1.637,1.616,2.3,134.6,SYNTHETIC DATA — PIPELINE/CONSTRAINT VERIFICATION ONLY
5,MAA_r0_c4,MAA,12.7827,80.3707,-1.424,1.405,2.0,134.6,SYNTHETIC DATA — PIPELINE/CONSTRAINT VERIFICATION ONLY
5,MAA_r0_c5,MAA,12.7827,80.4707,-1.21,1.194,1.7,134.6,SYNTHETIC DATA — PIPELINE/CONSTRAINT VERIFICATION ONLY
5,MAA_r0_c6,MAA,12.7827,80.5707,-0.996,0.983,1.4,134.6,SYNTHETIC DATA — PIPELINE/CONSTRAINT VERIFICATION ONLY
5,MAA_r1_c0,MAA,12.8827,79.9707,-2.547,2.4,3.5,133.3,SYNTHETIC DATA — PIPELINE/CONSTRAINT VERIFICATION ONLY
5,MAA_r1_c1,MAA,12.8827,80.0707,-2.329,2.195,3.2,133.3,SYNTHETIC DATA — PIPELINE/CONSTRAINT VERIFICATION ONLY
5,MAA_r1_c2,MAA,12.8827,80.1707,-2.111,1.989,2.9,133.3,SYNTHETIC DATA — PIPELINE/CONSTRAINT VERIFICATION ONLY
5,MAA_r1_c3,MAA,12.8827,80.2707,-1.892,1.783,2.6,133.3,SYNTHETIC DATA — PIPELINE/CONSTRAINT VERIFICATION ONLY
5,MAA_r1_c4,MAA,12.8827,80.3707,-1.674,1.577,2.3,133.3,SYNTHETIC DATA — PIPELINE/CONSTRAINT VERIFICATION ONLY
5,MAA_r1_c5,MAA,12.8827,80.4707,-1.456,1.372,2.0,133.3,SYNTHETIC DATA — PIPELINE/CONSTRAINT VERIFICATION ONLY
5,MAA_r1_c6,MAA,12.8827,80.5707,-1.237,1.166,1.7,133.3,SYNTHETIC DATA — PIPELINE/CONSTRAINT VERIFICATION ONLY
5,MAA_r2_c0,MAA,12.9827,79.9707,-2.968,2.373,3.8,128.6,SYNTHETIC DATA — PIPELINE/CONSTRAINT VERIFICATION ONLY
5,MAA_r2_c1,MAA,12.9827,80.0707,-2.734,2.185,3.5,128.6,SYNTHETIC DATA — PIPELINE/CONSTRAINT VERIFICATION ONLY
5,MAA_r2_c2,MAA,12.9827,80.1707,-2.5,1.998,3.2,128.6,SYNTHETIC DATA — PIPELINE/CONSTRAINT VERIFICATION ONLY
5,MAA_r2_c3,MAA,12.9827,80.2707,-2.265,1.811,2.9,128.6,SYNTHETIC DATA — PIPELINE/CONSTRAINT VERIFICATION ONLY
5,MAA_r2_c4,MAA,12.9827,80.3707,-2.031,1.623,2.6,128.6,SYNTHETIC DATA — PIPELINE/CONSTRAINT VERIFICATION ONLY
5,MAA_r2_c5,MAA,12.9827,80.4707,-1.797,1.436,2.3,128.6,SYNTHETIC DATA — PIPELINE/CONSTRAINT VERIFICATION ONLY
5,MAA_r2_c6,MAA,12.9827,80.5707,-1.562,1.249,2.0,128.6,SYNTHETIC DATA — PIPELINE/CONSTRAINT VERIFICATION ONLY
5,MAA_r3_c0,MAA,13.0827,79.9707,-3.485,2.159,4.1,121.8,SYNTHETIC DATA — PIPELINE/CONSTRAINT VERIFICATION ONLY
5,MAA_r3_c1,MAA,13.0827,80.0707,-3.23,2.001,3.8,121.8,SYNTHETIC DATA — PIPELINE/CONSTRAINT VERIFICATION ONLY
5,MAA_r3_c2,MAA,13.0827,80.1707,-2.975,1.843,3.5,121.8,SYNTHETIC DATA — PIPELINE/CONSTRAINT VERIFICATION ONLY
5,MAA_r3_c3,MAA,13.0827,80.2707,-2.72,1.685,3.2,121.8,SYNTHETIC DATA — PIPELINE/CONSTRAINT VERIFICATION ONLY
5,MAA_r3_c4,MAA,13.0827,80.3707,-2.465,1.527,2.9,121.8,SYNTHETIC DATA — PIPELINE/CONSTRAINT VERIFICATION ONLY
5,MAA_r3_c5,MAA,13.0827,80.4707,-2.21,1.369,2.6,121.8,SYNTHETIC DATA — PIPELINE/CONSTRAINT VERIFICATION ONLY
5,MAA_r3_c6,MAA,13.0827,80.5707,-1.955,1.211,2.3,121.8,SYNTHETIC DATA — PIPELINE/CONSTRAINT VERIFICATION ONLY
5,MAA_r4_c0,MAA,13.1827,79.9707,-4.007,1.817,4.4,114.4,SYNTHETIC DATA — PIPELINE/CONSTRAINT VERIFICATION ONLY
5,MAA_r4_c1,MAA,13.1827,80.0707,-3.734,1.694,4.1,114.4,SYNTHETIC DATA — PIPELINE/CONSTRAINT VERIFICATION ONLY
5,MAA_r4_c2,MAA,13.1827,80.1707,-3.461,1.57,3.8,114.4,SYNTHETIC DATA — PIPELINE/CONSTRAINT VERIFICATION ONLY
5,MAA_r4_c3,MAA,13.1827,80.2707,-3.187,1.446,3.5,114.4,SYNTHETIC DATA — PIPELINE/CONSTRAINT VERIFICATION ONLY
5,MAA_r4_c4,MAA,13.1827,80.3707,-2.914,1.322,3.2,114.4,SYNTHETIC DATA — PIPELINE/CONSTRAINT VERIFICATION ONLY
5,MAA_r4_c5,MAA,13.1827,80.4707,-2.641,1.198,2.9,114.4,SYNTHETIC DATA — PIPELINE/CONSTRAINT VERIFICATION ONLY
5,MAA_r4_c6,MAA,13.1827,80.5707,-2.368,1.074,2.6,114.4,SYNTHETIC DATA — PIPELINE/CONSTRAINT VERIFICATION ONLY
5,MAA_r5_c0,MAA,13.2827,79.9707,-4.462,1.476,4.7,108.3,SYNTHETIC DATA — PIPELINE/CONSTRAINT VERIFICATION ONLY
5,MAA_r5_c1,MAA,13.2827,80.0707,-4.177,1.382,4.4,108.3,SYNTHETIC DATA — PIPELINE/CONSTRAINT VERIFICATION ONLY
5,MAA_r5_c2,MAA,13.2827,80.1707,-3.892,1.288,4.1,108.3,SYNTHETIC DATA — PIPELINE/CONSTRAINT VERIFICATION ONLY
5,MAA_r5_c3,MAA,13.2827,80.2707,-3.608,1.194,3.8,108.3,SYNTHETIC DATA — PIPELINE/CONSTRAINT VERIFICATION ONLY
5,MAA_r5_c4,MAA,13.2827,80.3707,-3.323,1.099,3.5,108.3,SYNTHETIC DATA — PIPELINE/CONSTRAINT VERIFICATION ONLY
5,MAA_r5_c5,MAA,13.2827,80.4707,-3.038,1.005,3.2,108.3,SYNTHETIC DATA — PIPELINE/CONSTRAINT VERIFICATION ONLY
5,MAA_r5_c6,MAA,13.2827,80.5707,-2.753,0.911,2.9,108.3,SYNTHETIC DATA — PIPELINE/CONSTRAINT VERIFICATION ONLY
5,MAA_r6_c0,MAA,13.3827,79.9707,-4.83,1.294,5.0,105.0,SYNTHETIC DATA — PIPELINE/CONSTRAINT VERIFICATION ONLY
5,MAA_r6_c1,MAA,13.3827,80.0707,-4.54,1.216,4.7,105.0,SYNTHETIC DATA — PIPELINE/CONSTRAINT VERIFICATION ONLY
5,MAA_r6_c2,MAA,13.3827,80.1707,-4.25,1.139,4.4,105.0,SYNTHETIC DATA — PIPELINE/CONSTRAINT VERIFICATION ONLY
5,MAA_r6_c3,MAA,13.3827,80.2707,-3.96,1.061,4.1,105.0,SYNTHETIC DATA — PIPELINE/CONSTRAINT VERIFICATION ONLY
5,MAA_r6_c4,MAA,13.3827,80.3707,-3.671,0.983,3.8,105.0,SYNTHETIC DATA — PIPELINE/CONSTRAINT VERIFICATION ONLY
5,MAA_r6_c5,MAA,13.3827,80.4707,-3.381,0.906,3.5,105.0,SYNTHETIC DATA — PIPELINE/CONSTRAINT VERIFICATION ONLY
5,MAA_r6_c6,MAA,13.3827,80.5707,-3.091,0.828,3.2,105.0,SYNTHETIC DATA — PIPELINE/CONSTRAINT VERIFICATION ONLY
6,DEL_r0_c0,DEL,28.3139,76.909,1.045,-2.812,3.0,339.6,SYNTHETIC DATA — PIPELINE/CONSTRAINT VERIFICATION ONLY
6,DEL_r0_c1,DEL,28.3139,77.009,0.941,-2.531,2.7,339.6,SYNTHETIC DATA — PIPELINE/CONSTRAINT VERIFICATION ONLY
6,DEL_r0_c2,DEL,28.3139,77.109,0.836,-2.25,2.4,339.6,SYNTHETIC DATA — PIPELINE/CONSTRAINT VERIFICATION ONLY
6,DEL_r0_c3,DEL,28.3139,77.209,0.732,-1.968,2.1,339.6,SYNTHETIC DATA — PIPELINE/CONSTRAINT VERIFICATION ONLY
6,DEL_r0_c4,DEL,28.3139,77.309,0.627,-1.687,1.8,339.6,SYNTHETIC DATA — PIPELINE/CONSTRAINT VERIFICATION ONLY
6,DEL_r0_c5,DEL,28.3139,77.409,0.523,-1.406,1.5,339.6,SYNTHETIC DATA — PIPELINE/CONSTRAINT VERIFICATION ONLY
6,DEL_r0_c6,DEL,28.3139,77.509,0.418,-1.125,1.2,339.6,SYNTHETIC DATA — PIPELINE/CONSTRAINT VERIFICATION ONLY
6,DEL_r1_c0,DEL,28.4139,76.909,1.332,-3.019,3.3,336.2,SYNTHETIC DATA — PIPELINE/CONSTRAINT VERIFICATION ONLY
6,DEL_r1_c1,DEL,28.4139,77.009,1.211,-2.745,3.0,336.2,SYNTHETIC DATA — PIPELINE/CONSTRAINT VERIFICATION ONLY
6,DEL_r1_c2,DEL,28.4139,77.109,1.09,-2.47,2.7,336.2,SYNTHETIC DATA — PIPELINE/CONSTRAINT VERIFICATION ONLY
6,DEL_r1_c3,DEL,28.4139,77.209,0.969,-2.196,2.4,336.2,SYNTHETIC DATA — PIPELINE/CONSTRAINT VERIFICATION ONLY
6,DEL_r1_c4,DEL,28.4139,77.309,0.848,-1.921,2.1,336.2,SYNTHETIC DATA — PIPELINE/CONSTRAINT VERIFICATION ONLY
6,DEL_r1_c5,DEL,28.4139,77.409,0.727,-1.647,1.8,336.2,SYNTHETIC DATA — PIPELINE/CONSTRAINT VERIFICATION ONLY
6,DEL_r1_c6,DEL,28.4139,77.509,0.606,-1.372,1.5,336.2,SYNTHETIC DATA — PIPELINE/CONSTRAINT VERIFICATION ONLY
6,DEL_r2_c0,DEL,28.5139,76.909,1.799,-3.118,3.6,330.0,SYNTHETIC DATA — PIPELINE/CONSTRAINT VERIFICATION ONLY
6,DEL_r2_c1,DEL,28.5139,77.009,1.649,-2.859,3.3,330.0,SYNTHETIC DATA — PIPELINE/CONSTRAINT VERIFICATION ONLY
6,DEL_r2_c2,DEL,28.5139,77.109,1.499,-2.599,3.0,330.0,SYNTHETIC DATA — PIPELINE/CONSTRAINT VERIFICATION ONLY
6,DEL_r2_c3,DEL,28.5139,77.209,1.349,-2.339,2.7,330.0,SYNTHETIC DATA — PIPELINE/CONSTRAINT VERIFICATION ONLY
6,DEL_r2_c4,DEL,28.5139,77.309,1.199,-2.079,2.4,330.0,SYNTHETIC DATA — PIPELINE/CONSTRAINT VERIFICATION ONLY
6,DEL_r2_c5,DEL,28.5139,77.409,1.049,-1.819,2.1,330.0,SYNTHETIC DATA — PIPELINE/CONSTRAINT VERIFICATION ONLY
6,DEL_r2_c6,DEL,28.5139,77.509,0.899,-1.559,1.8,330.0,SYNTHETIC DATA — PIPELINE/CONSTRAINT VERIFICATION ONLY
6,DEL_r3_c0,DEL,28.6139,76.909,2.367,-3.1,3.9,322.6,SYNTHETIC DATA — PIPELINE/CONSTRAINT VERIFICATION ONLY
6,DEL_r3_c1,DEL,28.6139,77.009,2.185,-2.861,3.6,322.6,SYNTHETIC DATA — PIPELINE/CONSTRAINT VERIFICATION ONLY
6,DEL_r3_c2,DEL,28.6139,77.109,2.003,-2.623,3.3,322.6,SYNTHETIC DATA — PIPELINE/CONSTRAINT VERIFICATION ONLY
6,DEL_r3_c3,DEL,28.6139,77.209,1.821,-2.384,3.0,322.6,SYNTHETIC DATA — PIPELINE/CONSTRAINT VERIFICATION ONLY
6,DEL_r3_c4,DEL,28.6139,77.309,1.639,-2.146,2.7,322.6,SYNTHETIC DATA — PIPELINE/CONSTRAINT VERIFICATION ONLY
6,DEL_r3_c5,DEL,28.6139,77.409,1.457,-1.907,2.4,322.6,SYNTHETIC DATA — PIPELINE/CONSTRAINT VERIFICATION ONLY
6,DEL_r3_c6,DEL,28.6139,77.509,1.275,-1.669,2.1,322.6,SYNTHETIC DATA — PIPELINE/CONSTRAINT VERIFICATION ONLY
6,DEL_r4_c0,DEL,28.7139,76.909,2.927,-3.012,4.2,315.8,SYNTHETIC DATA — PIPELINE/CONSTRAINT VERIFICATION ONLY
6,DEL_r4_c1,DEL,28.7139,77.009,2.718,-2.797,3.9,315.8,SYNTHETIC DATA — PIPELINE/CONSTRAINT VERIFICATION ONLY
6,DEL_r4_c2,DEL,28.7139,77.109,2.509,-2.582,3.6,315.8,SYNTHETIC DATA — PIPELINE/CONSTRAINT VERIFICATION ONLY
6,DEL_r4_c3,DEL,28.7139,77.209,2.3,-2.367,3.3,315.8,SYNTHETIC DATA — PIPELINE/CONSTRAINT VERIFICATION ONLY
6,DEL_r4_c4,DEL,28.7139,77.309,2.091,-2.152,3.0,315.8,SYNTHETIC DATA — PIPELINE/CONSTRAINT VERIFICATION ONLY
6,DEL_r4_c5,DEL,28.7139,77.409,1.882,-1.936,2.7,315.8,SYNTHETIC DATA — PIPELINE/CONSTRAINT VERIFICATION ONLY
6,DEL_r4_c6,DEL,28.7139,77.509,1.673,-1.721,2.4,315.8,SYNTHETIC DATA — PIPELINE/CONSTRAINT VERIFICATION ONLY
6,DEL_r5_c0,DEL,28.8139,76.909,3.383,-2.967,4.5,311.3,SYNTHETIC DATA — PIPELINE/CONSTRAINT VERIFICATION ONLY
6,DEL_r5_c1,DEL,28.8139,77.009,3.157,-2.77,4.2,311.3,SYNTHETIC DATA — PIPELINE/CONSTRAINT VERIFICATION ONLY
6,DEL_r5_c2,DEL,28.8139,77.109,2.932,-2.572,3.9,311.3,SYNTHETIC DATA — PIPELINE/CONSTRAINT VERIFICATION ONLY
6,DEL_r5_c3,DEL,28.8139,77.209,2.706,-2.374,3.6,311.3,SYNTHETIC DATA — PIPELINE/CONSTRAINT VERIFICATION ONLY
6,DEL_r5_c4,DEL,28.8139,77.309,2.481,-2.176,3.3,311.3,SYNTHETIC DATA — PIPELINE/CONSTRAINT VERIFICATION ONLY
6,DEL_r5_c5,DEL,28.8139,77.409,2.255,-1.978,3.0,311.3,SYNTHETIC DATA — PIPELINE/CONSTRAINT VERIFICATION ONLY
6,DEL_r5_c6,DEL,28.8139,77.509,2.03,-1.78,2.7,311.3,SYNTHETIC DATA — PIPELINE/CONSTRAINT VERIFICATION ONLY
6,DEL_r6_c0,DEL,28.9139,76.909,3.674,-3.089,4.8,310.1,SYNTHETIC DATA — PIPELINE/CONSTRAINT VERIFICATION ONLY
6,DEL_r6_c1,DEL,28.9139,77.009,3.444,-2.896,4.5,310.1,SYNTHETIC DATA — PIPELINE/CONSTRAINT VERIFICATION ONLY
6,DEL_r6_c2,DEL,28.9139,77.109,3.215,-2.703,4.2,310.1,SYNTHETIC DATA — PIPELINE/CONSTRAINT VERIFICATION ONLY
6,DEL_r6_c3,DEL,28.9139,77.209,2.985,-2.51,3.9,310.1,SYNTHETIC DATA — PIPELINE/CONSTRAINT VERIFICATION ONLY
6,DEL_r6_c4,DEL,28.9139,77.309,2.755,-2.317,3.6,310.1,SYNTHETIC DATA — PIPELINE/CONSTRAINT VERIFICATION ONLY
6,DEL_r6_c5,DEL,28.9139,77.409,2.526,-2.124,3.3,310.1,SYNTHETIC DATA — PIPELINE/CONSTRAINT VERIFICATION ONLY
6,DEL_r6_c6,DEL,28.9139,77.509,2.296,-1.931,3.0,310.1,SYNTHETIC DATA — PIPELINE/CONSTRAINT VERIFICATION ONLY
6,BOM_r0_c0,BOM,18.776,72.5777,2.99,-0.241,3.0,274.6,SYNTHETIC DATA — PIPELINE/CONSTRAINT VERIFICATION ONLY
6,BOM_r0_c1,BOM,18.776,72.6777,2.691,-0.217,2.7,274.6,SYNTHETIC DATA — PIPELINE/CONSTRAINT VERIFICATION ONLY
6,BOM_r0_c2,BOM,18.776,72.7777,2.392,-0.193,2.4,274.6,SYNTHETIC DATA — PIPELINE/CONSTRAINT VERIFICATION ONLY
6,BOM_r0_c3,BOM,18.776,72.8777,2.093,-0.169,2.1,274.6,SYNTHETIC DATA — PIPELINE/CONSTRAINT VERIFICATION ONLY
6,BOM_r0_c4,BOM,18.776,72.9777,1.794,-0.145,1.8,274.6,SYNTHETIC DATA — PIPELINE/CONSTRAINT VERIFICATION ONLY
6,BOM_r0_c5,BOM,18.776,73.0777,1.495,-0.12,1.5,274.6,SYNTHETIC DATA — PIPELINE/CONSTRAINT VERIFICATION ONLY
6,BOM_r0_c6,BOM,18.776,73.1777,1.196,-0.096,1.2,274.6,SYNTHETIC DATA — PIPELINE/CONSTRAINT VERIFICATION ONLY
6,BOM_r1_c0,BOM,18.876,72.5777,3.299,-0.068,3.3,271.2,SYNTHETIC DATA — PIPELINE/CONSTRAINT VERIFICATION ONLY
6,BOM_r1_c1,BOM,18.876,72.6777,2.999,-0.062,3.0,271.2,SYNTHETIC DATA — PIPELINE/CONSTRAINT VERIFICATION ONLY
6,BOM_r1_c2,BOM,18.876,72.7777,2.699,-0.056,2.7,271.2,SYNTHETIC DATA — PIPELINE/CONSTRAINT VERIFICATION ONLY
6,BOM_r1_c3,BOM,18.876,72.8777,2.399,-0.05,2.4,271.2,SYNTHETIC DATA — PIPELINE/CONSTRAINT VERIFICATION ONLY
6,BOM_r1_c4,BOM,18.876,72.9777,2.1,-0.043,2.1,271.2,SYNTHETIC DATA — PIPELINE/CONSTRAINT VERIFICATION ONLY
6,BOM_r1_c5,BOM,18.876,73.0777,1.8,-0.037,1.8,271.2,SYNTHETIC DATA — PIPELINE/CONSTRAINT VERIFICATION ONLY
6,BOM_r1_c6,BOM,18.876,73.1777,1.5,-0.031,1.5,271.2,SYNTHETIC DATA — PIPELINE/CONSTRAINT VERIFICATION ONLY
6,BOM_r2_c0,BOM,18.976,72.5777,3.586,0.312,3.6,265.0,SYNTHETIC DATA — PIPELINE/CONSTRAINT VERIFICATION ONLY
6,BOM_r2_c1,BOM,18.976,72.6777,3.288,0.286,3.3,265.0,SYNTHETIC DATA — PIPELINE/CONSTRAINT VERIFICATION ONLY
6,BOM_r2_c2,BOM,18.976,72.7777,2.989,0.26,3.0,265.0,SYNTHETIC DATA — PIPELINE/CONSTRAINT VERIFICATION ONLY
6,BOM_r2_c3,BOM,18.976,72.8777,2.69,0.234,2.7,265.0,SYNTHETIC DATA — PIPELINE/CONSTRAINT VERIFICATION ONLY
6,BOM_r2_c4,BOM,18.976,72.9777,2.391,0.208,2.4,265.0,SYNTHETIC DATA — PIPELINE/CONSTRAINT VERIFICATION ONLY
6,BOM_r2_c5,BOM,18.976,73.0777,2.092,0.182,2.1,265.0,SYNTHETIC DATA — PIPELINE/CONSTRAINT VERIFICATION ONLY
6,BOM_r2_c6,BOM,18.976,73.1777,1.793,0.156,1.8,265.0,SYNTHETIC DATA — PIPELINE/CONSTRAINT VERIFICATION ONLY
6,BOM_r3_c0,BOM,19.076,72.5777,3.81,0.835,3.9,257.6,SYNTHETIC DATA — PIPELINE/CONSTRAINT VERIFICATION ONLY
6,BOM_r3_c1,BOM,19.076,72.6777,3.516,0.771,3.6,257.6,SYNTHETIC DATA — PIPELINE/CONSTRAINT VERIFICATION ONLY
6,BOM_r3_c2,BOM,19.076,72.7777,3.223,0.707,3.3,257.6,SYNTHETIC DATA — PIPELINE/CONSTRAINT VERIFICATION ONLY
6,BOM_r3_c3,BOM,19.076,72.8777,2.93,0.642,3.0,257.6,SYNTHETIC DATA — PIPELINE/CONSTRAINT VERIFICATION ONLY
6,BOM_r3_c4,BOM,19.076,72.9777,2.637,0.578,2.7,257.6,SYNTHETIC DATA — PIPELINE/CONSTRAINT VERIFICATION ONLY
6,BOM_r3_c5,BOM,19.076,73.0777,2.344,0.514,2.4,257.6,SYNTHETIC DATA — PIPELINE/CONSTRAINT VERIFICATION ONLY
6,BOM_r3_c6,BOM,19.076,73.1777,2.051,0.45,2.1,257.6,SYNTHETIC DATA — PIPELINE/CONSTRAINT VERIFICATION ONLY
6,BOM_r4_c0,BOM,19.176,72.5777,3.967,1.38,4.2,250.8,SYNTHETIC DATA — PIPELINE/CONSTRAINT VERIFICATION ONLY
6,BOM_r4_c1,BOM,19.176,72.6777,3.684,1.281,3.9,250.8,SYNTHETIC DATA — PIPELINE/CONSTRAINT VERIFICATION ONLY
6,BOM_r4_c2,BOM,19.176,72.7777,3.4,1.183,3.6,250.8,SYNTHETIC DATA — PIPELINE/CONSTRAINT VERIFICATION ONLY
6,BOM_r4_c3,BOM,19.176,72.8777,3.117,1.084,3.3,250.8,SYNTHETIC DATA — PIPELINE/CONSTRAINT VERIFICATION ONLY
6,BOM_r4_c4,BOM,19.176,72.9777,2.834,0.986,3.0,250.8,SYNTHETIC DATA — PIPELINE/CONSTRAINT VERIFICATION ONLY
6,BOM_r4_c5,BOM,19.176,73.0777,2.55,0.887,2.7,250.8,SYNTHETIC DATA — PIPELINE/CONSTRAINT VERIFICATION ONLY
6,BOM_r4_c6,BOM,19.176,73.1777,2.267,0.788,2.4,250.8,SYNTHETIC DATA — PIPELINE/CONSTRAINT VERIFICATION ONLY
6,BOM_r5_c0,BOM,19.276,72.5777,4.119,1.812,4.5,246.3,SYNTHETIC DATA — PIPELINE/CONSTRAINT VERIFICATION ONLY
6,BOM_r5_c1,BOM,19.276,72.6777,3.845,1.691,4.2,246.3,SYNTHETIC DATA — PIPELINE/CONSTRAINT VERIFICATION ONLY
6,BOM_r5_c2,BOM,19.276,72.7777,3.57,1.57,3.9,246.3,SYNTHETIC DATA — PIPELINE/CONSTRAINT VERIFICATION ONLY
6,BOM_r5_c3,BOM,19.276,72.8777,3.295,1.449,3.6,246.3,SYNTHETIC DATA — PIPELINE/CONSTRAINT VERIFICATION ONLY
6,BOM_r5_c4,BOM,19.276,72.9777,3.021,1.329,3.3,246.3,SYNTHETIC DATA — PIPELINE/CONSTRAINT VERIFICATION ONLY
6,BOM_r5_c5,BOM,19.276,73.0777,2.746,1.208,3.0,246.3,SYNTHETIC DATA — PIPELINE/CONSTRAINT VERIFICATION ONLY
6,BOM_r5_c6,BOM,19.276,73.1777,2.471,1.087,2.7,246.3,SYNTHETIC DATA — PIPELINE/CONSTRAINT VERIFICATION ONLY
6,BOM_r6_c0,BOM,19.376,72.5777,4.352,2.024,4.8,245.1,SYNTHETIC DATA — PIPELINE/CONSTRAINT VERIFICATION ONLY
6,BOM_r6_c1,BOM,19.376,72.6777,4.08,1.898,4.5,245.1,SYNTHETIC DATA — PIPELINE/CONSTRAINT VERIFICATION ONLY
6,BOM_r6_c2,BOM,19.376,72.7777,3.808,1.771,4.2,245.1,SYNTHETIC DATA — PIPELINE/CONSTRAINT VERIFICATION ONLY
6,BOM_r6_c3,BOM,19.376,72.8777,3.536,1.645,3.9,245.1,SYNTHETIC DATA — PIPELINE/CONSTRAINT VERIFICATION ONLY
6,BOM_r6_c4,BOM,19.376,72.9777,3.264,1.518,3.6,245.1,SYNTHETIC DATA — PIPELINE/CONSTRAINT VERIFICATION ONLY
6,BOM_r6_c5,BOM,19.376,73.0777,2.992,1.392,3.3,245.1,SYNTHETIC DATA — PIPELINE/CONSTRAINT VERIFICATION ONLY
6,BOM_r6_c6,BOM,19.376,73.1777,2.72,1.265,3.0,245.1,SYNTHETIC DATA — PIPELINE/CONSTRAINT VERIFICATION ONLY
6,LKO_r0_c0,LKO,26.5467,80.6462,1.738,-2.446,3.0,324.6,SYNTHETIC DATA — PIPELINE/CONSTRAINT VERIFICATION ONLY
6,LKO_r0_c1,LKO,26.5467,80.7462,1.564,-2.201,2.7,324.6,SYNTHETIC DATA — PIPELINE/CONSTRAINT VERIFICATION ONLY
6,LKO_r0_c2,LKO,26.5467,80.8462,1.39,-1.956,2.4,324.6,SYNTHETIC DATA — PIPELINE/CONSTRAINT VERIFICATION ONLY
6,LKO_r0_c3,LKO,26.5467,80.9462,1.216,-1.712,2.1,324.6,SYNTHETIC DATA — PIPELINE/CONSTRAINT VERIFICATION ONLY
6,LKO_r0_c4,LKO,26.5467,81.0462,1.043,-1.467,1.8,324.6,SYNTHETIC DATA — PIPELINE/CONSTRAINT VERIFICATION ONLY
6,LKO_r0_c5,LKO,26.5467,81.1462,0.869,-1.223,1.5,324.6,SYNTHETIC DATA — PIPELINE/CONSTRAINT VERIFICATION ONLY
6,LKO_r0_c6,LKO,26.5467,81.2462,0.695,-0.978,1.2,324.6,SYNTHETIC DATA — PIPELINE/CONSTRAINT VERIFICATION ONLY
6,LKO_r1_c0,LKO,26.6467,80.6462,2.068,-2.571,3.3,321.2,SYNTHETIC DATA — PIPELINE/CONSTRAINT VERIFICATION ONLY
6,LKO_r1_c1,LKO,26.6467,80.7462,1.88,-2.338,3.0,321.2,SYNTHETIC DATA — PIPELINE/CONSTRAINT VERIFICATION ONLY
6,LKO_r1_c2,LKO,26.6467,80.8462,1.692,-2.104,2.7,321.2,SYNTHETIC DATA — PIPELINE/CONSTRAINT VERIFICATION ONLY
6,LKO_r1_c3,LKO,26.6467,80.9462,1.504,-1.87,2.4,321.2,SYNTHETIC DATA — PIPELINE/CONSTRAINT VERIFICATION ONLY
6,LKO_r1_c4,LKO,26.6467,81.0462,1.316,-1.636,2.1,321.2,SYNTHETIC DATA — PIPELINE/CONSTRAINT VERIFICATION ONLY
6,LKO_r1_c5,LKO,26.6467,81.1462,1.128,-1.403,1.8,321.2,SYNTHETIC DATA — PIPELINE/CONSTRAINT VERIFICATION ONLY
6,LKO_r1_c6,LKO,26.6467,81.2462,0.94,-1.169,1.5,321.2,SYNTHETIC DATA — PIPELINE/CONSTRAINT VERIFICATION ONLY
6,LKO_r2_c0,LKO,26.7467,80.6462,2.544,-2.547,3.6,315.0,SYNTHETIC DATA — PIPELINE/CONSTRAINT VERIFICATION ONLY
6,LKO_r2_c1,LKO,26.7467,80.7462,2.332,-2.334,3.3,315.0,SYNTHETIC DATA — PIPELINE/CONSTRAINT VERIFICATION ONLY
6,LKO_r2_c2,LKO,26.7467,80.8462,2.12,-2.122,3.0,315.0,SYNTHETIC DATA — PIPELINE/CONSTRAINT VERIFICATION ONLY
6,LKO_r2_c3,LKO,26.7467,80.9462,1.908,-1.91,2.7,315.0,SYNTHETIC DATA — PIPELINE/CONSTRAINT VERIFICATION ONLY
6,LKO_r2_c4,LKO,26.7467,81.0462,1.696,-1.698,2.4,315.0,SYNTHETIC DATA — PIPELINE/CONSTRAINT VERIFICATION ONLY
6,LKO_r2_c5,LKO,26.7467,81.1462,1.484,-1.486,2.1,315.0,SYNTHETIC DATA — PIPELINE/CONSTRAINT VERIFICATION ONLY
6,LKO_r2_c6,LKO,26.7467,81.2462,1.272,-1.273,1.8,315.0,SYNTHETIC DATA — PIPELINE/CONSTRAINT VERIFICATION ONLY
6,LKO_r3_c0,LKO,26.8467,80.6462,3.089,-2.381,3.9,307.6,SYNTHETIC DATA — PIPELINE/CONSTRAINT VERIFICATION ONLY
6,LKO_r3_c1,LKO,26.8467,80.7462,2.851,-2.198,3.6,307.6,SYNTHETIC DATA — PIPELINE/CONSTRAINT VERIFICATION ONLY
6,LKO_r3_c2,LKO,26.8467,80.8462,2.613,-2.015,3.3,307.6,SYNTHETIC DATA — PIPELINE/CONSTRAINT VERIFICATION ONLY
6,LKO_r3_c3,LKO,26.8467,80.9462,2.376,-1.832,3.0,307.6,SYNTHETIC DATA — PIPELINE/CONSTRAINT VERIFICATION ONLY
6,LKO_r3_c4,LKO,26.8467,81.0462,2.138,-1.649,2.7,307.6,SYNTHETIC DATA — PIPELINE/CONSTRAINT VERIFICATION ONLY
6,LKO_r3_c5,LKO,26.8467,81.1462,1.901,-1.465,2.4,307.6,SYNTHETIC DATA — PIPELINE/CONSTRAINT VERIFICATION ONLY
6,LKO_r3_c6,LKO,26.8467,81.2462,1.663,-1.282,2.1,307.6,SYNTHETIC DATA — PIPELINE/CONSTRAINT VERIFICATION ONLY
6,LKO_r4_c0,LKO,26.9467,80.6462,3.607,-2.152,4.2,300.8,SYNTHETIC DATA — PIPELINE/CONSTRAINT VERIFICATION ONLY
6,LKO_r4_c1,LKO,26.9467,80.7462,3.349,-1.998,3.9,300.8,SYNTHETIC DATA — PIPELINE/CONSTRAINT VERIFICATION ONLY
6,LKO_r4_c2,LKO,26.9467,80.8462,3.092,-1.845,3.6,300.8,SYNTHETIC DATA — PIPELINE/CONSTRAINT VERIFICATION ONLY
6,LKO_r4_c3,LKO,26.9467,80.9462,2.834,-1.691,3.3,300.8,SYNTHETIC DATA — PIPELINE/CONSTRAINT VERIFICATION ONLY
6,LKO_r4_c4,LKO,26.9467,81.0462,2.576,-1.537,3.0,300.8,SYNTHETIC DATA — PIPELINE/CONSTRAINT VERIFICATION ONLY
6,LKO_r4_c5,LKO,26.9467,81.1462,2.319,-1.383,2.7,300.8,SYNTHETIC DATA — PIPELINE/CONSTRAINT VERIFICATION ONLY
6,LKO_r4_c6,LKO,26.9467,81.2462,2.061,-1.23,2.4,300.8,SYNTHETIC DATA — PIPELINE/CONSTRAINT VERIFICATION ONLY
6,LKO_r5_c0,LKO,27.0467,80.6462,4.036,-1.991,4.5,296.3,SYNTHETIC DATA — PIPELINE/CONSTRAINT VERIFICATION ONLY
6,LKO_r5_c1,LKO,27.0467,80.7462,3.767,-1.858,4.2,296.3,SYNTHETIC DATA — PIPELINE/CONSTRAINT VERIFICATION ONLY
6,LKO_r5_c2,LKO,27.0467,80.8462,3.498,-1.725,3.9,296.3,SYNTHETIC DATA — PIPELINE/CONSTRAINT VERIFICATION ONLY
6,LKO_r5_c3,LKO,27.0467,80.9462,3.229,-1.593,3.6,296.3,SYNTHETIC DATA — PIPELINE/CONSTRAINT VERIFICATION ONLY
6,LKO_r5_c4,LKO,27.0467,81.0462,2.959,-1.46,3.3,296.3,SYNTHETIC DATA — PIPELINE/CONSTRAINT VERIFICATION ONLY
6,LKO_r5_c5,LKO,27.0467,81.1462,2.69,-1.327,3.0,296.3,SYNTHETIC DATA — PIPELINE/CONSTRAINT VERIFICATION ONLY
6,LKO_r5_c6,LKO,27.0467,81.2462,2.421,-1.194,2.7,296.3,SYNTHETIC DATA — PIPELINE/CONSTRAINT VERIFICATION ONLY
6,LKO_r6_c0,LKO,27.1467,80.6462,4.348,-2.033,4.8,295.1,SYNTHETIC DATA — PIPELINE/CONSTRAINT VERIFICATION ONLY
6,LKO_r6_c1,LKO,27.1467,80.7462,4.076,-1.906,4.5,295.1,SYNTHETIC DATA — PIPELINE/CONSTRAINT VERIFICATION ONLY
6,LKO_r6_c2,LKO,27.1467,80.8462,3.805,-1.779,4.2,295.1,SYNTHETIC DATA — PIPELINE/CONSTRAINT VERIFICATION ONLY
6,LKO_r6_c3,LKO,27.1467,80.9462,3.533,-1.652,3.9,295.1,SYNTHETIC DATA — PIPELINE/CONSTRAINT VERIFICATION ONLY
6,LKO_r6_c4,LKO,27.1467,81.0462,3.261,-1.525,3.6,295.1,SYNTHETIC DATA — PIPELINE/CONSTRAINT VERIFICATION ONLY
6,LKO_r6_c5,LKO,27.1467,81.1462,2.989,-1.398,3.3,295.1,SYNTHETIC DATA — PIPELINE/CONSTRAINT VERIFICATION ONLY
6,LKO_r6_c6,LKO,27.1467,81.2462,2.718,-1.271,3.0,295.1,SYNTHETIC DATA — PIPELINE/CONSTRAINT VERIFICATION ONLY
6,VNS_r0_c0,VNS,25.0176,82.6739,2.136,-2.107,3.0,314.6,SYNTHETIC DATA — PIPELINE/CONSTRAINT VERIFICATION ONLY
6,VNS_r0_c1,VNS,25.0176,82.7739,1.922,-1.896,2.7,314.6,SYNTHETIC DATA — PIPELINE/CONSTRAINT VERIFICATION ONLY
6,VNS_r0_c2,VNS,25.0176,82.8739,1.709,-1.685,2.4,314.6,SYNTHETIC DATA — PIPELINE/CONSTRAINT VERIFICATION ONLY
6,VNS_r0_c3,VNS,25.0176,82.9739,1.495,-1.475,2.1,314.6,SYNTHETIC DATA — PIPELINE/CONSTRAINT VERIFICATION ONLY
6,VNS_r0_c4,VNS,25.0176,83.0739,1.281,-1.264,1.8,314.6,SYNTHETIC DATA — PIPELINE/CONSTRAINT VERIFICATION ONLY
6,VNS_r0_c5,VNS,25.0176,83.1739,1.068,-1.053,1.5,314.6,SYNTHETIC DATA — PIPELINE/CONSTRAINT VERIFICATION ONLY
6,VNS_r0_c6,VNS,25.0176,83.2739,0.854,-0.843,1.2,314.6,SYNTHETIC DATA — PIPELINE/CONSTRAINT VERIFICATION ONLY
6,VNS_r1_c0,VNS,25.1176,82.6739,2.484,-2.173,3.3,311.2,SYNTHETIC DATA — PIPELINE/CONSTRAINT VERIFICATION ONLY
6,VNS_r1_c1,VNS,25.1176,82.7739,2.258,-1.976,3.0,311.2,SYNTHETIC DATA — PIPELINE/CONSTRAINT VERIFICATION ONLY
6,VNS_r1_c2,VNS,25.1176,82.8739,2.032,-1.778,2.7,311.2,SYNTHETIC DATA — PIPELINE/CONSTRAINT VERIFICATION ONLY
6,VNS_r1_c3,VNS,25.1176,82.9739,1.806,-1.58,2.4,311.2,SYNTHETIC DATA — PIPELINE/CONSTRAINT VERIFICATION ONLY
6,VNS_r1_c4,VNS,25.1176,83.0739,1.58,-1.383,2.1,311.2,SYNTHETIC DATA — PIPELINE/CONSTRAINT VERIFICATION ONLY
6,VNS_r1_c5,VNS,25.1176,83.1739,1.355,-1.185,1.8,311.2,SYNTHETIC DATA — PIPELINE/CONSTRAINT VERIFICATION ONLY
6,VNS_r1_c6,VNS,25.1176,83.2739,1.129,-0.988,1.5,311.2,SYNTHETIC DATA — PIPELINE/CONSTRAINT VERIFICATION ONLY
6,VNS_r2_c0,VNS,25.2176,82.6739,2.948,-2.066,3.6,305.0,SYNTHETIC DATA — PIPELINE/CONSTRAINT VERIFICATION ONLY
6,VNS_r2_c1,VNS,25.2176,82.7739,2.702,-1.894,3.3,305.0,SYNTHETIC DATA — PIPELINE/CONSTRAINT VERIFICATION ONLY
6,VNS_r2_c2,VNS,25.2176,82.8739,2.457,-1.722,3.0,305.0,SYNTHETIC DATA — PIPELINE/CONSTRAINT VERIFICATION ONLY
6,VNS_r2_c3,VNS,25.2176,82.9739,2.211,-1.55,2.7,305.0,SYNTHETIC DATA — PIPELINE/CONSTRAINT VERIFICATION ONLY
6,VNS_r2_c4,VNS,25.2176,83.0739,1.965,-1.377,2.4,305.0,SYNTHETIC DATA — PIPELINE/CONSTRAINT VERIFICATION ONLY
6,VNS_r2_c5,VNS,25.2176,83.1739,1.72,-1.205,2.1,305.0,SYNTHETIC DATA — PIPELINE/CONSTRAINT VERIFICATION ONLY
6,VNS_r2_c6,VNS,25.2176,83.2739,1.474,-1.033,1.8,305.0,SYNTHETIC DATA — PIPELINE/CONSTRAINT VERIFICATION ONLY
6,VNS_r3_c0,VNS,25.3176,82.6739,3.455,-1.809,3.9,297.6,SYNTHETIC DATA — PIPELINE/CONSTRAINT VERIFICATION ONLY
6,VNS_r3_c1,VNS,25.3176,82.7739,3.189,-1.67,3.6,297.6,SYNTHETIC DATA — PIPELINE/CONSTRAINT VERIFICATION ONLY
6,VNS_r3_c2,VNS,25.3176,82.8739,2.924,-1.531,3.3,297.6,SYNTHETIC DATA — PIPELINE/CONSTRAINT VERIFICATION ONLY
6,VNS_r3_c3,VNS,25.3176,82.9739,2.658,-1.391,3.0,297.6,SYNTHETIC DATA — PIPELINE/CONSTRAINT VERIFICATION ONLY
6,VNS_r3_c4,VNS,25.3176,83.0739,2.392,-1.252,2.7,297.6,SYNTHETIC DATA — PIPELINE/CONSTRAINT VERIFICATION ONLY
6,VNS_r3_c5,VNS,25.3176,83.1739,2.126,-1.113,2.4,297.6,SYNTHETIC DATA — PIPELINE/CONSTRAINT VERIFICATION ONLY
6,VNS_r3_c6,VNS,25.3176,83.2739,1.86,-0.974,2.1,297.6,SYNTHETIC DATA — PIPELINE/CONSTRAINT VERIFICATION ONLY
6,VNS_r4_c0,VNS,25.4176,82.6739,3.926,-1.493,4.2,290.8,SYNTHETIC DATA — PIPELINE/CONSTRAINT VERIFICATION ONLY
6,VNS_r4_c1,VNS,25.4176,82.7739,3.645,-1.386,3.9,290.8,SYNTHETIC DATA — PIPELINE/CONSTRAINT VERIFICATION ONLY
6,VNS_r4_c2,VNS,25.4176,82.8739,3.365,-1.28,3.6,290.8,SYNTHETIC DATA — PIPELINE/CONSTRAINT VERIFICATION ONLY
6,VNS_r4_c3,VNS,25.4176,82.9739,3.084,-1.173,3.3,290.8,SYNTHETIC DATA — PIPELINE/CONSTRAINT VERIFICATION ONLY
6,VNS_r4_c4,VNS,25.4176,83.0739,2.804,-1.066,3.0,290.8,SYNTHETIC DATA — PIPELINE/CONSTRAINT VERIFICATION ONLY
6,VNS_r4_c5,VNS,25.4176,83.1739,2.524,-0.96,2.7,290.8,SYNTHETIC DATA — PIPELINE/CONSTRAINT VERIFICATION ONLY
6,VNS_r4_c6,VNS,25.4176,83.2739,2.243,-0.853,2.4,290.8,SYNTHETIC DATA — PIPELINE/CONSTRAINT VERIFICATION ONLY
6,VNS_r5_c0,VNS,25.5176,82.6739,4.32,-1.26,4.5,286.3,SYNTHETIC DATA — PIPELINE/CONSTRAINT VERIFICATION ONLY
6,VNS_r5_c1,VNS,25.5176,82.7739,4.032,-1.176,4.2,286.3,SYNTHETIC DATA — PIPELINE/CONSTRAINT VERIFICATION ONLY
6,VNS_r5_c2,VNS,25.5176,82.8739,3.744,-1.092,3.9,286.3,SYNTHETIC DATA — PIPELINE/CONSTRAINT VERIFICATION ONLY
6,VNS_r5_c3,VNS,25.5176,82.9739,3.456,-1.008,3.6,286.3,SYNTHETIC DATA — PIPELINE/CONSTRAINT VERIFICATION ONLY
6,VNS_r5_c4,VNS,25.5176,83.0739,3.168,-0.924,3.3,286.3,SYNTHETIC DATA — PIPELINE/CONSTRAINT VERIFICATION ONLY
6,VNS_r5_c5,VNS,25.5176,83.1739,2.88,-0.84,3.0,286.3,SYNTHETIC DATA — PIPELINE/CONSTRAINT VERIFICATION ONLY
6,VNS_r5_c6,VNS,25.5176,83.2739,2.592,-0.756,2.7,286.3,SYNTHETIC DATA — PIPELINE/CONSTRAINT VERIFICATION ONLY
6,VNS_r6_c0,VNS,25.6176,82.6739,4.635,-1.247,4.8,285.1,SYNTHETIC DATA — PIPELINE/CONSTRAINT VERIFICATION ONLY
6,VNS_r6_c1,VNS,25.6176,82.7739,4.345,-1.169,4.5,285.1,SYNTHETIC DATA — PIPELINE/CONSTRAINT VERIFICATION ONLY
6,VNS_r6_c2,VNS,25.6176,82.8739,4.056,-1.091,4.2,285.1,SYNTHETIC DATA — PIPELINE/CONSTRAINT VERIFICATION ONLY
6,VNS_r6_c3,VNS,25.6176,82.9739,3.766,-1.013,3.9,285.1,SYNTHETIC DATA — PIPELINE/CONSTRAINT VERIFICATION ONLY
6,VNS_r6_c4,VNS,25.6176,83.0739,3.476,-0.935,3.6,285.1,SYNTHETIC DATA — PIPELINE/CONSTRAINT VERIFICATION ONLY
6,VNS_r6_c5,VNS,25.6176,83.1739,3.187,-0.857,3.3,285.1,SYNTHETIC DATA — PIPELINE/CONSTRAINT VERIFICATION ONLY
6,VNS_r6_c6,VNS,25.6176,83.2739,2.897,-0.779,3.0,285.1,SYNTHETIC DATA — PIPELINE/CONSTRAINT VERIFICATION ONLY
6,JAI_r0_c0,JAI,26.6124,75.4873,0.796,-2.892,3.0,344.6,SYNTHETIC DATA — PIPELINE/CONSTRAINT VERIFICATION ONLY
6,JAI_r0_c1,JAI,26.6124,75.5873,0.717,-2.603,2.7,344.6,SYNTHETIC DATA — PIPELINE/CONSTRAINT VERIFICATION ONLY
6,JAI_r0_c2,JAI,26.6124,75.6873,0.637,-2.314,2.4,344.6,SYNTHETIC DATA — PIPELINE/CONSTRAINT VERIFICATION ONLY
6,JAI_r0_c3,JAI,26.6124,75.7873,0.557,-2.025,2.1,344.6,SYNTHETIC DATA — PIPELINE/CONSTRAINT VERIFICATION ONLY
6,JAI_r0_c4,JAI,26.6124,75.8873,0.478,-1.735,1.8,344.6,SYNTHETIC DATA — PIPELINE/CONSTRAINT VERIFICATION ONLY
6,JAI_r0_c5,JAI,26.6124,75.9873,0.398,-1.446,1.5,344.6,SYNTHETIC DATA — PIPELINE/CONSTRAINT VERIFICATION ONLY
6,JAI_r0_c6,JAI,26.6124,76.0873,0.319,-1.157,1.2,344.6,SYNTHETIC DATA — PIPELINE/CONSTRAINT VERIFICATION ONLY
6,JAI_r1_c0,JAI,26.7124,75.4873,1.064,-3.124,3.3,341.2,SYNTHETIC DATA — PIPELINE/CONSTRAINT VERIFICATION ONLY
6,JAI_r1_c1,JAI,26.7124,75.5873,0.968,-2.84,3.0,341.2,SYNTHETIC DATA — PIPELINE/CONSTRAINT VERIFICATION ONLY
6,JAI_r1_c2,JAI,26.7124,75.6873,0.871,-2.556,2.7,341.2,SYNTHETIC DATA — PIPELINE/CONSTRAINT VERIFICATION ONLY
6,JAI_r1_c3,JAI,26.7124,75.7873,0.774,-2.272,2.4,341.2,SYNTHETIC DATA — PIPELINE/CONSTRAINT VERIFICATION ONLY
6,JAI_r1_c4,JAI,26.7124,75.8873,0.677,-1.988,2.1,341.2,SYNTHETIC DATA — PIPELINE/CONSTRAINT VERIFICATION ONLY
6,JAI_r1_c5,JAI,26.7124,75.9873,0.581,-1.704,1.8,341.2,SYNTHETIC DATA — PIPELINE/CONSTRAINT VERIFICATION ONLY
6,JAI_r1_c6,JAI,26.7124,76.0873,0.484,-1.42,1.5,341.2,SYNTHETIC DATA — PIPELINE/CONSTRAINT VERIFICATION ONLY
6,JAI_r2_c0,JAI,26.8124,75.4873,1.52,-3.263,3.6,335.0,SYNTHETIC DATA — PIPELINE/CONSTRAINT VERIFICATION ONLY
6,JAI_r2_c1,JAI,26.8124,75.5873,1.393,-2.991,3.3,335.0,SYNTHETIC DATA — PIPELINE/CONSTRAINT VERIFICATION ONLY
6,JAI_r2_c2,JAI,26.8124,75.6873,1.267,-2.719,3.0,335.0,SYNTHETIC DATA — PIPELINE/CONSTRAINT VERIFICATION ONLY
6,JAI_r2_c3,JAI,26.8124,75.7873,1.14,-2.448,2.7,335.0,SYNTHETIC DATA — PIPELINE/CONSTRAINT VERIFICATION ONLY
6,JAI_r2_c4,JAI,26.8124,75.8873,1.013,-2.176,2.4,335.0,SYNTHETIC DATA — PIPELINE/CONSTRAINT VERIFICATION ONLY
6,JAI_r2_c5,JAI,26.8124,75.9873,0.887,-1.904,2.1,335.0,SYNTHETIC DATA — PIPELINE/CONSTRAINT VERIFICATION ONLY
6,JAI_r2_c6,JAI,26.8124,76.0873,0.76,-1.632,1.8,335.0,SYNTHETIC DATA — PIPELINE/CONSTRAINT VERIFICATION ONLY
6,JAI_r3_c0,JAI,26.9124,75.4873,2.088,-3.294,3.9,327.6,SYNTHETIC DATA — PIPELINE/CONSTRAINT VERIFICATION ONLY
6,JAI_r3_c1,JAI,26.9124,75.5873,1.927,-3.041,3.6,327.6,SYNTHETIC DATA — PIPELINE/CONSTRAINT VERIFICATION ONLY
6,JAI_r3_c2,JAI,26.9124,75.6873,1.767,-2.787,3.3,327.6,SYNTHETIC DATA — PIPELINE/CONSTRAINT VERIFICATION ONLY
6,JAI_r3_c3,JAI,26.9124,75.7873,1.606,-2.534,3.0,327.6,SYNTHETIC DATA — PIPELINE/CONSTRAINT VERIFICATION ONLY
6,JAI_r3_c4,JAI,26.9124,75.8873,1.445,-2.281,2.7,327.6,SYNTHETIC DATA — PIPELINE/CONSTRAINT VERIFICATION ONLY
6,JAI_r3_c5,JAI,26.9124,75.9873,1.285,-2.027,2.4,327.6,SYNTHETIC DATA — PIPELINE/CONSTRAINT VERIFICATION ONLY
6,JAI_r3_c6,JAI,26.9124,76.0873,1.124,-1.774,2.1,327.6,SYNTHETIC DATA — PIPELINE/CONSTRAINT VERIFICATION ONLY
6,JAI_r4_c0,JAI,27.0124,75.4873,2.653,-3.256,4.2,320.8,SYNTHETIC DATA — PIPELINE/CONSTRAINT VERIFICATION ONLY
6,JAI_r4_c1,JAI,27.0124,75.5873,2.464,-3.023,3.9,320.8,SYNTHETIC DATA — PIPELINE/CONSTRAINT VERIFICATION ONLY
6,JAI_r4_c2,JAI,27.0124,75.6873,2.274,-2.791,3.6,320.8,SYNTHETIC DATA — PIPELINE/CONSTRAINT VERIFICATION ONLY
6,JAI_r4_c3,JAI,27.0124,75.7873,2.085,-2.558,3.3,320.8,SYNTHETIC DATA — PIPELINE/CONSTRAINT VERIFICATION ONLY
6,JAI_r4_c4,JAI,27.0124,75.8873,1.895,-2.326,3.0,320.8,SYNTHETIC DATA — PIPELINE/CONSTRAINT VERIFICATION ONLY
6,JAI_r4_c5,JAI,27.0124,75.9873,1.706,-2.093,2.7,320.8,SYNTHETIC DATA — PIPELINE/CONSTRAINT VERIFICATION ONLY
6,JAI_r4_c6,JAI,27.0124,76.0873,1.516,-1.86,2.4,320.8,SYNTHETIC DATA — PIPELINE/CONSTRAINT VERIFICATION ONLY
6,JAI_r5_c0,JAI,27.1124,75.4873,3.111,-3.251,4.5,316.3,SYNTHETIC DATA — PIPELINE/CONSTRAINT VERIFICATION ONLY
6,JAI_r5_c1,JAI,27.1124,75.5873,2.904,-3.034,4.2,316.3,SYNTHETIC DATA — PIPELINE/CONSTRAINT VERIFICATION ONLY
6,JAI_r5_c2,JAI,27.1124,75.6873,2.697,-2.818,3.9,316.3,SYNTHETIC DATA — PIPELINE/CONSTRAINT VERIFICATION ONLY
6,JAI_r5_c3,JAI,27.1124,75.7873,2.489,-2.601,3.6,316.3,SYNTHETIC DATA — PIPELINE/CONSTRAINT VERIFICATION ONLY
6,JAI_r5_c4,JAI,27.1124,75.8873,2.282,-2.384,3.3,316.3,SYNTHETIC DATA — PIPELINE/CONSTRAINT VERIFICATION ONLY
6,JAI_r5_c5,JAI,27.1124,75.9873,2.074,-2.167,3.0,316.3,SYNTHETIC DATA — PIPELINE/CONSTRAINT VERIFICATION ONLY
6,JAI_r5_c6,JAI,27.1124,76.0873,1.867,-1.951,2.7,316.3,SYNTHETIC DATA — PIPELINE/CONSTRAINT VERIFICATION ONLY
6,JAI_r6_c0,JAI,27.2124,75.4873,3.391,-3.398,4.8,315.1,SYNTHETIC DATA — PIPELINE/CONSTRAINT VERIFICATION ONLY
6,JAI_r6_c1,JAI,27.2124,75.5873,3.179,-3.185,4.5,315.1,SYNTHETIC DATA — PIPELINE/CONSTRAINT VERIFICATION ONLY
6,JAI_r6_c2,JAI,27.2124,75.6873,2.967,-2.973,4.2,315.1,SYNTHETIC DATA — PIPELINE/CONSTRAINT VERIFICATION ONLY
6,JAI_r6_c3,JAI,27.2124,75.7873,2.755,-2.76,3.9,315.1,SYNTHETIC DATA — PIPELINE/CONSTRAINT VERIFICATION ONLY
6,JAI_r6_c4,JAI,27.2124,75.8873,2.543,-2.548,3.6,315.1,SYNTHETIC DATA — PIPELINE/CONSTRAINT VERIFICATION ONLY
6,JAI_r6_c5,JAI,27.2124,75.9873,2.331,-2.336,3.3,315.1,SYNTHETIC DATA — PIPELINE/CONSTRAINT VERIFICATION ONLY
6,JAI_r6_c6,JAI,27.2124,76.0873,2.119,-2.123,3.0,315.1,SYNTHETIC DATA — PIPELINE/CONSTRAINT VERIFICATION ONLY
6,AMD_r0_c0,AMD,22.7225,72.2714,2.728,-1.249,3.0,294.6,SYNTHETIC DATA — PIPELINE/CONSTRAINT VERIFICATION ONLY
6,AMD_r0_c1,AMD,22.7225,72.3714,2.455,-1.124,2.7,294.6,SYNTHETIC DATA — PIPELINE/CONSTRAINT VERIFICATION ONLY
6,AMD_r0_c2,AMD,22.7225,72.4714,2.182,-0.999,2.4,294.6,SYNTHETIC DATA — PIPELINE/CONSTRAINT VERIFICATION ONLY
6,AMD_r0_c3,AMD,22.7225,72.5714,1.909,-0.874,2.1,294.6,SYNTHETIC DATA — PIPELINE/CONSTRAINT VERIFICATION ONLY
6,AMD_r0_c4,AMD,22.7225,72.6714,1.637,-0.75,1.8,294.6,SYNTHETIC DATA — PIPELINE/CONSTRAINT VERIFICATION ONLY
6,AMD_r0_c5,AMD,22.7225,72.7714,1.364,-0.625,1.5,294.6,SYNTHETIC DATA — PIPELINE/CONSTRAINT VERIFICATION ONLY
6,AMD_r0_c6,AMD,22.7225,72.8714,1.091,-0.5,1.2,294.6,SYNTHETIC DATA — PIPELINE/CONSTRAINT VERIFICATION ONLY
6,AMD_r1_c0,AMD,22.8225,72.2714,3.077,-1.193,3.3,291.2,SYNTHETIC DATA — PIPELINE/CONSTRAINT VERIFICATION ONLY
6,AMD_r1_c1,AMD,22.8225,72.3714,2.797,-1.084,3.0,291.2,SYNTHETIC DATA — PIPELINE/CONSTRAINT VERIFICATION ONLY
6,AMD_r1_c2,AMD,22.8225,72.4714,2.518,-0.976,2.7,291.2,SYNTHETIC DATA — PIPELINE/CONSTRAINT VERIFICATION ONLY
6,AMD_r1_c3,AMD,22.8225,72.5714,2.238,-0.867,2.4,291.2,SYNTHETIC DATA — PIPELINE/CONSTRAINT VERIFICATION ONLY
6,AMD_r1_c4,AMD,22.8225,72.6714,1.958,-0.759,2.1,291.2,SYNTHETIC DATA — PIPELINE/CONSTRAINT VERIFICATION ONLY
6,AMD_r1_c5,AMD,22.8225,72.7714,1.678,-0.651,1.8,291.2,SYNTHETIC DATA — PIPELINE/CONSTRAINT VERIFICATION ONLY
6,AMD_r1_c6,AMD,22.8225,72.8714,1.399,-0.542,1.5,291.2,SYNTHETIC DATA — PIPELINE/CONSTRAINT VERIFICATION ONLY
6,AMD_r2_c0,AMD,22.9225,72.2714,3.477,-0.933,3.6,285.0,SYNTHETIC DATA — PIPELINE/CONSTRAINT VERIFICATION ONLY
6,AMD_r2_c1,AMD,22.9225,72.3714,3.187,-0.855,3.3,285.0,SYNTHETIC DATA — PIPELINE/CONSTRAINT VERIFICATION ONLY
6,AMD_r2_c2,AMD,22.9225,72.4714,2.897,-0.778,3.0,285.0,SYNTHETIC DATA — PIPELINE/CONSTRAINT VERIFICATION ONLY
6,AMD_r2_c3,AMD,22.9225,72.5714,2.608,-0.7,2.7,285.0,SYNTHETIC DATA — PIPELINE/CONSTRAINT VERIFICATION ONLY
6,AMD_r2_c4,AMD,22.9225,72.6714,2.318,-0.622,2.4,285.0,SYNTHETIC DATA — PIPELINE/CONSTRAINT VERIFICATION ONLY
6,AMD_r2_c5,AMD,22.9225,72.7714,2.028,-0.544,2.1,285.0,SYNTHETIC DATA — PIPELINE/CONSTRAINT VERIFICATION ONLY
6,AMD_r2_c6,AMD,22.9225,72.8714,1.738,-0.467,1.8,285.0,SYNTHETIC DATA — PIPELINE/CONSTRAINT VERIFICATION ONLY
6,AMD_r3_c0,AMD,23.0225,72.2714,3.865,-0.518,3.9,277.6,SYNTHETIC DATA — PIPELINE/CONSTRAINT VERIFICATION ONLY
6,AMD_r3_c1,AMD,23.0225,72.3714,3.568,-0.478,3.6,277.6,SYNTHETIC DATA — PIPELINE/CONSTRAINT VERIFICATION ONLY
6,AMD_r3_c2,AMD,23.0225,72.4714,3.271,-0.438,3.3,277.6,SYNTHETIC DATA — PIPELINE/CONSTRAINT VERIFICATION ONLY
6,AMD_r3_c3,AMD,23.0225,72.5714,2.973,-0.399,3.0,277.6,SYNTHETIC DATA — PIPELINE/CONSTRAINT VERIFICATION ONLY
6,AMD_r3_c4,AMD,23.0225,72.6714,2.676,-0.359,2.7,277.6,SYNTHETIC DATA — PIPELINE/CONSTRAINT VERIFICATION ONLY
6,AMD_r3_c5,AMD,23.0225,72.7714,2.379,-0.319,2.4,277.6,SYNTHETIC DATA — PIPELINE/CONSTRAINT VERIFICATION ONLY
6,AMD_r3_c6,AMD,23.0225,72.8714,2.081,-0.279,2.1,277.6,SYNTHETIC DATA — PIPELINE/CONSTRAINT VERIFICATION ONLY
6,AMD_r4_c0,AMD,23.1225,72.2714,4.2,-0.06,4.2,270.8,SYNTHETIC DATA — PIPELINE/CONSTRAINT VERIFICATION ONLY
6,AMD_r4_c1,AMD,23.1225,72.3714,3.9,-0.056,3.9,270.8,SYNTHETIC DATA — PIPELINE/CONSTRAINT VERIFICATION ONLY
6,AMD_r4_c2,AMD,23.1225,72.4714,3.6,-0.052,3.6,270.8,SYNTHETIC DATA — PIPELINE/CONSTRAINT VERIFICATION ONLY
6,AMD_r4_c3,AMD,23.1225,72.5714,3.3,-0.047,3.3,270.8,SYNTHETIC DATA — PIPELINE/CONSTRAINT VERIFICATION ONLY
6,AMD_r4_c4,AMD,23.1225,72.6714,3.0,-0.043,3.0,270.8,SYNTHETIC DATA — PIPELINE/CONSTRAINT VERIFICATION ONLY
6,AMD_r4_c5,AMD,23.1225,72.7714,2.7,-0.039,2.7,270.8,SYNTHETIC DATA — PIPELINE/CONSTRAINT VERIFICATION ONLY
6,AMD_r4_c6,AMD,23.1225,72.8714,2.4,-0.034,2.4,270.8,SYNTHETIC DATA — PIPELINE/CONSTRAINT VERIFICATION ONLY
6,AMD_r5_c0,AMD,23.2225,72.2714,4.49,0.294,4.5,266.3,SYNTHETIC DATA — PIPELINE/CONSTRAINT VERIFICATION ONLY
6,AMD_r5_c1,AMD,23.2225,72.3714,4.191,0.274,4.2,266.3,SYNTHETIC DATA — PIPELINE/CONSTRAINT VERIFICATION ONLY
6,AMD_r5_c2,AMD,23.2225,72.4714,3.892,0.255,3.9,266.3,SYNTHETIC DATA — PIPELINE/CONSTRAINT VERIFICATION ONLY
6,AMD_r5_c3,AMD,23.2225,72.5714,3.592,0.235,3.6,266.3,SYNTHETIC DATA — PIPELINE/CONSTRAINT VERIFICATION ONLY
6,AMD_r5_c4,AMD,23.2225,72.6714,3.293,0.215,3.3,266.3,SYNTHETIC DATA — PIPELINE/CONSTRAINT VERIFICATION ONLY
6,AMD_r5_c5,AMD,23.2225,72.7714,2.994,0.196,3.0,266.3,SYNTHETIC DATA — PIPELINE/CONSTRAINT VERIFICATION ONLY
6,AMD_r5_c6,AMD,23.2225,72.8714,2.694,0.176,2.7,266.3,SYNTHETIC DATA — PIPELINE/CONSTRAINT VERIFICATION ONLY
6,AMD_r6_c0,AMD,23.3225,72.2714,4.782,0.414,4.8,265.1,SYNTHETIC DATA — PIPELINE/CONSTRAINT VERIFICATION ONLY
6,AMD_r6_c1,AMD,23.3225,72.3714,4.483,0.388,4.5,265.1,SYNTHETIC DATA — PIPELINE/CONSTRAINT VERIFICATION ONLY
6,AMD_r6_c2,AMD,23.3225,72.4714,4.184,0.362,4.2,265.1,SYNTHETIC DATA — PIPELINE/CONSTRAINT VERIFICATION ONLY
6,AMD_r6_c3,AMD,23.3225,72.5714,3.885,0.336,3.9,265.1,SYNTHETIC DATA — PIPELINE/CONSTRAINT VERIFICATION ONLY
6,AMD_r6_c4,AMD,23.3225,72.6714,3.587,0.31,3.6,265.1,SYNTHETIC DATA — PIPELINE/CONSTRAINT VERIFICATION ONLY
6,AMD_r6_c5,AMD,23.3225,72.7714,3.288,0.284,3.3,265.1,SYNTHETIC DATA — PIPELINE/CONSTRAINT VERIFICATION ONLY
6,AMD_r6_c6,AMD,23.3225,72.8714,2.989,0.258,3.0,265.1,SYNTHETIC DATA — PIPELINE/CONSTRAINT VERIFICATION ONLY
6,CCU_r0_c0,CCU,22.2726,88.0639,2.71,1.286,3.0,244.6,SYNTHETIC DATA — PIPELINE/CONSTRAINT VERIFICATION ONLY
6,CCU_r0_c1,CCU,22.2726,88.1639,2.439,1.158,2.7,244.6,SYNTHETIC DATA — PIPELINE/CONSTRAINT VERIFICATION ONLY
6,CCU_r0_c2,CCU,22.2726,88.2639,2.168,1.029,2.4,244.6,SYNTHETIC DATA — PIPELINE/CONSTRAINT VERIFICATION ONLY
6,CCU_r0_c3,CCU,22.2726,88.3639,1.897,0.901,2.1,244.6,SYNTHETIC DATA — PIPELINE/CONSTRAINT VERIFICATION ONLY
6,CCU_r0_c4,CCU,22.2726,88.4639,1.626,0.772,1.8,244.6,SYNTHETIC DATA — PIPELINE/CONSTRAINT VERIFICATION ONLY
6,CCU_r0_c5,CCU,22.2726,88.5639,1.355,0.643,1.5,244.6,SYNTHETIC DATA — PIPELINE/CONSTRAINT VERIFICATION ONLY
6,CCU_r0_c6,CCU,22.2726,88.6639,1.084,0.515,1.2,244.6,SYNTHETIC DATA — PIPELINE/CONSTRAINT VERIFICATION ONLY
6,CCU_r1_c0,CCU,22.3726,88.0639,2.891,1.591,3.3,241.2,SYNTHETIC DATA — PIPELINE/CONSTRAINT VERIFICATION ONLY
6,CCU_r1_c1,CCU,22.3726,88.1639,2.629,1.446,3.0,241.2,SYNTHETIC DATA — PIPELINE/CONSTRAINT VERIFICATION ONLY
6,CCU_r1_c2,CCU,22.3726,88.2639,2.366,1.301,2.7,241.2,SYNTHETIC DATA — PIPELINE/CONSTRAINT VERIFICATION ONLY
6,CCU_r1_c3,CCU,22.3726,88.3639,2.103,1.157,2.4,241.2,SYNTHETIC DATA — PIPELINE/CONSTRAINT VERIFICATION ONLY
6,CCU_r1_c4,CCU,22.3726,88.4639,1.84,1.012,2.1,241.2,SYNTHETIC DATA — PIPELINE/CONSTRAINT VERIFICATION ONLY
6,CCU_r1_c5,CCU,22.3726,88.5639,1.577,0.868,1.8,241.2,SYNTHETIC DATA — PIPELINE/CONSTRAINT VERIFICATION ONLY
6,CCU_r1_c6,CCU,22.3726,88.6639,1.314,0.723,1.5,241.2,SYNTHETIC DATA — PIPELINE/CONSTRAINT VERIFICATION ONLY
6,CCU_r2_c0,CCU,22.4726,88.0639,2.95,2.064,3.6,235.0,SYNTHETIC DATA — PIPELINE/CONSTRAINT VERIFICATION ONLY
6,CCU_r2_c1,CCU,22.4726,88.1639,2.704,1.892,3.3,235.0,SYNTHETIC DATA — PIPELINE/CONSTRAINT VERIFICATION ONLY
6,CCU_r2_c2,CCU,22.4726,88.2639,2.458,1.72,3.0,235.0,SYNTHETIC DATA — PIPELINE/CONSTRAINT VERIFICATION ONLY
6,CCU_r2_c3,CCU,22.4726,88.3639,2.212,1.548,2.7,235.0,SYNTHETIC DATA — PIPELINE/CONSTRAINT VERIFICATION ONLY
6,CCU_r2_c4,CCU,22.4726,88.4639,1.967,1.376,2.4,235.0,SYNTHETIC DATA — PIPELINE/CONSTRAINT VERIFICATION ONLY
6,CCU_r2_c5,CCU,22.4726,88.5639,1.721,1.204,2.1,235.0,SYNTHETIC DATA — PIPELINE/CONSTRAINT VERIFICATION ONLY
6,CCU_r2_c6,CCU,22.4726,88.6639,1.475,1.032,1.8,235.0,SYNTHETIC DATA — PIPELINE/CONSTRAINT VERIFICATION ONLY
6,CCU_r3_c0,CCU,22.5726,88.0639,2.882,2.628,3.9,227.6,SYNTHETIC DATA — PIPELINE/CONSTRAINT VERIFICATION ONLY
6,CCU_r3_c1,CCU,22.5726,88.1639,2.66,2.426,3.6,227.6,SYNTHETIC DATA — PIPELINE/CONSTRAINT VERIFICATION ONLY
6,CCU_r3_c2,CCU,22.5726,88.2639,2.438,2.224,3.3,227.6,SYNTHETIC DATA — PIPELINE/CONSTRAINT VERIFICATION ONLY
6,CCU_r3_c3,CCU,22.5726,88.3639,2.217,2.022,3.0,227.6,SYNTHETIC DATA — PIPELINE/CONSTRAINT VERIFICATION ONLY
6,CCU_r3_c4,CCU,22.5726,88.4639,1.995,1.819,2.7,227.6,SYNTHETIC DATA — PIPELINE/CONSTRAINT VERIFICATION ONLY
6,CCU_r3_c5,CCU,22.5726,88.5639,1.773,1.617,2.4,227.6,SYNTHETIC DATA — PIPELINE/CONSTRAINT VERIFICATION ONLY
6,CCU_r3_c6,CCU,22.5726,88.6639,1.552,1.415,2.1,227.6,SYNTHETIC DATA — PIPELINE/CONSTRAINT VERIFICATION ONLY
6,CCU_r4_c0,CCU,22.6726,88.0639,2.746,3.178,4.2,220.8,SYNTHETIC DATA — PIPELINE/CONSTRAINT VERIFICATION ONLY
6,CCU_r4_c1,CCU,22.6726,88.1639,2.549,2.951,3.9,220.8,SYNTHETIC DATA — PIPELINE/CONSTRAINT VERIFICATION ONLY
6,CCU_r4_c2,CCU,22.6726,88.2639,2.353,2.724,3.6,220.8,SYNTHETIC DATA — PIPELINE/CONSTRAINT VERIFICATION ONLY
6,CCU_r4_c3,CCU,22.6726,88.3639,2.157,2.497,3.3,220.8,SYNTHETIC DATA — PIPELINE/CONSTRAINT VERIFICATION ONLY
6,CCU_r4_c4,CCU,22.6726,88.4639,1.961,2.27,3.0,220.8,SYNTHETIC DATA — PIPELINE/CONSTRAINT VERIFICATION ONLY
6,CCU_r4_c5,CCU,22.6726,88.5639,1.765,2.043,2.7,220.8,SYNTHETIC DATA — PIPELINE/CONSTRAINT VERIFICATION ONLY
6,CCU_r4_c6,CCU,22.6726,88.6639,1.569,1.816,2.4,220.8,SYNTHETIC DATA — PIPELINE/CONSTRAINT VERIFICATION ONLY
6,CCU_r5_c0,CCU,22.7726,88.0639,2.661,3.629,4.5,216.3,SYNTHETIC DATA — PIPELINE/CONSTRAINT VERIFICATION ONLY
6,CCU_r5_c1,CCU,22.7726,88.1639,2.484,3.387,4.2,216.3,SYNTHETIC DATA — PIPELINE/CONSTRAINT VERIFICATION ONLY
6,CCU_r5_c2,CCU,22.7726,88.2639,2.307,3.145,3.9,216.3,SYNTHETIC DATA — PIPELINE/CONSTRAINT VERIFICATION ONLY
6,CCU_r5_c3,CCU,22.7726,88.3639,2.129,2.903,3.6,216.3,SYNTHETIC DATA — PIPELINE/CONSTRAINT VERIFICATION ONLY
6,CCU_r5_c4,CCU,22.7726,88.4639,1.952,2.661,3.3,216.3,SYNTHETIC DATA — PIPELINE/CONSTRAINT VERIFICATION ONLY
6,CCU_r5_c5,CCU,22.7726,88.5639,1.774,2.419,3.0,216.3,SYNTHETIC DATA — PIPELINE/CONSTRAINT VERIFICATION ONLY
6,CCU_r5_c6,CCU,22.7726,88.6639,1.597,2.177,2.7,216.3,SYNTHETIC DATA — PIPELINE/CONSTRAINT VERIFICATION ONLY
6,CCU_r6_c0,CCU,22.8726,88.0639,2.757,3.929,4.8,215.1,SYNTHETIC DATA — PIPELINE/CONSTRAINT VERIFICATION ONLY
6,CCU_r6_c1,CCU,22.8726,88.1639,2.585,3.684,4.5,215.1,SYNTHETIC DATA — PIPELINE/CONSTRAINT VERIFICATION ONLY
6,CCU_r6_c2,CCU,22.8726,88.2639,2.412,3.438,4.2,215.1,SYNTHETIC DATA — PIPELINE/CONSTRAINT VERIFICATION ONLY
6,CCU_r6_c3,CCU,22.8726,88.3639,2.24,3.192,3.9,215.1,SYNTHETIC DATA — PIPELINE/CONSTRAINT VERIFICATION ONLY
6,CCU_r6_c4,CCU,22.8726,88.4639,2.068,2.947,3.6,215.1,SYNTHETIC DATA — PIPELINE/CONSTRAINT VERIFICATION ONLY
6,CCU_r6_c5,CCU,22.8726,88.5639,1.896,2.701,3.3,215.1,SYNTHETIC DATA — PIPELINE/CONSTRAINT VERIFICATION ONLY
6,CCU_r6_c6,CCU,22.8726,88.6639,1.723,2.456,3.0,215.1,SYNTHETIC DATA — PIPELINE/CONSTRAINT VERIFICATION ONLY
6,HYD_r0_c0,HYD,17.085,78.1867,2.987,0.282,3.0,264.6,SYNTHETIC DATA — PIPELINE/CONSTRAINT VERIFICATION ONLY
6,HYD_r0_c1,HYD,17.085,78.2867,2.688,0.254,2.7,264.6,SYNTHETIC DATA — PIPELINE/CONSTRAINT VERIFICATION ONLY
6,HYD_r0_c2,HYD,17.085,78.3867,2.389,0.226,2.4,264.6,SYNTHETIC DATA — PIPELINE/CONSTRAINT VERIFICATION ONLY
6,HYD_r0_c3,HYD,17.085,78.4867,2.091,0.197,2.1,264.6,SYNTHETIC DATA — PIPELINE/CONSTRAINT VERIFICATION ONLY
6,HYD_r0_c4,HYD,17.085,78.5867,1.792,0.169,1.8,264.6,SYNTHETIC DATA — PIPELINE/CONSTRAINT VERIFICATION ONLY
6,HYD_r0_c5,HYD,17.085,78.6867,1.493,0.141,1.5,264.6,SYNTHETIC DATA — PIPELINE/CONSTRAINT VERIFICATION ONLY
6,HYD_r0_c6,HYD,17.085,78.7867,1.195,0.113,1.2,264.6,SYNTHETIC DATA — PIPELINE/CONSTRAINT VERIFICATION ONLY
6,HYD_r1_c0,HYD,17.185,78.1867,3.261,0.506,3.3,261.2,SYNTHETIC DATA — PIPELINE/CONSTRAINT VERIFICATION ONLY
6,HYD_r1_c1,HYD,17.185,78.2867,2.965,0.46,3.0,261.2,SYNTHETIC DATA — PIPELINE/CONSTRAINT VERIFICATION ONLY
6,HYD_r1_c2,HYD,17.185,78.3867,2.668,0.414,2.7,261.2,SYNTHETIC DATA — PIPELINE/CONSTRAINT VERIFICATION ONLY
6,HYD_r1_c3,HYD,17.185,78.4867,2.372,0.368,2.4,261.2,SYNTHETIC DATA — PIPELINE/CONSTRAINT VERIFICATION ONLY
6,HYD_r1_c4,HYD,17.185,78.5867,2.075,0.322,2.1,261.2,SYNTHETIC DATA — PIPELINE/CONSTRAINT VERIFICATION ONLY
6,HYD_r1_c5,HYD,17.185,78.6867,1.779,0.276,1.8,261.2,SYNTHETIC DATA — PIPELINE/CONSTRAINT VERIFICATION ONLY
6,HYD_r1_c6,HYD,17.185,78.7867,1.482,0.23,1.5,261.2,SYNTHETIC DATA — PIPELINE/CONSTRAINT VERIFICATION ONLY
6,HYD_r2_c0,HYD,17.285,78.1867,3.478,0.93,3.6,255.0,SYNTHETIC DATA — PIPELINE/CONSTRAINT VERIFICATION ONLY
6,HYD_r2_c1,HYD,17.285,78.2867,3.188,0.853,3.3,255.0,SYNTHETIC DATA — PIPELINE/CONSTRAINT VERIFICATION ONLY
6,HYD_r2_c2,HYD,17.285,78.3867,2.898,0.775,3.0,255.0,SYNTHETIC DATA — PIPELINE/CONSTRAINT VERIFICATION ONLY
6,HYD_r2_c3,HYD,17.285,78.4867,2.608,0.698,2.7,255.0,SYNTHETIC DATA — PIPELINE/CONSTRAINT VERIFICATION ONLY
6,HYD_r2_c4,HYD,17.285,78.5867,2.318,0.62,2.4,255.0,SYNTHETIC DATA — PIPELINE/CONSTRAINT VERIFICATION ONLY
6,HYD_r2_c5,HYD,17.285,78.6867,2.029,0.543,2.1,255.0,SYNTHETIC DATA — PIPELINE/CONSTRAINT VERIFICATION ONLY
6,HYD_r2_c6,HYD,17.285,78.7867,1.739,0.465,1.8,255.0,SYNTHETIC DATA — PIPELINE/CONSTRAINT VERIFICATION ONLY
6,HYD_r3_c0,HYD,17.385,78.1867,3.607,1.484,3.9,247.6,SYNTHETIC DATA — PIPELINE/CONSTRAINT VERIFICATION ONLY
6,HYD_r3_c1,HYD,17.385,78.2867,3.329,1.37,3.6,247.6,SYNTHETIC DATA — PIPELINE/CONSTRAINT VERIFICATION ONLY
6,HYD_r3_c2,HYD,17.385,78.3867,3.052,1.256,3.3,247.6,SYNTHETIC DATA — PIPELINE/CONSTRAINT VERIFICATION ONLY
6,HYD_r3_c3,HYD,17.385,78.4867,2.774,1.142,3.0,247.6,SYNTHETIC DATA — PIPELINE/CONSTRAINT VERIFICATION ONLY
6,HYD_r3_c4,HYD,17.385,78.5867,2.497,1.027,2.7,247.6,SYNTHETIC DATA — PIPELINE/CONSTRAINT VERIFICATION ONLY
6,HYD_r3_c5,HYD,17.385,78.6867,2.219,0.913,2.4,247.6,SYNTHETIC DATA — PIPELINE/CONSTRAINT VERIFICATION ONLY
6,HYD_r3_c6,HYD,17.385,78.7867,1.942,0.799,2.1,247.6,SYNTHETIC DATA — PIPELINE/CONSTRAINT VERIFICATION ONLY
6,HYD_r4_c0,HYD,17.485,78.1867,3.667,2.048,4.2,240.8,SYNTHETIC DATA — PIPELINE/CONSTRAINT VERIFICATION ONLY
6,HYD_r4_c1,HYD,17.485,78.2867,3.405,1.901,3.9,240.8,SYNTHETIC DATA — PIPELINE/CONSTRAINT VERIFICATION ONLY
6,HYD_r4_c2,HYD,17.485,78.3867,3.143,1.755,3.6,240.8,SYNTHETIC DATA — PIPELINE/CONSTRAINT VERIFICATION ONLY
6,HYD_r4_c3,HYD,17.485,78.4867,2.881,1.609,3.3,240.8,SYNTHETIC DATA — PIPELINE/CONSTRAINT VERIFICATION ONLY
6,HYD_r4_c4,HYD,17.485,78.5867,2.619,1.463,3.0,240.8,SYNTHETIC DATA — PIPELINE/CONSTRAINT VERIFICATION ONLY
6,HYD_r4_c5,HYD,17.485,78.6867,2.357,1.316,2.7,240.8,SYNTHETIC DATA — PIPELINE/CONSTRAINT VERIFICATION ONLY
6,HYD_r4_c6,HYD,17.485,78.7867,2.095,1.17,2.4,240.8,SYNTHETIC DATA — PIPELINE/CONSTRAINT VERIFICATION ONLY
6,HYD_r5_c0,HYD,17.585,78.1867,3.742,2.5,4.5,236.3,SYNTHETIC DATA — PIPELINE/CONSTRAINT VERIFICATION ONLY
6,HYD_r5_c1,HYD,17.585,78.2867,3.492,2.333,4.2,236.3,SYNTHETIC DATA — PIPELINE/CONSTRAINT VERIFICATION ONLY
6,HYD_r5_c2,HYD,17.585,78.3867,3.243,2.166,3.9,236.3,SYNTHETIC DATA — PIPELINE/CONSTRAINT VERIFICATION ONLY
6,HYD_r5_c3,HYD,17.585,78.4867,2.994,2.0,3.6,236.3,SYNTHETIC DATA — PIPELINE/CONSTRAINT VERIFICATION ONLY
6,HYD_r5_c4,HYD,17.585,78.5867,2.744,1.833,3.3,236.3,SYNTHETIC DATA — PIPELINE/CONSTRAINT VERIFICATION ONLY
6,HYD_r5_c5,HYD,17.585,78.6867,2.495,1.666,3.0,236.3,SYNTHETIC DATA — PIPELINE/CONSTRAINT VERIFICATION ONLY
6,HYD_r5_c6,HYD,17.585,78.7867,2.245,1.5,2.7,236.3,SYNTHETIC DATA — PIPELINE/CONSTRAINT VERIFICATION ONLY
6,HYD_r6_c0,HYD,17.685,78.1867,3.935,2.749,4.8,235.1,SYNTHETIC DATA — PIPELINE/CONSTRAINT VERIFICATION ONLY
6,HYD_r6_c1,HYD,17.685,78.2867,3.689,2.577,4.5,235.1,SYNTHETIC DATA — PIPELINE/CONSTRAINT VERIFICATION ONLY
6,HYD_r6_c2,HYD,17.685,78.3867,3.443,2.406,4.2,235.1,SYNTHETIC DATA — PIPELINE/CONSTRAINT VERIFICATION ONLY
6,HYD_r6_c3,HYD,17.685,78.4867,3.197,2.234,3.9,235.1,SYNTHETIC DATA — PIPELINE/CONSTRAINT VERIFICATION ONLY
6,HYD_r6_c4,HYD,17.685,78.5867,2.951,2.062,3.6,235.1,SYNTHETIC DATA — PIPELINE/CONSTRAINT VERIFICATION ONLY
6,HYD_r6_c5,HYD,17.685,78.6867,2.705,1.89,3.3,235.1,SYNTHETIC DATA — PIPELINE/CONSTRAINT VERIFICATION ONLY
6,HYD_r6_c6,HYD,17.685,78.7867,2.459,1.718,3.0,235.1,SYNTHETIC DATA — PIPELINE/CONSTRAINT VERIFICATION ONLY
6,BLR_r0_c0,BLR,12.6716,77.2946,2.99,-0.241,3.0,274.6,SYNTHETIC DATA — PIPELINE/CONSTRAINT VERIFICATION ONLY
6,BLR_r0_c1,BLR,12.6716,77.3946,2.691,-0.217,2.7,274.6,SYNTHETIC DATA — PIPELINE/CONSTRAINT VERIFICATION ONLY
6,BLR_r0_c2,BLR,12.6716,77.4946,2.392,-0.193,2.4,274.6,SYNTHETIC DATA — PIPELINE/CONSTRAINT VERIFICATION ONLY
6,BLR_r0_c3,BLR,12.6716,77.5946,2.093,-0.169,2.1,274.6,SYNTHETIC DATA — PIPELINE/CONSTRAINT VERIFICATION ONLY
6,BLR_r0_c4,BLR,12.6716,77.6946,1.794,-0.145,1.8,274.6,SYNTHETIC DATA — PIPELINE/CONSTRAINT VERIFICATION ONLY
6,BLR_r0_c5,BLR,12.6716,77.7946,1.495,-0.12,1.5,274.6,SYNTHETIC DATA — PIPELINE/CONSTRAINT VERIFICATION ONLY
6,BLR_r0_c6,BLR,12.6716,77.8946,1.196,-0.096,1.2,274.6,SYNTHETIC DATA — PIPELINE/CONSTRAINT VERIFICATION ONLY
6,BLR_r1_c0,BLR,12.7716,77.2946,3.299,-0.068,3.3,271.2,SYNTHETIC DATA — PIPELINE/CONSTRAINT VERIFICATION ONLY
6,BLR_r1_c1,BLR,12.7716,77.3946,2.999,-0.062,3.0,271.2,SYNTHETIC DATA — PIPELINE/CONSTRAINT VERIFICATION ONLY
6,BLR_r1_c2,BLR,12.7716,77.4946,2.699,-0.056,2.7,271.2,SYNTHETIC DATA — PIPELINE/CONSTRAINT VERIFICATION ONLY
6,BLR_r1_c3,BLR,12.7716,77.5946,2.399,-0.05,2.4,271.2,SYNTHETIC DATA — PIPELINE/CONSTRAINT VERIFICATION ONLY
6,BLR_r1_c4,BLR,12.7716,77.6946,2.1,-0.043,2.1,271.2,SYNTHETIC DATA — PIPELINE/CONSTRAINT VERIFICATION ONLY
6,BLR_r1_c5,BLR,12.7716,77.7946,1.8,-0.037,1.8,271.2,SYNTHETIC DATA — PIPELINE/CONSTRAINT VERIFICATION ONLY
6,BLR_r1_c6,BLR,12.7716,77.8946,1.5,-0.031,1.5,271.2,SYNTHETIC DATA — PIPELINE/CONSTRAINT VERIFICATION ONLY
6,BLR_r2_c0,BLR,12.8716,77.2946,3.586,0.312,3.6,265.0,SYNTHETIC DATA — PIPELINE/CONSTRAINT VERIFICATION ONLY
6,BLR_r2_c1,BLR,12.8716,77.3946,3.288,0.286,3.3,265.0,SYNTHETIC DATA — PIPELINE/CONSTRAINT VERIFICATION ONLY
6,BLR_r2_c2,BLR,12.8716,77.4946,2.989,0.26,3.0,265.0,SYNTHETIC DATA — PIPELINE/CONSTRAINT VERIFICATION ONLY
6,BLR_r2_c3,BLR,12.8716,77.5946,2.69,0.234,2.7,265.0,SYNTHETIC DATA — PIPELINE/CONSTRAINT VERIFICATION ONLY
6,BLR_r2_c4,BLR,12.8716,77.6946,2.391,0.208,2.4,265.0,SYNTHETIC DATA — PIPELINE/CONSTRAINT VERIFICATION ONLY
6,BLR_r2_c5,BLR,12.8716,77.7946,2.092,0.182,2.1,265.0,SYNTHETIC DATA — PIPELINE/CONSTRAINT VERIFICATION ONLY
6,BLR_r2_c6,BLR,12.8716,77.8946,1.793,0.156,1.8,265.0,SYNTHETIC DATA — PIPELINE/CONSTRAINT VERIFICATION ONLY
6,BLR_r3_c0,BLR,12.9716,77.2946,3.81,0.835,3.9,257.6,SYNTHETIC DATA — PIPELINE/CONSTRAINT VERIFICATION ONLY
6,BLR_r3_c1,BLR,12.9716,77.3946,3.516,0.771,3.6,257.6,SYNTHETIC DATA — PIPELINE/CONSTRAINT VERIFICATION ONLY
6,BLR_r3_c2,BLR,12.9716,77.4946,3.223,0.707,3.3,257.6,SYNTHETIC DATA — PIPELINE/CONSTRAINT VERIFICATION ONLY
6,BLR_r3_c3,BLR,12.9716,77.5946,2.93,0.642,3.0,257.6,SYNTHETIC DATA — PIPELINE/CONSTRAINT VERIFICATION ONLY
6,BLR_r3_c4,BLR,12.9716,77.6946,2.637,0.578,2.7,257.6,SYNTHETIC DATA — PIPELINE/CONSTRAINT VERIFICATION ONLY
6,BLR_r3_c5,BLR,12.9716,77.7946,2.344,0.514,2.4,257.6,SYNTHETIC DATA — PIPELINE/CONSTRAINT VERIFICATION ONLY
6,BLR_r3_c6,BLR,12.9716,77.8946,2.051,0.45,2.1,257.6,SYNTHETIC DATA — PIPELINE/CONSTRAINT VERIFICATION ONLY
6,BLR_r4_c0,BLR,13.0716,77.2946,3.967,1.38,4.2,250.8,SYNTHETIC DATA — PIPELINE/CONSTRAINT VERIFICATION ONLY
6,BLR_r4_c1,BLR,13.0716,77.3946,3.684,1.281,3.9,250.8,SYNTHETIC DATA — PIPELINE/CONSTRAINT VERIFICATION ONLY
6,BLR_r4_c2,BLR,13.0716,77.4946,3.4,1.183,3.6,250.8,SYNTHETIC DATA — PIPELINE/CONSTRAINT VERIFICATION ONLY
6,BLR_r4_c3,BLR,13.0716,77.5946,3.117,1.084,3.3,250.8,SYNTHETIC DATA — PIPELINE/CONSTRAINT VERIFICATION ONLY
6,BLR_r4_c4,BLR,13.0716,77.6946,2.834,0.986,3.0,250.8,SYNTHETIC DATA — PIPELINE/CONSTRAINT VERIFICATION ONLY
6,BLR_r4_c5,BLR,13.0716,77.7946,2.55,0.887,2.7,250.8,SYNTHETIC DATA — PIPELINE/CONSTRAINT VERIFICATION ONLY
6,BLR_r4_c6,BLR,13.0716,77.8946,2.267,0.788,2.4,250.8,SYNTHETIC DATA — PIPELINE/CONSTRAINT VERIFICATION ONLY
6,BLR_r5_c0,BLR,13.1716,77.2946,4.119,1.812,4.5,246.3,SYNTHETIC DATA — PIPELINE/CONSTRAINT VERIFICATION ONLY
6,BLR_r5_c1,BLR,13.1716,77.3946,3.845,1.691,4.2,246.3,SYNTHETIC DATA — PIPELINE/CONSTRAINT VERIFICATION ONLY
6,BLR_r5_c2,BLR,13.1716,77.4946,3.57,1.57,3.9,246.3,SYNTHETIC DATA — PIPELINE/CONSTRAINT VERIFICATION ONLY
6,BLR_r5_c3,BLR,13.1716,77.5946,3.295,1.449,3.6,246.3,SYNTHETIC DATA — PIPELINE/CONSTRAINT VERIFICATION ONLY
6,BLR_r5_c4,BLR,13.1716,77.6946,3.021,1.329,3.3,246.3,SYNTHETIC DATA — PIPELINE/CONSTRAINT VERIFICATION ONLY
6,BLR_r5_c5,BLR,13.1716,77.7946,2.746,1.208,3.0,246.3,SYNTHETIC DATA — PIPELINE/CONSTRAINT VERIFICATION ONLY
6,BLR_r5_c6,BLR,13.1716,77.8946,2.471,1.087,2.7,246.3,SYNTHETIC DATA — PIPELINE/CONSTRAINT VERIFICATION ONLY
6,BLR_r6_c0,BLR,13.2716,77.2946,4.352,2.024,4.8,245.1,SYNTHETIC DATA — PIPELINE/CONSTRAINT VERIFICATION ONLY
6,BLR_r6_c1,BLR,13.2716,77.3946,4.08,1.898,4.5,245.1,SYNTHETIC DATA — PIPELINE/CONSTRAINT VERIFICATION ONLY
6,BLR_r6_c2,BLR,13.2716,77.4946,3.808,1.771,4.2,245.1,SYNTHETIC DATA — PIPELINE/CONSTRAINT VERIFICATION ONLY
6,BLR_r6_c3,BLR,13.2716,77.5946,3.536,1.645,3.9,245.1,SYNTHETIC DATA — PIPELINE/CONSTRAINT VERIFICATION ONLY
6,BLR_r6_c4,BLR,13.2716,77.6946,3.264,1.518,3.6,245.1,SYNTHETIC DATA — PIPELINE/CONSTRAINT VERIFICATION ONLY
6,BLR_r6_c5,BLR,13.2716,77.7946,2.992,1.392,3.3,245.1,SYNTHETIC DATA — PIPELINE/CONSTRAINT VERIFICATION ONLY
6,BLR_r6_c6,BLR,13.2716,77.8946,2.72,1.265,3.0,245.1,SYNTHETIC DATA — PIPELINE/CONSTRAINT VERIFICATION ONLY
6,MAA_r0_c0,MAA,12.7827,79.9707,-2.136,2.107,3.0,134.6,SYNTHETIC DATA — PIPELINE/CONSTRAINT VERIFICATION ONLY
6,MAA_r0_c1,MAA,12.7827,80.0707,-1.922,1.896,2.7,134.6,SYNTHETIC DATA — PIPELINE/CONSTRAINT VERIFICATION ONLY
6,MAA_r0_c2,MAA,12.7827,80.1707,-1.709,1.685,2.4,134.6,SYNTHETIC DATA — PIPELINE/CONSTRAINT VERIFICATION ONLY
6,MAA_r0_c3,MAA,12.7827,80.2707,-1.495,1.475,2.1,134.6,SYNTHETIC DATA — PIPELINE/CONSTRAINT VERIFICATION ONLY
6,MAA_r0_c4,MAA,12.7827,80.3707,-1.281,1.264,1.8,134.6,SYNTHETIC DATA — PIPELINE/CONSTRAINT VERIFICATION ONLY
6,MAA_r0_c5,MAA,12.7827,80.4707,-1.068,1.053,1.5,134.6,SYNTHETIC DATA — PIPELINE/CONSTRAINT VERIFICATION ONLY
6,MAA_r0_c6,MAA,12.7827,80.5707,-0.854,0.843,1.2,134.6,SYNTHETIC DATA — PIPELINE/CONSTRAINT VERIFICATION ONLY
6,MAA_r1_c0,MAA,12.8827,79.9707,-2.484,2.173,3.3,131.2,SYNTHETIC DATA — PIPELINE/CONSTRAINT VERIFICATION ONLY
6,MAA_r1_c1,MAA,12.8827,80.0707,-2.258,1.976,3.0,131.2,SYNTHETIC DATA — PIPELINE/CONSTRAINT VERIFICATION ONLY
6,MAA_r1_c2,MAA,12.8827,80.1707,-2.032,1.778,2.7,131.2,SYNTHETIC DATA — PIPELINE/CONSTRAINT VERIFICATION ONLY
6,MAA_r1_c3,MAA,12.8827,80.2707,-1.806,1.58,2.4,131.2,SYNTHETIC DATA — PIPELINE/CONSTRAINT VERIFICATION ONLY
6,MAA_r1_c4,MAA,12.8827,80.3707,-1.58,1.383,2.1,131.2,SYNTHETIC DATA — PIPELINE/CONSTRAINT VERIFICATION ONLY
6,MAA_r1_c5,MAA,12.8827,80.4707,-1.355,1.185,1.8,131.2,SYNTHETIC DATA — PIPELINE/CONSTRAINT VERIFICATION ONLY
6,MAA_r1_c6,MAA,12.8827,80.5707,-1.129,0.988,1.5,131.2,SYNTHETIC DATA — PIPELINE/CONSTRAINT VERIFICATION ONLY
6,MAA_r2_c0,MAA,12.9827,79.9707,-2.948,2.066,3.6,125.0,SYNTHETIC DATA — PIPELINE/CONSTRAINT VERIFICATION ONLY
6,MAA_r2_c1,MAA,12.9827,80.0707,-2.702,1.894,3.3,125.0,SYNTHETIC DATA — PIPELINE/CONSTRAINT VERIFICATION ONLY
6,MAA_r2_c2,MAA,12.9827,80.1707,-2.457,1.722,3.0,125.0,SYNTHETIC DATA — PIPELINE/CONSTRAINT VERIFICATION ONLY
6,MAA_r2_c3,MAA,12.9827,80.2707,-2.211,1.55,2.7,125.0,SYNTHETIC DATA — PIPELINE/CONSTRAINT VERIFICATION ONLY
6,MAA_r2_c4,MAA,12.9827,80.3707,-1.965,1.377,2.4,125.0,SYNTHETIC DATA — PIPELINE/CONSTRAINT VERIFICATION ONLY
6,MAA_r2_c5,MAA,12.9827,80.4707,-1.72,1.205,2.1,125.0,SYNTHETIC DATA — PIPELINE/CONSTRAINT VERIFICATION ONLY
6,MAA_r2_c6,MAA,12.9827,80.5707,-1.474,1.033,1.8,125.0,SYNTHETIC DATA — PIPELINE/CONSTRAINT VERIFICATION ONLY
6,MAA_r3_c0,MAA,13.0827,79.9707,-3.455,1.809,3.9,117.6,SYNTHETIC DATA — PIPELINE/CONSTRAINT VERIFICATION ONLY
6,MAA_r3_c1,MAA,13.0827,80.0707,-3.189,1.67,3.6,117.6,SYNTHETIC DATA — PIPELINE/CONSTRAINT VERIFICATION ONLY
6,MAA_r3_c2,MAA,13.0827,80.1707,-2.924,1.531,3.3,117.6,SYNTHETIC DATA — PIPELINE/CONSTRAINT VERIFICATION ONLY
6,MAA_r3_c3,MAA,13.0827,80.2707,-2.658,1.391,3.0,117.6,SYNTHETIC DATA — PIPELINE/CONSTRAINT VERIFICATION ONLY
6,MAA_r3_c4,MAA,13.0827,80.3707,-2.392,1.252,2.7,117.6,SYNTHETIC DATA — PIPELINE/CONSTRAINT VERIFICATION ONLY
6,MAA_r3_c5,MAA,13.0827,80.4707,-2.126,1.113,2.4,117.6,SYNTHETIC DATA — PIPELINE/CONSTRAINT VERIFICATION ONLY
6,MAA_r3_c6,MAA,13.0827,80.5707,-1.86,0.974,2.1,117.6,SYNTHETIC DATA — PIPELINE/CONSTRAINT VERIFICATION ONLY
6,MAA_r4_c0,MAA,13.1827,79.9707,-3.926,1.493,4.2,110.8,SYNTHETIC DATA — PIPELINE/CONSTRAINT VERIFICATION ONLY
6,MAA_r4_c1,MAA,13.1827,80.0707,-3.645,1.386,3.9,110.8,SYNTHETIC DATA — PIPELINE/CONSTRAINT VERIFICATION ONLY
6,MAA_r4_c2,MAA,13.1827,80.1707,-3.365,1.28,3.6,110.8,SYNTHETIC DATA — PIPELINE/CONSTRAINT VERIFICATION ONLY
6,MAA_r4_c3,MAA,13.1827,80.2707,-3.084,1.173,3.3,110.8,SYNTHETIC DATA — PIPELINE/CONSTRAINT VERIFICATION ONLY
6,MAA_r4_c4,MAA,13.1827,80.3707,-2.804,1.066,3.0,110.8,SYNTHETIC DATA — PIPELINE/CONSTRAINT VERIFICATION ONLY
6,MAA_r4_c5,MAA,13.1827,80.4707,-2.524,0.96,2.7,110.8,SYNTHETIC DATA — PIPELINE/CONSTRAINT VERIFICATION ONLY
6,MAA_r4_c6,MAA,13.1827,80.5707,-2.243,0.853,2.4,110.8,SYNTHETIC DATA — PIPELINE/CONSTRAINT VERIFICATION ONLY
6,MAA_r5_c0,MAA,13.2827,79.9707,-4.32,1.26,4.5,106.3,SYNTHETIC DATA — PIPELINE/CONSTRAINT VERIFICATION ONLY
6,MAA_r5_c1,MAA,13.2827,80.0707,-4.032,1.176,4.2,106.3,SYNTHETIC DATA — PIPELINE/CONSTRAINT VERIFICATION ONLY
6,MAA_r5_c2,MAA,13.2827,80.1707,-3.744,1.092,3.9,106.3,SYNTHETIC DATA — PIPELINE/CONSTRAINT VERIFICATION ONLY
6,MAA_r5_c3,MAA,13.2827,80.2707,-3.456,1.008,3.6,106.3,SYNTHETIC DATA — PIPELINE/CONSTRAINT VERIFICATION ONLY
6,MAA_r5_c4,MAA,13.2827,80.3707,-3.168,0.924,3.3,106.3,SYNTHETIC DATA — PIPELINE/CONSTRAINT VERIFICATION ONLY
6,MAA_r5_c5,MAA,13.2827,80.4707,-2.88,0.84,3.0,106.3,SYNTHETIC DATA — PIPELINE/CONSTRAINT VERIFICATION ONLY
6,MAA_r5_c6,MAA,13.2827,80.5707,-2.592,0.756,2.7,106.3,SYNTHETIC DATA — PIPELINE/CONSTRAINT VERIFICATION ONLY
6,MAA_r6_c0,MAA,13.3827,79.9707,-4.635,1.247,4.8,105.1,SYNTHETIC DATA — PIPELINE/CONSTRAINT VERIFICATION ONLY
6,MAA_r6_c1,MAA,13.3827,80.0707,-4.345,1.169,4.5,105.1,SYNTHETIC DATA — PIPELINE/CONSTRAINT VERIFICATION ONLY
6,MAA_r6_c2,MAA,13.3827,80.1707,-4.056,1.091,4.2,105.1,SYNTHETIC DATA — PIPELINE/CONSTRAINT VERIFICATION ONLY
6,MAA_r6_c3,MAA,13.3827,80.2707,-3.766,1.013,3.9,105.1,SYNTHETIC DATA — PIPELINE/CONSTRAINT VERIFICATION ONLY
6,MAA_r6_c4,MAA,13.3827,80.3707,-3.476,0.935,3.6,105.1,SYNTHETIC DATA — PIPELINE/CONSTRAINT VERIFICATION ONLY
6,MAA_r6_c5,MAA,13.3827,80.4707,-3.187,0.857,3.3,105.1,SYNTHETIC DATA — PIPELINE/CONSTRAINT VERIFICATION ONLY
6,MAA_r6_c6,MAA,13.3827,80.5707,-2.897,0.779,3.0,105.1,SYNTHETIC DATA — PIPELINE/CONSTRAINT VERIFICATION ONLY
7,DEL_r0_c0,DEL,28.3139,76.909,1.219,-2.959,3.2,337.6,SYNTHETIC DATA — PIPELINE/CONSTRAINT VERIFICATION ONLY
7,DEL_r0_c1,DEL,28.3139,77.009,1.105,-2.681,2.9,337.6,SYNTHETIC DATA — PIPELINE/CONSTRAINT VERIFICATION ONLY
7,DEL_r0_c2,DEL,28.3139,77.109,0.99,-2.404,2.6,337.6,SYNTHETIC DATA — PIPELINE/CONSTRAINT VERIFICATION ONLY
7,DEL_r0_c3,DEL,28.3139,77.209,0.876,-2.127,2.3,337.6,SYNTHETIC DATA — PIPELINE/CONSTRAINT VERIFICATION ONLY
7,DEL_r0_c4,DEL,28.3139,77.309,0.762,-1.849,2.0,337.6,SYNTHETIC DATA — PIPELINE/CONSTRAINT VERIFICATION ONLY
7,DEL_r0_c5,DEL,28.3139,77.409,0.648,-1.572,1.7,337.6,SYNTHETIC DATA — PIPELINE/CONSTRAINT VERIFICATION ONLY
7,DEL_r0_c6,DEL,28.3139,77.509,0.533,-1.294,1.4,337.6,SYNTHETIC DATA — PIPELINE/CONSTRAINT VERIFICATION ONLY
7,DEL_r1_c0,DEL,28.4139,76.909,1.622,-3.101,3.5,332.4,SYNTHETIC DATA — PIPELINE/CONSTRAINT VERIFICATION ONLY
7,DEL_r1_c1,DEL,28.4139,77.009,1.483,-2.836,3.2,332.4,SYNTHETIC DATA — PIPELINE/CONSTRAINT VERIFICATION ONLY
7,DEL_r1_c2,DEL,28.4139,77.109,1.344,-2.57,2.9,332.4,SYNTHETIC DATA — PIPELINE/CONSTRAINT VERIFICATION ONLY
7,DEL_r1_c3,DEL,28.4139,77.209,1.205,-2.304,2.6,332.4,SYNTHETIC DATA — PIPELINE/CONSTRAINT VERIFICATION ONLY
7,DEL_r1_c4,DEL,28.4139,77.309,1.066,-2.038,2.3,332.4,SYNTHETIC DATA — PIPELINE/CONSTRAINT VERIFICATION ONLY
7,DEL_r1_c5,DEL,28.4139,77.409,0.927,-1.772,2.0,332.4,SYNTHETIC DATA — PIPELINE/CONSTRAINT VERIFICATION ONLY
7,DEL_r1_c6,DEL,28.4139,77.509,0.788,-1.506,1.7,332.4,SYNTHETIC DATA — PIPELINE/CONSTRAINT VERIFICATION ONLY
7,DEL_r2_c0,DEL,28.5139,76.909,2.164,-3.124,3.8,325.3,SYNTHETIC DATA — PIPELINE/CONSTRAINT VERIFICATION ONLY
7,DEL_r2_c1,DEL,28.5139,77.009,1.993,-2.877,3.5,325.3,SYNTHETIC DATA — PIPELINE/CONSTRAINT VERIFICATION ONLY
7,DEL_r2_c2,DEL,28.5139,77.109,1.822,-2.63,3.2,325.3,SYNTHETIC DATA — PIPELINE/CONSTRAINT VERIFICATION ONLY
7,DEL_r2_c3,DEL,28.5139,77.209,1.652,-2.384,2.9,325.3,SYNTHETIC DATA — PIPELINE/CONSTRAINT VERIFICATION ONLY
7,DEL_r2_c4,DEL,28.5139,77.309,1.481,-2.137,2.6,325.3,SYNTHETIC DATA — PIPELINE/CONSTRAINT VERIFICATION ONLY
7,DEL_r2_c5,DEL,28.5139,77.409,1.31,-1.891,2.3,325.3,SYNTHETIC DATA — PIPELINE/CONSTRAINT VERIFICATION ONLY
7,DEL_r2_c6,DEL,28.5139,77.509,1.139,-1.644,2.0,325.3,SYNTHETIC DATA — PIPELINE/CONSTRAINT VERIFICATION ONLY
7,DEL_r3_c0,DEL,28.6139,76.909,2.742,-3.048,4.1,318.0,SYNTHETIC DATA — PIPELINE/CONSTRAINT VERIFICATION ONLY
7,DEL_r3_c1,DEL,28.6139,77.009,2.542,-2.825,3.8,318.0,SYNTHETIC DATA — PIPELINE/CONSTRAINT VERIFICATION ONLY
7,DEL_r3_c2,DEL,28.6139,77.109,2.341,-2.602,3.5,318.0,SYNTHETIC DATA — PIPELINE/CONSTRAINT VERIFICATION ONLY
7,DEL_r3_c3,DEL,28.6139,77.209,2.14,-2.379,3.2,318.0,SYNTHETIC DATA — PIPELINE/CONSTRAINT VERIFICATION ONLY
7,DEL_r3_c4,DEL,28.6139,77.309,1.94,-2.156,2.9,318.0,SYNTHETIC DATA — PIPELINE/CONSTRAINT VERIFICATION ONLY
7,DEL_r3_c5,DEL,28.6139,77.409,1.739,-1.933,2.6,318.0,SYNTHETIC DATA — PIPELINE/CONSTRAINT VERIFICATION ONLY
7,DEL_r3_c6,DEL,28.6139,77.509,1.538,-1.71,2.3,318.0,SYNTHETIC DATA — PIPELINE/CONSTRAINT VERIFICATION ONLY
7,DEL_r4_c0,DEL,28.7139,76.909,3.25,-2.966,4.4,312.4,SYNTHETIC DATA — PIPELINE/CONSTRAINT VERIFICATION ONLY
7,DEL_r4_c1,DEL,28.7139,77.009,3.028,-2.764,4.1,312.4,SYNTHETIC DATA — PIPELINE/CONSTRAINT VERIFICATION ONLY
7,DEL_r4_c2,DEL,28.7139,77.109,2.807,-2.562,3.8,312.4,SYNTHETIC DATA — PIPELINE/CONSTRAINT VERIFICATION ONLY
7,DEL_r4_c3,DEL,28.7139,77.209,2.585,-2.359,3.5,312.4,SYNTHETIC DATA — PIPELINE/CONSTRAINT VERIFICATION ONLY
7,DEL_r4_c4,DEL,28.7139,77.309,2.364,-2.157,3.2,312.4,SYNTHETIC DATA — PIPELINE/CONSTRAINT VERIFICATION ONLY
7,DEL_r4_c5,DEL,28.7139,77.409,2.142,-1.955,2.9,312.4,SYNTHETIC DATA — PIPELINE/CONSTRAINT VERIFICATION ONLY
7,DEL_r4_c6,DEL,28.7139,77.509,1.92,-1.753,2.6,312.4,SYNTHETIC DATA — PIPELINE/CONSTRAINT VERIFICATION ONLY
7,DEL_r5_c0,DEL,28.8139,76.909,3.613,-3.006,4.7,309.8,SYNTHETIC DATA — PIPELINE/CONSTRAINT VERIFICATION ONLY
7,DEL_r5_c1,DEL,28.8139,77.009,3.383,-2.814,4.4,309.8,SYNTHETIC DATA — PIPELINE/CONSTRAINT VERIFICATION ONLY
7,DEL_r5_c2,DEL,28.8139,77.109,3.152,-2.622,4.1,309.8,SYNTHETIC DATA — PIPELINE/CONSTRAINT VERIFICATION ONLY
7,DEL_r5_c3,DEL,28.8139,77.209,2.921,-2.43,3.8,309.8,SYNTHETIC DATA — PIPELINE/CONSTRAINT VERIFICATION ONLY
7,DEL_r5_c4,DEL,28.8139,77.309,2.691,-2.238,3.5,309.8,SYNTHETIC DATA — PIPELINE/CONSTRAINT VERIFICATION ONLY
7,DEL_r5_c5,DEL,28.8139,77.409,2.46,-2.046,3.2,309.8,SYNTHETIC DATA — PIPELINE/CONSTRAINT VERIFICATION ONLY
7,DEL_r5_c6,DEL,28.8139,77.509,2.23,-1.855,2.9,309.8,SYNTHETIC DATA — PIPELINE/CONSTRAINT VERIFICATION ONLY
7,DEL_r6_c0,DEL,28.9139,76.909,3.787,-3.265,5.0,310.8,SYNTHETIC DATA — PIPELINE/CONSTRAINT VERIFICATION ONLY
7,DEL_r6_c1,DEL,28.9139,77.009,3.559,-3.069,4.7,310.8,SYNTHETIC DATA — PIPELINE/CONSTRAINT VERIFICATION ONLY
7,DEL_r6_c2,DEL,28.9139,77.109,3.332,-2.873,4.4,310.8,SYNTHETIC DATA — PIPELINE/CONSTRAINT VERIFICATION ONLY
7,DEL_r6_c3,DEL,28.9139,77.209,3.105,-2.678,4.1,310.8,SYNTHETIC DATA — PIPELINE/CONSTRAINT VERIFICATION ONLY
7,DEL_r6_c4,DEL,28.9139,77.309,2.878,-2.482,3.8,310.8,SYNTHETIC DATA — PIPELINE/CONSTRAINT VERIFICATION ONLY
7,DEL_r6_c5,DEL,28.9139,77.409,2.651,-2.286,3.5,310.8,SYNTHETIC DATA — PIPELINE/CONSTRAINT VERIFICATION ONLY
7,DEL_r6_c6,DEL,28.9139,77.509,2.423,-2.09,3.2,310.8,SYNTHETIC DATA — PIPELINE/CONSTRAINT VERIFICATION ONLY
7,BOM_r0_c0,BOM,18.776,72.5777,3.197,-0.146,3.2,272.6,SYNTHETIC DATA — PIPELINE/CONSTRAINT VERIFICATION ONLY
7,BOM_r0_c1,BOM,18.776,72.6777,2.897,-0.132,2.9,272.6,SYNTHETIC DATA — PIPELINE/CONSTRAINT VERIFICATION ONLY
7,BOM_r0_c2,BOM,18.776,72.7777,2.597,-0.118,2.6,272.6,SYNTHETIC DATA — PIPELINE/CONSTRAINT VERIFICATION ONLY
7,BOM_r0_c3,BOM,18.776,72.8777,2.298,-0.105,2.3,272.6,SYNTHETIC DATA — PIPELINE/CONSTRAINT VERIFICATION ONLY
7,BOM_r0_c4,BOM,18.776,72.9777,1.998,-0.091,2.0,272.6,SYNTHETIC DATA — PIPELINE/CONSTRAINT VERIFICATION ONLY
7,BOM_r0_c5,BOM,18.776,73.0777,1.698,-0.077,1.7,272.6,SYNTHETIC DATA — PIPELINE/CONSTRAINT VERIFICATION ONLY
7,BOM_r0_c6,BOM,18.776,73.1777,1.399,-0.064,1.4,272.6,SYNTHETIC DATA — PIPELINE/CONSTRAINT VERIFICATION ONLY
7,BOM_r1_c0,BOM,18.876,72.5777,3.496,0.159,3.5,267.4,SYNTHETIC DATA — PIPELINE/CONSTRAINT VERIFICATION ONLY
7,BOM_r1_c1,BOM,18.876,72.6777,3.197,0.146,3.2,267.4,SYNTHETIC DATA — PIPELINE/CONSTRAINT VERIFICATION ONLY
7,BOM_r1_c2,BOM,18.876,72.7777,2.897,0.132,2.9,267.4,SYNTHETIC DATA — PIPELINE/CONSTRAINT VERIFICATION ONLY
7,BOM_r1_c3,BOM,18.876,72.8777,2.597,0.118,2.6,267.4,SYNTHETIC DATA — PIPELINE/CONSTRAINT VERIFICATION ONLY
7,BOM_r1_c4,BOM,18.876,72.9777,2.298,0.105,2.3,267.4,SYNTHETIC DATA — PIPELINE/CONSTRAINT VERIFICATION ONLY
7,BOM_r1_c5,BOM,18.876,73.0777,1.998,0.091,2.0,267.4,SYNTHETIC DATA — PIPELINE/CONSTRAINT VERIFICATION ONLY
7,BOM_r1_c6,BOM,18.876,73.1777,1.698,0.077,1.7,267.4,SYNTHETIC DATA — PIPELINE/CONSTRAINT VERIFICATION ONLY
7,BOM_r2_c0,BOM,18.976,72.5777,3.745,0.641,3.8,260.3,SYNTHETIC DATA — PIPELINE/CONSTRAINT VERIFICATION ONLY
7,BOM_r2_c1,BOM,18.976,72.6777,3.45,0.591,3.5,260.3,SYNTHETIC DATA — PIPELINE/CONSTRAINT VERIFICATION ONLY
7,BOM_r2_c2,BOM,18.976,72.7777,3.154,0.54,3.2,260.3,SYNTHETIC DATA — PIPELINE/CONSTRAINT VERIFICATION ONLY
7,BOM_r2_c3,BOM,18.976,72.8777,2.858,0.489,2.9,260.3,SYNTHETIC DATA — PIPELINE/CONSTRAINT VERIFICATION ONLY
7,BOM_r2_c4,BOM,18.976,72.9777,2.563,0.439,2.6,260.3,SYNTHETIC DATA — PIPELINE/CONSTRAINT VERIFICATION ONLY
7,BOM_r2_c5,BOM,18.976,73.0777,2.267,0.388,2.3,260.3,SYNTHETIC DATA — PIPELINE/CONSTRAINT VERIFICATION ONLY
7,BOM_r2_c6,BOM,18.976,73.1777,1.971,0.338,2.0,260.3,SYNTHETIC DATA — PIPELINE/CONSTRAINT VERIFICATION ONLY
7,BOM_r3_c0,BOM,19.076,72.5777,3.921,1.197,4.1,253.0,SYNTHETIC DATA — PIPELINE/CONSTRAINT VERIFICATION ONLY
7,BOM_r3_c1,BOM,19.076,72.6777,3.634,1.11,3.8,253.0,SYNTHETIC DATA — PIPELINE/CONSTRAINT VERIFICATION ONLY
7,BOM_r3_c2,BOM,19.076,72.7777,3.347,1.022,3.5,253.0,SYNTHETIC DATA — PIPELINE/CONSTRAINT VERIFICATION ONLY
7,BOM_r3_c3,BOM,19.076,72.8777,3.061,0.934,3.2,253.0,SYNTHETIC DATA — PIPELINE/CONSTRAINT VERIFICATION ONLY
7,BOM_r3_c4,BOM,19.076,72.9777,2.774,0.847,2.9,253.0,SYNTHETIC DATA — PIPELINE/CONSTRAINT VERIFICATION ONLY
7,BOM_r3_c5,BOM,19.076,73.0777,2.487,0.759,2.6,253.0,SYNTHETIC DATA — PIPELINE/CONSTRAINT VERIFICATION ONLY
7,BOM_r3_c6,BOM,19.076,73.1777,2.2,0.672,2.3,253.0,SYNTHETIC DATA — PIPELINE/CONSTRAINT VERIFICATION ONLY
7,BOM_r4_c0,BOM,19.176,72.5777,4.062,1.692,4.4,247.4,SYNTHETIC DATA — PIPELINE/CONSTRAINT VERIFICATION ONLY
7,BOM_r4_c1,BOM,19.176,72.6777,3.785,1.577,4.1,247.4,SYNTHETIC DATA — PIPELINE/CONSTRAINT VERIFICATION ONLY
7,BOM_r4_c2,BOM,19.176,72.7777,3.508,1.461,3.8,247.4,SYNTHETIC DATA — PIPELINE/CONSTRAINT VERIFICATION ONLY
7,BOM_r4_c3,BOM,19.176,72.8777,3.231,1.346,3.5,247.4,SYNTHETIC DATA — PIPELINE/CONSTRAINT VERIFICATION ONLY
7,BOM_r4_c4,BOM,19.176,72.9777,2.954,1.231,3.2,247.4,SYNTHETIC DATA — PIPELINE/CONSTRAINT VERIFICATION ONLY
7,BOM_r4_c5,BOM,19.176,73.0777,2.677,1.115,2.9,247.4,SYNTHETIC DATA — PIPELINE/CONSTRAINT VERIFICATION ONLY
7,BOM_r4_c6,BOM,19.176,73.1777,2.4,1.0,2.6,247.4,SYNTHETIC DATA — PIPELINE/CONSTRAINT VERIFICATION ONLY
7,BOM_r5_c0,BOM,19.276,72.5777,4.251,2.005,4.7,244.8,SYNTHETIC DATA — PIPELINE/CONSTRAINT VERIFICATION ONLY
7,BOM_r5_c1,BOM,19.276,72.6777,3.98,1.877,4.4,244.8,SYNTHETIC DATA — PIPELINE/CONSTRAINT VERIFICATION ONLY
7,BOM_r5_c2,BOM,19.276,72.7777,3.708,1.749,4.1,244.8,SYNTHETIC DATA — PIPELINE/CONSTRAINT VERIFICATION ONLY
7,BOM_r5_c3,BOM,19.276,72.8777,3.437,1.621,3.8,244.8,SYNTHETIC DATA — PIPELINE/CONSTRAINT VERIFICATION ONLY
7,BOM_r5_c4,BOM,19.276,72.9777,3.166,1.493,3.5,244.8,SYNTHETIC DATA — PIPELINE/CONSTRAINT VERIFICATION ONLY
7,BOM_r5_c5,BOM,19.276,73.0777,2.894,1.365,3.2,244.8,SYNTHETIC DATA — PIPELINE/CONSTRAINT VERIFICATION ONLY
7,BOM_r5_c6,BOM,19.276,73.1777,2.623,1.237,2.9,244.8,SYNTHETIC DATA — PIPELINE/CONSTRAINT VERIFICATION ONLY
7,BOM_r6_c0,BOM,19.376,72.5777,4.56,2.052,5.0,245.8,SYNTHETIC DATA — PIPELINE/CONSTRAINT VERIFICATION ONLY
7,BOM_r6_c1,BOM,19.376,72.6777,4.286,1.929,4.7,245.8,SYNTHETIC DATA — PIPELINE/CONSTRAINT VERIFICATION ONLY
7,BOM_r6_c2,BOM,19.376,72.7777,4.012,1.806,4.4,245.8,SYNTHETIC DATA — PIPELINE/CONSTRAINT VERIFICATION ONLY
7,BOM_r6_c3,BOM,19.376,72.8777,3.739,1.683,4.1,245.8,SYNTHETIC DATA — PIPELINE/CONSTRAINT VERIFICATION ONLY
7,BOM_r6_c4,BOM,19.376,72.9777,3.465,1.559,3.8,245.8,SYNTHETIC DATA — PIPELINE/CONSTRAINT VERIFICATION ONLY
7,BOM_r6_c5,BOM,19.376,73.0777,3.192,1.436,3.5,245.8,SYNTHETIC DATA — PIPELINE/CONSTRAINT VERIFICATION ONLY
7,BOM_r6_c6,BOM,19.376,73.1777,2.918,1.313,3.2,245.8,SYNTHETIC DATA — PIPELINE/CONSTRAINT VERIFICATION ONLY
7,LKO_r0_c0,LKO,26.5467,80.6462,1.943,-2.542,3.2,322.6,SYNTHETIC DATA — PIPELINE/CONSTRAINT VERIFICATION ONLY
7,LKO_r0_c1,LKO,26.5467,80.7462,1.761,-2.304,2.9,322.6,SYNTHETIC DATA — PIPELINE/CONSTRAINT VERIFICATION ONLY
7,LKO_r0_c2,LKO,26.5467,80.8462,1.579,-2.066,2.6,322.6,SYNTHETIC DATA — PIPELINE/CONSTRAINT VERIFICATION ONLY
7,LKO_r0_c3,LKO,26.5467,80.9462,1.397,-1.827,2.3,322.6,SYNTHETIC DATA — PIPELINE/CONSTRAINT VERIFICATION ONLY
7,LKO_r0_c4,LKO,26.5467,81.0462,1.215,-1.589,2.0,322.6,SYNTHETIC DATA — PIPELINE/CONSTRAINT VERIFICATION ONLY
7,LKO_r0_c5,LKO,26.5467,81.1462,1.032,-1.351,1.7,322.6,SYNTHETIC DATA — PIPELINE/CONSTRAINT VERIFICATION ONLY
7,LKO_r0_c6,LKO,26.5467,81.2462,0.85,-1.112,1.4,322.6,SYNTHETIC DATA — PIPELINE/CONSTRAINT VERIFICATION ONLY
7,LKO_r1_c0,LKO,26.6467,80.6462,2.369,-2.576,3.5,317.4,SYNTHETIC DATA — PIPELINE/CONSTRAINT VERIFICATION ONLY
7,LKO_r1_c1,LKO,26.6467,80.7462,2.166,-2.355,3.2,317.4,SYNTHETIC DATA — PIPELINE/CONSTRAINT VERIFICATION ONLY
7,LKO_r1_c2,LKO,26.6467,80.8462,1.963,-2.134,2.9,317.4,SYNTHETIC DATA — PIPELINE/CONSTRAINT VERIFICATION ONLY
7,LKO_r1_c3,LKO,26.6467,80.9462,1.76,-1.914,2.6,317.4,SYNTHETIC DATA — PIPELINE/CONSTRAINT VERIFICATION ONLY
7,LKO_r1_c4,LKO,26.6467,81.0462,1.557,-1.693,2.3,317.4,SYNTHETIC DATA — PIPELINE/CONSTRAINT VERIFICATION ONLY
7,LKO_r1_c5,LKO,26.6467,81.1462,1.354,-1.472,2.0,317.4,SYNTHETIC DATA — PIPELINE/CONSTRAINT VERIFICATION ONLY
7,LKO_r1_c6,LKO,26.6467,81.2462,1.151,-1.251,1.7,317.4,SYNTHETIC DATA — PIPELINE/CONSTRAINT VERIFICATION ONLY
7,LKO_r2_c0,LKO,26.7467,80.6462,2.899,-2.457,3.8,310.3,SYNTHETIC DATA — PIPELINE/CONSTRAINT VERIFICATION ONLY
7,LKO_r2_c1,LKO,26.7467,80.7462,2.67,-2.263,3.5,310.3,SYNTHETIC DATA — PIPELINE/CONSTRAINT VERIFICATION ONLY
7,LKO_r2_c2,LKO,26.7467,80.8462,2.441,-2.069,3.2,310.3,SYNTHETIC DATA — PIPELINE/CONSTRAINT VERIFICATION ONLY
7,LKO_r2_c3,LKO,26.7467,80.9462,2.212,-1.875,2.9,310.3,SYNTHETIC DATA — PIPELINE/CONSTRAINT VERIFICATION ONLY
7,LKO_r2_c4,LKO,26.7467,81.0462,1.983,-1.681,2.6,310.3,SYNTHETIC DATA — PIPELINE/CONSTRAINT VERIFICATION ONLY
7,LKO_r2_c5,LKO,26.7467,81.1462,1.755,-1.487,2.3,310.3,SYNTHETIC DATA — PIPELINE/CONSTRAINT VERIFICATION ONLY
7,LKO_r2_c6,LKO,26.7467,81.2462,1.526,-1.293,2.0,310.3,SYNTHETIC DATA — PIPELINE/CONSTRAINT VERIFICATION ONLY
7,LKO_r3_c0,LKO,26.8467,80.6462,3.438,-2.234,4.1,303.0,SYNTHETIC DATA — PIPELINE/CONSTRAINT VERIFICATION ONLY
7,LKO_r3_c1,LKO,26.8467,80.7462,3.186,-2.071,3.8,303.0,SYNTHETIC DATA — PIPELINE/CONSTRAINT VERIFICATION ONLY
7,LKO_r3_c2,LKO,26.8467,80.8462,2.935,-1.907,3.5,303.0,SYNTHETIC DATA — PIPELINE/CONSTRAINT VERIFICATION ONLY
7,LKO_r3_c3,LKO,26.8467,80.9462,2.683,-1.744,3.2,303.0,SYNTHETIC DATA — PIPELINE/CONSTRAINT VERIFICATION ONLY
7,LKO_r3_c4,LKO,26.8467,81.0462,2.432,-1.58,2.9,303.0,SYNTHETIC DATA — PIPELINE/CONSTRAINT VERIFICATION ONLY
7,LKO_r3_c5,LKO,26.8467,81.1462,2.18,-1.417,2.6,303.0,SYNTHETIC DATA — PIPELINE/CONSTRAINT VERIFICATION ONLY
7,LKO_r3_c6,LKO,26.8467,81.2462,1.928,-1.253,2.3,303.0,SYNTHETIC DATA — PIPELINE/CONSTRAINT VERIFICATION ONLY
7,LKO_r4_c0,LKO,26.9467,80.6462,3.907,-2.024,4.4,297.4,SYNTHETIC DATA — PIPELINE/CONSTRAINT VERIFICATION ONLY
7,LKO_r4_c1,LKO,26.9467,80.7462,3.641,-1.886,4.1,297.4,SYNTHETIC DATA — PIPELINE/CONSTRAINT VERIFICATION ONLY
7,LKO_r4_c2,LKO,26.9467,80.8462,3.374,-1.748,3.8,297.4,SYNTHETIC DATA — PIPELINE/CONSTRAINT VERIFICATION ONLY
7,LKO_r4_c3,LKO,26.9467,80.9462,3.108,-1.61,3.5,297.4,SYNTHETIC DATA — PIPELINE/CONSTRAINT VERIFICATION ONLY
7,LKO_r4_c4,LKO,26.9467,81.0462,2.841,-1.472,3.2,297.4,SYNTHETIC DATA — PIPELINE/CONSTRAINT VERIFICATION ONLY
7,LKO_r4_c5,LKO,26.9467,81.1462,2.575,-1.334,2.9,297.4,SYNTHETIC DATA — PIPELINE/CONSTRAINT VERIFICATION ONLY
7,LKO_r4_c6,LKO,26.9467,81.2462,2.309,-1.196,2.6,297.4,SYNTHETIC DATA — PIPELINE/CONSTRAINT VERIFICATION ONLY
7,LKO_r5_c0,LKO,27.0467,80.6462,4.268,-1.968,4.7,294.8,SYNTHETIC DATA — PIPELINE/CONSTRAINT VERIFICATION ONLY
7,LKO_r5_c1,LKO,27.0467,80.7462,3.996,-1.842,4.4,294.8,SYNTHETIC DATA — PIPELINE/CONSTRAINT VERIFICATION ONLY
7,LKO_r5_c2,LKO,27.0467,80.8462,3.723,-1.717,4.1,294.8,SYNTHETIC DATA — PIPELINE/CONSTRAINT VERIFICATION ONLY
7,LKO_r5_c3,LKO,27.0467,80.9462,3.451,-1.591,3.8,294.8,SYNTHETIC DATA — PIPELINE/CONSTRAINT VERIFICATION ONLY
7,LKO_r5_c4,LKO,27.0467,81.0462,3.178,-1.466,3.5,294.8,SYNTHETIC DATA — PIPELINE/CONSTRAINT VERIFICATION ONLY
7,LKO_r5_c5,LKO,27.0467,81.1462,2.906,-1.34,3.2,294.8,SYNTHETIC DATA — PIPELINE/CONSTRAINT VERIFICATION ONLY
7,LKO_r5_c6,LKO,27.0467,81.2462,2.634,-1.214,2.9,294.8,SYNTHETIC DATA — PIPELINE/CONSTRAINT VERIFICATION ONLY
7,LKO_r6_c0,LKO,27.1467,80.6462,4.503,-2.174,5.0,295.8,SYNTHETIC DATA — PIPELINE/CONSTRAINT VERIFICATION ONLY
7,LKO_r6_c1,LKO,27.1467,80.7462,4.232,-2.044,4.7,295.8,SYNTHETIC DATA — PIPELINE/CONSTRAINT VERIFICATION ONLY
7,LKO_r6_c2,LKO,27.1467,80.8462,3.962,-1.913,4.4,295.8,SYNTHETIC DATA — PIPELINE/CONSTRAINT VERIFICATION ONLY
7,LKO_r6_c3,LKO,27.1467,80.9462,3.692,-1.783,4.1,295.8,SYNTHETIC DATA — PIPELINE/CONSTRAINT VERIFICATION ONLY
7,LKO_r6_c4,LKO,27.1467,81.0462,3.422,-1.652,3.8,295.8,SYNTHETIC DATA — PIPELINE/CONSTRAINT VERIFICATION ONLY
7,LKO_r6_c5,LKO,27.1467,81.1462,3.152,-1.522,3.5,295.8,SYNTHETIC DATA — PIPELINE/CONSTRAINT VERIFICATION ONLY
7,LKO_r6_c6,LKO,27.1467,81.2462,2.882,-1.391,3.2,295.8,SYNTHETIC DATA — PIPELINE/CONSTRAINT VERIFICATION ONLY
7,VNS_r0_c0,VNS,25.0176,82.6739,2.355,-2.166,3.2,312.6,SYNTHETIC DATA — PIPELINE/CONSTRAINT VERIFICATION ONLY
7,VNS_r0_c1,VNS,25.0176,82.7739,2.134,-1.963,2.9,312.6,SYNTHETIC DATA — PIPELINE/CONSTRAINT VERIFICATION ONLY
7,VNS_r0_c2,VNS,25.0176,82.8739,1.914,-1.76,2.6,312.6,SYNTHETIC DATA — PIPELINE/CONSTRAINT VERIFICATION ONLY
7,VNS_r0_c3,VNS,25.0176,82.9739,1.693,-1.557,2.3,312.6,SYNTHETIC DATA — PIPELINE/CONSTRAINT VERIFICATION ONLY
7,VNS_r0_c4,VNS,25.0176,83.0739,1.472,-1.354,2.0,312.6,SYNTHETIC DATA — PIPELINE/CONSTRAINT VERIFICATION ONLY
7,VNS_r0_c5,VNS,25.0176,83.1739,1.251,-1.151,1.7,312.6,SYNTHETIC DATA — PIPELINE/CONSTRAINT VERIFICATION ONLY
7,VNS_r0_c6,VNS,25.0176,83.2739,1.03,-0.948,1.4,312.6,SYNTHETIC DATA — PIPELINE/CONSTRAINT VERIFICATION ONLY
7,VNS_r1_c0,VNS,25.1176,82.6739,2.781,-2.125,3.5,307.4,SYNTHETIC DATA — PIPELINE/CONSTRAINT VERIFICATION ONLY
7,VNS_r1_c1,VNS,25.1176,82.7739,2.542,-1.943,3.2,307.4,SYNTHETIC DATA — PIPELINE/CONSTRAINT VERIFICATION ONLY
7,VNS_r1_c2,VNS,25.1176,82.8739,2.304,-1.761,2.9,307.4,SYNTHETIC DATA — PIPELINE/CONSTRAINT VERIFICATION ONLY
7,VNS_r1_c3,VNS,25.1176,82.9739,2.066,-1.579,2.6,307.4,SYNTHETIC DATA — PIPELINE/CONSTRAINT VERIFICATION ONLY
7,VNS_r1_c4,VNS,25.1176,83.0739,1.827,-1.397,2.3,307.4,SYNTHETIC DATA — PIPELINE/CONSTRAINT VERIFICATION ONLY
7,VNS_r1_c5,VNS,25.1176,83.1739,1.589,-1.215,2.0,307.4,SYNTHETIC DATA — PIPELINE/CONSTRAINT VERIFICATION ONLY
7,VNS_r1_c6,VNS,25.1176,83.2739,1.351,-1.032,1.7,307.4,SYNTHETIC DATA — PIPELINE/CONSTRAINT VERIFICATION ONLY
7,VNS_r2_c0,VNS,25.2176,82.6739,3.281,-1.916,3.8,300.3,SYNTHETIC DATA — PIPELINE/CONSTRAINT VERIFICATION ONLY
7,VNS_r2_c1,VNS,25.2176,82.7739,3.022,-1.765,3.5,300.3,SYNTHETIC DATA — PIPELINE/CONSTRAINT VERIFICATION ONLY
7,VNS_r2_c2,VNS,25.2176,82.8739,2.763,-1.614,3.2,300.3,SYNTHETIC DATA — PIPELINE/CONSTRAINT VERIFICATION ONLY
7,VNS_r2_c3,VNS,25.2176,82.9739,2.504,-1.462,2.9,300.3,SYNTHETIC DATA — PIPELINE/CONSTRAINT VERIFICATION ONLY
7,VNS_r2_c4,VNS,25.2176,83.0739,2.245,-1.311,2.6,300.3,SYNTHETIC DATA — PIPELINE/CONSTRAINT VERIFICATION ONLY
7,VNS_r2_c5,VNS,25.2176,83.1739,1.986,-1.16,2.3,300.3,SYNTHETIC DATA — PIPELINE/CONSTRAINT VERIFICATION ONLY
7,VNS_r2_c6,VNS,25.2176,83.2739,1.727,-1.009,2.0,300.3,SYNTHETIC DATA — PIPELINE/CONSTRAINT VERIFICATION ONLY
7,VNS_r3_c0,VNS,25.3176,82.6739,3.773,-1.603,4.1,293.0,SYNTHETIC DATA — PIPELINE/CONSTRAINT VERIFICATION ONLY
7,VNS_r3_c1,VNS,25.3176,82.7739,3.497,-1.486,3.8,293.0,SYNTHETIC DATA — PIPELINE/CONSTRAINT VERIFICATION ONLY
7,VNS_r3_c2,VNS,25.3176,82.8739,3.221,-1.369,3.5,293.0,SYNTHETIC DATA — PIPELINE/CONSTRAINT VERIFICATION ONLY
7,VNS_r3_c3,VNS,25.3176,82.9739,2.945,-1.251,3.2,293.0,SYNTHETIC DATA — PIPELINE/CONSTRAINT VERIFICATION ONLY
7,VNS_r3_c4,VNS,25.3176,83.0739,2.669,-1.134,2.9,293.0,SYNTHETIC DATA — PIPELINE/CONSTRAINT VERIFICATION ONLY
7,VNS_r3_c5,VNS,25.3176,83.1739,2.393,-1.017,2.6,293.0,SYNTHETIC DATA — PIPELINE/CONSTRAINT VERIFICATION ONLY
7,VNS_r3_c6,VNS,25.3176,83.2739,2.117,-0.899,2.3,293.0,SYNTHETIC DATA — PIPELINE/CONSTRAINT VERIFICATION ONLY
7,VNS_r4_c0,VNS,25.4176,82.6739,4.199,-1.315,4.4,287.4,SYNTHETIC DATA — PIPELINE/CONSTRAINT VERIFICATION ONLY
7,VNS_r4_c1,VNS,25.4176,82.7739,3.913,-1.225,4.1,287.4,SYNTHETIC DATA — PIPELINE/CONSTRAINT VERIFICATION ONLY
7,VNS_r4_c2,VNS,25.4176,82.8739,3.626,-1.135,3.8,287.4,SYNTHETIC DATA — PIPELINE/CONSTRAINT VERIFICATION ONLY
7,VNS_r4_c3,VNS,25.4176,82.9739,3.34,-1.046,3.5,287.4,SYNTHETIC DATA — PIPELINE/CONSTRAINT VERIFICATION ONLY
7,VNS_r4_c4,VNS,25.4176,83.0739,3.054,-0.956,3.2,287.4,SYNTHETIC DATA — PIPELINE/CONSTRAINT VERIFICATION ONLY
7,VNS_r4_c5,VNS,25.4176,83.1739,2.768,-0.866,2.9,287.4,SYNTHETIC DATA — PIPELINE/CONSTRAINT VERIFICATION ONLY
7,VNS_r4_c6,VNS,25.4176,83.2739,2.481,-0.777,2.6,287.4,SYNTHETIC DATA — PIPELINE/CONSTRAINT VERIFICATION ONLY
7,VNS_r5_c0,VNS,25.5176,82.6739,4.545,-1.197,4.7,284.8,SYNTHETIC DATA — PIPELINE/CONSTRAINT VERIFICATION ONLY
7,VNS_r5_c1,VNS,25.5176,82.7739,4.255,-1.121,4.4,284.8,SYNTHETIC DATA — PIPELINE/CONSTRAINT VERIFICATION ONLY
7,VNS_r5_c2,VNS,25.5176,82.8739,3.965,-1.044,4.1,284.8,SYNTHETIC DATA — PIPELINE/CONSTRAINT VERIFICATION ONLY
7,VNS_r5_c3,VNS,25.5176,82.9739,3.675,-0.968,3.8,284.8,SYNTHETIC DATA — PIPELINE/CONSTRAINT VERIFICATION ONLY
7,VNS_r5_c4,VNS,25.5176,83.0739,3.385,-0.891,3.5,284.8,SYNTHETIC DATA — PIPELINE/CONSTRAINT VERIFICATION ONLY
7,VNS_r5_c5,VNS,25.5176,83.1739,3.094,-0.815,3.2,284.8,SYNTHETIC DATA — PIPELINE/CONSTRAINT VERIFICATION ONLY
7,VNS_r5_c6,VNS,25.5176,83.2739,2.804,-0.739,2.9,284.8,SYNTHETIC DATA — PIPELINE/CONSTRAINT VERIFICATION ONLY
7,VNS_r6_c0,VNS,25.6176,82.6739,4.812,-1.359,5.0,285.8,SYNTHETIC DATA — PIPELINE/CONSTRAINT VERIFICATION ONLY
7,VNS_r6_c1,VNS,25.6176,82.7739,4.523,-1.278,4.7,285.8,SYNTHETIC DATA — PIPELINE/CONSTRAINT VERIFICATION ONLY
7,VNS_r6_c2,VNS,25.6176,82.8739,4.234,-1.196,4.4,285.8,SYNTHETIC DATA — PIPELINE/CONSTRAINT VERIFICATION ONLY
7,VNS_r6_c3,VNS,25.6176,82.9739,3.946,-1.114,4.1,285.8,SYNTHETIC DATA — PIPELINE/CONSTRAINT VERIFICATION ONLY
7,VNS_r6_c4,VNS,25.6176,83.0739,3.657,-1.033,3.8,285.8,SYNTHETIC DATA — PIPELINE/CONSTRAINT VERIFICATION ONLY
7,VNS_r6_c5,VNS,25.6176,83.1739,3.368,-0.951,3.5,285.8,SYNTHETIC DATA — PIPELINE/CONSTRAINT VERIFICATION ONLY
7,VNS_r6_c6,VNS,25.6176,83.2739,3.08,-0.87,3.2,285.8,SYNTHETIC DATA — PIPELINE/CONSTRAINT VERIFICATION ONLY
7,JAI_r0_c0,JAI,26.6124,75.4873,0.957,-3.054,3.2,342.6,SYNTHETIC DATA — PIPELINE/CONSTRAINT VERIFICATION ONLY
7,JAI_r0_c1,JAI,26.6124,75.5873,0.867,-2.767,2.9,342.6,SYNTHETIC DATA — PIPELINE/CONSTRAINT VERIFICATION ONLY
7,JAI_r0_c2,JAI,26.6124,75.6873,0.777,-2.481,2.6,342.6,SYNTHETIC DATA — PIPELINE/CONSTRAINT VERIFICATION ONLY
7,JAI_r0_c3,JAI,26.6124,75.7873,0.688,-2.195,2.3,342.6,SYNTHETIC DATA — PIPELINE/CONSTRAINT VERIFICATION ONLY
7,JAI_r0_c4,JAI,26.6124,75.8873,0.598,-1.909,2.0,342.6,SYNTHETIC DATA — PIPELINE/CONSTRAINT VERIFICATION ONLY
7,JAI_r0_c5,JAI,26.6124,75.9873,0.508,-1.622,1.7,342.6,SYNTHETIC DATA — PIPELINE/CONSTRAINT VERIFICATION ONLY
7,JAI_r0_c6,JAI,26.6124,76.0873,0.418,-1.336,1.4,342.6,SYNTHETIC DATA — PIPELINE/CONSTRAINT VERIFICATION ONLY
7,JAI_r1_c0,JAI,26.7124,75.4873,1.345,-3.231,3.5,337.4,SYNTHETIC DATA — PIPELINE/CONSTRAINT VERIFICATION ONLY
7,JAI_r1_c1,JAI,26.7124,75.5873,1.23,-2.954,3.2,337.4,SYNTHETIC DATA — PIPELINE/CONSTRAINT VERIFICATION ONLY
7,JAI_r1_c2,JAI,26.7124,75.6873,1.115,-2.677,2.9,337.4,SYNTHETIC DATA — PIPELINE/CONSTRAINT VERIFICATION ONLY
7,JAI_r1_c3,JAI,26.7124,75.7873,1.0,-2.4,2.6,337.4,SYNTHETIC DATA — PIPELINE/CONSTRAINT VERIFICATION ONLY
7,JAI_r1_c4,JAI,26.7124,75.8873,0.884,-2.123,2.3,337.4,SYNTHETIC DATA — PIPELINE/CONSTRAINT VERIFICATION ONLY
7,JAI_r1_c5,JAI,26.7124,75.9873,0.769,-1.846,2.0,337.4,SYNTHETIC DATA — PIPELINE/CONSTRAINT VERIFICATION ONLY
7,JAI_r1_c6,JAI,26.7124,76.0873,0.654,-1.569,1.7,337.4,SYNTHETIC DATA — PIPELINE/CONSTRAINT VERIFICATION ONLY
7,JAI_r2_c0,JAI,26.8124,75.4873,1.884,-3.3,3.8,330.3,SYNTHETIC DATA — PIPELINE/CONSTRAINT VERIFICATION ONLY
7,JAI_r2_c1,JAI,26.8124,75.5873,1.735,-3.04,3.5,330.3,SYNTHETIC DATA — PIPELINE/CONSTRAINT VERIFICATION ONLY
7,JAI_r2_c2,JAI,26.8124,75.6873,1.586,-2.779,3.2,330.3,SYNTHETIC DATA — PIPELINE/CONSTRAINT VERIFICATION ONLY
7,JAI_r2_c3,JAI,26.8124,75.7873,1.438,-2.519,2.9,330.3,SYNTHETIC DATA — PIPELINE/CONSTRAINT VERIFICATION ONLY
7,JAI_r2_c4,JAI,26.8124,75.8873,1.289,-2.258,2.6,330.3,SYNTHETIC DATA — PIPELINE/CONSTRAINT VERIFICATION ONLY
7,JAI_r2_c5,JAI,26.8124,75.9873,1.14,-1.998,2.3,330.3,SYNTHETIC DATA — PIPELINE/CONSTRAINT VERIFICATION ONLY
7,JAI_r2_c6,JAI,26.8124,76.0873,0.991,-1.737,2.0,330.3,SYNTHETIC DATA — PIPELINE/CONSTRAINT VERIFICATION ONLY
7,JAI_r3_c0,JAI,26.9124,75.4873,2.466,-3.275,4.1,323.0,SYNTHETIC DATA — PIPELINE/CONSTRAINT VERIFICATION ONLY
7,JAI_r3_c1,JAI,26.9124,75.5873,2.286,-3.036,3.8,323.0,SYNTHETIC DATA — PIPELINE/CONSTRAINT VERIFICATION ONLY
7,JAI_r3_c2,JAI,26.9124,75.6873,2.105,-2.796,3.5,323.0,SYNTHETIC DATA — PIPELINE/CONSTRAINT VERIFICATION ONLY
7,JAI_r3_c3,JAI,26.9124,75.7873,1.925,-2.556,3.2,323.0,SYNTHETIC DATA — PIPELINE/CONSTRAINT VERIFICATION ONLY
7,JAI_r3_c4,JAI,26.9124,75.8873,1.744,-2.317,2.9,323.0,SYNTHETIC DATA — PIPELINE/CONSTRAINT VERIFICATION ONLY
7,JAI_r3_c5,JAI,26.9124,75.9873,1.564,-2.077,2.6,323.0,SYNTHETIC DATA — PIPELINE/CONSTRAINT VERIFICATION ONLY
7,JAI_r3_c6,JAI,26.9124,76.0873,1.383,-1.837,2.3,323.0,SYNTHETIC DATA — PIPELINE/CONSTRAINT VERIFICATION ONLY
7,JAI_r4_c0,JAI,27.0124,75.4873,2.979,-3.238,4.4,317.4,SYNTHETIC DATA — PIPELINE/CONSTRAINT VERIFICATION ONLY
7,JAI_r4_c1,JAI,27.0124,75.5873,2.776,-3.017,4.1,317.4,SYNTHETIC DATA — PIPELINE/CONSTRAINT VERIFICATION ONLY
7,JAI_r4_c2,JAI,27.0124,75.6873,2.573,-2.797,3.8,317.4,SYNTHETIC DATA — PIPELINE/CONSTRAINT VERIFICATION ONLY
7,JAI_r4_c3,JAI,27.0124,75.7873,2.37,-2.576,3.5,317.4,SYNTHETIC DATA — PIPELINE/CONSTRAINT VERIFICATION ONLY
7,JAI_r4_c4,JAI,27.0124,75.8873,2.167,-2.355,3.2,317.4,SYNTHETIC DATA — PIPELINE/CONSTRAINT VERIFICATION ONLY
7,JAI_r4_c5,JAI,27.0124,75.9873,1.963,-2.134,2.9,317.4,SYNTHETIC DATA — PIPELINE/CONSTRAINT VERIFICATION ONLY
7,JAI_r4_c6,JAI,27.0124,76.0873,1.76,-1.913,2.6,317.4,SYNTHETIC DATA — PIPELINE/CONSTRAINT VERIFICATION ONLY
7,JAI_r5_c0,JAI,27.1124,75.4873,3.338,-3.309,4.7,314.8,SYNTHETIC DATA — PIPELINE/CONSTRAINT VERIFICATION ONLY
7,JAI_r5_c1,JAI,27.1124,75.5873,3.125,-3.098,4.4,314.8,SYNTHETIC DATA — PIPELINE/CONSTRAINT VERIFICATION ONLY
7,JAI_r5_c2,JAI,27.1124,75.6873,2.912,-2.887,4.1,314.8,SYNTHETIC DATA — PIPELINE/CONSTRAINT VERIFICATION ONLY
7,JAI_r5_c3,JAI,27.1124,75.7873,2.699,-2.675,3.8,314.8,SYNTHETIC DATA — PIPELINE/CONSTRAINT VERIFICATION ONLY
7,JAI_r5_c4,JAI,27.1124,75.8873,2.485,-2.464,3.5,314.8,SYNTHETIC DATA — PIPELINE/CONSTRAINT VERIFICATION ONLY
7,JAI_r5_c5,JAI,27.1124,75.9873,2.272,-2.253,3.2,314.8,SYNTHETIC DATA — PIPELINE/CONSTRAINT VERIFICATION ONLY
7,JAI_r5_c6,JAI,27.1124,76.0873,2.059,-2.042,2.9,314.8,SYNTHETIC DATA — PIPELINE/CONSTRAINT VERIFICATION ONLY
7,JAI_r6_c0,JAI,27.2124,75.4873,3.488,-3.583,5.0,315.8,SYNTHETIC DATA — PIPELINE/CONSTRAINT VERIFICATION ONLY
7,JAI_r6_c1,JAI,27.2124,75.5873,3.278,-3.368,4.7,315.8,SYNTHETIC DATA — PIPELINE/CONSTRAINT VERIFICATION ONLY
7,JAI_r6_c2,JAI,27.2124,75.6873,3.069,-3.153,4.4,315.8,SYNTHETIC DATA — PIPELINE/CONSTRAINT VERIFICATION ONLY
7,JAI_r6_c3,JAI,27.2124,75.7873,2.86,-2.938,4.1,315.8,SYNTHETIC DATA — PIPELINE/CONSTRAINT VERIFICATION ONLY
7,JAI_r6_c4,JAI,27.2124,75.8873,2.651,-2.723,3.8,315.8,SYNTHETIC DATA — PIPELINE/CONSTRAINT VERIFICATION ONLY
7,JAI_r6_c5,JAI,27.2124,75.9873,2.441,-2.508,3.5,315.8,SYNTHETIC DATA — PIPELINE/CONSTRAINT VERIFICATION ONLY
7,JAI_r6_c6,JAI,27.2124,76.0873,2.232,-2.293,3.2,315.8,SYNTHETIC DATA — PIPELINE/CONSTRAINT VERIFICATION ONLY
7,AMD_r0_c0,AMD,22.7225,72.2714,2.954,-1.23,3.2,292.6,SYNTHETIC DATA — PIPELINE/CONSTRAINT VERIFICATION ONLY
7,AMD_r0_c1,AMD,22.7225,72.3714,2.677,-1.115,2.9,292.6,SYNTHETIC DATA — PIPELINE/CONSTRAINT VERIFICATION ONLY
7,AMD_r0_c2,AMD,22.7225,72.4714,2.4,-0.999,2.6,292.6,SYNTHETIC DATA — PIPELINE/CONSTRAINT VERIFICATION ONLY
7,AMD_r0_c3,AMD,22.7225,72.5714,2.123,-0.884,2.3,292.6,SYNTHETIC DATA — PIPELINE/CONSTRAINT VERIFICATION ONLY
7,AMD_r0_c4,AMD,22.7225,72.6714,1.846,-0.769,2.0,292.6,SYNTHETIC DATA — PIPELINE/CONSTRAINT VERIFICATION ONLY
7,AMD_r0_c5,AMD,22.7225,72.7714,1.569,-0.654,1.7,292.6,SYNTHETIC DATA — PIPELINE/CONSTRAINT VERIFICATION ONLY
7,AMD_r0_c6,AMD,22.7225,72.8714,1.292,-0.538,1.4,292.6,SYNTHETIC DATA — PIPELINE/CONSTRAINT VERIFICATION ONLY
7,AMD_r1_c0,AMD,22.8225,72.2714,3.34,-1.046,3.5,287.4,SYNTHETIC DATA — PIPELINE/CONSTRAINT VERIFICATION ONLY
7,AMD_r1_c1,AMD,22.8225,72.3714,3.054,-0.956,3.2,287.4,SYNTHETIC DATA — PIPELINE/CONSTRAINT VERIFICATION ONLY
7,AMD_r1_c2,AMD,22.8225,72.4714,2.767,-0.867,2.9,287.4,SYNTHETIC DATA — PIPELINE/CONSTRAINT VERIFICATION ONLY
7,AMD_r1_c3,AMD,22.8225,72.5714,2.481,-0.777,2.6,287.4,SYNTHETIC DATA — PIPELINE/CONSTRAINT VERIFICATION ONLY
7,AMD_r1_c4,AMD,22.8225,72.6714,2.195,-0.687,2.3,287.4,SYNTHETIC DATA — PIPELINE/CONSTRAINT VERIFICATION ONLY
7,AMD_r1_c5,AMD,22.8225,72.7714,1.909,-0.598,2.0,287.4,SYNTHETIC DATA — PIPELINE/CONSTRAINT VERIFICATION ONLY
7,AMD_r1_c6,AMD,22.8225,72.8714,1.622,-0.508,1.7,287.4,SYNTHETIC DATA — PIPELINE/CONSTRAINT VERIFICATION ONLY
7,AMD_r2_c0,AMD,22.9225,72.2714,3.739,-0.678,3.8,280.3,SYNTHETIC DATA — PIPELINE/CONSTRAINT VERIFICATION ONLY
7,AMD_r2_c1,AMD,22.9225,72.3714,3.444,-0.625,3.5,280.3,SYNTHETIC DATA — PIPELINE/CONSTRAINT VERIFICATION ONLY
7,AMD_r2_c2,AMD,22.9225,72.4714,3.149,-0.571,3.2,280.3,SYNTHETIC DATA — PIPELINE/CONSTRAINT VERIFICATION ONLY
7,AMD_r2_c3,AMD,22.9225,72.5714,2.853,-0.518,2.9,280.3,SYNTHETIC DATA — PIPELINE/CONSTRAINT VERIFICATION ONLY
7,AMD_r2_c4,AMD,22.9225,72.6714,2.558,-0.464,2.6,280.3,SYNTHETIC DATA — PIPELINE/CONSTRAINT VERIFICATION ONLY
7,AMD_r2_c5,AMD,22.9225,72.7714,2.263,-0.411,2.3,280.3,SYNTHETIC DATA — PIPELINE/CONSTRAINT VERIFICATION ONLY
7,AMD_r2_c6,AMD,22.9225,72.8714,1.968,-0.357,2.0,280.3,SYNTHETIC DATA — PIPELINE/CONSTRAINT VERIFICATION ONLY
7,AMD_r3_c0,AMD,23.0225,72.2714,4.094,-0.216,4.1,273.0,SYNTHETIC DATA — PIPELINE/CONSTRAINT VERIFICATION ONLY
7,AMD_r3_c1,AMD,23.0225,72.3714,3.795,-0.2,3.8,273.0,SYNTHETIC DATA — PIPELINE/CONSTRAINT VERIFICATION ONLY
7,AMD_r3_c2,AMD,23.0225,72.4714,3.495,-0.184,3.5,273.0,SYNTHETIC DATA — PIPELINE/CONSTRAINT VERIFICATION ONLY
7,AMD_r3_c3,AMD,23.0225,72.5714,3.196,-0.169,3.2,273.0,SYNTHETIC DATA — PIPELINE/CONSTRAINT VERIFICATION ONLY
7,AMD_r3_c4,AMD,23.0225,72.6714,2.896,-0.153,2.9,273.0,SYNTHETIC DATA — PIPELINE/CONSTRAINT VERIFICATION ONLY
7,AMD_r3_c5,AMD,23.0225,72.7714,2.596,-0.137,2.6,273.0,SYNTHETIC DATA — PIPELINE/CONSTRAINT VERIFICATION ONLY
7,AMD_r3_c6,AMD,23.0225,72.8714,2.297,-0.121,2.3,273.0,SYNTHETIC DATA — PIPELINE/CONSTRAINT VERIFICATION ONLY
7,AMD_r4_c0,AMD,23.1225,72.2714,4.395,0.201,4.4,267.4,SYNTHETIC DATA — PIPELINE/CONSTRAINT VERIFICATION ONLY
7,AMD_r4_c1,AMD,23.1225,72.3714,4.096,0.187,4.1,267.4,SYNTHETIC DATA — PIPELINE/CONSTRAINT VERIFICATION ONLY
7,AMD_r4_c2,AMD,23.1225,72.4714,3.796,0.173,3.8,267.4,SYNTHETIC DATA — PIPELINE/CONSTRAINT VERIFICATION ONLY
7,AMD_r4_c3,AMD,23.1225,72.5714,3.496,0.16,3.5,267.4,SYNTHETIC DATA — PIPELINE/CONSTRAINT VERIFICATION ONLY
7,AMD_r4_c4,AMD,23.1225,72.6714,3.197,0.146,3.2,267.4,SYNTHETIC DATA — PIPELINE/CONSTRAINT VERIFICATION ONLY
7,AMD_r4_c5,AMD,23.1225,72.7714,2.897,0.132,2.9,267.4,SYNTHETIC DATA — PIPELINE/CONSTRAINT VERIFICATION ONLY
7,AMD_r4_c6,AMD,23.1225,72.8714,2.597,0.119,2.6,267.4,SYNTHETIC DATA — PIPELINE/CONSTRAINT VERIFICATION ONLY
7,AMD_r5_c0,AMD,23.2225,72.2714,4.68,0.43,4.7,264.8,SYNTHETIC DATA — PIPELINE/CONSTRAINT VERIFICATION ONLY
7,AMD_r5_c1,AMD,23.2225,72.3714,4.382,0.402,4.4,264.8,SYNTHETIC DATA — PIPELINE/CONSTRAINT VERIFICATION ONLY
7,AMD_r5_c2,AMD,23.2225,72.4714,4.083,0.375,4.1,264.8,SYNTHETIC DATA — PIPELINE/CONSTRAINT VERIFICATION ONLY
7,AMD_r5_c3,AMD,23.2225,72.5714,3.784,0.347,3.8,264.8,SYNTHETIC DATA — PIPELINE/CONSTRAINT VERIFICATION ONLY
7,AMD_r5_c4,AMD,23.2225,72.6714,3.485,0.32,3.5,264.8,SYNTHETIC DATA — PIPELINE/CONSTRAINT VERIFICATION ONLY
7,AMD_r5_c5,AMD,23.2225,72.7714,3.187,0.293,3.2,264.8,SYNTHETIC DATA — PIPELINE/CONSTRAINT VERIFICATION ONLY
7,AMD_r5_c6,AMD,23.2225,72.8714,2.888,0.265,2.9,264.8,SYNTHETIC DATA — PIPELINE/CONSTRAINT VERIFICATION ONLY
7,AMD_r6_c0,AMD,23.3225,72.2714,4.986,0.369,5.0,265.8,SYNTHETIC DATA — PIPELINE/CONSTRAINT VERIFICATION ONLY
7,AMD_r6_c1,AMD,23.3225,72.3714,4.687,0.347,4.7,265.8,SYNTHETIC DATA — PIPELINE/CONSTRAINT VERIFICATION ONLY
7,AMD_r6_c2,AMD,23.3225,72.4714,4.388,0.324,4.4,265.8,SYNTHETIC DATA — PIPELINE/CONSTRAINT VERIFICATION ONLY
7,AMD_r6_c3,AMD,23.3225,72.5714,4.089,0.302,4.1,265.8,SYNTHETIC DATA — PIPELINE/CONSTRAINT VERIFICATION ONLY
7,AMD_r6_c4,AMD,23.3225,72.6714,3.79,0.28,3.8,265.8,SYNTHETIC DATA — PIPELINE/CONSTRAINT VERIFICATION ONLY
7,AMD_r6_c5,AMD,23.3225,72.7714,3.49,0.258,3.5,265.8,SYNTHETIC DATA — PIPELINE/CONSTRAINT VERIFICATION ONLY
7,AMD_r6_c6,AMD,23.3225,72.8714,3.191,0.236,3.2,265.8,SYNTHETIC DATA — PIPELINE/CONSTRAINT VERIFICATION ONLY
7,CCU_r0_c0,CCU,22.2726,88.0639,2.841,1.472,3.2,242.6,SYNTHETIC DATA — PIPELINE/CONSTRAINT VERIFICATION ONLY
7,CCU_r0_c1,CCU,22.2726,88.1639,2.575,1.334,2.9,242.6,SYNTHETIC DATA — PIPELINE/CONSTRAINT VERIFICATION ONLY
7,CCU_r0_c2,CCU,22.2726,88.2639,2.308,1.196,2.6,242.6,SYNTHETIC DATA — PIPELINE/CONSTRAINT VERIFICATION ONLY
7,CCU_r0_c3,CCU,22.2726,88.3639,2.042,1.058,2.3,242.6,SYNTHETIC DATA — PIPELINE/CONSTRAINT VERIFICATION ONLY
7,CCU_r0_c4,CCU,22.2726,88.4639,1.776,0.92,2.0,242.6,SYNTHETIC DATA — PIPELINE/CONSTRAINT VERIFICATION ONLY
7,CCU_r0_c5,CCU,22.2726,88.5639,1.509,0.782,1.7,242.6,SYNTHETIC DATA — PIPELINE/CONSTRAINT VERIFICATION ONLY
7,CCU_r0_c6,CCU,22.2726,88.6639,1.243,0.644,1.4,242.6,SYNTHETIC DATA — PIPELINE/CONSTRAINT VERIFICATION ONLY
7,CCU_r1_c0,CCU,22.3726,88.0639,2.948,1.886,3.5,237.4,SYNTHETIC DATA — PIPELINE/CONSTRAINT VERIFICATION ONLY
7,CCU_r1_c1,CCU,22.3726,88.1639,2.696,1.724,3.2,237.4,SYNTHETIC DATA — PIPELINE/CONSTRAINT VERIFICATION ONLY
7,CCU_r1_c2,CCU,22.3726,88.2639,2.443,1.563,2.9,237.4,SYNTHETIC DATA — PIPELINE/CONSTRAINT VERIFICATION ONLY
7,CCU_r1_c3,CCU,22.3726,88.3639,2.19,1.401,2.6,237.4,SYNTHETIC DATA — PIPELINE/CONSTRAINT VERIFICATION ONLY
7,CCU_r1_c4,CCU,22.3726,88.4639,1.937,1.239,2.3,237.4,SYNTHETIC DATA — PIPELINE/CONSTRAINT VERIFICATION ONLY
7,CCU_r1_c5,CCU,22.3726,88.5639,1.685,1.078,2.0,237.4,SYNTHETIC DATA — PIPELINE/CONSTRAINT VERIFICATION ONLY
7,CCU_r1_c6,CCU,22.3726,88.6639,1.432,0.916,1.7,237.4,SYNTHETIC DATA — PIPELINE/CONSTRAINT VERIFICATION ONLY
7,CCU_r2_c0,CCU,22.4726,88.0639,2.923,2.428,3.8,230.3,SYNTHETIC DATA — PIPELINE/CONSTRAINT VERIFICATION ONLY
7,CCU_r2_c1,CCU,22.4726,88.1639,2.692,2.236,3.5,230.3,SYNTHETIC DATA — PIPELINE/CONSTRAINT VERIFICATION ONLY
7,CCU_r2_c2,CCU,22.4726,88.2639,2.461,2.045,3.2,230.3,SYNTHETIC DATA — PIPELINE/CONSTRAINT VERIFICATION ONLY
7,CCU_r2_c3,CCU,22.4726,88.3639,2.231,1.853,2.9,230.3,SYNTHETIC DATA — PIPELINE/CONSTRAINT VERIFICATION ONLY
7,CCU_r2_c4,CCU,22.4726,88.4639,2.0,1.661,2.6,230.3,SYNTHETIC DATA — PIPELINE/CONSTRAINT VERIFICATION ONLY
7,CCU_r2_c5,CCU,22.4726,88.5639,1.769,1.47,2.3,230.3,SYNTHETIC DATA — PIPELINE/CONSTRAINT VERIFICATION ONLY
7,CCU_r2_c6,CCU,22.4726,88.6639,1.538,1.278,2.0,230.3,SYNTHETIC DATA — PIPELINE/CONSTRAINT VERIFICATION ONLY
7,CCU_r3_c0,CCU,22.5726,88.0639,2.797,2.998,4.1,223.0,SYNTHETIC DATA — PIPELINE/CONSTRAINT VERIFICATION ONLY
7,CCU_r3_c1,CCU,22.5726,88.1639,2.593,2.778,3.8,223.0,SYNTHETIC DATA — PIPELINE/CONSTRAINT VERIFICATION ONLY
7,CCU_r3_c2,CCU,22.5726,88.2639,2.388,2.559,3.5,223.0,SYNTHETIC DATA — PIPELINE/CONSTRAINT VERIFICATION ONLY
7,CCU_r3_c3,CCU,22.5726,88.3639,2.183,2.34,3.2,223.0,SYNTHETIC DATA — PIPELINE/CONSTRAINT VERIFICATION ONLY
7,CCU_r3_c4,CCU,22.5726,88.4639,1.979,2.12,2.9,223.0,SYNTHETIC DATA — PIPELINE/CONSTRAINT VERIFICATION ONLY
7,CCU_r3_c5,CCU,22.5726,88.5639,1.774,1.901,2.6,223.0,SYNTHETIC DATA — PIPELINE/CONSTRAINT VERIFICATION ONLY
7,CCU_r3_c6,CCU,22.5726,88.6639,1.569,1.682,2.3,223.0,SYNTHETIC DATA — PIPELINE/CONSTRAINT VERIFICATION ONLY
7,CCU_r4_c0,CCU,22.6726,88.0639,2.672,3.496,4.4,217.4,SYNTHETIC DATA — PIPELINE/CONSTRAINT VERIFICATION ONLY
7,CCU_r4_c1,CCU,22.6726,88.1639,2.489,3.258,4.1,217.4,SYNTHETIC DATA — PIPELINE/CONSTRAINT VERIFICATION ONLY
7,CCU_r4_c2,CCU,22.6726,88.2639,2.307,3.019,3.8,217.4,SYNTHETIC DATA — PIPELINE/CONSTRAINT VERIFICATION ONLY
7,CCU_r4_c3,CCU,22.6726,88.3639,2.125,2.781,3.5,217.4,SYNTHETIC DATA — PIPELINE/CONSTRAINT VERIFICATION ONLY
7,CCU_r4_c4,CCU,22.6726,88.4639,1.943,2.543,3.2,217.4,SYNTHETIC DATA — PIPELINE/CONSTRAINT VERIFICATION ONLY
7,CCU_r4_c5,CCU,22.6726,88.5639,1.761,2.304,2.9,217.4,SYNTHETIC DATA — PIPELINE/CONSTRAINT VERIFICATION ONLY
7,CCU_r4_c6,CCU,22.6726,88.6639,1.579,2.066,2.6,217.4,SYNTHETIC DATA — PIPELINE/CONSTRAINT VERIFICATION ONLY
7,CCU_r5_c0,CCU,22.7726,88.0639,2.679,3.862,4.7,214.8,SYNTHETIC DATA — PIPELINE/CONSTRAINT VERIFICATION ONLY
7,CCU_r5_c1,CCU,22.7726,88.1639,2.508,3.615,4.4,214.8,SYNTHETIC DATA — PIPELINE/CONSTRAINT VERIFICATION ONLY
7,CCU_r5_c2,CCU,22.7726,88.2639,2.337,3.369,4.1,214.8,SYNTHETIC DATA — PIPELINE/CONSTRAINT VERIFICATION ONLY
7,CCU_r5_c3,CCU,22.7726,88.3639,2.166,3.122,3.8,214.8,SYNTHETIC DATA — PIPELINE/CONSTRAINT VERIFICATION ONLY
7,CCU_r5_c4,CCU,22.7726,88.4639,1.995,2.876,3.5,214.8,SYNTHETIC DATA — PIPELINE/CONSTRAINT VERIFICATION ONLY
7,CCU_r5_c5,CCU,22.7726,88.5639,1.824,2.629,3.2,214.8,SYNTHETIC DATA — PIPELINE/CONSTRAINT VERIFICATION ONLY
7,CCU_r5_c6,CCU,22.7726,88.6639,1.653,2.383,2.9,214.8,SYNTHETIC DATA — PIPELINE/CONSTRAINT VERIFICATION ONLY
7,CCU_r6_c0,CCU,22.8726,88.0639,2.923,4.057,5.0,215.8,SYNTHETIC DATA — PIPELINE/CONSTRAINT VERIFICATION ONLY
7,CCU_r6_c1,CCU,22.8726,88.1639,2.747,3.813,4.7,215.8,SYNTHETIC DATA — PIPELINE/CONSTRAINT VERIFICATION ONLY
7,CCU_r6_c2,CCU,22.8726,88.2639,2.572,3.57,4.4,215.8,SYNTHETIC DATA — PIPELINE/CONSTRAINT VERIFICATION ONLY
7,CCU_r6_c3,CCU,22.8726,88.3639,2.397,3.327,4.1,215.8,SYNTHETIC DATA — PIPELINE/CONSTRAINT VERIFICATION ONLY
7,CCU_r6_c4,CCU,22.8726,88.4639,2.221,3.083,3.8,215.8,SYNTHETIC DATA — PIPELINE/CONSTRAINT VERIFICATION ONLY
7,CCU_r6_c5,CCU,22.8726,88.5639,2.046,2.84,3.5,215.8,SYNTHETIC DATA — PIPELINE/CONSTRAINT VERIFICATION ONLY
7,CCU_r6_c6,CCU,22.8726,88.6639,1.871,2.596,3.2,215.8,SYNTHETIC DATA — PIPELINE/CONSTRAINT VERIFICATION ONLY
7,HYD_r0_c0,HYD,17.085,78.1867,3.173,0.412,3.2,262.6,SYNTHETIC DATA — PIPELINE/CONSTRAINT VERIFICATION ONLY
7,HYD_r0_c1,HYD,17.085,78.2867,2.876,0.373,2.9,262.6,SYNTHETIC DATA — PIPELINE/CONSTRAINT VERIFICATION ONLY
7,HYD_r0_c2,HYD,17.085,78.3867,2.578,0.335,2.6,262.6,SYNTHETIC DATA — PIPELINE/CONSTRAINT VERIFICATION ONLY
7,HYD_r0_c3,HYD,17.085,78.4867,2.281,0.296,2.3,262.6,SYNTHETIC DATA — PIPELINE/CONSTRAINT VERIFICATION ONLY
7,HYD_r0_c4,HYD,17.085,78.5867,1.983,0.257,2.0,262.6,SYNTHETIC DATA — PIPELINE/CONSTRAINT VERIFICATION ONLY
7,HYD_r0_c5,HYD,17.085,78.6867,1.686,0.219,1.7,262.6,SYNTHETIC DATA — PIPELINE/CONSTRAINT VERIFICATION ONLY
7,HYD_r0_c6,HYD,17.085,78.7867,1.388,0.18,1.4,262.6,SYNTHETIC DATA — PIPELINE/CONSTRAINT VERIFICATION ONLY
7,HYD_r1_c0,HYD,17.185,78.1867,3.416,0.764,3.5,257.4,SYNTHETIC DATA — PIPELINE/CONSTRAINT VERIFICATION ONLY
7,HYD_r1_c1,HYD,17.185,78.2867,3.123,0.699,3.2,257.4,SYNTHETIC DATA — PIPELINE/CONSTRAINT VERIFICATION ONLY
7,HYD_r1_c2,HYD,17.185,78.3867,2.83,0.633,2.9,257.4,SYNTHETIC DATA — PIPELINE/CONSTRAINT VERIFICATION ONLY
7,HYD_r1_c3,HYD,17.185,78.4867,2.537,0.568,2.6,257.4,SYNTHETIC DATA — PIPELINE/CONSTRAINT VERIFICATION ONLY
7,HYD_r1_c4,HYD,17.185,78.5867,2.245,0.502,2.3,257.4,SYNTHETIC DATA — PIPELINE/CONSTRAINT VERIFICATION ONLY
7,HYD_r1_c5,HYD,17.185,78.6867,1.952,0.437,2.0,257.4,SYNTHETIC DATA — PIPELINE/CONSTRAINT VERIFICATION ONLY
7,HYD_r1_c6,HYD,17.185,78.7867,1.659,0.371,1.7,257.4,SYNTHETIC DATA — PIPELINE/CONSTRAINT VERIFICATION ONLY
7,HYD_r2_c0,HYD,17.285,78.1867,3.577,1.282,3.8,250.3,SYNTHETIC DATA — PIPELINE/CONSTRAINT VERIFICATION ONLY
7,HYD_r2_c1,HYD,17.285,78.2867,3.295,1.181,3.5,250.3,SYNTHETIC DATA — PIPELINE/CONSTRAINT VERIFICATION ONLY
7,HYD_r2_c2,HYD,17.285,78.3867,3.012,1.08,3.2,250.3,SYNTHETIC DATA — PIPELINE/CONSTRAINT VERIFICATION ONLY
7,HYD_r2_c3,HYD,17.285,78.4867,2.73,0.978,2.9,250.3,SYNTHETIC DATA — PIPELINE/CONSTRAINT VERIFICATION ONLY
7,HYD_r2_c4,HYD,17.285,78.5867,2.448,0.877,2.6,250.3,SYNTHETIC DATA — PIPELINE/CONSTRAINT VERIFICATION ONLY
7,HYD_r2_c5,HYD,17.285,78.6867,2.165,0.776,2.3,250.3,SYNTHETIC DATA — PIPELINE/CONSTRAINT VERIFICATION ONLY
7,HYD_r2_c6,HYD,17.285,78.7867,1.883,0.675,2.0,250.3,SYNTHETIC DATA — PIPELINE/CONSTRAINT VERIFICATION ONLY
7,HYD_r3_c0,HYD,17.385,78.1867,3.654,1.86,4.1,243.0,SYNTHETIC DATA — PIPELINE/CONSTRAINT VERIFICATION ONLY
7,HYD_r3_c1,HYD,17.385,78.2867,3.386,1.724,3.8,243.0,SYNTHETIC DATA — PIPELINE/CONSTRAINT VERIFICATION ONLY
7,HYD_r3_c2,HYD,17.385,78.3867,3.119,1.588,3.5,243.0,SYNTHETIC DATA — PIPELINE/CONSTRAINT VERIFICATION ONLY
7,HYD_r3_c3,HYD,17.385,78.4867,2.852,1.452,3.2,243.0,SYNTHETIC DATA — PIPELINE/CONSTRAINT VERIFICATION ONLY
7,HYD_r3_c4,HYD,17.385,78.5867,2.584,1.316,2.9,243.0,SYNTHETIC DATA — PIPELINE/CONSTRAINT VERIFICATION ONLY
7,HYD_r3_c5,HYD,17.385,78.6867,2.317,1.18,2.6,243.0,SYNTHETIC DATA — PIPELINE/CONSTRAINT VERIFICATION ONLY
7,HYD_r3_c6,HYD,17.385,78.7867,2.05,1.043,2.3,243.0,SYNTHETIC DATA — PIPELINE/CONSTRAINT VERIFICATION ONLY
7,HYD_r4_c0,HYD,17.485,78.1867,3.706,2.372,4.4,237.4,SYNTHETIC DATA — PIPELINE/CONSTRAINT VERIFICATION ONLY
7,HYD_r4_c1,HYD,17.485,78.2867,3.453,2.21,4.1,237.4,SYNTHETIC DATA — PIPELINE/CONSTRAINT VERIFICATION ONLY
7,HYD_r4_c2,HYD,17.485,78.3867,3.201,2.048,3.8,237.4,SYNTHETIC DATA — PIPELINE/CONSTRAINT VERIFICATION ONLY
7,HYD_r4_c3,HYD,17.485,78.4867,2.948,1.886,3.5,237.4,SYNTHETIC DATA — PIPELINE/CONSTRAINT VERIFICATION ONLY
7,HYD_r4_c4,HYD,17.485,78.5867,2.695,1.725,3.2,237.4,SYNTHETIC DATA — PIPELINE/CONSTRAINT VERIFICATION ONLY
7,HYD_r4_c5,HYD,17.485,78.6867,2.443,1.563,2.9,237.4,SYNTHETIC DATA — PIPELINE/CONSTRAINT VERIFICATION ONLY
7,HYD_r4_c6,HYD,17.485,78.7867,2.19,1.401,2.6,237.4,SYNTHETIC DATA — PIPELINE/CONSTRAINT VERIFICATION ONLY
7,HYD_r5_c0,HYD,17.585,78.1867,3.838,2.712,4.7,234.8,SYNTHETIC DATA — PIPELINE/CONSTRAINT VERIFICATION ONLY
7,HYD_r5_c1,HYD,17.585,78.2867,3.593,2.539,4.4,234.8,SYNTHETIC DATA — PIPELINE/CONSTRAINT VERIFICATION ONLY
7,HYD_r5_c2,HYD,17.585,78.3867,3.348,2.366,4.1,234.8,SYNTHETIC DATA — PIPELINE/CONSTRAINT VERIFICATION ONLY
7,HYD_r5_c3,HYD,17.585,78.4867,3.103,2.193,3.8,234.8,SYNTHETIC DATA — PIPELINE/CONSTRAINT VERIFICATION ONLY
7,HYD_r5_c4,HYD,17.585,78.5867,2.858,2.02,3.5,234.8,SYNTHETIC DATA — PIPELINE/CONSTRAINT VERIFICATION ONLY
7,HYD_r5_c5,HYD,17.585,78.6867,2.613,1.847,3.2,234.8,SYNTHETIC DATA — PIPELINE/CONSTRAINT VERIFICATION ONLY
7,HYD_r5_c6,HYD,17.585,78.7867,2.368,1.674,2.9,234.8,SYNTHETIC DATA — PIPELINE/CONSTRAINT VERIFICATION ONLY
7,HYD_r6_c0,HYD,17.685,78.1867,4.134,2.812,5.0,235.8,SYNTHETIC DATA — PIPELINE/CONSTRAINT VERIFICATION ONLY
7,HYD_r6_c1,HYD,17.685,78.2867,3.886,2.644,4.7,235.8,SYNTHETIC DATA — PIPELINE/CONSTRAINT VERIFICATION ONLY
7,HYD_r6_c2,HYD,17.685,78.3867,3.638,2.475,4.4,235.8,SYNTHETIC DATA — PIPELINE/CONSTRAINT VERIFICATION ONLY
7,HYD_r6_c3,HYD,17.685,78.4867,3.39,2.306,4.1,235.8,SYNTHETIC DATA — PIPELINE/CONSTRAINT VERIFICATION ONLY
7,HYD_r6_c4,HYD,17.685,78.5867,3.142,2.137,3.8,235.8,SYNTHETIC DATA — PIPELINE/CONSTRAINT VERIFICATION ONLY
7,HYD_r6_c5,HYD,17.685,78.6867,2.894,1.969,3.5,235.8,SYNTHETIC DATA — PIPELINE/CONSTRAINT VERIFICATION ONLY
7,HYD_r6_c6,HYD,17.685,78.7867,2.646,1.8,3.2,235.8,SYNTHETIC DATA — PIPELINE/CONSTRAINT VERIFICATION ONLY
7,BLR_r0_c0,BLR,12.6716,77.2946,3.197,-0.146,3.2,272.6,SYNTHETIC DATA — PIPELINE/CONSTRAINT VERIFICATION ONLY
7,BLR_r0_c1,BLR,12.6716,77.3946,2.897,-0.132,2.9,272.6,SYNTHETIC DATA — PIPELINE/CONSTRAINT VERIFICATION ONLY
7,BLR_r0_c2,BLR,12.6716,77.4946,2.597,-0.118,2.6,272.6,SYNTHETIC DATA — PIPELINE/CONSTRAINT VERIFICATION ONLY
7,BLR_r0_c3,BLR,12.6716,77.5946,2.298,-0.105,2.3,272.6,SYNTHETIC DATA — PIPELINE/CONSTRAINT VERIFICATION ONLY
7,BLR_r0_c4,BLR,12.6716,77.6946,1.998,-0.091,2.0,272.6,SYNTHETIC DATA — PIPELINE/CONSTRAINT VERIFICATION ONLY
7,BLR_r0_c5,BLR,12.6716,77.7946,1.698,-0.077,1.7,272.6,SYNTHETIC DATA — PIPELINE/CONSTRAINT VERIFICATION ONLY
7,BLR_r0_c6,BLR,12.6716,77.8946,1.399,-0.064,1.4,272.6,SYNTHETIC DATA — PIPELINE/CONSTRAINT VERIFICATION ONLY
7,BLR_r1_c0,BLR,12.7716,77.2946,3.496,0.159,3.5,267.4,SYNTHETIC DATA — PIPELINE/CONSTRAINT VERIFICATION ONLY
7,BLR_r1_c1,BLR,12.7716,77.3946,3.197,0.146,3.2,267.4,SYNTHETIC DATA — PIPELINE/CONSTRAINT VERIFICATION ONLY
7,BLR_r1_c2,BLR,12.7716,77.4946,2.897,0.132,2.9,267.4,SYNTHETIC DATA — PIPELINE/CONSTRAINT VERIFICATION ONLY
7,BLR_r1_c3,BLR,12.7716,77.5946,2.597,0.118,2.6,267.4,SYNTHETIC DATA — PIPELINE/CONSTRAINT VERIFICATION ONLY
7,BLR_r1_c4,BLR,12.7716,77.6946,2.298,0.105,2.3,267.4,SYNTHETIC DATA — PIPELINE/CONSTRAINT VERIFICATION ONLY
7,BLR_r1_c5,BLR,12.7716,77.7946,1.998,0.091,2.0,267.4,SYNTHETIC DATA — PIPELINE/CONSTRAINT VERIFICATION ONLY
7,BLR_r1_c6,BLR,12.7716,77.8946,1.698,0.077,1.7,267.4,SYNTHETIC DATA — PIPELINE/CONSTRAINT VERIFICATION ONLY
7,BLR_r2_c0,BLR,12.8716,77.2946,3.745,0.641,3.8,260.3,SYNTHETIC DATA — PIPELINE/CONSTRAINT VERIFICATION ONLY
7,BLR_r2_c1,BLR,12.8716,77.3946,3.45,0.591,3.5,260.3,SYNTHETIC DATA — PIPELINE/CONSTRAINT VERIFICATION ONLY
7,BLR_r2_c2,BLR,12.8716,77.4946,3.154,0.54,3.2,260.3,SYNTHETIC DATA — PIPELINE/CONSTRAINT VERIFICATION ONLY
7,BLR_r2_c3,BLR,12.8716,77.5946,2.858,0.489,2.9,260.3,SYNTHETIC DATA — PIPELINE/CONSTRAINT VERIFICATION ONLY
7,BLR_r2_c4,BLR,12.8716,77.6946,2.563,0.439,2.6,260.3,SYNTHETIC DATA — PIPELINE/CONSTRAINT VERIFICATION ONLY
7,BLR_r2_c5,BLR,12.8716,77.7946,2.267,0.388,2.3,260.3,SYNTHETIC DATA — PIPELINE/CONSTRAINT VERIFICATION ONLY
7,BLR_r2_c6,BLR,12.8716,77.8946,1.971,0.338,2.0,260.3,SYNTHETIC DATA — PIPELINE/CONSTRAINT VERIFICATION ONLY
7,BLR_r3_c0,BLR,12.9716,77.2946,3.921,1.197,4.1,253.0,SYNTHETIC DATA — PIPELINE/CONSTRAINT VERIFICATION ONLY
7,BLR_r3_c1,BLR,12.9716,77.3946,3.634,1.11,3.8,253.0,SYNTHETIC DATA — PIPELINE/CONSTRAINT VERIFICATION ONLY
7,BLR_r3_c2,BLR,12.9716,77.4946,3.347,1.022,3.5,253.0,SYNTHETIC DATA — PIPELINE/CONSTRAINT VERIFICATION ONLY
7,BLR_r3_c3,BLR,12.9716,77.5946,3.061,0.934,3.2,253.0,SYNTHETIC DATA — PIPELINE/CONSTRAINT VERIFICATION ONLY
7,BLR_r3_c4,BLR,12.9716,77.6946,2.774,0.847,2.9,253.0,SYNTHETIC DATA — PIPELINE/CONSTRAINT VERIFICATION ONLY
7,BLR_r3_c5,BLR,12.9716,77.7946,2.487,0.759,2.6,253.0,SYNTHETIC DATA — PIPELINE/CONSTRAINT VERIFICATION ONLY
7,BLR_r3_c6,BLR,12.9716,77.8946,2.2,0.672,2.3,253.0,SYNTHETIC DATA — PIPELINE/CONSTRAINT VERIFICATION ONLY
7,BLR_r4_c0,BLR,13.0716,77.2946,4.062,1.692,4.4,247.4,SYNTHETIC DATA — PIPELINE/CONSTRAINT VERIFICATION ONLY
7,BLR_r4_c1,BLR,13.0716,77.3946,3.785,1.577,4.1,247.4,SYNTHETIC DATA — PIPELINE/CONSTRAINT VERIFICATION ONLY
7,BLR_r4_c2,BLR,13.0716,77.4946,3.508,1.461,3.8,247.4,SYNTHETIC DATA — PIPELINE/CONSTRAINT VERIFICATION ONLY
7,BLR_r4_c3,BLR,13.0716,77.5946,3.231,1.346,3.5,247.4,SYNTHETIC DATA — PIPELINE/CONSTRAINT VERIFICATION ONLY
7,BLR_r4_c4,BLR,13.0716,77.6946,2.954,1.231,3.2,247.4,SYNTHETIC DATA — PIPELINE/CONSTRAINT VERIFICATION ONLY
7,BLR_r4_c5,BLR,13.0716,77.7946,2.677,1.115,2.9,247.4,SYNTHETIC DATA — PIPELINE/CONSTRAINT VERIFICATION ONLY
7,BLR_r4_c6,BLR,13.0716,77.8946,2.4,1.0,2.6,247.4,SYNTHETIC DATA — PIPELINE/CONSTRAINT VERIFICATION ONLY
7,BLR_r5_c0,BLR,13.1716,77.2946,4.251,2.005,4.7,244.8,SYNTHETIC DATA — PIPELINE/CONSTRAINT VERIFICATION ONLY
7,BLR_r5_c1,BLR,13.1716,77.3946,3.98,1.877,4.4,244.8,SYNTHETIC DATA — PIPELINE/CONSTRAINT VERIFICATION ONLY
7,BLR_r5_c2,BLR,13.1716,77.4946,3.708,1.749,4.1,244.8,SYNTHETIC DATA — PIPELINE/CONSTRAINT VERIFICATION ONLY
7,BLR_r5_c3,BLR,13.1716,77.5946,3.437,1.621,3.8,244.8,SYNTHETIC DATA — PIPELINE/CONSTRAINT VERIFICATION ONLY
7,BLR_r5_c4,BLR,13.1716,77.6946,3.166,1.493,3.5,244.8,SYNTHETIC DATA — PIPELINE/CONSTRAINT VERIFICATION ONLY
7,BLR_r5_c5,BLR,13.1716,77.7946,2.894,1.365,3.2,244.8,SYNTHETIC DATA — PIPELINE/CONSTRAINT VERIFICATION ONLY
7,BLR_r5_c6,BLR,13.1716,77.8946,2.623,1.237,2.9,244.8,SYNTHETIC DATA — PIPELINE/CONSTRAINT VERIFICATION ONLY
7,BLR_r6_c0,BLR,13.2716,77.2946,4.56,2.052,5.0,245.8,SYNTHETIC DATA — PIPELINE/CONSTRAINT VERIFICATION ONLY
7,BLR_r6_c1,BLR,13.2716,77.3946,4.286,1.929,4.7,245.8,SYNTHETIC DATA — PIPELINE/CONSTRAINT VERIFICATION ONLY
7,BLR_r6_c2,BLR,13.2716,77.4946,4.012,1.806,4.4,245.8,SYNTHETIC DATA — PIPELINE/CONSTRAINT VERIFICATION ONLY
7,BLR_r6_c3,BLR,13.2716,77.5946,3.739,1.683,4.1,245.8,SYNTHETIC DATA — PIPELINE/CONSTRAINT VERIFICATION ONLY
7,BLR_r6_c4,BLR,13.2716,77.6946,3.465,1.559,3.8,245.8,SYNTHETIC DATA — PIPELINE/CONSTRAINT VERIFICATION ONLY
7,BLR_r6_c5,BLR,13.2716,77.7946,3.192,1.436,3.5,245.8,SYNTHETIC DATA — PIPELINE/CONSTRAINT VERIFICATION ONLY
7,BLR_r6_c6,BLR,13.2716,77.8946,2.918,1.313,3.2,245.8,SYNTHETIC DATA — PIPELINE/CONSTRAINT VERIFICATION ONLY
7,MAA_r0_c0,MAA,12.7827,79.9707,-2.355,2.166,3.2,132.6,SYNTHETIC DATA — PIPELINE/CONSTRAINT VERIFICATION ONLY
7,MAA_r0_c1,MAA,12.7827,80.0707,-2.134,1.963,2.9,132.6,SYNTHETIC DATA — PIPELINE/CONSTRAINT VERIFICATION ONLY
7,MAA_r0_c2,MAA,12.7827,80.1707,-1.914,1.76,2.6,132.6,SYNTHETIC DATA — PIPELINE/CONSTRAINT VERIFICATION ONLY
7,MAA_r0_c3,MAA,12.7827,80.2707,-1.693,1.557,2.3,132.6,SYNTHETIC DATA — PIPELINE/CONSTRAINT VERIFICATION ONLY
7,MAA_r0_c4,MAA,12.7827,80.3707,-1.472,1.354,2.0,132.6,SYNTHETIC DATA — PIPELINE/CONSTRAINT VERIFICATION ONLY
7,MAA_r0_c5,MAA,12.7827,80.4707,-1.251,1.151,1.7,132.6,SYNTHETIC DATA — PIPELINE/CONSTRAINT VERIFICATION ONLY
7,MAA_r0_c6,MAA,12.7827,80.5707,-1.03,0.948,1.4,132.6,SYNTHETIC DATA — PIPELINE/CONSTRAINT VERIFICATION ONLY
7,MAA_r1_c0,MAA,12.8827,79.9707,-2.781,2.125,3.5,127.4,SYNTHETIC DATA — PIPELINE/CONSTRAINT VERIFICATION ONLY
7,MAA_r1_c1,MAA,12.8827,80.0707,-2.542,1.943,3.2,127.4,SYNTHETIC DATA — PIPELINE/CONSTRAINT VERIFICATION ONLY
7,MAA_r1_c2,MAA,12.8827,80.1707,-2.304,1.761,2.9,127.4,SYNTHETIC DATA — PIPELINE/CONSTRAINT VERIFICATION ONLY
7,MAA_r1_c3,MAA,12.8827,80.2707,-2.066,1.579,2.6,127.4,SYNTHETIC DATA — PIPELINE/CONSTRAINT VERIFICATION ONLY
7,MAA_r1_c4,MAA,12.8827,80.3707,-1.827,1.397,2.3,127.4,SYNTHETIC DATA — PIPELINE/CONSTRAINT VERIFICATION ONLY
7,MAA_r1_c5,MAA,12.8827,80.4707,-1.589,1.215,2.0,127.4,SYNTHETIC DATA — PIPELINE/CONSTRAINT VERIFICATION ONLY
7,MAA_r1_c6,MAA,12.8827,80.5707,-1.351,1.032,1.7,127.4,SYNTHETIC DATA — PIPELINE/CONSTRAINT VERIFICATION ONLY
7,MAA_r2_c0,MAA,12.9827,79.9707,-3.281,1.916,3.8,120.3,SYNTHETIC DATA — PIPELINE/CONSTRAINT VERIFICATION ONLY
7,MAA_r2_c1,MAA,12.9827,80.0707,-3.022,1.765,3.5,120.3,SYNTHETIC DATA — PIPELINE/CONSTRAINT VERIFICATION ONLY
7,MAA_r2_c2,MAA,12.9827,80.1707,-2.763,1.614,3.2,120.3,SYNTHETIC DATA — PIPELINE/CONSTRAINT VERIFICATION ONLY
7,MAA_r2_c3,MAA,12.9827,80.2707,-2.504,1.462,2.9,120.3,SYNTHETIC DATA — PIPELINE/CONSTRAINT VERIFICATION ONLY
7,MAA_r2_c4,MAA,12.9827,80.3707,-2.245,1.311,2.6,120.3,SYNTHETIC DATA — PIPELINE/CONSTRAINT VERIFICATION ONLY
7,MAA_r2_c5,MAA,12.9827,80.4707,-1.986,1.16,2.3,120.3,SYNTHETIC DATA — PIPELINE/CONSTRAINT VERIFICATION ONLY
7,MAA_r2_c6,MAA,12.9827,80.5707,-1.727,1.009,2.0,120.3,SYNTHETIC DATA — PIPELINE/CONSTRAINT VERIFICATION ONLY
7,MAA_r3_c0,MAA,13.0827,79.9707,-3.773,1.603,4.1,113.0,SYNTHETIC DATA — PIPELINE/CONSTRAINT VERIFICATION ONLY
7,MAA_r3_c1,MAA,13.0827,80.0707,-3.497,1.486,3.8,113.0,SYNTHETIC DATA — PIPELINE/CONSTRAINT VERIFICATION ONLY
7,MAA_r3_c2,MAA,13.0827,80.1707,-3.221,1.369,3.5,113.0,SYNTHETIC DATA — PIPELINE/CONSTRAINT VERIFICATION ONLY
7,MAA_r3_c3,MAA,13.0827,80.2707,-2.945,1.251,3.2,113.0,SYNTHETIC DATA — PIPELINE/CONSTRAINT VERIFICATION ONLY
7,MAA_r3_c4,MAA,13.0827,80.3707,-2.669,1.134,2.9,113.0,SYNTHETIC DATA — PIPELINE/CONSTRAINT VERIFICATION ONLY
7,MAA_r3_c5,MAA,13.0827,80.4707,-2.393,1.017,2.6,113.0,SYNTHETIC DATA — PIPELINE/CONSTRAINT VERIFICATION ONLY
7,MAA_r3_c6,MAA,13.0827,80.5707,-2.117,0.899,2.3,113.0,SYNTHETIC DATA — PIPELINE/CONSTRAINT VERIFICATION ONLY
7,MAA_r4_c0,MAA,13.1827,79.9707,-4.199,1.315,4.4,107.4,SYNTHETIC DATA — PIPELINE/CONSTRAINT VERIFICATION ONLY
7,MAA_r4_c1,MAA,13.1827,80.0707,-3.913,1.225,4.1,107.4,SYNTHETIC DATA — PIPELINE/CONSTRAINT VERIFICATION ONLY
7,MAA_r4_c2,MAA,13.1827,80.1707,-3.626,1.135,3.8,107.4,SYNTHETIC DATA — PIPELINE/CONSTRAINT VERIFICATION ONLY
7,MAA_r4_c3,MAA,13.1827,80.2707,-3.34,1.046,3.5,107.4,SYNTHETIC DATA — PIPELINE/CONSTRAINT VERIFICATION ONLY
7,MAA_r4_c4,MAA,13.1827,80.3707,-3.054,0.956,3.2,107.4,SYNTHETIC DATA — PIPELINE/CONSTRAINT VERIFICATION ONLY
7,MAA_r4_c5,MAA,13.1827,80.4707,-2.768,0.866,2.9,107.4,SYNTHETIC DATA — PIPELINE/CONSTRAINT VERIFICATION ONLY
7,MAA_r4_c6,MAA,13.1827,80.5707,-2.481,0.777,2.6,107.4,SYNTHETIC DATA — PIPELINE/CONSTRAINT VERIFICATION ONLY
7,MAA_r5_c0,MAA,13.2827,79.9707,-4.545,1.197,4.7,104.8,SYNTHETIC DATA — PIPELINE/CONSTRAINT VERIFICATION ONLY
7,MAA_r5_c1,MAA,13.2827,80.0707,-4.255,1.121,4.4,104.8,SYNTHETIC DATA — PIPELINE/CONSTRAINT VERIFICATION ONLY
7,MAA_r5_c2,MAA,13.2827,80.1707,-3.965,1.044,4.1,104.8,SYNTHETIC DATA — PIPELINE/CONSTRAINT VERIFICATION ONLY
7,MAA_r5_c3,MAA,13.2827,80.2707,-3.675,0.968,3.8,104.8,SYNTHETIC DATA — PIPELINE/CONSTRAINT VERIFICATION ONLY
7,MAA_r5_c4,MAA,13.2827,80.3707,-3.385,0.891,3.5,104.8,SYNTHETIC DATA — PIPELINE/CONSTRAINT VERIFICATION ONLY
7,MAA_r5_c5,MAA,13.2827,80.4707,-3.094,0.815,3.2,104.8,SYNTHETIC DATA — PIPELINE/CONSTRAINT VERIFICATION ONLY
7,MAA_r5_c6,MAA,13.2827,80.5707,-2.804,0.739,2.9,104.8,SYNTHETIC DATA — PIPELINE/CONSTRAINT VERIFICATION ONLY
7,MAA_r6_c0,MAA,13.3827,79.9707,-4.812,1.359,5.0,105.8,SYNTHETIC DATA — PIPELINE/CONSTRAINT VERIFICATION ONLY
7,MAA_r6_c1,MAA,13.3827,80.0707,-4.523,1.278,4.7,105.8,SYNTHETIC DATA — PIPELINE/CONSTRAINT VERIFICATION ONLY
7,MAA_r6_c2,MAA,13.3827,80.1707,-4.234,1.196,4.4,105.8,SYNTHETIC DATA — PIPELINE/CONSTRAINT VERIFICATION ONLY
7,MAA_r6_c3,MAA,13.3827,80.2707,-3.946,1.114,4.1,105.8,SYNTHETIC DATA — PIPELINE/CONSTRAINT VERIFICATION ONLY
7,MAA_r6_c4,MAA,13.3827,80.3707,-3.657,1.033,3.8,105.8,SYNTHETIC DATA — PIPELINE/CONSTRAINT VERIFICATION ONLY
7,MAA_r6_c5,MAA,13.3827,80.4707,-3.368,0.951,3.5,105.8,SYNTHETIC DATA — PIPELINE/CONSTRAINT VERIFICATION ONLY
7,MAA_r6_c6,MAA,13.3827,80.5707,-3.08,0.87,3.2,105.8,SYNTHETIC DATA — PIPELINE/CONSTRAINT VERIFICATION ONLY
8,DEL_r0_c0,DEL,28.3139,76.909,1.656,-3.364,3.75,333.8,SYNTHETIC DATA — PIPELINE/CONSTRAINT VERIFICATION ONLY
8,DEL_r0_c1,DEL,28.3139,77.009,1.524,-3.095,3.45,333.8,SYNTHETIC DATA — PIPELINE/CONSTRAINT VERIFICATION ONLY
8,DEL_r0_c2,DEL,28.3139,77.109,1.391,-2.826,3.15,333.8,SYNTHETIC DATA — PIPELINE/CONSTRAINT VERIFICATION ONLY
8,DEL_r0_c3,DEL,28.3139,77.209,1.259,-2.557,2.85,333.8,SYNTHETIC DATA — PIPELINE/CONSTRAINT VERIFICATION ONLY
8,DEL_r0_c4,DEL,28.3139,77.309,1.126,-2.288,2.55,333.8,SYNTHETIC DATA — PIPELINE/CONSTRAINT VERIFICATION ONLY
8,DEL_r0_c5,DEL,28.3139,77.409,0.994,-2.019,2.25,333.8,SYNTHETIC DATA — PIPELINE/CONSTRAINT VERIFICATION ONLY
8,DEL_r0_c6,DEL,28.3139,77.509,0.861,-1.75,1.95,333.8,SYNTHETIC DATA — PIPELINE/CONSTRAINT VERIFICATION ONLY
8,DEL_r1_c0,DEL,28.4139,76.909,2.191,-3.406,4.05,327.2,SYNTHETIC DATA — PIPELINE/CONSTRAINT VERIFICATION ONLY
8,DEL_r1_c1,DEL,28.4139,77.009,2.029,-3.154,3.75,327.2,SYNTHETIC DATA — PIPELINE/CONSTRAINT VERIFICATION ONLY
8,DEL_r1_c2,DEL,28.4139,77.109,1.866,-2.902,3.45,327.2,SYNTHETIC DATA — PIPELINE/CONSTRAINT VERIFICATION ONLY
8,DEL_r1_c3,DEL,28.4139,77.209,1.704,-2.649,3.15,327.2,SYNTHETIC DATA — PIPELINE/CONSTRAINT VERIFICATION ONLY
8,DEL_r1_c4,DEL,28.4139,77.309,1.542,-2.397,2.85,327.2,SYNTHETIC DATA — PIPELINE/CONSTRAINT VERIFICATION ONLY
8,DEL_r1_c5,DEL,28.4139,77.409,1.38,-2.145,2.55,327.2,SYNTHETIC DATA — PIPELINE/CONSTRAINT VERIFICATION ONLY
8,DEL_r1_c6,DEL,28.4139,77.509,1.217,-1.892,2.25,327.2,SYNTHETIC DATA — PIPELINE/CONSTRAINT VERIFICATION ONLY
8,DEL_r2_c0,DEL,28.5139,76.909,2.806,-3.324,4.35,319.8,SYNTHETIC DATA — PIPELINE/CONSTRAINT VERIFICATION ONLY
8,DEL_r2_c1,DEL,28.5139,77.009,2.613,-3.095,4.05,319.8,SYNTHETIC DATA — PIPELINE/CONSTRAINT VERIFICATION ONLY
8,DEL_r2_c2,DEL,28.5139,77.109,2.419,-2.865,3.75,319.8,SYNTHETIC DATA — PIPELINE/CONSTRAINT VERIFICATION ONLY
8,DEL_r2_c3,DEL,28.5139,77.209,2.226,-2.636,3.45,319.8,SYNTHETIC DATA — PIPELINE/CONSTRAINT VERIFICATION ONLY
8,DEL_r2_c4,DEL,28.5139,77.309,2.032,-2.407,3.15,319.8,SYNTHETIC DATA — PIPELINE/CONSTRAINT VERIFICATION ONLY
8,DEL_r2_c5,DEL,28.5139,77.409,1.839,-2.178,2.85,319.8,SYNTHETIC DATA — PIPELINE/CONSTRAINT VERIFICATION ONLY
8,DEL_r2_c6,DEL,28.5139,77.509,1.645,-1.948,2.55,319.8,SYNTHETIC DATA — PIPELINE/CONSTRAINT VERIFICATION ONLY
8,DEL_r3_c0,DEL,28.6139,76.909,3.382,-3.192,4.65,313.3,SYNTHETIC DATA — PIPELINE/CONSTRAINT VERIFICATION ONLY
8,DEL_r3_c1,DEL,28.6139,77.009,3.164,-2.986,4.35,313.3,SYNTHETIC DATA — PIPELINE/CONSTRAINT VERIFICATION ONLY
8,DEL_r3_c2,DEL,28.6139,77.109,2.945,-2.78,4.05,313.3,SYNTHETIC DATA — PIPELINE/CONSTRAINT VERIFICATION ONLY
8,DEL_r3_c3,DEL,28.6139,77.209,2.727,-2.574,3.75,313.3,SYNTHETIC DATA — PIPELINE/CONSTRAINT VERIFICATION ONLY
8,DEL_r3_c4,DEL,28.6139,77.309,2.509,-2.368,3.45,313.3,SYNTHETIC DATA — PIPELINE/CONSTRAINT VERIFICATION ONLY
8,DEL_r3_c5,DEL,28.6139,77.409,2.291,-2.162,3.15,313.3,SYNTHETIC DATA — PIPELINE/CONSTRAINT VERIFICATION ONLY
8,DEL_r3_c6,DEL,28.6139,77.509,2.073,-1.956,2.85,313.3,SYNTHETIC DATA — PIPELINE/CONSTRAINT VERIFICATION ONLY
8,DEL_r4_c0,DEL,28.7139,76.909,3.826,-3.141,4.95,309.4,SYNTHETIC DATA — PIPELINE/CONSTRAINT VERIFICATION ONLY
8,DEL_r4_c1,DEL,28.7139,77.009,3.594,-2.951,4.65,309.4,SYNTHETIC DATA — PIPELINE/CONSTRAINT VERIFICATION ONLY
8,DEL_r4_c2,DEL,28.7139,77.109,3.362,-2.76,4.35,309.4,SYNTHETIC DATA — PIPELINE/CONSTRAINT VERIFICATION ONLY
8,DEL_r4_c3,DEL,28.7139,77.209,3.13,-2.57,4.05,309.4,SYNTHETIC DATA — PIPELINE/CONSTRAINT VERIFICATION ONLY
8,DEL_r4_c4,DEL,28.7139,77.309,2.898,-2.38,3.75,309.4,SYNTHETIC DATA — PIPELINE/CONSTRAINT VERIFICATION ONLY
8,DEL_r4_c5,DEL,28.7139,77.409,2.666,-2.189,3.45,309.4,SYNTHETIC DATA — PIPELINE/CONSTRAINT VERIFICATION ONLY
8,DEL_r4_c6,DEL,28.7139,77.509,2.435,-1.999,3.15,309.4,SYNTHETIC DATA — PIPELINE/CONSTRAINT VERIFICATION ONLY
8,DEL_r5_c0,DEL,28.8139,76.909,4.084,-3.298,5.25,308.9,SYNTHETIC DATA — PIPELINE/CONSTRAINT VERIFICATION ONLY
8,DEL_r5_c1,DEL,28.8139,77.009,3.851,-3.11,4.95,308.9,SYNTHETIC DATA — PIPELINE/CONSTRAINT VERIFICATION ONLY
8,DEL_r5_c2,DEL,28.8139,77.109,3.618,-2.922,4.65,308.9,SYNTHETIC DATA — PIPELINE/CONSTRAINT VERIFICATION ONLY
8,DEL_r5_c3,DEL,28.8139,77.209,3.384,-2.733,4.35,308.9,SYNTHETIC DATA — PIPELINE/CONSTRAINT VERIFICATION ONLY
8,DEL_r5_c4,DEL,28.8139,77.309,3.151,-2.545,4.05,308.9,SYNTHETIC DATA — PIPELINE/CONSTRAINT VERIFICATION ONLY
8,DEL_r5_c5,DEL,28.8139,77.409,2.917,-2.356,3.75,308.9,SYNTHETIC DATA — PIPELINE/CONSTRAINT VERIFICATION ONLY
8,DEL_r5_c6,DEL,28.8139,77.509,2.684,-2.168,3.45,308.9,SYNTHETIC DATA — PIPELINE/CONSTRAINT VERIFICATION ONLY
8,DEL_r6_c0,DEL,28.9139,76.909,4.12,-3.719,5.55,312.1,SYNTHETIC DATA — PIPELINE/CONSTRAINT VERIFICATION ONLY
8,DEL_r6_c1,DEL,28.9139,77.009,3.897,-3.518,5.25,312.1,SYNTHETIC DATA — PIPELINE/CONSTRAINT VERIFICATION ONLY
8,DEL_r6_c2,DEL,28.9139,77.109,3.675,-3.317,4.95,312.1,SYNTHETIC DATA — PIPELINE/CONSTRAINT VERIFICATION ONLY
8,DEL_r6_c3,DEL,28.9139,77.209,3.452,-3.116,4.65,312.1,SYNTHETIC DATA — PIPELINE/CONSTRAINT VERIFICATION ONLY
8,DEL_r6_c4,DEL,28.9139,77.309,3.229,-2.915,4.35,312.1,SYNTHETIC DATA — PIPELINE/CONSTRAINT VERIFICATION ONLY
8,DEL_r6_c5,DEL,28.9139,77.409,3.006,-2.714,4.05,312.1,SYNTHETIC DATA — PIPELINE/CONSTRAINT VERIFICATION ONLY
8,DEL_r6_c6,DEL,28.9139,77.509,2.784,-2.513,3.75,312.1,SYNTHETIC DATA — PIPELINE/CONSTRAINT VERIFICATION ONLY
8,BOM_r0_c0,BOM,18.776,72.5777,3.749,0.079,3.75,268.8,SYNTHETIC DATA — PIPELINE/CONSTRAINT VERIFICATION ONLY
8,BOM_r0_c1,BOM,18.776,72.6777,3.449,0.073,3.45,268.8,SYNTHETIC DATA — PIPELINE/CONSTRAINT VERIFICATION ONLY
8,BOM_r0_c2,BOM,18.776,72.7777,3.149,0.066,3.15,268.8,SYNTHETIC DATA — PIPELINE/CONSTRAINT VERIFICATION ONLY
8,BOM_r0_c3,BOM,18.776,72.8777,2.849,0.06,2.85,268.8,SYNTHETIC DATA — PIPELINE/CONSTRAINT VERIFICATION ONLY
8,BOM_r0_c4,BOM,18.776,72.9777,2.549,0.054,2.55,268.8,SYNTHETIC DATA — PIPELINE/CONSTRAINT VERIFICATION ONLY
8,BOM_r0_c5,BOM,18.776,73.0777,2.25,0.047,2.25,268.8,SYNTHETIC DATA — PIPELINE/CONSTRAINT VERIFICATION ONLY
8,BOM_r0_c6,BOM,18.776,73.1777,1.95,0.041,1.95,268.8,SYNTHETIC DATA — PIPELINE/CONSTRAINT VERIFICATION ONLY
8,BOM_r1_c0,BOM,18.876,72.5777,4.013,0.546,4.05,262.2,SYNTHETIC DATA — PIPELINE/CONSTRAINT VERIFICATION ONLY
8,BOM_r1_c1,BOM,18.876,72.6777,3.716,0.506,3.75,262.2,SYNTHETIC DATA — PIPELINE/CONSTRAINT VERIFICATION ONLY
8,BOM_r1_c2,BOM,18.876,72.7777,3.418,0.465,3.45,262.2,SYNTHETIC DATA — PIPELINE/CONSTRAINT VERIFICATION ONLY
8,BOM_r1_c3,BOM,18.876,72.8777,3.121,0.425,3.15,262.2,SYNTHETIC DATA — PIPELINE/CONSTRAINT VERIFICATION ONLY
8,BOM_r1_c4,BOM,18.876,72.9777,2.824,0.384,2.85,262.2,SYNTHETIC DATA — PIPELINE/CONSTRAINT VERIFICATION ONLY
8,BOM_r1_c5,BOM,18.876,73.0777,2.527,0.344,2.55,262.2,SYNTHETIC DATA — PIPELINE/CONSTRAINT VERIFICATION ONLY
8,BOM_r1_c6,BOM,18.876,73.1777,2.229,0.303,2.25,262.2,SYNTHETIC DATA — PIPELINE/CONSTRAINT VERIFICATION ONLY
8,BOM_r2_c0,BOM,18.976,72.5777,4.198,1.139,4.35,254.8,SYNTHETIC DATA — PIPELINE/CONSTRAINT VERIFICATION ONLY
8,BOM_r2_c1,BOM,18.976,72.6777,3.909,1.06,4.05,254.8,SYNTHETIC DATA — PIPELINE/CONSTRAINT VERIFICATION ONLY
8,BOM_r2_c2,BOM,18.976,72.7777,3.619,0.981,3.75,254.8,SYNTHETIC DATA — PIPELINE/CONSTRAINT VERIFICATION ONLY
8,BOM_r2_c3,BOM,18.976,72.8777,3.33,0.903,3.45,254.8,SYNTHETIC DATA — PIPELINE/CONSTRAINT VERIFICATION ONLY
8,BOM_r2_c4,BOM,18.976,72.9777,3.04,0.824,3.15,254.8,SYNTHETIC DATA — PIPELINE/CONSTRAINT VERIFICATION ONLY
8,BOM_r2_c5,BOM,18.976,73.0777,2.751,0.746,2.85,254.8,SYNTHETIC DATA — PIPELINE/CONSTRAINT VERIFICATION ONLY
8,BOM_r2_c6,BOM,18.976,73.1777,2.461,0.667,2.55,254.8,SYNTHETIC DATA — PIPELINE/CONSTRAINT VERIFICATION ONLY
8,BOM_r3_c0,BOM,19.076,72.5777,4.322,1.716,4.65,248.3,SYNTHETIC DATA — PIPELINE/CONSTRAINT VERIFICATION ONLY
8,BOM_r3_c1,BOM,19.076,72.6777,4.043,1.605,4.35,248.3,SYNTHETIC DATA — PIPELINE/CONSTRAINT VERIFICATION ONLY
8,BOM_r3_c2,BOM,19.076,72.7777,3.764,1.495,4.05,248.3,SYNTHETIC DATA — PIPELINE/CONSTRAINT VERIFICATION ONLY
8,BOM_r3_c3,BOM,19.076,72.8777,3.485,1.384,3.75,248.3,SYNTHETIC DATA — PIPELINE/CONSTRAINT VERIFICATION ONLY
8,BOM_r3_c4,BOM,19.076,72.9777,3.206,1.273,3.45,248.3,SYNTHETIC DATA — PIPELINE/CONSTRAINT VERIFICATION ONLY
8,BOM_r3_c5,BOM,19.076,73.0777,2.928,1.162,3.15,248.3,SYNTHETIC DATA — PIPELINE/CONSTRAINT VERIFICATION ONLY
8,BOM_r3_c6,BOM,19.076,73.1777,2.649,1.052,2.85,248.3,SYNTHETIC DATA — PIPELINE/CONSTRAINT VERIFICATION ONLY
8,BOM_r4_c0,BOM,19.176,72.5777,4.464,2.14,4.95,244.4,SYNTHETIC DATA — PIPELINE/CONSTRAINT VERIFICATION ONLY
8,BOM_r4_c1,BOM,19.176,72.6777,4.193,2.01,4.65,244.4,SYNTHETIC DATA — PIPELINE/CONSTRAINT VERIFICATION ONLY
8,BOM_r4_c2,BOM,19.176,72.7777,3.923,1.881,4.35,244.4,SYNTHETIC DATA — PIPELINE/CONSTRAINT VERIFICATION ONLY
8,BOM_r4_c3,BOM,19.176,72.8777,3.652,1.751,4.05,244.4,SYNTHETIC DATA — PIPELINE/CONSTRAINT VERIFICATION ONLY
8,BOM_r4_c4,BOM,19.176,72.9777,3.381,1.621,3.75,244.4,SYNTHETIC DATA — PIPELINE/CONSTRAINT VERIFICATION ONLY
8,BOM_r4_c5,BOM,19.176,73.0777,3.111,1.491,3.45,244.4,SYNTHETIC DATA — PIPELINE/CONSTRAINT VERIFICATION ONLY
8,BOM_r4_c6,BOM,19.176,73.1777,2.84,1.362,3.15,244.4,SYNTHETIC DATA — PIPELINE/CONSTRAINT VERIFICATION ONLY
8,BOM_r5_c0,BOM,19.276,72.5777,4.716,2.308,5.25,243.9,SYNTHETIC DATA — PIPELINE/CONSTRAINT VERIFICATION ONLY
8,BOM_r5_c1,BOM,19.276,72.6777,4.446,2.176,4.95,243.9,SYNTHETIC DATA — PIPELINE/CONSTRAINT VERIFICATION ONLY
8,BOM_r5_c2,BOM,19.276,72.7777,4.177,2.044,4.65,243.9,SYNTHETIC DATA — PIPELINE/CONSTRAINT VERIFICATION ONLY
8,BOM_r5_c3,BOM,19.276,72.8777,3.907,1.912,4.35,243.9,SYNTHETIC DATA — PIPELINE/CONSTRAINT VERIFICATION ONLY
8,BOM_r5_c4,BOM,19.276,72.9777,3.638,1.78,4.05,243.9,SYNTHETIC DATA — PIPELINE/CONSTRAINT VERIFICATION ONLY
8,BOM_r5_c5,BOM,19.276,73.0777,3.368,1.648,3.75,243.9,SYNTHETIC DATA — PIPELINE/CONSTRAINT VERIFICATION ONLY
8,BOM_r5_c6,BOM,19.276,73.1777,3.099,1.517,3.45,243.9,SYNTHETIC DATA — PIPELINE/CONSTRAINT VERIFICATION ONLY
8,BOM_r6_c0,BOM,19.376,72.5777,5.111,2.162,5.55,247.1,SYNTHETIC DATA — PIPELINE/CONSTRAINT VERIFICATION ONLY
8,BOM_r6_c1,BOM,19.376,72.6777,4.835,2.046,5.25,247.1,SYNTHETIC DATA — PIPELINE/CONSTRAINT VERIFICATION ONLY
8,BOM_r6_c2,BOM,19.376,72.7777,4.559,1.929,4.95,247.1,SYNTHETIC DATA — PIPELINE/CONSTRAINT VERIFICATION ONLY
8,BOM_r6_c3,BOM,19.376,72.8777,4.283,1.812,4.65,247.1,SYNTHETIC DATA — PIPELINE/CONSTRAINT VERIFICATION ONLY
8,BOM_r6_c4,BOM,19.376,72.9777,4.006,1.695,4.35,247.1,SYNTHETIC DATA — PIPELINE/CONSTRAINT VERIFICATION ONLY
8,BOM_r6_c5,BOM,19.376,73.0777,3.73,1.578,4.05,247.1,SYNTHETIC DATA — PIPELINE/CONSTRAINT VERIFICATION ONLY
8,BOM_r6_c6,BOM,19.376,73.1777,3.454,1.461,3.75,247.1,SYNTHETIC DATA — PIPELINE/CONSTRAINT VERIFICATION ONLY
8,LKO_r0_c0,LKO,26.5467,80.6462,2.47,-2.821,3.75,318.8,SYNTHETIC DATA — PIPELINE/CONSTRAINT VERIFICATION ONLY
8,LKO_r0_c1,LKO,26.5467,80.7462,2.273,-2.596,3.45,318.8,SYNTHETIC DATA — PIPELINE/CONSTRAINT VERIFICATION ONLY
8,LKO_r0_c2,LKO,26.5467,80.8462,2.075,-2.37,3.15,318.8,SYNTHETIC DATA — PIPELINE/CONSTRAINT VERIFICATION ONLY
8,LKO_r0_c3,LKO,26.5467,80.9462,1.878,-2.144,2.85,318.8,SYNTHETIC DATA — PIPELINE/CONSTRAINT VERIFICATION ONLY
8,LKO_r0_c4,LKO,26.5467,81.0462,1.68,-1.918,2.55,318.8,SYNTHETIC DATA — PIPELINE/CONSTRAINT VERIFICATION ONLY
8,LKO_r0_c5,LKO,26.5467,81.1462,1.482,-1.693,2.25,318.8,SYNTHETIC DATA — PIPELINE/CONSTRAINT VERIFICATION ONLY
8,LKO_r0_c6,LKO,26.5467,81.2462,1.285,-1.467,1.95,318.8,SYNTHETIC DATA — PIPELINE/CONSTRAINT VERIFICATION ONLY
8,LKO_r1_c0,LKO,26.6467,80.6462,2.998,-2.723,4.05,312.2,SYNTHETIC DATA — PIPELINE/CONSTRAINT VERIFICATION ONLY
8,LKO_r1_c1,LKO,26.6467,80.7462,2.776,-2.521,3.75,312.2,SYNTHETIC DATA — PIPELINE/CONSTRAINT VERIFICATION ONLY
8,LKO_r1_c2,LKO,26.6467,80.8462,2.554,-2.32,3.45,312.2,SYNTHETIC DATA — PIPELINE/CONSTRAINT VERIFICATION ONLY
8,LKO_r1_c3,LKO,26.6467,80.9462,2.332,-2.118,3.15,312.2,SYNTHETIC DATA — PIPELINE/CONSTRAINT VERIFICATION ONLY
8,LKO_r1_c4,LKO,26.6467,81.0462,2.11,-1.916,2.85,312.2,SYNTHETIC DATA — PIPELINE/CONSTRAINT VERIFICATION ONLY
8,LKO_r1_c5,LKO,26.6467,81.1462,1.888,-1.715,2.55,312.2,SYNTHETIC DATA — PIPELINE/CONSTRAINT VERIFICATION ONLY
8,LKO_r1_c6,LKO,26.6467,81.2462,1.666,-1.513,2.25,312.2,SYNTHETIC DATA — PIPELINE/CONSTRAINT VERIFICATION ONLY
8,LKO_r2_c0,LKO,26.7467,80.6462,3.571,-2.484,4.35,304.8,SYNTHETIC DATA — PIPELINE/CONSTRAINT VERIFICATION ONLY
8,LKO_r2_c1,LKO,26.7467,80.7462,3.325,-2.313,4.05,304.8,SYNTHETIC DATA — PIPELINE/CONSTRAINT VERIFICATION ONLY
8,LKO_r2_c2,LKO,26.7467,80.8462,3.078,-2.142,3.75,304.8,SYNTHETIC DATA — PIPELINE/CONSTRAINT VERIFICATION ONLY
8,LKO_r2_c3,LKO,26.7467,80.9462,2.832,-1.97,3.45,304.8,SYNTHETIC DATA — PIPELINE/CONSTRAINT VERIFICATION ONLY
8,LKO_r2_c4,LKO,26.7467,81.0462,2.586,-1.799,3.15,304.8,SYNTHETIC DATA — PIPELINE/CONSTRAINT VERIFICATION ONLY
8,LKO_r2_c5,LKO,26.7467,81.1462,2.34,-1.628,2.85,304.8,SYNTHETIC DATA — PIPELINE/CONSTRAINT VERIFICATION ONLY
8,LKO_r2_c6,LKO,26.7467,81.2462,2.093,-1.456,2.55,304.8,SYNTHETIC DATA — PIPELINE/CONSTRAINT VERIFICATION ONLY
8,LKO_r3_c0,LKO,26.8467,80.6462,4.093,-2.208,4.65,298.3,SYNTHETIC DATA — PIPELINE/CONSTRAINT VERIFICATION ONLY
8,LKO_r3_c1,LKO,26.8467,80.7462,3.829,-2.065,4.35,298.3,SYNTHETIC DATA — PIPELINE/CONSTRAINT VERIFICATION ONLY
8,LKO_r3_c2,LKO,26.8467,80.8462,3.564,-1.923,4.05,298.3,SYNTHETIC DATA — PIPELINE/CONSTRAINT VERIFICATION ONLY
8,LKO_r3_c3,LKO,26.8467,80.9462,3.3,-1.78,3.75,298.3,SYNTHETIC DATA — PIPELINE/CONSTRAINT VERIFICATION ONLY
8,LKO_r3_c4,LKO,26.8467,81.0462,3.036,-1.638,3.45,298.3,SYNTHETIC DATA — PIPELINE/CONSTRAINT VERIFICATION ONLY
8,LKO_r3_c5,LKO,26.8467,81.1462,2.772,-1.495,3.15,298.3,SYNTHETIC DATA — PIPELINE/CONSTRAINT VERIFICATION ONLY
8,LKO_r3_c6,LKO,26.8467,81.2462,2.508,-1.353,2.85,298.3,SYNTHETIC DATA — PIPELINE/CONSTRAINT VERIFICATION ONLY
8,LKO_r4_c0,LKO,26.9467,80.6462,4.508,-2.044,4.95,294.4,SYNTHETIC DATA — PIPELINE/CONSTRAINT VERIFICATION ONLY
8,LKO_r4_c1,LKO,26.9467,80.7462,4.235,-1.92,4.65,294.4,SYNTHETIC DATA — PIPELINE/CONSTRAINT VERIFICATION ONLY
8,LKO_r4_c2,LKO,26.9467,80.8462,3.962,-1.796,4.35,294.4,SYNTHETIC DATA — PIPELINE/CONSTRAINT VERIFICATION ONLY
8,LKO_r4_c3,LKO,26.9467,80.9462,3.689,-1.672,4.05,294.4,SYNTHETIC DATA — PIPELINE/CONSTRAINT VERIFICATION ONLY
8,LKO_r4_c4,LKO,26.9467,81.0462,3.415,-1.548,3.75,294.4,SYNTHETIC DATA — PIPELINE/CONSTRAINT VERIFICATION ONLY
8,LKO_r4_c5,LKO,26.9467,81.1462,3.142,-1.424,3.45,294.4,SYNTHETIC DATA — PIPELINE/CONSTRAINT VERIFICATION ONLY
8,LKO_r4_c6,LKO,26.9467,81.2462,2.869,-1.301,3.15,294.4,SYNTHETIC DATA — PIPELINE/CONSTRAINT VERIFICATION ONLY
8,LKO_r5_c0,LKO,27.0467,80.6462,4.799,-2.129,5.25,293.9,SYNTHETIC DATA — PIPELINE/CONSTRAINT VERIFICATION ONLY
8,LKO_r5_c1,LKO,27.0467,80.7462,4.525,-2.007,4.95,293.9,SYNTHETIC DATA — PIPELINE/CONSTRAINT VERIFICATION ONLY
8,LKO_r5_c2,LKO,27.0467,80.8462,4.251,-1.886,4.65,293.9,SYNTHETIC DATA — PIPELINE/CONSTRAINT VERIFICATION ONLY
8,LKO_r5_c3,LKO,27.0467,80.9462,3.976,-1.764,4.35,293.9,SYNTHETIC DATA — PIPELINE/CONSTRAINT VERIFICATION ONLY
8,LKO_r5_c4,LKO,27.0467,81.0462,3.702,-1.642,4.05,293.9,SYNTHETIC DATA — PIPELINE/CONSTRAINT VERIFICATION ONLY
8,LKO_r5_c5,LKO,27.0467,81.1462,3.428,-1.521,3.75,293.9,SYNTHETIC DATA — PIPELINE/CONSTRAINT VERIFICATION ONLY
8,LKO_r5_c6,LKO,27.0467,81.2462,3.154,-1.399,3.45,293.9,SYNTHETIC DATA — PIPELINE/CONSTRAINT VERIFICATION ONLY
8,LKO_r6_c0,LKO,27.1467,80.6462,4.942,-2.526,5.55,297.1,SYNTHETIC DATA — PIPELINE/CONSTRAINT VERIFICATION ONLY
8,LKO_r6_c1,LKO,27.1467,80.7462,4.675,-2.389,5.25,297.1,SYNTHETIC DATA — PIPELINE/CONSTRAINT VERIFICATION ONLY
8,LKO_r6_c2,LKO,27.1467,80.8462,4.408,-2.253,4.95,297.1,SYNTHETIC DATA — PIPELINE/CONSTRAINT VERIFICATION ONLY
8,LKO_r6_c3,LKO,27.1467,80.9462,4.141,-2.116,4.65,297.1,SYNTHETIC DATA — PIPELINE/CONSTRAINT VERIFICATION ONLY
8,LKO_r6_c4,LKO,27.1467,81.0462,3.874,-1.98,4.35,297.1,SYNTHETIC DATA — PIPELINE/CONSTRAINT VERIFICATION ONLY
8,LKO_r6_c5,LKO,27.1467,81.1462,3.606,-1.843,4.05,297.1,SYNTHETIC DATA — PIPELINE/CONSTRAINT VERIFICATION ONLY
8,LKO_r6_c6,LKO,27.1467,81.2462,3.339,-1.706,3.75,297.1,SYNTHETIC DATA — PIPELINE/CONSTRAINT VERIFICATION ONLY
8,VNS_r0_c0,VNS,25.0176,82.6739,2.923,-2.349,3.75,308.8,SYNTHETIC DATA — PIPELINE/CONSTRAINT VERIFICATION ONLY
8,VNS_r0_c1,VNS,25.0176,82.7739,2.689,-2.161,3.45,308.8,SYNTHETIC DATA — PIPELINE/CONSTRAINT VERIFICATION ONLY
8,VNS_r0_c2,VNS,25.0176,82.8739,2.455,-1.973,3.15,308.8,SYNTHETIC DATA — PIPELINE/CONSTRAINT VERIFICATION ONLY
8,VNS_r0_c3,VNS,25.0176,82.9739,2.221,-1.786,2.85,308.8,SYNTHETIC DATA — PIPELINE/CONSTRAINT VERIFICATION ONLY
8,VNS_r0_c4,VNS,25.0176,83.0739,1.988,-1.598,2.55,308.8,SYNTHETIC DATA — PIPELINE/CONSTRAINT VERIFICATION ONLY
8,VNS_r0_c5,VNS,25.0176,83.1739,1.754,-1.41,2.25,308.8,SYNTHETIC DATA — PIPELINE/CONSTRAINT VERIFICATION ONLY
8,VNS_r0_c6,VNS,25.0176,83.2739,1.52,-1.222,1.95,308.8,SYNTHETIC DATA — PIPELINE/CONSTRAINT VERIFICATION ONLY
8,VNS_r1_c0,VNS,25.1176,82.6739,3.425,-2.161,4.05,302.2,SYNTHETIC DATA — PIPELINE/CONSTRAINT VERIFICATION ONLY
8,VNS_r1_c1,VNS,25.1176,82.7739,3.172,-2.001,3.75,302.2,SYNTHETIC DATA — PIPELINE/CONSTRAINT VERIFICATION ONLY
8,VNS_r1_c2,VNS,25.1176,82.8739,2.918,-1.841,3.45,302.2,SYNTHETIC DATA — PIPELINE/CONSTRAINT VERIFICATION ONLY
8,VNS_r1_c3,VNS,25.1176,82.9739,2.664,-1.681,3.15,302.2,SYNTHETIC DATA — PIPELINE/CONSTRAINT VERIFICATION ONLY
8,VNS_r1_c4,VNS,25.1176,83.0739,2.41,-1.521,2.85,302.2,SYNTHETIC DATA — PIPELINE/CONSTRAINT VERIFICATION ONLY
8,VNS_r1_c5,VNS,25.1176,83.1739,2.157,-1.361,2.55,302.2,SYNTHETIC DATA — PIPELINE/CONSTRAINT VERIFICATION ONLY
8,VNS_r1_c6,VNS,25.1176,83.2739,1.903,-1.201,2.25,302.2,SYNTHETIC DATA — PIPELINE/CONSTRAINT VERIFICATION ONLY
8,VNS_r2_c0,VNS,25.2176,82.6739,3.948,-1.826,4.35,294.8,SYNTHETIC DATA — PIPELINE/CONSTRAINT VERIFICATION ONLY
8,VNS_r2_c1,VNS,25.2176,82.7739,3.676,-1.701,4.05,294.8,SYNTHETIC DATA — PIPELINE/CONSTRAINT VERIFICATION ONLY
8,VNS_r2_c2,VNS,25.2176,82.8739,3.403,-1.575,3.75,294.8,SYNTHETIC DATA — PIPELINE/CONSTRAINT VERIFICATION ONLY
8,VNS_r2_c3,VNS,25.2176,82.9739,3.131,-1.449,3.45,294.8,SYNTHETIC DATA — PIPELINE/CONSTRAINT VERIFICATION ONLY
8,VNS_r2_c4,VNS,25.2176,83.0739,2.859,-1.323,3.15,294.8,SYNTHETIC DATA — PIPELINE/CONSTRAINT VERIFICATION ONLY
8,VNS_r2_c5,VNS,25.2176,83.1739,2.587,-1.197,2.85,294.8,SYNTHETIC DATA — PIPELINE/CONSTRAINT VERIFICATION ONLY
8,VNS_r2_c6,VNS,25.2176,83.2739,2.314,-1.071,2.55,294.8,SYNTHETIC DATA — PIPELINE/CONSTRAINT VERIFICATION ONLY
8,VNS_r3_c0,VNS,25.3176,82.6739,4.414,-1.463,4.65,288.3,SYNTHETIC DATA — PIPELINE/CONSTRAINT VERIFICATION ONLY
8,VNS_r3_c1,VNS,25.3176,82.7739,4.129,-1.369,4.35,288.3,SYNTHETIC DATA — PIPELINE/CONSTRAINT VERIFICATION ONLY
8,VNS_r3_c2,VNS,25.3176,82.8739,3.844,-1.275,4.05,288.3,SYNTHETIC DATA — PIPELINE/CONSTRAINT VERIFICATION ONLY
8,VNS_r3_c3,VNS,25.3176,82.9739,3.559,-1.18,3.75,288.3,SYNTHETIC DATA — PIPELINE/CONSTRAINT VERIFICATION ONLY
8,VNS_r3_c4,VNS,25.3176,83.0739,3.275,-1.086,3.45,288.3,SYNTHETIC DATA — PIPELINE/CONSTRAINT VERIFICATION ONLY
8,VNS_r3_c5,VNS,25.3176,83.1739,2.99,-0.991,3.15,288.3,SYNTHETIC DATA — PIPELINE/CONSTRAINT VERIFICATION ONLY
8,VNS_r3_c6,VNS,25.3176,83.2739,2.705,-0.897,2.85,288.3,SYNTHETIC DATA — PIPELINE/CONSTRAINT VERIFICATION ONLY
8,VNS_r4_c0,VNS,25.4176,82.6739,4.795,-1.23,4.95,284.4,SYNTHETIC DATA — PIPELINE/CONSTRAINT VERIFICATION ONLY
8,VNS_r4_c1,VNS,25.4176,82.7739,4.504,-1.155,4.65,284.4,SYNTHETIC DATA — PIPELINE/CONSTRAINT VERIFICATION ONLY
8,VNS_r4_c2,VNS,25.4176,82.8739,4.214,-1.081,4.35,284.4,SYNTHETIC DATA — PIPELINE/CONSTRAINT VERIFICATION ONLY
8,VNS_r4_c3,VNS,25.4176,82.9739,3.923,-1.006,4.05,284.4,SYNTHETIC DATA — PIPELINE/CONSTRAINT VERIFICATION ONLY
8,VNS_r4_c4,VNS,25.4176,83.0739,3.632,-0.932,3.75,284.4,SYNTHETIC DATA — PIPELINE/CONSTRAINT VERIFICATION ONLY
8,VNS_r4_c5,VNS,25.4176,83.1739,3.342,-0.857,3.45,284.4,SYNTHETIC DATA — PIPELINE/CONSTRAINT VERIFICATION ONLY
8,VNS_r4_c6,VNS,25.4176,83.2739,3.051,-0.783,3.15,284.4,SYNTHETIC DATA — PIPELINE/CONSTRAINT VERIFICATION ONLY
8,VNS_r5_c0,VNS,25.5176,82.6739,5.096,-1.263,5.25,283.9,SYNTHETIC DATA — PIPELINE/CONSTRAINT VERIFICATION ONLY
8,VNS_r5_c1,VNS,25.5176,82.7739,4.805,-1.191,4.95,283.9,SYNTHETIC DATA — PIPELINE/CONSTRAINT VERIFICATION ONLY
8,VNS_r5_c2,VNS,25.5176,82.8739,4.513,-1.119,4.65,283.9,SYNTHETIC DATA — PIPELINE/CONSTRAINT VERIFICATION ONLY
8,VNS_r5_c3,VNS,25.5176,82.9739,4.222,-1.047,4.35,283.9,SYNTHETIC DATA — PIPELINE/CONSTRAINT VERIFICATION ONLY
8,VNS_r5_c4,VNS,25.5176,83.0739,3.931,-0.975,4.05,283.9,SYNTHETIC DATA — PIPELINE/CONSTRAINT VERIFICATION ONLY
8,VNS_r5_c5,VNS,25.5176,83.1739,3.64,-0.902,3.75,283.9,SYNTHETIC DATA — PIPELINE/CONSTRAINT VERIFICATION ONLY
8,VNS_r5_c6,VNS,25.5176,83.2739,3.349,-0.83,3.45,283.9,SYNTHETIC DATA — PIPELINE/CONSTRAINT VERIFICATION ONLY
8,VNS_r6_c0,VNS,25.6176,82.6739,5.306,-1.629,5.55,287.1,SYNTHETIC DATA — PIPELINE/CONSTRAINT VERIFICATION ONLY
8,VNS_r6_c1,VNS,25.6176,82.7739,5.019,-1.541,5.25,287.1,SYNTHETIC DATA — PIPELINE/CONSTRAINT VERIFICATION ONLY
8,VNS_r6_c2,VNS,25.6176,82.8739,4.732,-1.453,4.95,287.1,SYNTHETIC DATA — PIPELINE/CONSTRAINT VERIFICATION ONLY
8,VNS_r6_c3,VNS,25.6176,82.9739,4.445,-1.365,4.65,287.1,SYNTHETIC DATA — PIPELINE/CONSTRAINT VERIFICATION ONLY
8,VNS_r6_c4,VNS,25.6176,83.0739,4.158,-1.277,4.35,287.1,SYNTHETIC DATA — PIPELINE/CONSTRAINT VERIFICATION ONLY
8,VNS_r6_c5,VNS,25.6176,83.1739,3.872,-1.189,4.05,287.1,SYNTHETIC DATA — PIPELINE/CONSTRAINT VERIFICATION ONLY
8,VNS_r6_c6,VNS,25.6176,83.2739,3.585,-1.101,3.75,287.1,SYNTHETIC DATA — PIPELINE/CONSTRAINT VERIFICATION ONLY
8,JAI_r0_c0,JAI,26.6124,75.4873,1.357,-3.496,3.75,338.8,SYNTHETIC DATA — PIPELINE/CONSTRAINT VERIFICATION ONLY
8,JAI_r0_c1,JAI,26.6124,75.5873,1.248,-3.216,3.45,338.8,SYNTHETIC DATA — PIPELINE/CONSTRAINT VERIFICATION ONLY
8,JAI_r0_c2,JAI,26.6124,75.6873,1.14,-2.937,3.15,338.8,SYNTHETIC DATA — PIPELINE/CONSTRAINT VERIFICATION ONLY
8,JAI_r0_c3,JAI,26.6124,75.7873,1.031,-2.657,2.85,338.8,SYNTHETIC DATA — PIPELINE/CONSTRAINT VERIFICATION ONLY
8,JAI_r0_c4,JAI,26.6124,75.8873,0.922,-2.377,2.55,338.8,SYNTHETIC DATA — PIPELINE/CONSTRAINT VERIFICATION ONLY
8,JAI_r0_c5,JAI,26.6124,75.9873,0.814,-2.098,2.25,338.8,SYNTHETIC DATA — PIPELINE/CONSTRAINT VERIFICATION ONLY
8,JAI_r0_c6,JAI,26.6124,76.0873,0.705,-1.818,1.95,338.8,SYNTHETIC DATA — PIPELINE/CONSTRAINT VERIFICATION ONLY
8,JAI_r1_c0,JAI,26.7124,75.4873,1.886,-3.584,4.05,332.2,SYNTHETIC DATA — PIPELINE/CONSTRAINT VERIFICATION ONLY
8,JAI_r1_c1,JAI,26.7124,75.5873,1.746,-3.319,3.75,332.2,SYNTHETIC DATA — PIPELINE/CONSTRAINT VERIFICATION ONLY
8,JAI_r1_c2,JAI,26.7124,75.6873,1.606,-3.053,3.45,332.2,SYNTHETIC DATA — PIPELINE/CONSTRAINT VERIFICATION ONLY
8,JAI_r1_c3,JAI,26.7124,75.7873,1.467,-2.788,3.15,332.2,SYNTHETIC DATA — PIPELINE/CONSTRAINT VERIFICATION ONLY
8,JAI_r1_c4,JAI,26.7124,75.8873,1.327,-2.522,2.85,332.2,SYNTHETIC DATA — PIPELINE/CONSTRAINT VERIFICATION ONLY
8,JAI_r1_c5,JAI,26.7124,75.9873,1.187,-2.257,2.55,332.2,SYNTHETIC DATA — PIPELINE/CONSTRAINT VERIFICATION ONLY
8,JAI_r1_c6,JAI,26.7124,76.0873,1.048,-1.991,2.25,332.2,SYNTHETIC DATA — PIPELINE/CONSTRAINT VERIFICATION ONLY
8,JAI_r2_c0,JAI,26.8124,75.4873,2.506,-3.556,4.35,324.8,SYNTHETIC DATA — PIPELINE/CONSTRAINT VERIFICATION ONLY
8,JAI_r2_c1,JAI,26.8124,75.5873,2.333,-3.311,4.05,324.8,SYNTHETIC DATA — PIPELINE/CONSTRAINT VERIFICATION ONLY
8,JAI_r2_c2,JAI,26.8124,75.6873,2.16,-3.065,3.75,324.8,SYNTHETIC DATA — PIPELINE/CONSTRAINT VERIFICATION ONLY
8,JAI_r2_c3,JAI,26.8124,75.7873,1.987,-2.82,3.45,324.8,SYNTHETIC DATA — PIPELINE/CONSTRAINT VERIFICATION ONLY
8,JAI_r2_c4,JAI,26.8124,75.8873,1.815,-2.575,3.15,324.8,SYNTHETIC DATA — PIPELINE/CONSTRAINT VERIFICATION ONLY
8,JAI_r2_c5,JAI,26.8124,75.9873,1.642,-2.33,2.85,324.8,SYNTHETIC DATA — PIPELINE/CONSTRAINT VERIFICATION ONLY
8,JAI_r2_c6,JAI,26.8124,76.0873,1.469,-2.084,2.55,324.8,SYNTHETIC DATA — PIPELINE/CONSTRAINT VERIFICATION ONLY
8,JAI_r3_c0,JAI,26.9124,75.4873,3.091,-3.474,4.65,318.3,SYNTHETIC DATA — PIPELINE/CONSTRAINT VERIFICATION ONLY
8,JAI_r3_c1,JAI,26.9124,75.5873,2.891,-3.25,4.35,318.3,SYNTHETIC DATA — PIPELINE/CONSTRAINT VERIFICATION ONLY
8,JAI_r3_c2,JAI,26.9124,75.6873,2.692,-3.026,4.05,318.3,SYNTHETIC DATA — PIPELINE/CONSTRAINT VERIFICATION ONLY
8,JAI_r3_c3,JAI,26.9124,75.7873,2.492,-2.802,3.75,318.3,SYNTHETIC DATA — PIPELINE/CONSTRAINT VERIFICATION ONLY
8,JAI_r3_c4,JAI,26.9124,75.8873,2.293,-2.578,3.45,318.3,SYNTHETIC DATA — PIPELINE/CONSTRAINT VERIFICATION ONLY
8,JAI_r3_c5,JAI,26.9124,75.9873,2.094,-2.354,3.15,318.3,SYNTHETIC DATA — PIPELINE/CONSTRAINT VERIFICATION ONLY
8,JAI_r3_c6,JAI,26.9124,76.0873,1.894,-2.129,2.85,318.3,SYNTHETIC DATA — PIPELINE/CONSTRAINT VERIFICATION ONLY
8,JAI_r4_c0,JAI,27.0124,75.4873,3.537,-3.462,4.95,314.4,SYNTHETIC DATA — PIPELINE/CONSTRAINT VERIFICATION ONLY
8,JAI_r4_c1,JAI,27.0124,75.5873,3.323,-3.253,4.65,314.4,SYNTHETIC DATA — PIPELINE/CONSTRAINT VERIFICATION ONLY
8,JAI_r4_c2,JAI,27.0124,75.6873,3.109,-3.043,4.35,314.4,SYNTHETIC DATA — PIPELINE/CONSTRAINT VERIFICATION ONLY
8,JAI_r4_c3,JAI,27.0124,75.7873,2.894,-2.833,4.05,314.4,SYNTHETIC DATA — PIPELINE/CONSTRAINT VERIFICATION ONLY
8,JAI_r4_c4,JAI,27.0124,75.8873,2.68,-2.623,3.75,314.4,SYNTHETIC DATA — PIPELINE/CONSTRAINT VERIFICATION ONLY
8,JAI_r4_c5,JAI,27.0124,75.9873,2.466,-2.413,3.45,314.4,SYNTHETIC DATA — PIPELINE/CONSTRAINT VERIFICATION ONLY
8,JAI_r4_c6,JAI,27.0124,76.0873,2.251,-2.203,3.15,314.4,SYNTHETIC DATA — PIPELINE/CONSTRAINT VERIFICATION ONLY
8,JAI_r5_c0,JAI,27.1124,75.4873,3.781,-3.642,5.25,313.9,SYNTHETIC DATA — PIPELINE/CONSTRAINT VERIFICATION ONLY
8,JAI_r5_c1,JAI,27.1124,75.5873,3.565,-3.434,4.95,313.9,SYNTHETIC DATA — PIPELINE/CONSTRAINT VERIFICATION ONLY
8,JAI_r5_c2,JAI,27.1124,75.6873,3.349,-3.226,4.65,313.9,SYNTHETIC DATA — PIPELINE/CONSTRAINT VERIFICATION ONLY
8,JAI_r5_c3,JAI,27.1124,75.7873,3.133,-3.018,4.35,313.9,SYNTHETIC DATA — PIPELINE/CONSTRAINT VERIFICATION ONLY
8,JAI_r5_c4,JAI,27.1124,75.8873,2.917,-2.809,4.05,313.9,SYNTHETIC DATA — PIPELINE/CONSTRAINT VERIFICATION ONLY
8,JAI_r5_c5,JAI,27.1124,75.9873,2.701,-2.601,3.75,313.9,SYNTHETIC DATA — PIPELINE/CONSTRAINT VERIFICATION ONLY
8,JAI_r5_c6,JAI,27.1124,76.0873,2.485,-2.393,3.45,313.9,SYNTHETIC DATA — PIPELINE/CONSTRAINT VERIFICATION ONLY
8,JAI_r6_c0,JAI,27.2124,75.4873,3.78,-4.064,5.55,317.1,SYNTHETIC DATA — PIPELINE/CONSTRAINT VERIFICATION ONLY
8,JAI_r6_c1,JAI,27.2124,75.5873,3.576,-3.844,5.25,317.1,SYNTHETIC DATA — PIPELINE/CONSTRAINT VERIFICATION ONLY
8,JAI_r6_c2,JAI,27.2124,75.6873,3.372,-3.624,4.95,317.1,SYNTHETIC DATA — PIPELINE/CONSTRAINT VERIFICATION ONLY
8,JAI_r6_c3,JAI,27.2124,75.7873,3.167,-3.405,4.65,317.1,SYNTHETIC DATA — PIPELINE/CONSTRAINT VERIFICATION ONLY
8,JAI_r6_c4,JAI,27.2124,75.8873,2.963,-3.185,4.35,317.1,SYNTHETIC DATA — PIPELINE/CONSTRAINT VERIFICATION ONLY
8,JAI_r6_c5,JAI,27.2124,75.9873,2.759,-2.965,4.05,317.1,SYNTHETIC DATA — PIPELINE/CONSTRAINT VERIFICATION ONLY
8,JAI_r6_c6,JAI,27.2124,76.0873,2.554,-2.746,3.75,317.1,SYNTHETIC DATA — PIPELINE/CONSTRAINT VERIFICATION ONLY
8,AMD_r0_c0,AMD,22.7225,72.2714,3.55,-1.208,3.75,288.8,SYNTHETIC DATA — PIPELINE/CONSTRAINT VERIFICATION ONLY
8,AMD_r0_c1,AMD,22.7225,72.3714,3.266,-1.111,3.45,288.8,SYNTHETIC DATA — PIPELINE/CONSTRAINT VERIFICATION ONLY
8,AMD_r0_c2,AMD,22.7225,72.4714,2.982,-1.015,3.15,288.8,SYNTHETIC DATA — PIPELINE/CONSTRAINT VERIFICATION ONLY
8,AMD_r0_c3,AMD,22.7225,72.5714,2.698,-0.918,2.85,288.8,SYNTHETIC DATA — PIPELINE/CONSTRAINT VERIFICATION ONLY
8,AMD_r0_c4,AMD,22.7225,72.6714,2.414,-0.821,2.55,288.8,SYNTHETIC DATA — PIPELINE/CONSTRAINT VERIFICATION ONLY
8,AMD_r0_c5,AMD,22.7225,72.7714,2.13,-0.725,2.25,288.8,SYNTHETIC DATA — PIPELINE/CONSTRAINT VERIFICATION ONLY
8,AMD_r0_c6,AMD,22.7225,72.8714,1.846,-0.628,1.95,288.8,SYNTHETIC DATA — PIPELINE/CONSTRAINT VERIFICATION ONLY
8,AMD_r1_c0,AMD,22.8225,72.2714,3.958,-0.859,4.05,282.2,SYNTHETIC DATA — PIPELINE/CONSTRAINT VERIFICATION ONLY
8,AMD_r1_c1,AMD,22.8225,72.3714,3.665,-0.796,3.75,282.2,SYNTHETIC DATA — PIPELINE/CONSTRAINT VERIFICATION ONLY
8,AMD_r1_c2,AMD,22.8225,72.4714,3.371,-0.732,3.45,282.2,SYNTHETIC DATA — PIPELINE/CONSTRAINT VERIFICATION ONLY
8,AMD_r1_c3,AMD,22.8225,72.5714,3.078,-0.668,3.15,282.2,SYNTHETIC DATA — PIPELINE/CONSTRAINT VERIFICATION ONLY
8,AMD_r1_c4,AMD,22.8225,72.6714,2.785,-0.605,2.85,282.2,SYNTHETIC DATA — PIPELINE/CONSTRAINT VERIFICATION ONLY
8,AMD_r1_c5,AMD,22.8225,72.7714,2.492,-0.541,2.55,282.2,SYNTHETIC DATA — PIPELINE/CONSTRAINT VERIFICATION ONLY
8,AMD_r1_c6,AMD,22.8225,72.8714,2.199,-0.477,2.25,282.2,SYNTHETIC DATA — PIPELINE/CONSTRAINT VERIFICATION ONLY
8,AMD_r2_c0,AMD,22.9225,72.2714,4.335,-0.366,4.35,274.8,SYNTHETIC DATA — PIPELINE/CONSTRAINT VERIFICATION ONLY
8,AMD_r2_c1,AMD,22.9225,72.3714,4.036,-0.341,4.05,274.8,SYNTHETIC DATA — PIPELINE/CONSTRAINT VERIFICATION ONLY
8,AMD_r2_c2,AMD,22.9225,72.4714,3.737,-0.316,3.75,274.8,SYNTHETIC DATA — PIPELINE/CONSTRAINT VERIFICATION ONLY
8,AMD_r2_c3,AMD,22.9225,72.5714,3.438,-0.29,3.45,274.8,SYNTHETIC DATA — PIPELINE/CONSTRAINT VERIFICATION ONLY
8,AMD_r2_c4,AMD,22.9225,72.6714,3.139,-0.265,3.15,274.8,SYNTHETIC DATA — PIPELINE/CONSTRAINT VERIFICATION ONLY
8,AMD_r2_c5,AMD,22.9225,72.7714,2.84,-0.24,2.85,274.8,SYNTHETIC DATA — PIPELINE/CONSTRAINT VERIFICATION ONLY
8,AMD_r2_c6,AMD,22.9225,72.8714,2.541,-0.215,2.55,274.8,SYNTHETIC DATA — PIPELINE/CONSTRAINT VERIFICATION ONLY
8,AMD_r3_c0,AMD,23.0225,72.2714,4.648,0.134,4.65,268.3,SYNTHETIC DATA — PIPELINE/CONSTRAINT VERIFICATION ONLY
8,AMD_r3_c1,AMD,23.0225,72.3714,4.348,0.126,4.35,268.3,SYNTHETIC DATA — PIPELINE/CONSTRAINT VERIFICATION ONLY
8,AMD_r3_c2,AMD,23.0225,72.4714,4.048,0.117,4.05,268.3,SYNTHETIC DATA — PIPELINE/CONSTRAINT VERIFICATION ONLY
8,AMD_r3_c3,AMD,23.0225,72.5714,3.748,0.108,3.75,268.3,SYNTHETIC DATA — PIPELINE/CONSTRAINT VERIFICATION ONLY
8,AMD_r3_c4,AMD,23.0225,72.6714,3.449,0.1,3.45,268.3,SYNTHETIC DATA — PIPELINE/CONSTRAINT VERIFICATION ONLY
8,AMD_r3_c5,AMD,23.0225,72.7714,3.149,0.091,3.15,268.3,SYNTHETIC DATA — PIPELINE/CONSTRAINT VERIFICATION ONLY
8,AMD_r3_c6,AMD,23.0225,72.8714,2.849,0.082,2.85,268.3,SYNTHETIC DATA — PIPELINE/CONSTRAINT VERIFICATION ONLY
8,AMD_r4_c0,AMD,23.1225,72.2714,4.926,0.484,4.95,264.4,SYNTHETIC DATA — PIPELINE/CONSTRAINT VERIFICATION ONLY
8,AMD_r4_c1,AMD,23.1225,72.3714,4.628,0.455,4.65,264.4,SYNTHETIC DATA — PIPELINE/CONSTRAINT VERIFICATION ONLY
8,AMD_r4_c2,AMD,23.1225,72.4714,4.329,0.426,4.35,264.4,SYNTHETIC DATA — PIPELINE/CONSTRAINT VERIFICATION ONLY
8,AMD_r4_c3,AMD,23.1225,72.5714,4.031,0.396,4.05,264.4,SYNTHETIC DATA — PIPELINE/CONSTRAINT VERIFICATION ONLY
8,AMD_r4_c4,AMD,23.1225,72.6714,3.732,0.367,3.75,264.4,SYNTHETIC DATA — PIPELINE/CONSTRAINT VERIFICATION ONLY
8,AMD_r4_c5,AMD,23.1225,72.7714,3.433,0.337,3.45,264.4,SYNTHETIC DATA — PIPELINE/CONSTRAINT VERIFICATION ONLY
8,AMD_r4_c6,AMD,23.1225,72.8714,3.135,0.308,3.15,264.4,SYNTHETIC DATA — PIPELINE/CONSTRAINT VERIFICATION ONLY
8,AMD_r5_c0,AMD,23.2225,72.2714,5.221,0.556,5.25,263.9,SYNTHETIC DATA — PIPELINE/CONSTRAINT VERIFICATION ONLY
8,AMD_r5_c1,AMD,23.2225,72.3714,4.922,0.524,4.95,263.9,SYNTHETIC DATA — PIPELINE/CONSTRAINT VERIFICATION ONLY
8,AMD_r5_c2,AMD,23.2225,72.4714,4.624,0.492,4.65,263.9,SYNTHETIC DATA — PIPELINE/CONSTRAINT VERIFICATION ONLY
8,AMD_r5_c3,AMD,23.2225,72.5714,4.326,0.46,4.35,263.9,SYNTHETIC DATA — PIPELINE/CONSTRAINT VERIFICATION ONLY
8,AMD_r5_c4,AMD,23.2225,72.6714,4.027,0.429,4.05,263.9,SYNTHETIC DATA — PIPELINE/CONSTRAINT VERIFICATION ONLY
8,AMD_r5_c5,AMD,23.2225,72.7714,3.729,0.397,3.75,263.9,SYNTHETIC DATA — PIPELINE/CONSTRAINT VERIFICATION ONLY
8,AMD_r5_c6,AMD,23.2225,72.8714,3.431,0.365,3.45,263.9,SYNTHETIC DATA — PIPELINE/CONSTRAINT VERIFICATION ONLY
8,AMD_r6_c0,AMD,23.3225,72.2714,5.543,0.284,5.55,267.1,SYNTHETIC DATA — PIPELINE/CONSTRAINT VERIFICATION ONLY
8,AMD_r6_c1,AMD,23.3225,72.3714,5.243,0.268,5.25,267.1,SYNTHETIC DATA — PIPELINE/CONSTRAINT VERIFICATION ONLY
8,AMD_r6_c2,AMD,23.3225,72.4714,4.944,0.253,4.95,267.1,SYNTHETIC DATA — PIPELINE/CONSTRAINT VERIFICATION ONLY
8,AMD_r6_c3,AMD,23.3225,72.5714,4.644,0.238,4.65,267.1,SYNTHETIC DATA — PIPELINE/CONSTRAINT VERIFICATION ONLY
8,AMD_r6_c4,AMD,23.3225,72.6714,4.344,0.222,4.35,267.1,SYNTHETIC DATA — PIPELINE/CONSTRAINT VERIFICATION ONLY
8,AMD_r6_c5,AMD,23.3225,72.7714,4.045,0.207,4.05,267.1,SYNTHETIC DATA — PIPELINE/CONSTRAINT VERIFICATION ONLY
8,AMD_r6_c6,AMD,23.3225,72.8714,3.745,0.192,3.75,267.1,SYNTHETIC DATA — PIPELINE/CONSTRAINT VERIFICATION ONLY
8,CCU_r0_c0,CCU,22.2726,88.0639,3.207,1.943,3.75,238.8,SYNTHETIC DATA — PIPELINE/CONSTRAINT VERIFICATION ONLY
8,CCU_r0_c1,CCU,22.2726,88.1639,2.951,1.788,3.45,238.8,SYNTHETIC DATA — PIPELINE/CONSTRAINT VERIFICATION ONLY
8,CCU_r0_c2,CCU,22.2726,88.2639,2.694,1.632,3.15,238.8,SYNTHETIC DATA — PIPELINE/CONSTRAINT VERIFICATION ONLY
8,CCU_r0_c3,CCU,22.2726,88.3639,2.438,1.477,2.85,238.8,SYNTHETIC DATA — PIPELINE/CONSTRAINT VERIFICATION ONLY
8,CCU_r0_c4,CCU,22.2726,88.4639,2.181,1.321,2.55,238.8,SYNTHETIC DATA — PIPELINE/CONSTRAINT VERIFICATION ONLY
8,CCU_r0_c5,CCU,22.2726,88.5639,1.924,1.166,2.25,238.8,SYNTHETIC DATA — PIPELINE/CONSTRAINT VERIFICATION ONLY
8,CCU_r0_c6,CCU,22.2726,88.6639,1.668,1.01,1.95,238.8,SYNTHETIC DATA — PIPELINE/CONSTRAINT VERIFICATION ONLY
8,CCU_r1_c0,CCU,22.3726,88.0639,3.202,2.48,4.05,232.2,SYNTHETIC DATA — PIPELINE/CONSTRAINT VERIFICATION ONLY
8,CCU_r1_c1,CCU,22.3726,88.1639,2.965,2.296,3.75,232.2,SYNTHETIC DATA — PIPELINE/CONSTRAINT VERIFICATION ONLY
8,CCU_r1_c2,CCU,22.3726,88.2639,2.728,2.112,3.45,232.2,SYNTHETIC DATA — PIPELINE/CONSTRAINT VERIFICATION ONLY
8,CCU_r1_c3,CCU,22.3726,88.3639,2.491,1.929,3.15,232.2,SYNTHETIC DATA — PIPELINE/CONSTRAINT VERIFICATION ONLY
8,CCU_r1_c4,CCU,22.3726,88.4639,2.253,1.745,2.85,232.2,SYNTHETIC DATA — PIPELINE/CONSTRAINT VERIFICATION ONLY
8,CCU_r1_c5,CCU,22.3726,88.5639,2.016,1.561,2.55,232.2,SYNTHETIC DATA — PIPELINE/CONSTRAINT VERIFICATION ONLY
8,CCU_r1_c6,CCU,22.3726,88.6639,1.779,1.378,2.25,232.2,SYNTHETIC DATA — PIPELINE/CONSTRAINT VERIFICATION ONLY
8,CCU_r2_c0,CCU,22.4726,88.0639,3.067,3.085,4.35,224.8,SYNTHETIC DATA — PIPELINE/CONSTRAINT VERIFICATION ONLY
8,CCU_r2_c1,CCU,22.4726,88.1639,2.855,2.872,4.05,224.8,SYNTHETIC DATA — PIPELINE/CONSTRAINT VERIFICATION ONLY
8,CCU_r2_c2,CCU,22.4726,88.2639,2.644,2.66,3.75,224.8,SYNTHETIC DATA — PIPELINE/CONSTRAINT VERIFICATION ONLY
8,CCU_r2_c3,CCU,22.4726,88.3639,2.432,2.447,3.45,224.8,SYNTHETIC DATA — PIPELINE/CONSTRAINT VERIFICATION ONLY
8,CCU_r2_c4,CCU,22.4726,88.4639,2.221,2.234,3.15,224.8,SYNTHETIC DATA — PIPELINE/CONSTRAINT VERIFICATION ONLY
8,CCU_r2_c5,CCU,22.4726,88.5639,2.009,2.021,2.85,224.8,SYNTHETIC DATA — PIPELINE/CONSTRAINT VERIFICATION ONLY
8,CCU_r2_c6,CCU,22.4726,88.6639,1.798,1.809,2.55,224.8,SYNTHETIC DATA — PIPELINE/CONSTRAINT VERIFICATION ONLY
8,CCU_r3_c0,CCU,22.5726,88.0639,2.885,3.647,4.65,218.3,SYNTHETIC DATA — PIPELINE/CONSTRAINT VERIFICATION ONLY
8,CCU_r3_c1,CCU,22.5726,88.1639,2.699,3.412,4.35,218.3,SYNTHETIC DATA — PIPELINE/CONSTRAINT VERIFICATION ONLY
8,CCU_r3_c2,CCU,22.5726,88.2639,2.513,3.176,4.05,218.3,SYNTHETIC DATA — PIPELINE/CONSTRAINT VERIFICATION ONLY
8,CCU_r3_c3,CCU,22.5726,88.3639,2.326,2.941,3.75,218.3,SYNTHETIC DATA — PIPELINE/CONSTRAINT VERIFICATION ONLY
8,CCU_r3_c4,CCU,22.5726,88.4639,2.14,2.706,3.45,218.3,SYNTHETIC DATA — PIPELINE/CONSTRAINT VERIFICATION ONLY
8,CCU_r3_c5,CCU,22.5726,88.5639,1.954,2.471,3.15,218.3,SYNTHETIC DATA — PIPELINE/CONSTRAINT VERIFICATION ONLY
8,CCU_r3_c6,CCU,22.5726,88.6639,1.768,2.235,2.85,218.3,SYNTHETIC DATA — PIPELINE/CONSTRAINT VERIFICATION ONLY
8,CCU_r4_c0,CCU,22.6726,88.0639,2.796,4.085,4.95,214.4,SYNTHETIC DATA — PIPELINE/CONSTRAINT VERIFICATION ONLY
8,CCU_r4_c1,CCU,22.6726,88.1639,2.626,3.837,4.65,214.4,SYNTHETIC DATA — PIPELINE/CONSTRAINT VERIFICATION ONLY
8,CCU_r4_c2,CCU,22.6726,88.2639,2.457,3.59,4.35,214.4,SYNTHETIC DATA — PIPELINE/CONSTRAINT VERIFICATION ONLY
8,CCU_r4_c3,CCU,22.6726,88.3639,2.287,3.342,4.05,214.4,SYNTHETIC DATA — PIPELINE/CONSTRAINT VERIFICATION ONLY
8,CCU_r4_c4,CCU,22.6726,88.4639,2.118,3.095,3.75,214.4,SYNTHETIC DATA — PIPELINE/CONSTRAINT VERIFICATION ONLY
8,CCU_r4_c5,CCU,22.6726,88.5639,1.948,2.847,3.45,214.4,SYNTHETIC DATA — PIPELINE/CONSTRAINT VERIFICATION ONLY
8,CCU_r4_c6,CCU,22.6726,88.6639,1.779,2.6,3.15,214.4,SYNTHETIC DATA — PIPELINE/CONSTRAINT VERIFICATION ONLY
8,CCU_r5_c0,CCU,22.7726,88.0639,2.93,4.356,5.25,213.9,SYNTHETIC DATA — PIPELINE/CONSTRAINT VERIFICATION ONLY
8,CCU_r5_c1,CCU,22.7726,88.1639,2.763,4.107,4.95,213.9,SYNTHETIC DATA — PIPELINE/CONSTRAINT VERIFICATION ONLY
8,CCU_r5_c2,CCU,22.7726,88.2639,2.595,3.858,4.65,213.9,SYNTHETIC DATA — PIPELINE/CONSTRAINT VERIFICATION ONLY
8,CCU_r5_c3,CCU,22.7726,88.3639,2.428,3.61,4.35,213.9,SYNTHETIC DATA — PIPELINE/CONSTRAINT VERIFICATION ONLY
8,CCU_r5_c4,CCU,22.7726,88.4639,2.26,3.361,4.05,213.9,SYNTHETIC DATA — PIPELINE/CONSTRAINT VERIFICATION ONLY
8,CCU_r5_c5,CCU,22.7726,88.5639,2.093,3.112,3.75,213.9,SYNTHETIC DATA — PIPELINE/CONSTRAINT VERIFICATION ONLY
8,CCU_r5_c6,CCU,22.7726,88.6639,1.925,2.863,3.45,213.9,SYNTHETIC DATA — PIPELINE/CONSTRAINT VERIFICATION ONLY
8,CCU_r6_c0,CCU,22.8726,88.0639,3.345,4.428,5.55,217.1,SYNTHETIC DATA — PIPELINE/CONSTRAINT VERIFICATION ONLY
8,CCU_r6_c1,CCU,22.8726,88.1639,3.165,4.189,5.25,217.1,SYNTHETIC DATA — PIPELINE/CONSTRAINT VERIFICATION ONLY
8,CCU_r6_c2,CCU,22.8726,88.2639,2.984,3.95,4.95,217.1,SYNTHETIC DATA — PIPELINE/CONSTRAINT VERIFICATION ONLY
8,CCU_r6_c3,CCU,22.8726,88.3639,2.803,3.71,4.65,217.1,SYNTHETIC DATA — PIPELINE/CONSTRAINT VERIFICATION ONLY
8,CCU_r6_c4,CCU,22.8726,88.4639,2.622,3.471,4.35,217.1,SYNTHETIC DATA — PIPELINE/CONSTRAINT VERIFICATION ONLY
8,CCU_r6_c5,CCU,22.8726,88.5639,2.441,3.232,4.05,217.1,SYNTHETIC DATA — PIPELINE/CONSTRAINT VERIFICATION ONLY
8,CCU_r6_c6,CCU,22.8726,88.6639,2.26,2.992,3.75,217.1,SYNTHETIC DATA — PIPELINE/CONSTRAINT VERIFICATION ONLY
8,HYD_r0_c0,HYD,17.085,78.1867,3.678,0.729,3.75,258.8,SYNTHETIC DATA — PIPELINE/CONSTRAINT VERIFICATION ONLY
8,HYD_r0_c1,HYD,17.085,78.2867,3.384,0.671,3.45,258.8,SYNTHETIC DATA — PIPELINE/CONSTRAINT VERIFICATION ONLY
8,HYD_r0_c2,HYD,17.085,78.3867,3.09,0.612,3.15,258.8,SYNTHETIC DATA — PIPELINE/CONSTRAINT VERIFICATION ONLY
8,HYD_r0_c3,HYD,17.085,78.4867,2.796,0.554,2.85,258.8,SYNTHETIC DATA — PIPELINE/CONSTRAINT VERIFICATION ONLY
8,HYD_r0_c4,HYD,17.085,78.5867,2.501,0.496,2.55,258.8,SYNTHETIC DATA — PIPELINE/CONSTRAINT VERIFICATION ONLY
8,HYD_r0_c5,HYD,17.085,78.6867,2.207,0.437,2.25,258.8,SYNTHETIC DATA — PIPELINE/CONSTRAINT VERIFICATION ONLY
8,HYD_r0_c6,HYD,17.085,78.7867,1.913,0.379,1.95,258.8,SYNTHETIC DATA — PIPELINE/CONSTRAINT VERIFICATION ONLY
8,HYD_r1_c0,HYD,17.185,78.1867,3.857,1.235,4.05,252.2,SYNTHETIC DATA — PIPELINE/CONSTRAINT VERIFICATION ONLY
8,HYD_r1_c1,HYD,17.185,78.2867,3.571,1.143,3.75,252.2,SYNTHETIC DATA — PIPELINE/CONSTRAINT VERIFICATION ONLY
8,HYD_r1_c2,HYD,17.185,78.3867,3.286,1.052,3.45,252.2,SYNTHETIC DATA — PIPELINE/CONSTRAINT VERIFICATION ONLY
8,HYD_r1_c3,HYD,17.185,78.4867,3.0,0.96,3.15,252.2,SYNTHETIC DATA — PIPELINE/CONSTRAINT VERIFICATION ONLY
8,HYD_r1_c4,HYD,17.185,78.5867,2.714,0.869,2.85,252.2,SYNTHETIC DATA — PIPELINE/CONSTRAINT VERIFICATION ONLY
8,HYD_r1_c5,HYD,17.185,78.6867,2.429,0.777,2.55,252.2,SYNTHETIC DATA — PIPELINE/CONSTRAINT VERIFICATION ONLY
8,HYD_r1_c6,HYD,17.185,78.7867,2.143,0.686,2.25,252.2,SYNTHETIC DATA — PIPELINE/CONSTRAINT VERIFICATION ONLY
8,HYD_r2_c0,HYD,17.285,78.1867,3.937,1.85,4.35,244.8,SYNTHETIC DATA — PIPELINE/CONSTRAINT VERIFICATION ONLY
8,HYD_r2_c1,HYD,17.285,78.2867,3.665,1.723,4.05,244.8,SYNTHETIC DATA — PIPELINE/CONSTRAINT VERIFICATION ONLY
8,HYD_r2_c2,HYD,17.285,78.3867,3.394,1.595,3.75,244.8,SYNTHETIC DATA — PIPELINE/CONSTRAINT VERIFICATION ONLY
8,HYD_r2_c3,HYD,17.285,78.4867,3.122,1.467,3.45,244.8,SYNTHETIC DATA — PIPELINE/CONSTRAINT VERIFICATION ONLY
8,HYD_r2_c4,HYD,17.285,78.5867,2.851,1.34,3.15,244.8,SYNTHETIC DATA — PIPELINE/CONSTRAINT VERIFICATION ONLY
8,HYD_r2_c5,HYD,17.285,78.6867,2.579,1.212,2.85,244.8,SYNTHETIC DATA — PIPELINE/CONSTRAINT VERIFICATION ONLY
8,HYD_r2_c6,HYD,17.285,78.7867,2.308,1.085,2.55,244.8,SYNTHETIC DATA — PIPELINE/CONSTRAINT VERIFICATION ONLY
8,HYD_r3_c0,HYD,17.385,78.1867,3.958,2.44,4.65,238.3,SYNTHETIC DATA — PIPELINE/CONSTRAINT VERIFICATION ONLY
8,HYD_r3_c1,HYD,17.385,78.2867,3.703,2.283,4.35,238.3,SYNTHETIC DATA — PIPELINE/CONSTRAINT VERIFICATION ONLY
8,HYD_r3_c2,HYD,17.385,78.3867,3.447,2.126,4.05,238.3,SYNTHETIC DATA — PIPELINE/CONSTRAINT VERIFICATION ONLY
8,HYD_r3_c3,HYD,17.385,78.4867,3.192,1.968,3.75,238.3,SYNTHETIC DATA — PIPELINE/CONSTRAINT VERIFICATION ONLY
8,HYD_r3_c4,HYD,17.385,78.5867,2.937,1.811,3.45,238.3,SYNTHETIC DATA — PIPELINE/CONSTRAINT VERIFICATION ONLY
8,HYD_r3_c5,HYD,17.385,78.6867,2.681,1.653,3.15,238.3,SYNTHETIC DATA — PIPELINE/CONSTRAINT VERIFICATION ONLY
8,HYD_r3_c6,HYD,17.385,78.7867,2.426,1.496,2.85,238.3,SYNTHETIC DATA — PIPELINE/CONSTRAINT VERIFICATION ONLY
8,HYD_r4_c0,HYD,17.485,78.1867,4.024,2.882,4.95,234.4,SYNTHETIC DATA — PIPELINE/CONSTRAINT VERIFICATION ONLY
8,HYD_r4_c1,HYD,17.485,78.2867,3.78,2.708,4.65,234.4,SYNTHETIC DATA — PIPELINE/CONSTRAINT VERIFICATION ONLY
8,HYD_r4_c2,HYD,17.485,78.3867,3.536,2.533,4.35,234.4,SYNTHETIC DATA — PIPELINE/CONSTRAINT VERIFICATION ONLY
8,HYD_r4_c3,HYD,17.485,78.4867,3.292,2.358,4.05,234.4,SYNTHETIC DATA — PIPELINE/CONSTRAINT VERIFICATION ONLY
8,HYD_r4_c4,HYD,17.485,78.5867,3.049,2.184,3.75,234.4,SYNTHETIC DATA — PIPELINE/CONSTRAINT VERIFICATION ONLY
8,HYD_r4_c5,HYD,17.485,78.6867,2.805,2.009,3.45,234.4,SYNTHETIC DATA — PIPELINE/CONSTRAINT VERIFICATION ONLY
8,HYD_r4_c6,HYD,17.485,78.7867,2.561,1.834,3.15,234.4,SYNTHETIC DATA — PIPELINE/CONSTRAINT VERIFICATION ONLY
8,HYD_r5_c0,HYD,17.585,78.1867,4.243,3.092,5.25,233.9,SYNTHETIC DATA — PIPELINE/CONSTRAINT VERIFICATION ONLY
8,HYD_r5_c1,HYD,17.585,78.2867,4.001,2.915,4.95,233.9,SYNTHETIC DATA — PIPELINE/CONSTRAINT VERIFICATION ONLY
8,HYD_r5_c2,HYD,17.585,78.3867,3.758,2.738,4.65,233.9,SYNTHETIC DATA — PIPELINE/CONSTRAINT VERIFICATION ONLY
8,HYD_r5_c3,HYD,17.585,78.4867,3.516,2.562,4.35,233.9,SYNTHETIC DATA — PIPELINE/CONSTRAINT VERIFICATION ONLY
8,HYD_r5_c4,HYD,17.585,78.5867,3.273,2.385,4.05,233.9,SYNTHETIC DATA — PIPELINE/CONSTRAINT VERIFICATION ONLY
8,HYD_r5_c5,HYD,17.585,78.6867,3.031,2.208,3.75,233.9,SYNTHETIC DATA — PIPELINE/CONSTRAINT VERIFICATION ONLY
8,HYD_r5_c6,HYD,17.585,78.7867,2.788,2.032,3.45,233.9,SYNTHETIC DATA — PIPELINE/CONSTRAINT VERIFICATION ONLY
8,HYD_r6_c0,HYD,17.685,78.1867,4.658,3.017,5.55,237.1,SYNTHETIC DATA — PIPELINE/CONSTRAINT VERIFICATION ONLY
8,HYD_r6_c1,HYD,17.685,78.2867,4.406,2.854,5.25,237.1,SYNTHETIC DATA — PIPELINE/CONSTRAINT VERIFICATION ONLY
8,HYD_r6_c2,HYD,17.685,78.3867,4.155,2.691,4.95,237.1,SYNTHETIC DATA — PIPELINE/CONSTRAINT VERIFICATION ONLY
8,HYD_r6_c3,HYD,17.685,78.4867,3.903,2.528,4.65,237.1,SYNTHETIC DATA — PIPELINE/CONSTRAINT VERIFICATION ONLY
8,HYD_r6_c4,HYD,17.685,78.5867,3.651,2.365,4.35,237.1,SYNTHETIC DATA — PIPELINE/CONSTRAINT VERIFICATION ONLY
8,HYD_r6_c5,HYD,17.685,78.6867,3.399,2.202,4.05,237.1,SYNTHETIC DATA — PIPELINE/CONSTRAINT VERIFICATION ONLY
8,HYD_r6_c6,HYD,17.685,78.7867,3.147,2.039,3.75,237.1,SYNTHETIC DATA — PIPELINE/CONSTRAINT VERIFICATION ONLY
8,BLR_r0_c0,BLR,12.6716,77.2946,3.749,0.079,3.75,268.8,SYNTHETIC DATA — PIPELINE/CONSTRAINT VERIFICATION ONLY
8,BLR_r0_c1,BLR,12.6716,77.3946,3.449,0.073,3.45,268.8,SYNTHETIC DATA — PIPELINE/CONSTRAINT VERIFICATION ONLY
8,BLR_r0_c2,BLR,12.6716,77.4946,3.149,0.066,3.15,268.8,SYNTHETIC DATA — PIPELINE/CONSTRAINT VERIFICATION ONLY
8,BLR_r0_c3,BLR,12.6716,77.5946,2.849,0.06,2.85,268.8,SYNTHETIC DATA — PIPELINE/CONSTRAINT VERIFICATION ONLY
8,BLR_r0_c4,BLR,12.6716,77.6946,2.549,0.054,2.55,268.8,SYNTHETIC DATA — PIPELINE/CONSTRAINT VERIFICATION ONLY
8,BLR_r0_c5,BLR,12.6716,77.7946,2.25,0.047,2.25,268.8,SYNTHETIC DATA — PIPELINE/CONSTRAINT VERIFICATION ONLY
8,BLR_r0_c6,BLR,12.6716,77.8946,1.95,0.041,1.95,268.8,SYNTHETIC DATA — PIPELINE/CONSTRAINT VERIFICATION ONLY
8,BLR_r1_c0,BLR,12.7716,77.2946,4.013,0.546,4.05,262.2,SYNTHETIC DATA — PIPELINE/CONSTRAINT VERIFICATION ONLY
8,BLR_r1_c1,BLR,12.7716,77.3946,3.716,0.506,3.75,262.2,SYNTHETIC DATA — PIPELINE/CONSTRAINT VERIFICATION ONLY
8,BLR_r1_c2,BLR,12.7716,77.4946,3.418,0.465,3.45,262.2,SYNTHETIC DATA — PIPELINE/CONSTRAINT VERIFICATION ONLY
8,BLR_r1_c3,BLR,12.7716,77.5946,3.121,0.425,3.15,262.2,SYNTHETIC DATA — PIPELINE/CONSTRAINT VERIFICATION ONLY
8,BLR_r1_c4,BLR,12.7716,77.6946,2.824,0.384,2.85,262.2,SYNTHETIC DATA — PIPELINE/CONSTRAINT VERIFICATION ONLY
8,BLR_r1_c5,BLR,12.7716,77.7946,2.527,0.344,2.55,262.2,SYNTHETIC DATA — PIPELINE/CONSTRAINT VERIFICATION ONLY
8,BLR_r1_c6,BLR,12.7716,77.8946,2.229,0.303,2.25,262.2,SYNTHETIC DATA — PIPELINE/CONSTRAINT VERIFICATION ONLY
8,BLR_r2_c0,BLR,12.8716,77.2946,4.198,1.139,4.35,254.8,SYNTHETIC DATA — PIPELINE/CONSTRAINT VERIFICATION ONLY
8,BLR_r2_c1,BLR,12.8716,77.3946,3.909,1.06,4.05,254.8,SYNTHETIC DATA — PIPELINE/CONSTRAINT VERIFICATION ONLY
8,BLR_r2_c2,BLR,12.8716,77.4946,3.619,0.981,3.75,254.8,SYNTHETIC DATA — PIPELINE/CONSTRAINT VERIFICATION ONLY
8,BLR_r2_c3,BLR,12.8716,77.5946,3.33,0.903,3.45,254.8,SYNTHETIC DATA — PIPELINE/CONSTRAINT VERIFICATION ONLY
8,BLR_r2_c4,BLR,12.8716,77.6946,3.04,0.824,3.15,254.8,SYNTHETIC DATA — PIPELINE/CONSTRAINT VERIFICATION ONLY
8,BLR_r2_c5,BLR,12.8716,77.7946,2.751,0.746,2.85,254.8,SYNTHETIC DATA — PIPELINE/CONSTRAINT VERIFICATION ONLY
8,BLR_r2_c6,BLR,12.8716,77.8946,2.461,0.667,2.55,254.8,SYNTHETIC DATA — PIPELINE/CONSTRAINT VERIFICATION ONLY
8,BLR_r3_c0,BLR,12.9716,77.2946,4.322,1.716,4.65,248.3,SYNTHETIC DATA — PIPELINE/CONSTRAINT VERIFICATION ONLY
8,BLR_r3_c1,BLR,12.9716,77.3946,4.043,1.605,4.35,248.3,SYNTHETIC DATA — PIPELINE/CONSTRAINT VERIFICATION ONLY
8,BLR_r3_c2,BLR,12.9716,77.4946,3.764,1.495,4.05,248.3,SYNTHETIC DATA — PIPELINE/CONSTRAINT VERIFICATION ONLY
8,BLR_r3_c3,BLR,12.9716,77.5946,3.485,1.384,3.75,248.3,SYNTHETIC DATA — PIPELINE/CONSTRAINT VERIFICATION ONLY
8,BLR_r3_c4,BLR,12.9716,77.6946,3.206,1.273,3.45,248.3,SYNTHETIC DATA — PIPELINE/CONSTRAINT VERIFICATION ONLY
8,BLR_r3_c5,BLR,12.9716,77.7946,2.928,1.162,3.15,248.3,SYNTHETIC DATA — PIPELINE/CONSTRAINT VERIFICATION ONLY
8,BLR_r3_c6,BLR,12.9716,77.8946,2.649,1.052,2.85,248.3,SYNTHETIC DATA — PIPELINE/CONSTRAINT VERIFICATION ONLY
8,BLR_r4_c0,BLR,13.0716,77.2946,4.464,2.14,4.95,244.4,SYNTHETIC DATA — PIPELINE/CONSTRAINT VERIFICATION ONLY
8,BLR_r4_c1,BLR,13.0716,77.3946,4.193,2.01,4.65,244.4,SYNTHETIC DATA — PIPELINE/CONSTRAINT VERIFICATION ONLY
8,BLR_r4_c2,BLR,13.0716,77.4946,3.923,1.881,4.35,244.4,SYNTHETIC DATA — PIPELINE/CONSTRAINT VERIFICATION ONLY
8,BLR_r4_c3,BLR,13.0716,77.5946,3.652,1.751,4.05,244.4,SYNTHETIC DATA — PIPELINE/CONSTRAINT VERIFICATION ONLY
8,BLR_r4_c4,BLR,13.0716,77.6946,3.381,1.621,3.75,244.4,SYNTHETIC DATA — PIPELINE/CONSTRAINT VERIFICATION ONLY
8,BLR_r4_c5,BLR,13.0716,77.7946,3.111,1.491,3.45,244.4,SYNTHETIC DATA — PIPELINE/CONSTRAINT VERIFICATION ONLY
8,BLR_r4_c6,BLR,13.0716,77.8946,2.84,1.362,3.15,244.4,SYNTHETIC DATA — PIPELINE/CONSTRAINT VERIFICATION ONLY
8,BLR_r5_c0,BLR,13.1716,77.2946,4.716,2.308,5.25,243.9,SYNTHETIC DATA — PIPELINE/CONSTRAINT VERIFICATION ONLY
8,BLR_r5_c1,BLR,13.1716,77.3946,4.446,2.176,4.95,243.9,SYNTHETIC DATA — PIPELINE/CONSTRAINT VERIFICATION ONLY
8,BLR_r5_c2,BLR,13.1716,77.4946,4.177,2.044,4.65,243.9,SYNTHETIC DATA — PIPELINE/CONSTRAINT VERIFICATION ONLY
8,BLR_r5_c3,BLR,13.1716,77.5946,3.907,1.912,4.35,243.9,SYNTHETIC DATA — PIPELINE/CONSTRAINT VERIFICATION ONLY
8,BLR_r5_c4,BLR,13.1716,77.6946,3.638,1.78,4.05,243.9,SYNTHETIC DATA — PIPELINE/CONSTRAINT VERIFICATION ONLY
8,BLR_r5_c5,BLR,13.1716,77.7946,3.368,1.648,3.75,243.9,SYNTHETIC DATA — PIPELINE/CONSTRAINT VERIFICATION ONLY
8,BLR_r5_c6,BLR,13.1716,77.8946,3.099,1.517,3.45,243.9,SYNTHETIC DATA — PIPELINE/CONSTRAINT VERIFICATION ONLY
8,BLR_r6_c0,BLR,13.2716,77.2946,5.111,2.162,5.55,247.1,SYNTHETIC DATA — PIPELINE/CONSTRAINT VERIFICATION ONLY
8,BLR_r6_c1,BLR,13.2716,77.3946,4.835,2.046,5.25,247.1,SYNTHETIC DATA — PIPELINE/CONSTRAINT VERIFICATION ONLY
8,BLR_r6_c2,BLR,13.2716,77.4946,4.559,1.929,4.95,247.1,SYNTHETIC DATA — PIPELINE/CONSTRAINT VERIFICATION ONLY
8,BLR_r6_c3,BLR,13.2716,77.5946,4.283,1.812,4.65,247.1,SYNTHETIC DATA — PIPELINE/CONSTRAINT VERIFICATION ONLY
8,BLR_r6_c4,BLR,13.2716,77.6946,4.006,1.695,4.35,247.1,SYNTHETIC DATA — PIPELINE/CONSTRAINT VERIFICATION ONLY
8,BLR_r6_c5,BLR,13.2716,77.7946,3.73,1.578,4.05,247.1,SYNTHETIC DATA — PIPELINE/CONSTRAINT VERIFICATION ONLY
8,BLR_r6_c6,BLR,13.2716,77.8946,3.454,1.461,3.75,247.1,SYNTHETIC DATA — PIPELINE/CONSTRAINT VERIFICATION ONLY
8,MAA_r0_c0,MAA,12.7827,79.9707,-2.923,2.349,3.75,128.8,SYNTHETIC DATA — PIPELINE/CONSTRAINT VERIFICATION ONLY
8,MAA_r0_c1,MAA,12.7827,80.0707,-2.689,2.161,3.45,128.8,SYNTHETIC DATA — PIPELINE/CONSTRAINT VERIFICATION ONLY
8,MAA_r0_c2,MAA,12.7827,80.1707,-2.455,1.973,3.15,128.8,SYNTHETIC DATA — PIPELINE/CONSTRAINT VERIFICATION ONLY
8,MAA_r0_c3,MAA,12.7827,80.2707,-2.221,1.786,2.85,128.8,SYNTHETIC DATA — PIPELINE/CONSTRAINT VERIFICATION ONLY
8,MAA_r0_c4,MAA,12.7827,80.3707,-1.988,1.598,2.55,128.8,SYNTHETIC DATA — PIPELINE/CONSTRAINT VERIFICATION ONLY
8,MAA_r0_c5,MAA,12.7827,80.4707,-1.754,1.41,2.25,128.8,SYNTHETIC DATA — PIPELINE/CONSTRAINT VERIFICATION ONLY
8,MAA_r0_c6,MAA,12.7827,80.5707,-1.52,1.222,1.95,128.8,SYNTHETIC DATA — PIPELINE/CONSTRAINT VERIFICATION ONLY
8,MAA_r1_c0,MAA,12.8827,79.9707,-3.425,2.161,4.05,122.2,SYNTHETIC DATA — PIPELINE/CONSTRAINT VERIFICATION ONLY
8,MAA_r1_c1,MAA,12.8827,80.0707,-3.172,2.001,3.75,122.2,SYNTHETIC DATA — PIPELINE/CONSTRAINT VERIFICATION ONLY
8,MAA_r1_c2,MAA,12.8827,80.1707,-2.918,1.841,3.45,122.2,SYNTHETIC DATA — PIPELINE/CONSTRAINT VERIFICATION ONLY
8,MAA_r1_c3,MAA,12.8827,80.2707,-2.664,1.681,3.15,122.2,SYNTHETIC DATA — PIPELINE/CONSTRAINT VERIFICATION ONLY
8,MAA_r1_c4,MAA,12.8827,80.3707,-2.41,1.521,2.85,122.2,SYNTHETIC DATA — PIPELINE/CONSTRAINT VERIFICATION ONLY
8,MAA_r1_c5,MAA,12.8827,80.4707,-2.157,1.361,2.55,122.2,SYNTHETIC DATA — PIPELINE/CONSTRAINT VERIFICATION ONLY
8,MAA_r1_c6,MAA,12.8827,80.5707,-1.903,1.201,2.25,122.2,SYNTHETIC DATA — PIPELINE/CONSTRAINT VERIFICATION ONLY
8,MAA_r2_c0,MAA,12.9827,79.9707,-3.948,1.826,4.35,114.8,SYNTHETIC DATA — PIPELINE/CONSTRAINT VERIFICATION ONLY
8,MAA_r2_c1,MAA,12.9827,80.0707,-3.676,1.701,4.05,114.8,SYNTHETIC DATA — PIPELINE/CONSTRAINT VERIFICATION ONLY
8,MAA_r2_c2,MAA,12.9827,80.1707,-3.403,1.575,3.75,114.8,SYNTHETIC DATA — PIPELINE/CONSTRAINT VERIFICATION ONLY
8,MAA_r2_c3,MAA,12.9827,80.2707,-3.131,1.449,3.45,114.8,SYNTHETIC DATA — PIPELINE/CONSTRAINT VERIFICATION ONLY
8,MAA_r2_c4,MAA,12.9827,80.3707,-2.859,1.323,3.15,114.8,SYNTHETIC DATA — PIPELINE/CONSTRAINT VERIFICATION ONLY
8,MAA_r2_c5,MAA,12.9827,80.4707,-2.587,1.197,2.85,114.8,SYNTHETIC DATA — PIPELINE/CONSTRAINT VERIFICATION ONLY
8,MAA_r2_c6,MAA,12.9827,80.5707,-2.314,1.071,2.55,114.8,SYNTHETIC DATA — PIPELINE/CONSTRAINT VERIFICATION ONLY
8,MAA_r3_c0,MAA,13.0827,79.9707,-4.414,1.463,4.65,108.3,SYNTHETIC DATA — PIPELINE/CONSTRAINT VERIFICATION ONLY
8,MAA_r3_c1,MAA,13.0827,80.0707,-4.129,1.369,4.35,108.3,SYNTHETIC DATA — PIPELINE/CONSTRAINT VERIFICATION ONLY
8,MAA_r3_c2,MAA,13.0827,80.1707,-3.844,1.275,4.05,108.3,SYNTHETIC DATA — PIPELINE/CONSTRAINT VERIFICATION ONLY
8,MAA_r3_c3,MAA,13.0827,80.2707,-3.559,1.18,3.75,108.3,SYNTHETIC DATA — PIPELINE/CONSTRAINT VERIFICATION ONLY
8,MAA_r3_c4,MAA,13.0827,80.3707,-3.275,1.086,3.45,108.3,SYNTHETIC DATA — PIPELINE/CONSTRAINT VERIFICATION ONLY
8,MAA_r3_c5,MAA,13.0827,80.4707,-2.99,0.991,3.15,108.3,SYNTHETIC DATA — PIPELINE/CONSTRAINT VERIFICATION ONLY
8,MAA_r3_c6,MAA,13.0827,80.5707,-2.705,0.897,2.85,108.3,SYNTHETIC DATA — PIPELINE/CONSTRAINT VERIFICATION ONLY
8,MAA_r4_c0,MAA,13.1827,79.9707,-4.795,1.23,4.95,104.4,SYNTHETIC DATA — PIPELINE/CONSTRAINT VERIFICATION ONLY
8,MAA_r4_c1,MAA,13.1827,80.0707,-4.504,1.155,4.65,104.4,SYNTHETIC DATA — PIPELINE/CONSTRAINT VERIFICATION ONLY
8,MAA_r4_c2,MAA,13.1827,80.1707,-4.214,1.081,4.35,104.4,SYNTHETIC DATA — PIPELINE/CONSTRAINT VERIFICATION ONLY
8,MAA_r4_c3,MAA,13.1827,80.2707,-3.923,1.006,4.05,104.4,SYNTHETIC DATA — PIPELINE/CONSTRAINT VERIFICATION ONLY
8,MAA_r4_c4,MAA,13.1827,80.3707,-3.632,0.932,3.75,104.4,SYNTHETIC DATA — PIPELINE/CONSTRAINT VERIFICATION ONLY
8,MAA_r4_c5,MAA,13.1827,80.4707,-3.342,0.857,3.45,104.4,SYNTHETIC DATA — PIPELINE/CONSTRAINT VERIFICATION ONLY
8,MAA_r4_c6,MAA,13.1827,80.5707,-3.051,0.783,3.15,104.4,SYNTHETIC DATA — PIPELINE/CONSTRAINT VERIFICATION ONLY
8,MAA_r5_c0,MAA,13.2827,79.9707,-5.096,1.263,5.25,103.9,SYNTHETIC DATA — PIPELINE/CONSTRAINT VERIFICATION ONLY
8,MAA_r5_c1,MAA,13.2827,80.0707,-4.805,1.191,4.95,103.9,SYNTHETIC DATA — PIPELINE/CONSTRAINT VERIFICATION ONLY
8,MAA_r5_c2,MAA,13.2827,80.1707,-4.513,1.119,4.65,103.9,SYNTHETIC DATA — PIPELINE/CONSTRAINT VERIFICATION ONLY
8,MAA_r5_c3,MAA,13.2827,80.2707,-4.222,1.047,4.35,103.9,SYNTHETIC DATA — PIPELINE/CONSTRAINT VERIFICATION ONLY
8,MAA_r5_c4,MAA,13.2827,80.3707,-3.931,0.975,4.05,103.9,SYNTHETIC DATA — PIPELINE/CONSTRAINT VERIFICATION ONLY
8,MAA_r5_c5,MAA,13.2827,80.4707,-3.64,0.902,3.75,103.9,SYNTHETIC DATA — PIPELINE/CONSTRAINT VERIFICATION ONLY
8,MAA_r5_c6,MAA,13.2827,80.5707,-3.349,0.83,3.45,103.9,SYNTHETIC DATA — PIPELINE/CONSTRAINT VERIFICATION ONLY
8,MAA_r6_c0,MAA,13.3827,79.9707,-5.306,1.629,5.55,107.1,SYNTHETIC DATA — PIPELINE/CONSTRAINT VERIFICATION ONLY
8,MAA_r6_c1,MAA,13.3827,80.0707,-5.019,1.541,5.25,107.1,SYNTHETIC DATA — PIPELINE/CONSTRAINT VERIFICATION ONLY
8,MAA_r6_c2,MAA,13.3827,80.1707,-4.732,1.453,4.95,107.1,SYNTHETIC DATA — PIPELINE/CONSTRAINT VERIFICATION ONLY
8,MAA_r6_c3,MAA,13.3827,80.2707,-4.445,1.365,4.65,107.1,SYNTHETIC DATA — PIPELINE/CONSTRAINT VERIFICATION ONLY
8,MAA_r6_c4,MAA,13.3827,80.3707,-4.158,1.277,4.35,107.1,SYNTHETIC DATA — PIPELINE/CONSTRAINT VERIFICATION ONLY
8,MAA_r6_c5,MAA,13.3827,80.4707,-3.872,1.189,4.05,107.1,SYNTHETIC DATA — PIPELINE/CONSTRAINT VERIFICATION ONLY
8,MAA_r6_c6,MAA,13.3827,80.5707,-3.585,1.101,3.75,107.1,SYNTHETIC DATA — PIPELINE/CONSTRAINT VERIFICATION ONLY
9,DEL_r0_c0,DEL,28.3139,76.909,2.352,-3.836,4.5,328.5,SYNTHETIC DATA — PIPELINE/CONSTRAINT VERIFICATION ONLY
9,DEL_r0_c1,DEL,28.3139,77.009,2.196,-3.58,4.2,328.5,SYNTHETIC DATA — PIPELINE/CONSTRAINT VERIFICATION ONLY
9,DEL_r0_c2,DEL,28.3139,77.109,2.039,-3.325,3.9,328.5,SYNTHETIC DATA — PIPELINE/CONSTRAINT VERIFICATION ONLY
9,DEL_r0_c3,DEL,28.3139,77.209,1.882,-3.069,3.6,328.5,SYNTHETIC DATA — PIPELINE/CONSTRAINT VERIFICATION ONLY
9,DEL_r0_c4,DEL,28.3139,77.309,1.725,-2.813,3.3,328.5,SYNTHETIC DATA — PIPELINE/CONSTRAINT VERIFICATION ONLY
9,DEL_r0_c5,DEL,28.3139,77.409,1.568,-2.557,3.0,328.5,SYNTHETIC DATA — PIPELINE/CONSTRAINT VERIFICATION ONLY
9,DEL_r0_c6,DEL,28.3139,77.509,1.411,-2.302,2.7,328.5,SYNTHETIC DATA — PIPELINE/CONSTRAINT VERIFICATION ONLY
9,DEL_r1_c0,DEL,28.4139,76.909,3.008,-3.741,4.8,321.2,SYNTHETIC DATA — PIPELINE/CONSTRAINT VERIFICATION ONLY
9,DEL_r1_c1,DEL,28.4139,77.009,2.82,-3.507,4.5,321.2,SYNTHETIC DATA — PIPELINE/CONSTRAINT VERIFICATION ONLY
9,DEL_r1_c2,DEL,28.4139,77.109,2.632,-3.273,4.2,321.2,SYNTHETIC DATA — PIPELINE/CONSTRAINT VERIFICATION ONLY
9,DEL_r1_c3,DEL,28.4139,77.209,2.444,-3.039,3.9,321.2,SYNTHETIC DATA — PIPELINE/CONSTRAINT VERIFICATION ONLY
9,DEL_r1_c4,DEL,28.4139,77.309,2.256,-2.805,3.6,321.2,SYNTHETIC DATA — PIPELINE/CONSTRAINT VERIFICATION ONLY
9,DEL_r1_c5,DEL,28.4139,77.409,2.068,-2.572,3.3,321.2,SYNTHETIC DATA — PIPELINE/CONSTRAINT VERIFICATION ONLY
9,DEL_r1_c6,DEL,28.4139,77.509,1.88,-2.338,3.0,321.2,SYNTHETIC DATA — PIPELINE/CONSTRAINT VERIFICATION ONLY
9,DEL_r2_c0,DEL,28.5139,76.909,3.661,-3.551,5.1,314.1,SYNTHETIC DATA — PIPELINE/CONSTRAINT VERIFICATION ONLY
9,DEL_r2_c1,DEL,28.5139,77.009,3.446,-3.342,4.8,314.1,SYNTHETIC DATA — PIPELINE/CONSTRAINT VERIFICATION ONLY
9,DEL_r2_c2,DEL,28.5139,77.109,3.23,-3.133,4.5,314.1,SYNTHETIC DATA — PIPELINE/CONSTRAINT VERIFICATION ONLY
9,DEL_r2_c3,DEL,28.5139,77.209,3.015,-2.924,4.2,314.1,SYNTHETIC DATA — PIPELINE/CONSTRAINT VERIFICATION ONLY
9,DEL_r2_c4,DEL,28.5139,77.309,2.8,-2.715,3.9,314.1,SYNTHETIC DATA — PIPELINE/CONSTRAINT VERIFICATION ONLY
9,DEL_r2_c5,DEL,28.5139,77.409,2.584,-2.506,3.6,314.1,SYNTHETIC DATA — PIPELINE/CONSTRAINT VERIFICATION ONLY
9,DEL_r2_c6,DEL,28.5139,77.509,2.369,-2.297,3.3,314.1,SYNTHETIC DATA — PIPELINE/CONSTRAINT VERIFICATION ONLY
9,DEL_r3_c0,DEL,28.6139,76.909,4.197,-3.398,5.4,309.0,SYNTHETIC DATA — PIPELINE/CONSTRAINT VERIFICATION ONLY
9,DEL_r3_c1,DEL,28.6139,77.009,3.964,-3.209,5.1,309.0,SYNTHETIC DATA — PIPELINE/CONSTRAINT VERIFICATION ONLY
9,DEL_r3_c2,DEL,28.6139,77.109,3.73,-3.021,4.8,309.0,SYNTHETIC DATA — PIPELINE/CONSTRAINT VERIFICATION ONLY
9,DEL_r3_c3,DEL,28.6139,77.209,3.497,-2.832,4.5,309.0,SYNTHETIC DATA — PIPELINE/CONSTRAINT VERIFICATION ONLY
9,DEL_r3_c4,DEL,28.6139,77.309,3.264,-2.643,4.2,309.0,SYNTHETIC DATA — PIPELINE/CONSTRAINT VERIFICATION ONLY
9,DEL_r3_c5,DEL,28.6139,77.409,3.031,-2.454,3.9,309.0,SYNTHETIC DATA — PIPELINE/CONSTRAINT VERIFICATION ONLY
9,DEL_r3_c6,DEL,28.6139,77.509,2.798,-2.265,3.6,309.0,SYNTHETIC DATA — PIPELINE/CONSTRAINT VERIFICATION ONLY
9,DEL_r4_c0,DEL,28.7139,76.909,4.548,-3.436,5.7,307.1,SYNTHETIC DATA — PIPELINE/CONSTRAINT VERIFICATION ONLY
9,DEL_r4_c1,DEL,28.7139,77.009,4.309,-3.255,5.4,307.1,SYNTHETIC DATA — PIPELINE/CONSTRAINT VERIFICATION ONLY
9,DEL_r4_c2,DEL,28.7139,77.109,4.069,-3.074,5.1,307.1,SYNTHETIC DATA — PIPELINE/CONSTRAINT VERIFICATION ONLY
9,DEL_r4_c3,DEL,28.7139,77.209,3.83,-2.894,4.8,307.1,SYNTHETIC DATA — PIPELINE/CONSTRAINT VERIFICATION ONLY
9,DEL_r4_c4,DEL,28.7139,77.309,3.59,-2.713,4.5,307.1,SYNTHETIC DATA — PIPELINE/CONSTRAINT VERIFICATION ONLY
9,DEL_r4_c5,DEL,28.7139,77.409,3.351,-2.532,4.2,307.1,SYNTHETIC DATA — PIPELINE/CONSTRAINT VERIFICATION ONLY
9,DEL_r4_c6,DEL,28.7139,77.509,3.112,-2.351,3.9,307.1,SYNTHETIC DATA — PIPELINE/CONSTRAINT VERIFICATION ONLY
9,DEL_r5_c0,DEL,28.8139,76.909,4.675,-3.761,6.0,308.8,SYNTHETIC DATA — PIPELINE/CONSTRAINT VERIFICATION ONLY
9,DEL_r5_c1,DEL,28.8139,77.009,4.441,-3.573,5.7,308.8,SYNTHETIC DATA — PIPELINE/CONSTRAINT VERIFICATION ONLY
9,DEL_r5_c2,DEL,28.8139,77.109,4.207,-3.385,5.4,308.8,SYNTHETIC DATA — PIPELINE/CONSTRAINT VERIFICATION ONLY
9,DEL_r5_c3,DEL,28.8139,77.209,3.974,-3.197,5.1,308.8,SYNTHETIC DATA — PIPELINE/CONSTRAINT VERIFICATION ONLY
9,DEL_r5_c4,DEL,28.8139,77.309,3.74,-3.009,4.8,308.8,SYNTHETIC DATA — PIPELINE/CONSTRAINT VERIFICATION ONLY
9,DEL_r5_c5,DEL,28.8139,77.409,3.506,-2.821,4.5,308.8,SYNTHETIC DATA — PIPELINE/CONSTRAINT VERIFICATION ONLY
9,DEL_r5_c6,DEL,28.8139,77.509,3.272,-2.633,4.2,308.8,SYNTHETIC DATA — PIPELINE/CONSTRAINT VERIFICATION ONLY
9,DEL_r6_c0,DEL,28.9139,76.909,4.546,-4.361,6.3,313.8,SYNTHETIC DATA — PIPELINE/CONSTRAINT VERIFICATION ONLY
9,DEL_r6_c1,DEL,28.9139,77.009,4.33,-4.154,6.0,313.8,SYNTHETIC DATA — PIPELINE/CONSTRAINT VERIFICATION ONLY
9,DEL_r6_c2,DEL,28.9139,77.109,4.113,-3.946,5.7,313.8,SYNTHETIC DATA — PIPELINE/CONSTRAINT VERIFICATION ONLY
9,DEL_r6_c3,DEL,28.9139,77.209,3.897,-3.738,5.4,313.8,SYNTHETIC DATA — PIPELINE/CONSTRAINT VERIFICATION ONLY
9,DEL_r6_c4,DEL,28.9139,77.309,3.68,-3.531,5.1,313.8,SYNTHETIC DATA — PIPELINE/CONSTRAINT VERIFICATION ONLY
9,DEL_r6_c5,DEL,28.9139,77.409,3.464,-3.323,4.8,313.8,SYNTHETIC DATA — PIPELINE/CONSTRAINT VERIFICATION ONLY
9,DEL_r6_c6,DEL,28.9139,77.509,3.247,-3.115,4.5,313.8,SYNTHETIC DATA — PIPELINE/CONSTRAINT VERIFICATION ONLY
9,BOM_r0_c0,BOM,18.776,72.5777,4.471,0.511,4.5,263.5,SYNTHETIC DATA — PIPELINE/CONSTRAINT VERIFICATION ONLY
9,BOM_r0_c1,BOM,18.776,72.6777,4.173,0.477,4.2,263.5,SYNTHETIC DATA — PIPELINE/CONSTRAINT VERIFICATION ONLY
9,BOM_r0_c2,BOM,18.776,72.7777,3.875,0.443,3.9,263.5,SYNTHETIC DATA — PIPELINE/CONSTRAINT VERIFICATION ONLY
9,BOM_r0_c3,BOM,18.776,72.8777,3.577,0.409,3.6,263.5,SYNTHETIC DATA — PIPELINE/CONSTRAINT VERIFICATION ONLY
9,BOM_r0_c4,BOM,18.776,72.9777,3.279,0.375,3.3,263.5,SYNTHETIC DATA — PIPELINE/CONSTRAINT VERIFICATION ONLY
9,BOM_r0_c5,BOM,18.776,73.0777,2.981,0.341,3.0,263.5,SYNTHETIC DATA — PIPELINE/CONSTRAINT VERIFICATION ONLY
9,BOM_r0_c6,BOM,18.776,73.1777,2.683,0.307,2.7,263.5,SYNTHETIC DATA — PIPELINE/CONSTRAINT VERIFICATION ONLY
9,BOM_r1_c0,BOM,18.876,72.5777,4.661,1.145,4.8,256.2,SYNTHETIC DATA — PIPELINE/CONSTRAINT VERIFICATION ONLY
9,BOM_r1_c1,BOM,18.876,72.6777,4.37,1.074,4.5,256.2,SYNTHETIC DATA — PIPELINE/CONSTRAINT VERIFICATION ONLY
9,BOM_r1_c2,BOM,18.876,72.7777,4.079,1.002,4.2,256.2,SYNTHETIC DATA — PIPELINE/CONSTRAINT VERIFICATION ONLY
9,BOM_r1_c3,BOM,18.876,72.8777,3.787,0.931,3.9,256.2,SYNTHETIC DATA — PIPELINE/CONSTRAINT VERIFICATION ONLY
9,BOM_r1_c4,BOM,18.876,72.9777,3.496,0.859,3.6,256.2,SYNTHETIC DATA — PIPELINE/CONSTRAINT VERIFICATION ONLY
9,BOM_r1_c5,BOM,18.876,73.0777,3.205,0.787,3.3,256.2,SYNTHETIC DATA — PIPELINE/CONSTRAINT VERIFICATION ONLY
9,BOM_r1_c6,BOM,18.876,73.1777,2.913,0.716,3.0,256.2,SYNTHETIC DATA — PIPELINE/CONSTRAINT VERIFICATION ONLY
9,BOM_r2_c0,BOM,18.976,72.5777,4.765,1.817,5.1,249.1,SYNTHETIC DATA — PIPELINE/CONSTRAINT VERIFICATION ONLY
9,BOM_r2_c1,BOM,18.976,72.6777,4.485,1.711,4.8,249.1,SYNTHETIC DATA — PIPELINE/CONSTRAINT VERIFICATION ONLY
9,BOM_r2_c2,BOM,18.976,72.7777,4.205,1.604,4.5,249.1,SYNTHETIC DATA — PIPELINE/CONSTRAINT VERIFICATION ONLY
9,BOM_r2_c3,BOM,18.976,72.8777,3.924,1.497,4.2,249.1,SYNTHETIC DATA — PIPELINE/CONSTRAINT VERIFICATION ONLY
9,BOM_r2_c4,BOM,18.976,72.9777,3.644,1.39,3.9,249.1,SYNTHETIC DATA — PIPELINE/CONSTRAINT VERIFICATION ONLY
9,BOM_r2_c5,BOM,18.976,73.0777,3.364,1.283,3.6,249.1,SYNTHETIC DATA — PIPELINE/CONSTRAINT VERIFICATION ONLY
9,BOM_r2_c6,BOM,18.976,73.1777,3.083,1.176,3.3,249.1,SYNTHETIC DATA — PIPELINE/CONSTRAINT VERIFICATION ONLY
9,BOM_r3_c0,BOM,19.076,72.5777,4.853,2.367,5.4,244.0,SYNTHETIC DATA — PIPELINE/CONSTRAINT VERIFICATION ONLY
9,BOM_r3_c1,BOM,19.076,72.6777,4.584,2.236,5.1,244.0,SYNTHETIC DATA — PIPELINE/CONSTRAINT VERIFICATION ONLY
9,BOM_r3_c2,BOM,19.076,72.7777,4.314,2.104,4.8,244.0,SYNTHETIC DATA — PIPELINE/CONSTRAINT VERIFICATION ONLY
9,BOM_r3_c3,BOM,19.076,72.8777,4.044,1.973,4.5,244.0,SYNTHETIC DATA — PIPELINE/CONSTRAINT VERIFICATION ONLY
9,BOM_r3_c4,BOM,19.076,72.9777,3.775,1.841,4.2,244.0,SYNTHETIC DATA — PIPELINE/CONSTRAINT VERIFICATION ONLY
9,BOM_r3_c5,BOM,19.076,73.0777,3.505,1.71,3.9,244.0,SYNTHETIC DATA — PIPELINE/CONSTRAINT VERIFICATION ONLY
9,BOM_r3_c6,BOM,19.076,73.1777,3.236,1.578,3.6,244.0,SYNTHETIC DATA — PIPELINE/CONSTRAINT VERIFICATION ONLY
9,BOM_r4_c0,BOM,19.176,72.5777,5.036,2.67,5.7,242.1,SYNTHETIC DATA — PIPELINE/CONSTRAINT VERIFICATION ONLY
9,BOM_r4_c1,BOM,19.176,72.6777,4.771,2.529,5.4,242.1,SYNTHETIC DATA — PIPELINE/CONSTRAINT VERIFICATION ONLY
9,BOM_r4_c2,BOM,19.176,72.7777,4.506,2.389,5.1,242.1,SYNTHETIC DATA — PIPELINE/CONSTRAINT VERIFICATION ONLY
9,BOM_r4_c3,BOM,19.176,72.8777,4.241,2.248,4.8,242.1,SYNTHETIC DATA — PIPELINE/CONSTRAINT VERIFICATION ONLY
9,BOM_r4_c4,BOM,19.176,72.9777,3.976,2.108,4.5,242.1,SYNTHETIC DATA — PIPELINE/CONSTRAINT VERIFICATION ONLY
9,BOM_r4_c5,BOM,19.176,73.0777,3.711,1.967,4.2,242.1,SYNTHETIC DATA — PIPELINE/CONSTRAINT VERIFICATION ONLY
9,BOM_r4_c6,BOM,19.176,73.1777,3.446,1.827,3.9,242.1,SYNTHETIC DATA — PIPELINE/CONSTRAINT VERIFICATION ONLY
9,BOM_r5_c0,BOM,19.276,72.5777,5.384,2.647,6.0,243.8,SYNTHETIC DATA — PIPELINE/CONSTRAINT VERIFICATION ONLY
9,BOM_r5_c1,BOM,19.276,72.6777,5.115,2.515,5.7,243.8,SYNTHETIC DATA — PIPELINE/CONSTRAINT VERIFICATION ONLY
9,BOM_r5_c2,BOM,19.276,72.7777,4.846,2.383,5.4,243.8,SYNTHETIC DATA — PIPELINE/CONSTRAINT VERIFICATION ONLY
9,BOM_r5_c3,BOM,19.276,72.8777,4.577,2.25,5.1,243.8,SYNTHETIC DATA — PIPELINE/CONSTRAINT VERIFICATION ONLY
9,BOM_r5_c4,BOM,19.276,72.9777,4.308,2.118,4.8,243.8,SYNTHETIC DATA — PIPELINE/CONSTRAINT VERIFICATION ONLY
9,BOM_r5_c5,BOM,19.276,73.0777,4.038,1.985,4.5,243.8,SYNTHETIC DATA — PIPELINE/CONSTRAINT VERIFICATION ONLY
9,BOM_r5_c6,BOM,19.276,73.1777,3.769,1.853,4.2,243.8,SYNTHETIC DATA — PIPELINE/CONSTRAINT VERIFICATION ONLY
9,BOM_r6_c0,BOM,19.376,72.5777,5.874,2.277,6.3,248.8,SYNTHETIC DATA — PIPELINE/CONSTRAINT VERIFICATION ONLY
9,BOM_r6_c1,BOM,19.376,72.6777,5.594,2.169,6.0,248.8,SYNTHETIC DATA — PIPELINE/CONSTRAINT VERIFICATION ONLY
9,BOM_r6_c2,BOM,19.376,72.7777,5.315,2.06,5.7,248.8,SYNTHETIC DATA — PIPELINE/CONSTRAINT VERIFICATION ONLY
9,BOM_r6_c3,BOM,19.376,72.8777,5.035,1.952,5.4,248.8,SYNTHETIC DATA — PIPELINE/CONSTRAINT VERIFICATION ONLY
9,BOM_r6_c4,BOM,19.376,72.9777,4.755,1.843,5.1,248.8,SYNTHETIC DATA — PIPELINE/CONSTRAINT VERIFICATION ONLY
9,BOM_r6_c5,BOM,19.376,73.0777,4.475,1.735,4.8,248.8,SYNTHETIC DATA — PIPELINE/CONSTRAINT VERIFICATION ONLY
9,BOM_r6_c6,BOM,19.376,73.1777,4.196,1.627,4.5,248.8,SYNTHETIC DATA — PIPELINE/CONSTRAINT VERIFICATION ONLY
9,LKO_r0_c0,LKO,26.5467,80.6462,3.265,-3.097,4.5,313.5,SYNTHETIC DATA — PIPELINE/CONSTRAINT VERIFICATION ONLY
9,LKO_r0_c1,LKO,26.5467,80.7462,3.047,-2.89,4.2,313.5,SYNTHETIC DATA — PIPELINE/CONSTRAINT VERIFICATION ONLY
9,LKO_r0_c2,LKO,26.5467,80.8462,2.83,-2.684,3.9,313.5,SYNTHETIC DATA — PIPELINE/CONSTRAINT VERIFICATION ONLY
9,LKO_r0_c3,LKO,26.5467,80.9462,2.612,-2.477,3.6,313.5,SYNTHETIC DATA — PIPELINE/CONSTRAINT VERIFICATION ONLY
9,LKO_r0_c4,LKO,26.5467,81.0462,2.394,-2.271,3.3,313.5,SYNTHETIC DATA — PIPELINE/CONSTRAINT VERIFICATION ONLY
9,LKO_r0_c5,LKO,26.5467,81.1462,2.177,-2.064,3.0,313.5,SYNTHETIC DATA — PIPELINE/CONSTRAINT VERIFICATION ONLY
9,LKO_r0_c6,LKO,26.5467,81.2462,1.959,-1.858,2.7,313.5,SYNTHETIC DATA — PIPELINE/CONSTRAINT VERIFICATION ONLY
9,LKO_r1_c0,LKO,26.6467,80.6462,3.874,-2.835,4.8,306.2,SYNTHETIC DATA — PIPELINE/CONSTRAINT VERIFICATION ONLY
9,LKO_r1_c1,LKO,26.6467,80.7462,3.632,-2.657,4.5,306.2,SYNTHETIC DATA — PIPELINE/CONSTRAINT VERIFICATION ONLY
9,LKO_r1_c2,LKO,26.6467,80.8462,3.389,-2.48,4.2,306.2,SYNTHETIC DATA — PIPELINE/CONSTRAINT VERIFICATION ONLY
9,LKO_r1_c3,LKO,26.6467,80.9462,3.147,-2.303,3.9,306.2,SYNTHETIC DATA — PIPELINE/CONSTRAINT VERIFICATION ONLY
9,LKO_r1_c4,LKO,26.6467,81.0462,2.905,-2.126,3.6,306.2,SYNTHETIC DATA — PIPELINE/CONSTRAINT VERIFICATION ONLY
9,LKO_r1_c5,LKO,26.6467,81.1462,2.663,-1.949,3.3,306.2,SYNTHETIC DATA — PIPELINE/CONSTRAINT VERIFICATION ONLY
9,LKO_r1_c6,LKO,26.6467,81.2462,2.421,-1.772,3.0,306.2,SYNTHETIC DATA — PIPELINE/CONSTRAINT VERIFICATION ONLY
9,LKO_r2_c0,LKO,26.7467,80.6462,4.455,-2.482,5.1,299.1,SYNTHETIC DATA — PIPELINE/CONSTRAINT VERIFICATION ONLY
9,LKO_r2_c1,LKO,26.7467,80.7462,4.193,-2.336,4.8,299.1,SYNTHETIC DATA — PIPELINE/CONSTRAINT VERIFICATION ONLY
9,LKO_r2_c2,LKO,26.7467,80.8462,3.931,-2.19,4.5,299.1,SYNTHETIC DATA — PIPELINE/CONSTRAINT VERIFICATION ONLY
9,LKO_r2_c3,LKO,26.7467,80.9462,3.669,-2.044,4.2,299.1,SYNTHETIC DATA — PIPELINE/CONSTRAINT VERIFICATION ONLY
9,LKO_r2_c4,LKO,26.7467,81.0462,3.407,-1.898,3.9,299.1,SYNTHETIC DATA — PIPELINE/CONSTRAINT VERIFICATION ONLY
9,LKO_r2_c5,LKO,26.7467,81.1462,3.145,-1.752,3.6,299.1,SYNTHETIC DATA — PIPELINE/CONSTRAINT VERIFICATION ONLY
9,LKO_r2_c6,LKO,26.7467,81.2462,2.883,-1.606,3.3,299.1,SYNTHETIC DATA — PIPELINE/CONSTRAINT VERIFICATION ONLY
9,LKO_r3_c0,LKO,26.8467,80.6462,4.933,-2.196,5.4,294.0,SYNTHETIC DATA — PIPELINE/CONSTRAINT VERIFICATION ONLY
9,LKO_r3_c1,LKO,26.8467,80.7462,4.659,-2.074,5.1,294.0,SYNTHETIC DATA — PIPELINE/CONSTRAINT VERIFICATION ONLY
9,LKO_r3_c2,LKO,26.8467,80.8462,4.385,-1.952,4.8,294.0,SYNTHETIC DATA — PIPELINE/CONSTRAINT VERIFICATION ONLY
9,LKO_r3_c3,LKO,26.8467,80.9462,4.111,-1.83,4.5,294.0,SYNTHETIC DATA — PIPELINE/CONSTRAINT VERIFICATION ONLY
9,LKO_r3_c4,LKO,26.8467,81.0462,3.837,-1.708,4.2,294.0,SYNTHETIC DATA — PIPELINE/CONSTRAINT VERIFICATION ONLY
9,LKO_r3_c5,LKO,26.8467,81.1462,3.563,-1.586,3.9,294.0,SYNTHETIC DATA — PIPELINE/CONSTRAINT VERIFICATION ONLY
9,LKO_r3_c6,LKO,26.8467,81.2462,3.289,-1.464,3.6,294.0,SYNTHETIC DATA — PIPELINE/CONSTRAINT VERIFICATION ONLY
9,LKO_r4_c0,LKO,26.9467,80.6462,5.282,-2.142,5.7,292.1,SYNTHETIC DATA — PIPELINE/CONSTRAINT VERIFICATION ONLY
9,LKO_r4_c1,LKO,26.9467,80.7462,5.004,-2.029,5.4,292.1,SYNTHETIC DATA — PIPELINE/CONSTRAINT VERIFICATION ONLY
9,LKO_r4_c2,LKO,26.9467,80.8462,4.726,-1.916,5.1,292.1,SYNTHETIC DATA — PIPELINE/CONSTRAINT VERIFICATION ONLY
9,LKO_r4_c3,LKO,26.9467,80.9462,4.448,-1.804,4.8,292.1,SYNTHETIC DATA — PIPELINE/CONSTRAINT VERIFICATION ONLY
9,LKO_r4_c4,LKO,26.9467,81.0462,4.17,-1.691,4.5,292.1,SYNTHETIC DATA — PIPELINE/CONSTRAINT VERIFICATION ONLY
9,LKO_r4_c5,LKO,26.9467,81.1462,3.892,-1.578,4.2,292.1,SYNTHETIC DATA — PIPELINE/CONSTRAINT VERIFICATION ONLY
9,LKO_r4_c6,LKO,26.9467,81.2462,3.614,-1.466,3.9,292.1,SYNTHETIC DATA — PIPELINE/CONSTRAINT VERIFICATION ONLY
9,LKO_r5_c0,LKO,27.0467,80.6462,5.489,-2.423,6.0,293.8,SYNTHETIC DATA — PIPELINE/CONSTRAINT VERIFICATION ONLY
9,LKO_r5_c1,LKO,27.0467,80.7462,5.214,-2.302,5.7,293.8,SYNTHETIC DATA — PIPELINE/CONSTRAINT VERIFICATION ONLY
9,LKO_r5_c2,LKO,27.0467,80.8462,4.94,-2.181,5.4,293.8,SYNTHETIC DATA — PIPELINE/CONSTRAINT VERIFICATION ONLY
9,LKO_r5_c3,LKO,27.0467,80.9462,4.666,-2.06,5.1,293.8,SYNTHETIC DATA — PIPELINE/CONSTRAINT VERIFICATION ONLY
9,LKO_r5_c4,LKO,27.0467,81.0462,4.391,-1.938,4.8,293.8,SYNTHETIC DATA — PIPELINE/CONSTRAINT VERIFICATION ONLY
9,LKO_r5_c5,LKO,27.0467,81.1462,4.117,-1.817,4.5,293.8,SYNTHETIC DATA — PIPELINE/CONSTRAINT VERIFICATION ONLY
9,LKO_r5_c6,LKO,27.0467,81.2462,3.842,-1.696,4.2,293.8,SYNTHETIC DATA — PIPELINE/CONSTRAINT VERIFICATION ONLY
9,LKO_r6_c0,LKO,27.1467,80.6462,5.52,-3.036,6.3,298.8,SYNTHETIC DATA — PIPELINE/CONSTRAINT VERIFICATION ONLY
9,LKO_r6_c1,LKO,27.1467,80.7462,5.257,-2.892,6.0,298.8,SYNTHETIC DATA — PIPELINE/CONSTRAINT VERIFICATION ONLY
9,LKO_r6_c2,LKO,27.1467,80.8462,4.994,-2.747,5.7,298.8,SYNTHETIC DATA — PIPELINE/CONSTRAINT VERIFICATION ONLY
9,LKO_r6_c3,LKO,27.1467,80.9462,4.732,-2.602,5.4,298.8,SYNTHETIC DATA — PIPELINE/CONSTRAINT VERIFICATION ONLY
9,LKO_r6_c4,LKO,27.1467,81.0462,4.469,-2.458,5.1,298.8,SYNTHETIC DATA — PIPELINE/CONSTRAINT VERIFICATION ONLY
9,LKO_r6_c5,LKO,27.1467,81.1462,4.206,-2.313,4.8,298.8,SYNTHETIC DATA — PIPELINE/CONSTRAINT VERIFICATION ONLY
9,LKO_r6_c6,LKO,27.1467,81.2462,3.943,-2.169,4.5,298.8,SYNTHETIC DATA — PIPELINE/CONSTRAINT VERIFICATION ONLY
9,VNS_r0_c0,VNS,25.0176,82.6739,3.753,-2.483,4.5,303.5,SYNTHETIC DATA — PIPELINE/CONSTRAINT VERIFICATION ONLY
9,VNS_r0_c1,VNS,25.0176,82.7739,3.503,-2.317,4.2,303.5,SYNTHETIC DATA — PIPELINE/CONSTRAINT VERIFICATION ONLY
9,VNS_r0_c2,VNS,25.0176,82.8739,3.253,-2.152,3.9,303.5,SYNTHETIC DATA — PIPELINE/CONSTRAINT VERIFICATION ONLY
9,VNS_r0_c3,VNS,25.0176,82.9739,3.003,-1.986,3.6,303.5,SYNTHETIC DATA — PIPELINE/CONSTRAINT VERIFICATION ONLY
9,VNS_r0_c4,VNS,25.0176,83.0739,2.752,-1.821,3.3,303.5,SYNTHETIC DATA — PIPELINE/CONSTRAINT VERIFICATION ONLY
9,VNS_r0_c5,VNS,25.0176,83.1739,2.502,-1.655,3.0,303.5,SYNTHETIC DATA — PIPELINE/CONSTRAINT VERIFICATION ONLY
9,VNS_r0_c6,VNS,25.0176,83.2739,2.252,-1.49,2.7,303.5,SYNTHETIC DATA — PIPELINE/CONSTRAINT VERIFICATION ONLY
9,VNS_r1_c0,VNS,25.1176,82.6739,4.307,-2.119,4.8,296.2,SYNTHETIC DATA — PIPELINE/CONSTRAINT VERIFICATION ONLY
9,VNS_r1_c1,VNS,25.1176,82.7739,4.038,-1.986,4.5,296.2,SYNTHETIC DATA — PIPELINE/CONSTRAINT VERIFICATION ONLY
9,VNS_r1_c2,VNS,25.1176,82.8739,3.769,-1.854,4.2,296.2,SYNTHETIC DATA — PIPELINE/CONSTRAINT VERIFICATION ONLY
9,VNS_r1_c3,VNS,25.1176,82.9739,3.499,-1.722,3.9,296.2,SYNTHETIC DATA — PIPELINE/CONSTRAINT VERIFICATION ONLY
9,VNS_r1_c4,VNS,25.1176,83.0739,3.23,-1.589,3.6,296.2,SYNTHETIC DATA — PIPELINE/CONSTRAINT VERIFICATION ONLY
9,VNS_r1_c5,VNS,25.1176,83.1739,2.961,-1.457,3.3,296.2,SYNTHETIC DATA — PIPELINE/CONSTRAINT VERIFICATION ONLY
9,VNS_r1_c6,VNS,25.1176,83.2739,2.692,-1.324,3.0,296.2,SYNTHETIC DATA — PIPELINE/CONSTRAINT VERIFICATION ONLY
9,VNS_r2_c0,VNS,25.2176,82.6739,4.819,-1.671,5.1,289.1,SYNTHETIC DATA — PIPELINE/CONSTRAINT VERIFICATION ONLY
9,VNS_r2_c1,VNS,25.2176,82.7739,4.535,-1.573,4.8,289.1,SYNTHETIC DATA — PIPELINE/CONSTRAINT VERIFICATION ONLY
9,VNS_r2_c2,VNS,25.2176,82.8739,4.252,-1.474,4.5,289.1,SYNTHETIC DATA — PIPELINE/CONSTRAINT VERIFICATION ONLY
9,VNS_r2_c3,VNS,25.2176,82.9739,3.968,-1.376,4.2,289.1,SYNTHETIC DATA — PIPELINE/CONSTRAINT VERIFICATION ONLY
9,VNS_r2_c4,VNS,25.2176,83.0739,3.685,-1.278,3.9,289.1,SYNTHETIC DATA — PIPELINE/CONSTRAINT VERIFICATION ONLY
9,VNS_r2_c5,VNS,25.2176,83.1739,3.401,-1.179,3.6,289.1,SYNTHETIC DATA — PIPELINE/CONSTRAINT VERIFICATION ONLY
9,VNS_r2_c6,VNS,25.2176,83.2739,3.118,-1.081,3.3,289.1,SYNTHETIC DATA — PIPELINE/CONSTRAINT VERIFICATION ONLY
9,VNS_r3_c0,VNS,25.3176,82.6739,5.24,-1.306,5.4,284.0,SYNTHETIC DATA — PIPELINE/CONSTRAINT VERIFICATION ONLY
9,VNS_r3_c1,VNS,25.3176,82.7739,4.949,-1.234,5.1,284.0,SYNTHETIC DATA — PIPELINE/CONSTRAINT VERIFICATION ONLY
9,VNS_r3_c2,VNS,25.3176,82.8739,4.657,-1.161,4.8,284.0,SYNTHETIC DATA — PIPELINE/CONSTRAINT VERIFICATION ONLY
9,VNS_r3_c3,VNS,25.3176,82.9739,4.366,-1.088,4.5,284.0,SYNTHETIC DATA — PIPELINE/CONSTRAINT VERIFICATION ONLY
9,VNS_r3_c4,VNS,25.3176,83.0739,4.075,-1.016,4.2,284.0,SYNTHETIC DATA — PIPELINE/CONSTRAINT VERIFICATION ONLY
9,VNS_r3_c5,VNS,25.3176,83.1739,3.784,-0.943,3.9,284.0,SYNTHETIC DATA — PIPELINE/CONSTRAINT VERIFICATION ONLY
9,VNS_r3_c6,VNS,25.3176,83.2739,3.493,-0.871,3.6,284.0,SYNTHETIC DATA — PIPELINE/CONSTRAINT VERIFICATION ONLY
9,VNS_r4_c0,VNS,25.4176,82.6739,5.574,-1.192,5.7,282.1,SYNTHETIC DATA — PIPELINE/CONSTRAINT VERIFICATION ONLY
9,VNS_r4_c1,VNS,25.4176,82.7739,5.281,-1.129,5.4,282.1,SYNTHETIC DATA — PIPELINE/CONSTRAINT VERIFICATION ONLY
9,VNS_r4_c2,VNS,25.4176,82.8739,4.987,-1.067,5.1,282.1,SYNTHETIC DATA — PIPELINE/CONSTRAINT VERIFICATION ONLY
9,VNS_r4_c3,VNS,25.4176,82.9739,4.694,-1.004,4.8,282.1,SYNTHETIC DATA — PIPELINE/CONSTRAINT VERIFICATION ONLY
9,VNS_r4_c4,VNS,25.4176,83.0739,4.4,-0.941,4.5,282.1,SYNTHETIC DATA — PIPELINE/CONSTRAINT VERIFICATION ONLY
9,VNS_r4_c5,VNS,25.4176,83.1739,4.107,-0.878,4.2,282.1,SYNTHETIC DATA — PIPELINE/CONSTRAINT VERIFICATION ONLY
9,VNS_r4_c6,VNS,25.4176,83.2739,3.814,-0.816,3.9,282.1,SYNTHETIC DATA — PIPELINE/CONSTRAINT VERIFICATION ONLY
9,VNS_r5_c0,VNS,25.5176,82.6739,5.826,-1.433,6.0,283.8,SYNTHETIC DATA — PIPELINE/CONSTRAINT VERIFICATION ONLY
9,VNS_r5_c1,VNS,25.5176,82.7739,5.535,-1.362,5.7,283.8,SYNTHETIC DATA — PIPELINE/CONSTRAINT VERIFICATION ONLY
9,VNS_r5_c2,VNS,25.5176,82.8739,5.244,-1.29,5.4,283.8,SYNTHETIC DATA — PIPELINE/CONSTRAINT VERIFICATION ONLY
9,VNS_r5_c3,VNS,25.5176,82.9739,4.952,-1.218,5.1,283.8,SYNTHETIC DATA — PIPELINE/CONSTRAINT VERIFICATION ONLY
9,VNS_r5_c4,VNS,25.5176,83.0739,4.661,-1.147,4.8,283.8,SYNTHETIC DATA — PIPELINE/CONSTRAINT VERIFICATION ONLY
9,VNS_r5_c5,VNS,25.5176,83.1739,4.37,-1.075,4.5,283.8,SYNTHETIC DATA — PIPELINE/CONSTRAINT VERIFICATION ONLY
9,VNS_r5_c6,VNS,25.5176,83.2739,4.078,-1.003,4.2,283.8,SYNTHETIC DATA — PIPELINE/CONSTRAINT VERIFICATION ONLY
9,VNS_r6_c0,VNS,25.6176,82.6739,5.964,-2.031,6.3,288.8,SYNTHETIC DATA — PIPELINE/CONSTRAINT VERIFICATION ONLY
9,VNS_r6_c1,VNS,25.6176,82.7739,5.68,-1.935,6.0,288.8,SYNTHETIC DATA — PIPELINE/CONSTRAINT VERIFICATION ONLY
9,VNS_r6_c2,VNS,25.6176,82.8739,5.396,-1.838,5.7,288.8,SYNTHETIC DATA — PIPELINE/CONSTRAINT VERIFICATION ONLY
9,VNS_r6_c3,VNS,25.6176,82.9739,5.112,-1.741,5.4,288.8,SYNTHETIC DATA — PIPELINE/CONSTRAINT VERIFICATION ONLY
9,VNS_r6_c4,VNS,25.6176,83.0739,4.828,-1.644,5.1,288.8,SYNTHETIC DATA — PIPELINE/CONSTRAINT VERIFICATION ONLY
9,VNS_r6_c5,VNS,25.6176,83.1739,4.544,-1.548,4.8,288.8,SYNTHETIC DATA — PIPELINE/CONSTRAINT VERIFICATION ONLY
9,VNS_r6_c6,VNS,25.6176,83.2739,4.26,-1.451,4.5,288.8,SYNTHETIC DATA — PIPELINE/CONSTRAINT VERIFICATION ONLY
9,JAI_r0_c0,JAI,26.6124,75.4873,2.009,-4.027,4.5,333.5,SYNTHETIC DATA — PIPELINE/CONSTRAINT VERIFICATION ONLY
9,JAI_r0_c1,JAI,26.6124,75.5873,1.875,-3.758,4.2,333.5,SYNTHETIC DATA — PIPELINE/CONSTRAINT VERIFICATION ONLY
9,JAI_r0_c2,JAI,26.6124,75.6873,1.741,-3.49,3.9,333.5,SYNTHETIC DATA — PIPELINE/CONSTRAINT VERIFICATION ONLY
9,JAI_r0_c3,JAI,26.6124,75.7873,1.607,-3.221,3.6,333.5,SYNTHETIC DATA — PIPELINE/CONSTRAINT VERIFICATION ONLY
9,JAI_r0_c4,JAI,26.6124,75.8873,1.473,-2.953,3.3,333.5,SYNTHETIC DATA — PIPELINE/CONSTRAINT VERIFICATION ONLY
9,JAI_r0_c5,JAI,26.6124,75.9873,1.339,-2.684,3.0,333.5,SYNTHETIC DATA — PIPELINE/CONSTRAINT VERIFICATION ONLY
9,JAI_r0_c6,JAI,26.6124,76.0873,1.206,-2.416,2.7,333.5,SYNTHETIC DATA — PIPELINE/CONSTRAINT VERIFICATION ONLY
9,JAI_r1_c0,JAI,26.7124,75.4873,2.671,-3.989,4.8,326.2,SYNTHETIC DATA — PIPELINE/CONSTRAINT VERIFICATION ONLY
9,JAI_r1_c1,JAI,26.7124,75.5873,2.504,-3.739,4.5,326.2,SYNTHETIC DATA — PIPELINE/CONSTRAINT VERIFICATION ONLY
9,JAI_r1_c2,JAI,26.7124,75.6873,2.337,-3.49,4.2,326.2,SYNTHETIC DATA — PIPELINE/CONSTRAINT VERIFICATION ONLY
9,JAI_r1_c3,JAI,26.7124,75.7873,2.17,-3.241,3.9,326.2,SYNTHETIC DATA — PIPELINE/CONSTRAINT VERIFICATION ONLY
9,JAI_r1_c4,JAI,26.7124,75.8873,2.003,-2.991,3.6,326.2,SYNTHETIC DATA — PIPELINE/CONSTRAINT VERIFICATION ONLY
9,JAI_r1_c5,JAI,26.7124,75.9873,1.836,-2.742,3.3,326.2,SYNTHETIC DATA — PIPELINE/CONSTRAINT VERIFICATION ONLY
9,JAI_r1_c6,JAI,26.7124,76.0873,1.669,-2.493,3.0,326.2,SYNTHETIC DATA — PIPELINE/CONSTRAINT VERIFICATION ONLY
9,JAI_r2_c0,JAI,26.8124,75.4873,3.338,-3.856,5.1,319.1,SYNTHETIC DATA — PIPELINE/CONSTRAINT VERIFICATION ONLY
9,JAI_r2_c1,JAI,26.8124,75.5873,3.141,-3.629,4.8,319.1,SYNTHETIC DATA — PIPELINE/CONSTRAINT VERIFICATION ONLY
9,JAI_r2_c2,JAI,26.8124,75.6873,2.945,-3.403,4.5,319.1,SYNTHETIC DATA — PIPELINE/CONSTRAINT VERIFICATION ONLY
9,JAI_r2_c3,JAI,26.8124,75.7873,2.749,-3.176,4.2,319.1,SYNTHETIC DATA — PIPELINE/CONSTRAINT VERIFICATION ONLY
9,JAI_r2_c4,JAI,26.8124,75.8873,2.552,-2.949,3.9,319.1,SYNTHETIC DATA — PIPELINE/CONSTRAINT VERIFICATION ONLY
9,JAI_r2_c5,JAI,26.8124,75.9873,2.356,-2.722,3.6,319.1,SYNTHETIC DATA — PIPELINE/CONSTRAINT VERIFICATION ONLY
9,JAI_r2_c6,JAI,26.8124,76.0873,2.16,-2.495,3.3,319.1,SYNTHETIC DATA — PIPELINE/CONSTRAINT VERIFICATION ONLY
9,JAI_r3_c0,JAI,26.9124,75.4873,3.885,-3.751,5.4,314.0,SYNTHETIC DATA — PIPELINE/CONSTRAINT VERIFICATION ONLY
9,JAI_r3_c1,JAI,26.9124,75.5873,3.669,-3.543,5.1,314.0,SYNTHETIC DATA — PIPELINE/CONSTRAINT VERIFICATION ONLY
9,JAI_r3_c2,JAI,26.9124,75.6873,3.453,-3.334,4.8,314.0,SYNTHETIC DATA — PIPELINE/CONSTRAINT VERIFICATION ONLY
9,JAI_r3_c3,JAI,26.9124,75.7873,3.237,-3.126,4.5,314.0,SYNTHETIC DATA — PIPELINE/CONSTRAINT VERIFICATION ONLY
9,JAI_r3_c4,JAI,26.9124,75.8873,3.021,-2.917,4.2,314.0,SYNTHETIC DATA — PIPELINE/CONSTRAINT VERIFICATION ONLY
9,JAI_r3_c5,JAI,26.9124,75.9873,2.806,-2.709,3.9,314.0,SYNTHETIC DATA — PIPELINE/CONSTRAINT VERIFICATION ONLY
9,JAI_r3_c6,JAI,26.9124,76.0873,2.59,-2.501,3.6,314.0,SYNTHETIC DATA — PIPELINE/CONSTRAINT VERIFICATION ONLY
9,JAI_r4_c0,JAI,27.0124,75.4873,4.231,-3.819,5.7,312.1,SYNTHETIC DATA — PIPELINE/CONSTRAINT VERIFICATION ONLY
9,JAI_r4_c1,JAI,27.0124,75.5873,4.008,-3.618,5.4,312.1,SYNTHETIC DATA — PIPELINE/CONSTRAINT VERIFICATION ONLY
9,JAI_r4_c2,JAI,27.0124,75.6873,3.786,-3.417,5.1,312.1,SYNTHETIC DATA — PIPELINE/CONSTRAINT VERIFICATION ONLY
9,JAI_r4_c3,JAI,27.0124,75.7873,3.563,-3.216,4.8,312.1,SYNTHETIC DATA — PIPELINE/CONSTRAINT VERIFICATION ONLY
9,JAI_r4_c4,JAI,27.0124,75.8873,3.34,-3.015,4.5,312.1,SYNTHETIC DATA — PIPELINE/CONSTRAINT VERIFICATION ONLY
9,JAI_r4_c5,JAI,27.0124,75.9873,3.118,-2.814,4.2,312.1,SYNTHETIC DATA — PIPELINE/CONSTRAINT VERIFICATION ONLY
9,JAI_r4_c6,JAI,27.0124,76.0873,2.895,-2.613,3.9,312.1,SYNTHETIC DATA — PIPELINE/CONSTRAINT VERIFICATION ONLY
9,JAI_r5_c0,JAI,27.1124,75.4873,4.329,-4.154,6.0,313.8,SYNTHETIC DATA — PIPELINE/CONSTRAINT VERIFICATION ONLY
9,JAI_r5_c1,JAI,27.1124,75.5873,4.113,-3.947,5.7,313.8,SYNTHETIC DATA — PIPELINE/CONSTRAINT VERIFICATION ONLY
9,JAI_r5_c2,JAI,27.1124,75.6873,3.896,-3.739,5.4,313.8,SYNTHETIC DATA — PIPELINE/CONSTRAINT VERIFICATION ONLY
9,JAI_r5_c3,JAI,27.1124,75.7873,3.68,-3.531,5.1,313.8,SYNTHETIC DATA — PIPELINE/CONSTRAINT VERIFICATION ONLY
9,JAI_r5_c4,JAI,27.1124,75.8873,3.463,-3.323,4.8,313.8,SYNTHETIC DATA — PIPELINE/CONSTRAINT VERIFICATION ONLY
9,JAI_r5_c5,JAI,27.1124,75.9873,3.247,-3.116,4.5,313.8,SYNTHETIC DATA — PIPELINE/CONSTRAINT VERIFICATION ONLY
9,JAI_r5_c6,JAI,27.1124,76.0873,3.03,-2.908,4.2,313.8,SYNTHETIC DATA — PIPELINE/CONSTRAINT VERIFICATION ONLY
9,JAI_r6_c0,JAI,27.2124,75.4873,4.149,-4.741,6.3,318.8,SYNTHETIC DATA — PIPELINE/CONSTRAINT VERIFICATION ONLY
9,JAI_r6_c1,JAI,27.2124,75.5873,3.951,-4.515,6.0,318.8,SYNTHETIC DATA — PIPELINE/CONSTRAINT VERIFICATION ONLY
9,JAI_r6_c2,JAI,27.2124,75.6873,3.754,-4.289,5.7,318.8,SYNTHETIC DATA — PIPELINE/CONSTRAINT VERIFICATION ONLY
9,JAI_r6_c3,JAI,27.2124,75.7873,3.556,-4.064,5.4,318.8,SYNTHETIC DATA — PIPELINE/CONSTRAINT VERIFICATION ONLY
9,JAI_r6_c4,JAI,27.2124,75.8873,3.359,-3.838,5.1,318.8,SYNTHETIC DATA — PIPELINE/CONSTRAINT VERIFICATION ONLY
9,JAI_r6_c5,JAI,27.2124,75.9873,3.161,-3.612,4.8,318.8,SYNTHETIC DATA — PIPELINE/CONSTRAINT VERIFICATION ONLY
9,JAI_r6_c6,JAI,27.2124,76.0873,2.963,-3.386,4.5,318.8,SYNTHETIC DATA — PIPELINE/CONSTRAINT VERIFICATION ONLY
9,AMD_r0_c0,AMD,22.7225,72.2714,4.376,-1.049,4.5,283.5,SYNTHETIC DATA — PIPELINE/CONSTRAINT VERIFICATION ONLY
9,AMD_r0_c1,AMD,22.7225,72.3714,4.084,-0.979,4.2,283.5,SYNTHETIC DATA — PIPELINE/CONSTRAINT VERIFICATION ONLY
9,AMD_r0_c2,AMD,22.7225,72.4714,3.793,-0.909,3.9,283.5,SYNTHETIC DATA — PIPELINE/CONSTRAINT VERIFICATION ONLY
9,AMD_r0_c3,AMD,22.7225,72.5714,3.501,-0.839,3.6,283.5,SYNTHETIC DATA — PIPELINE/CONSTRAINT VERIFICATION ONLY
9,AMD_r0_c4,AMD,22.7225,72.6714,3.209,-0.769,3.3,283.5,SYNTHETIC DATA — PIPELINE/CONSTRAINT VERIFICATION ONLY
9,AMD_r0_c5,AMD,22.7225,72.7714,2.917,-0.699,3.0,283.5,SYNTHETIC DATA — PIPELINE/CONSTRAINT VERIFICATION ONLY
9,AMD_r0_c6,AMD,22.7225,72.8714,2.626,-0.629,2.7,283.5,SYNTHETIC DATA — PIPELINE/CONSTRAINT VERIFICATION ONLY
9,AMD_r1_c0,AMD,22.8225,72.2714,4.772,-0.518,4.8,276.2,SYNTHETIC DATA — PIPELINE/CONSTRAINT VERIFICATION ONLY
9,AMD_r1_c1,AMD,22.8225,72.3714,4.474,-0.486,4.5,276.2,SYNTHETIC DATA — PIPELINE/CONSTRAINT VERIFICATION ONLY
9,AMD_r1_c2,AMD,22.8225,72.4714,4.175,-0.453,4.2,276.2,SYNTHETIC DATA — PIPELINE/CONSTRAINT VERIFICATION ONLY
9,AMD_r1_c3,AMD,22.8225,72.5714,3.877,-0.421,3.9,276.2,SYNTHETIC DATA — PIPELINE/CONSTRAINT VERIFICATION ONLY
9,AMD_r1_c4,AMD,22.8225,72.6714,3.579,-0.389,3.6,276.2,SYNTHETIC DATA — PIPELINE/CONSTRAINT VERIFICATION ONLY
9,AMD_r1_c5,AMD,22.8225,72.7714,3.281,-0.356,3.3,276.2,SYNTHETIC DATA — PIPELINE/CONSTRAINT VERIFICATION ONLY
9,AMD_r1_c6,AMD,22.8225,72.8714,2.982,-0.324,3.0,276.2,SYNTHETIC DATA — PIPELINE/CONSTRAINT VERIFICATION ONLY
9,AMD_r2_c0,AMD,22.9225,72.2714,5.099,0.078,5.1,269.1,SYNTHETIC DATA — PIPELINE/CONSTRAINT VERIFICATION ONLY
9,AMD_r2_c1,AMD,22.9225,72.3714,4.799,0.073,4.8,269.1,SYNTHETIC DATA — PIPELINE/CONSTRAINT VERIFICATION ONLY
9,AMD_r2_c2,AMD,22.9225,72.4714,4.499,0.069,4.5,269.1,SYNTHETIC DATA — PIPELINE/CONSTRAINT VERIFICATION ONLY
9,AMD_r2_c3,AMD,22.9225,72.5714,4.2,0.064,4.2,269.1,SYNTHETIC DATA — PIPELINE/CONSTRAINT VERIFICATION ONLY
9,AMD_r2_c4,AMD,22.9225,72.6714,3.9,0.06,3.9,269.1,SYNTHETIC DATA — PIPELINE/CONSTRAINT VERIFICATION ONLY
9,AMD_r2_c5,AMD,22.9225,72.7714,3.6,0.055,3.6,269.1,SYNTHETIC DATA — PIPELINE/CONSTRAINT VERIFICATION ONLY
9,AMD_r2_c6,AMD,22.9225,72.8714,3.3,0.05,3.3,269.1,SYNTHETIC DATA — PIPELINE/CONSTRAINT VERIFICATION ONLY
9,AMD_r3_c0,AMD,23.0225,72.2714,5.37,0.565,5.4,264.0,SYNTHETIC DATA — PIPELINE/CONSTRAINT VERIFICATION ONLY
9,AMD_r3_c1,AMD,23.0225,72.3714,5.072,0.533,5.1,264.0,SYNTHETIC DATA — PIPELINE/CONSTRAINT VERIFICATION ONLY
9,AMD_r3_c2,AMD,23.0225,72.4714,4.774,0.502,4.8,264.0,SYNTHETIC DATA — PIPELINE/CONSTRAINT VERIFICATION ONLY
9,AMD_r3_c3,AMD,23.0225,72.5714,4.475,0.471,4.5,264.0,SYNTHETIC DATA — PIPELINE/CONSTRAINT VERIFICATION ONLY
9,AMD_r3_c4,AMD,23.0225,72.6714,4.177,0.439,4.2,264.0,SYNTHETIC DATA — PIPELINE/CONSTRAINT VERIFICATION ONLY
9,AMD_r3_c5,AMD,23.0225,72.7714,3.879,0.408,3.9,264.0,SYNTHETIC DATA — PIPELINE/CONSTRAINT VERIFICATION ONLY
9,AMD_r3_c6,AMD,23.0225,72.8714,3.58,0.376,3.6,264.0,SYNTHETIC DATA — PIPELINE/CONSTRAINT VERIFICATION ONLY
9,AMD_r4_c0,AMD,23.1225,72.2714,5.646,0.786,5.7,262.1,SYNTHETIC DATA — PIPELINE/CONSTRAINT VERIFICATION ONLY
9,AMD_r4_c1,AMD,23.1225,72.3714,5.348,0.745,5.4,262.1,SYNTHETIC DATA — PIPELINE/CONSTRAINT VERIFICATION ONLY
9,AMD_r4_c2,AMD,23.1225,72.4714,5.051,0.703,5.1,262.1,SYNTHETIC DATA — PIPELINE/CONSTRAINT VERIFICATION ONLY
9,AMD_r4_c3,AMD,23.1225,72.5714,4.754,0.662,4.8,262.1,SYNTHETIC DATA — PIPELINE/CONSTRAINT VERIFICATION ONLY
9,AMD_r4_c4,AMD,23.1225,72.6714,4.457,0.621,4.5,262.1,SYNTHETIC DATA — PIPELINE/CONSTRAINT VERIFICATION ONLY
9,AMD_r4_c5,AMD,23.1225,72.7714,4.16,0.579,4.2,262.1,SYNTHETIC DATA — PIPELINE/CONSTRAINT VERIFICATION ONLY
9,AMD_r4_c6,AMD,23.1225,72.8714,3.863,0.538,3.9,262.1,SYNTHETIC DATA — PIPELINE/CONSTRAINT VERIFICATION ONLY
9,AMD_r5_c0,AMD,23.2225,72.2714,5.965,0.646,6.0,263.8,SYNTHETIC DATA — PIPELINE/CONSTRAINT VERIFICATION ONLY
9,AMD_r5_c1,AMD,23.2225,72.3714,5.667,0.614,5.7,263.8,SYNTHETIC DATA — PIPELINE/CONSTRAINT VERIFICATION ONLY
9,AMD_r5_c2,AMD,23.2225,72.4714,5.369,0.581,5.4,263.8,SYNTHETIC DATA — PIPELINE/CONSTRAINT VERIFICATION ONLY
9,AMD_r5_c3,AMD,23.2225,72.5714,5.07,0.549,5.1,263.8,SYNTHETIC DATA — PIPELINE/CONSTRAINT VERIFICATION ONLY
9,AMD_r5_c4,AMD,23.2225,72.6714,4.772,0.517,4.8,263.8,SYNTHETIC DATA — PIPELINE/CONSTRAINT VERIFICATION ONLY
9,AMD_r5_c5,AMD,23.2225,72.7714,4.474,0.484,4.5,263.8,SYNTHETIC DATA — PIPELINE/CONSTRAINT VERIFICATION ONLY
9,AMD_r5_c6,AMD,23.2225,72.8714,4.176,0.452,4.2,263.8,SYNTHETIC DATA — PIPELINE/CONSTRAINT VERIFICATION ONLY
9,AMD_r6_c0,AMD,23.3225,72.2714,6.299,0.131,6.3,268.8,SYNTHETIC DATA — PIPELINE/CONSTRAINT VERIFICATION ONLY
9,AMD_r6_c1,AMD,23.3225,72.3714,5.999,0.125,6.0,268.8,SYNTHETIC DATA — PIPELINE/CONSTRAINT VERIFICATION ONLY
9,AMD_r6_c2,AMD,23.3225,72.4714,5.699,0.118,5.7,268.8,SYNTHETIC DATA — PIPELINE/CONSTRAINT VERIFICATION ONLY
9,AMD_r6_c3,AMD,23.3225,72.5714,5.399,0.112,5.4,268.8,SYNTHETIC DATA — PIPELINE/CONSTRAINT VERIFICATION ONLY
9,AMD_r6_c4,AMD,23.3225,72.6714,5.099,0.106,5.1,268.8,SYNTHETIC DATA — PIPELINE/CONSTRAINT VERIFICATION ONLY
9,AMD_r6_c5,AMD,23.3225,72.7714,4.799,0.1,4.8,268.8,SYNTHETIC DATA — PIPELINE/CONSTRAINT VERIFICATION ONLY
9,AMD_r6_c6,AMD,23.3225,72.8714,4.499,0.093,4.5,268.8,SYNTHETIC DATA — PIPELINE/CONSTRAINT VERIFICATION ONLY
9,CCU_r0_c0,CCU,22.2726,88.0639,3.617,2.678,4.5,233.5,SYNTHETIC DATA — PIPELINE/CONSTRAINT VERIFICATION ONLY
9,CCU_r0_c1,CCU,22.2726,88.1639,3.375,2.499,4.2,233.5,SYNTHETIC DATA — PIPELINE/CONSTRAINT VERIFICATION ONLY
9,CCU_r0_c2,CCU,22.2726,88.2639,3.134,2.321,3.9,233.5,SYNTHETIC DATA — PIPELINE/CONSTRAINT VERIFICATION ONLY
9,CCU_r0_c3,CCU,22.2726,88.3639,2.893,2.142,3.6,233.5,SYNTHETIC DATA — PIPELINE/CONSTRAINT VERIFICATION ONLY
9,CCU_r0_c4,CCU,22.2726,88.4639,2.652,1.964,3.3,233.5,SYNTHETIC DATA — PIPELINE/CONSTRAINT VERIFICATION ONLY
9,CCU_r0_c5,CCU,22.2726,88.5639,2.411,1.785,3.0,233.5,SYNTHETIC DATA — PIPELINE/CONSTRAINT VERIFICATION ONLY
9,CCU_r0_c6,CCU,22.2726,88.6639,2.17,1.607,2.7,233.5,SYNTHETIC DATA — PIPELINE/CONSTRAINT VERIFICATION ONLY
9,CCU_r1_c0,CCU,22.3726,88.0639,3.464,3.323,4.8,226.2,SYNTHETIC DATA — PIPELINE/CONSTRAINT VERIFICATION ONLY
9,CCU_r1_c1,CCU,22.3726,88.1639,3.248,3.115,4.5,226.2,SYNTHETIC DATA — PIPELINE/CONSTRAINT VERIFICATION ONLY
9,CCU_r1_c2,CCU,22.3726,88.2639,3.031,2.907,4.2,226.2,SYNTHETIC DATA — PIPELINE/CONSTRAINT VERIFICATION ONLY
9,CCU_r1_c3,CCU,22.3726,88.3639,2.815,2.7,3.9,226.2,SYNTHETIC DATA — PIPELINE/CONSTRAINT VERIFICATION ONLY
9,CCU_r1_c4,CCU,22.3726,88.4639,2.598,2.492,3.6,226.2,SYNTHETIC DATA — PIPELINE/CONSTRAINT VERIFICATION ONLY
9,CCU_r1_c5,CCU,22.3726,88.5639,2.382,2.284,3.3,226.2,SYNTHETIC DATA — PIPELINE/CONSTRAINT VERIFICATION ONLY
9,CCU_r1_c6,CCU,22.3726,88.6639,2.165,2.077,3.0,226.2,SYNTHETIC DATA — PIPELINE/CONSTRAINT VERIFICATION ONLY
9,CCU_r2_c0,CCU,22.4726,88.0639,3.218,3.957,5.1,219.1,SYNTHETIC DATA — PIPELINE/CONSTRAINT VERIFICATION ONLY
9,CCU_r2_c1,CCU,22.4726,88.1639,3.029,3.724,4.8,219.1,SYNTHETIC DATA — PIPELINE/CONSTRAINT VERIFICATION ONLY
9,CCU_r2_c2,CCU,22.4726,88.2639,2.839,3.491,4.5,219.1,SYNTHETIC DATA — PIPELINE/CONSTRAINT VERIFICATION ONLY
9,CCU_r2_c3,CCU,22.4726,88.3639,2.65,3.258,4.2,219.1,SYNTHETIC DATA — PIPELINE/CONSTRAINT VERIFICATION ONLY
9,CCU_r2_c4,CCU,22.4726,88.4639,2.461,3.026,3.9,219.1,SYNTHETIC DATA — PIPELINE/CONSTRAINT VERIFICATION ONLY
9,CCU_r2_c5,CCU,22.4726,88.5639,2.272,2.793,3.6,219.1,SYNTHETIC DATA — PIPELINE/CONSTRAINT VERIFICATION ONLY
9,CCU_r2_c6,CCU,22.4726,88.6639,2.082,2.56,3.3,219.1,SYNTHETIC DATA — PIPELINE/CONSTRAINT VERIFICATION ONLY
9,CCU_r3_c0,CCU,22.5726,88.0639,3.019,4.477,5.4,214.0,SYNTHETIC DATA — PIPELINE/CONSTRAINT VERIFICATION ONLY
9,CCU_r3_c1,CCU,22.5726,88.1639,2.852,4.228,5.1,214.0,SYNTHETIC DATA — PIPELINE/CONSTRAINT VERIFICATION ONLY
9,CCU_r3_c2,CCU,22.5726,88.2639,2.684,3.98,4.8,214.0,SYNTHETIC DATA — PIPELINE/CONSTRAINT VERIFICATION ONLY
9,CCU_r3_c3,CCU,22.5726,88.3639,2.516,3.731,4.5,214.0,SYNTHETIC DATA — PIPELINE/CONSTRAINT VERIFICATION ONLY
9,CCU_r3_c4,CCU,22.5726,88.4639,2.348,3.482,4.2,214.0,SYNTHETIC DATA — PIPELINE/CONSTRAINT VERIFICATION ONLY
9,CCU_r3_c5,CCU,22.5726,88.5639,2.181,3.233,3.9,214.0,SYNTHETIC DATA — PIPELINE/CONSTRAINT VERIFICATION ONLY
9,CCU_r3_c6,CCU,22.5726,88.6639,2.013,2.985,3.6,214.0,SYNTHETIC DATA — PIPELINE/CONSTRAINT VERIFICATION ONLY
9,CCU_r4_c0,CCU,22.6726,88.0639,3.027,4.83,5.7,212.1,SYNTHETIC DATA — PIPELINE/CONSTRAINT VERIFICATION ONLY
9,CCU_r4_c1,CCU,22.6726,88.1639,2.867,4.576,5.4,212.1,SYNTHETIC DATA — PIPELINE/CONSTRAINT VERIFICATION ONLY
9,CCU_r4_c2,CCU,22.6726,88.2639,2.708,4.322,5.1,212.1,SYNTHETIC DATA — PIPELINE/CONSTRAINT VERIFICATION ONLY
9,CCU_r4_c3,CCU,22.6726,88.3639,2.549,4.067,4.8,212.1,SYNTHETIC DATA — PIPELINE/CONSTRAINT VERIFICATION ONLY
9,CCU_r4_c4,CCU,22.6726,88.4639,2.389,3.813,4.5,212.1,SYNTHETIC DATA — PIPELINE/CONSTRAINT VERIFICATION ONLY
9,CCU_r4_c5,CCU,22.6726,88.5639,2.23,3.559,4.2,212.1,SYNTHETIC DATA — PIPELINE/CONSTRAINT VERIFICATION ONLY
9,CCU_r4_c6,CCU,22.6726,88.6639,2.071,3.305,3.9,212.1,SYNTHETIC DATA — PIPELINE/CONSTRAINT VERIFICATION ONLY
9,CCU_r5_c0,CCU,22.7726,88.0639,3.339,4.985,6.0,213.8,SYNTHETIC DATA — PIPELINE/CONSTRAINT VERIFICATION ONLY
9,CCU_r5_c1,CCU,22.7726,88.1639,3.172,4.736,5.7,213.8,SYNTHETIC DATA — PIPELINE/CONSTRAINT VERIFICATION ONLY
9,CCU_r5_c2,CCU,22.7726,88.2639,3.006,4.486,5.4,213.8,SYNTHETIC DATA — PIPELINE/CONSTRAINT VERIFICATION ONLY
9,CCU_r5_c3,CCU,22.7726,88.3639,2.839,4.237,5.1,213.8,SYNTHETIC DATA — PIPELINE/CONSTRAINT VERIFICATION ONLY
9,CCU_r5_c4,CCU,22.7726,88.4639,2.672,3.988,4.8,213.8,SYNTHETIC DATA — PIPELINE/CONSTRAINT VERIFICATION ONLY
9,CCU_r5_c5,CCU,22.7726,88.5639,2.505,3.739,4.5,213.8,SYNTHETIC DATA — PIPELINE/CONSTRAINT VERIFICATION ONLY
9,CCU_r5_c6,CCU,22.7726,88.6639,2.338,3.489,4.2,213.8,SYNTHETIC DATA — PIPELINE/CONSTRAINT VERIFICATION ONLY
9,CCU_r6_c0,CCU,22.8726,88.0639,3.949,4.909,6.3,218.8,SYNTHETIC DATA — PIPELINE/CONSTRAINT VERIFICATION ONLY
9,CCU_r6_c1,CCU,22.8726,88.1639,3.761,4.675,6.0,218.8,SYNTHETIC DATA — PIPELINE/CONSTRAINT VERIFICATION ONLY
9,CCU_r6_c2,CCU,22.8726,88.2639,3.572,4.442,5.7,218.8,SYNTHETIC DATA — PIPELINE/CONSTRAINT VERIFICATION ONLY
9,CCU_r6_c3,CCU,22.8726,88.3639,3.384,4.208,5.4,218.8,SYNTHETIC DATA — PIPELINE/CONSTRAINT VERIFICATION ONLY
9,CCU_r6_c4,CCU,22.8726,88.4639,3.196,3.974,5.1,218.8,SYNTHETIC DATA — PIPELINE/CONSTRAINT VERIFICATION ONLY
9,CCU_r6_c5,CCU,22.8726,88.5639,3.008,3.74,4.8,218.8,SYNTHETIC DATA — PIPELINE/CONSTRAINT VERIFICATION ONLY
9,CCU_r6_c6,CCU,22.8726,88.6639,2.82,3.506,4.5,218.8,SYNTHETIC DATA — PIPELINE/CONSTRAINT VERIFICATION ONLY
9,HYD_r0_c0,HYD,17.085,78.1867,4.314,1.279,4.5,253.5,SYNTHETIC DATA — PIPELINE/CONSTRAINT VERIFICATION ONLY
9,HYD_r0_c1,HYD,17.085,78.2867,4.027,1.194,4.2,253.5,SYNTHETIC DATA — PIPELINE/CONSTRAINT VERIFICATION ONLY
9,HYD_r0_c2,HYD,17.085,78.3867,3.739,1.109,3.9,253.5,SYNTHETIC DATA — PIPELINE/CONSTRAINT VERIFICATION ONLY
9,HYD_r0_c3,HYD,17.085,78.4867,3.451,1.024,3.6,253.5,SYNTHETIC DATA — PIPELINE/CONSTRAINT VERIFICATION ONLY
9,HYD_r0_c4,HYD,17.085,78.5867,3.164,0.938,3.3,253.5,SYNTHETIC DATA — PIPELINE/CONSTRAINT VERIFICATION ONLY
9,HYD_r0_c5,HYD,17.085,78.6867,2.876,0.853,3.0,253.5,SYNTHETIC DATA — PIPELINE/CONSTRAINT VERIFICATION ONLY
9,HYD_r0_c6,HYD,17.085,78.7867,2.589,0.768,2.7,253.5,SYNTHETIC DATA — PIPELINE/CONSTRAINT VERIFICATION ONLY
9,HYD_r1_c0,HYD,17.185,78.1867,4.392,1.937,4.8,246.2,SYNTHETIC DATA — PIPELINE/CONSTRAINT VERIFICATION ONLY
9,HYD_r1_c1,HYD,17.185,78.2867,4.117,1.816,4.5,246.2,SYNTHETIC DATA — PIPELINE/CONSTRAINT VERIFICATION ONLY
9,HYD_r1_c2,HYD,17.185,78.3867,3.843,1.695,4.2,246.2,SYNTHETIC DATA — PIPELINE/CONSTRAINT VERIFICATION ONLY
9,HYD_r1_c3,HYD,17.185,78.4867,3.568,1.574,3.9,246.2,SYNTHETIC DATA — PIPELINE/CONSTRAINT VERIFICATION ONLY
9,HYD_r1_c4,HYD,17.185,78.5867,3.294,1.453,3.6,246.2,SYNTHETIC DATA — PIPELINE/CONSTRAINT VERIFICATION ONLY
9,HYD_r1_c5,HYD,17.185,78.6867,3.019,1.332,3.3,246.2,SYNTHETIC DATA — PIPELINE/CONSTRAINT VERIFICATION ONLY
9,HYD_r1_c6,HYD,17.185,78.7867,2.745,1.211,3.0,246.2,SYNTHETIC DATA — PIPELINE/CONSTRAINT VERIFICATION ONLY
9,HYD_r2_c0,HYD,17.285,78.1867,4.377,2.617,5.1,239.1,SYNTHETIC DATA — PIPELINE/CONSTRAINT VERIFICATION ONLY
9,HYD_r2_c1,HYD,17.285,78.2867,4.12,2.463,4.8,239.1,SYNTHETIC DATA — PIPELINE/CONSTRAINT VERIFICATION ONLY
9,HYD_r2_c2,HYD,17.285,78.3867,3.862,2.309,4.5,239.1,SYNTHETIC DATA — PIPELINE/CONSTRAINT VERIFICATION ONLY
9,HYD_r2_c3,HYD,17.285,78.4867,3.605,2.155,4.2,239.1,SYNTHETIC DATA — PIPELINE/CONSTRAINT VERIFICATION ONLY
9,HYD_r2_c4,HYD,17.285,78.5867,3.347,2.001,3.9,239.1,SYNTHETIC DATA — PIPELINE/CONSTRAINT VERIFICATION ONLY
9,HYD_r2_c5,HYD,17.285,78.6867,3.09,1.847,3.6,239.1,SYNTHETIC DATA — PIPELINE/CONSTRAINT VERIFICATION ONLY
9,HYD_r2_c6,HYD,17.285,78.7867,2.832,1.694,3.3,239.1,SYNTHETIC DATA — PIPELINE/CONSTRAINT VERIFICATION ONLY
9,HYD_r3_c0,HYD,17.385,78.1867,4.369,3.174,5.4,234.0,SYNTHETIC DATA — PIPELINE/CONSTRAINT VERIFICATION ONLY
9,HYD_r3_c1,HYD,17.385,78.2867,4.126,2.998,5.1,234.0,SYNTHETIC DATA — PIPELINE/CONSTRAINT VERIFICATION ONLY
9,HYD_r3_c2,HYD,17.385,78.3867,3.883,2.822,4.8,234.0,SYNTHETIC DATA — PIPELINE/CONSTRAINT VERIFICATION ONLY
9,HYD_r3_c3,HYD,17.385,78.4867,3.64,2.645,4.5,234.0,SYNTHETIC DATA — PIPELINE/CONSTRAINT VERIFICATION ONLY
9,HYD_r3_c4,HYD,17.385,78.5867,3.398,2.469,4.2,234.0,SYNTHETIC DATA — PIPELINE/CONSTRAINT VERIFICATION ONLY
9,HYD_r3_c5,HYD,17.385,78.6867,3.155,2.293,3.9,234.0,SYNTHETIC DATA — PIPELINE/CONSTRAINT VERIFICATION ONLY
9,HYD_r3_c6,HYD,17.385,78.7867,2.912,2.116,3.6,234.0,SYNTHETIC DATA — PIPELINE/CONSTRAINT VERIFICATION ONLY
9,HYD_r4_c0,HYD,17.485,78.1867,4.496,3.504,5.7,232.1,SYNTHETIC DATA — PIPELINE/CONSTRAINT VERIFICATION ONLY
9,HYD_r4_c1,HYD,17.485,78.2867,4.259,3.319,5.4,232.1,SYNTHETIC DATA — PIPELINE/CONSTRAINT VERIFICATION ONLY
9,HYD_r4_c2,HYD,17.485,78.3867,4.023,3.135,5.1,232.1,SYNTHETIC DATA — PIPELINE/CONSTRAINT VERIFICATION ONLY
9,HYD_r4_c3,HYD,17.485,78.4867,3.786,2.95,4.8,232.1,SYNTHETIC DATA — PIPELINE/CONSTRAINT VERIFICATION ONLY
9,HYD_r4_c4,HYD,17.485,78.5867,3.55,2.766,4.5,232.1,SYNTHETIC DATA — PIPELINE/CONSTRAINT VERIFICATION ONLY
9,HYD_r4_c5,HYD,17.485,78.6867,3.313,2.582,4.2,232.1,SYNTHETIC DATA — PIPELINE/CONSTRAINT VERIFICATION ONLY
9,HYD_r4_c6,HYD,17.485,78.7867,3.076,2.397,3.9,232.1,SYNTHETIC DATA — PIPELINE/CONSTRAINT VERIFICATION ONLY
9,HYD_r5_c0,HYD,17.585,78.1867,4.843,3.542,6.0,233.8,SYNTHETIC DATA — PIPELINE/CONSTRAINT VERIFICATION ONLY
9,HYD_r5_c1,HYD,17.585,78.2867,4.601,3.365,5.7,233.8,SYNTHETIC DATA — PIPELINE/CONSTRAINT VERIFICATION ONLY
9,HYD_r5_c2,HYD,17.585,78.3867,4.359,3.188,5.4,233.8,SYNTHETIC DATA — PIPELINE/CONSTRAINT VERIFICATION ONLY
9,HYD_r5_c3,HYD,17.585,78.4867,4.117,3.011,5.1,233.8,SYNTHETIC DATA — PIPELINE/CONSTRAINT VERIFICATION ONLY
9,HYD_r5_c4,HYD,17.585,78.5867,3.874,2.834,4.8,233.8,SYNTHETIC DATA — PIPELINE/CONSTRAINT VERIFICATION ONLY
9,HYD_r5_c5,HYD,17.585,78.6867,3.632,2.657,4.5,233.8,SYNTHETIC DATA — PIPELINE/CONSTRAINT VERIFICATION ONLY
9,HYD_r5_c6,HYD,17.585,78.7867,3.39,2.479,4.2,233.8,SYNTHETIC DATA — PIPELINE/CONSTRAINT VERIFICATION ONLY
9,HYD_r6_c0,HYD,17.685,78.1867,5.389,3.263,6.3,238.8,SYNTHETIC DATA — PIPELINE/CONSTRAINT VERIFICATION ONLY
9,HYD_r6_c1,HYD,17.685,78.2867,5.133,3.107,6.0,238.8,SYNTHETIC DATA — PIPELINE/CONSTRAINT VERIFICATION ONLY
9,HYD_r6_c2,HYD,17.685,78.3867,4.876,2.952,5.7,238.8,SYNTHETIC DATA — PIPELINE/CONSTRAINT VERIFICATION ONLY
9,HYD_r6_c3,HYD,17.685,78.4867,4.619,2.796,5.4,238.8,SYNTHETIC DATA — PIPELINE/CONSTRAINT VERIFICATION ONLY
9,HYD_r6_c4,HYD,17.685,78.5867,4.363,2.641,5.1,238.8,SYNTHETIC DATA — PIPELINE/CONSTRAINT VERIFICATION ONLY
9,HYD_r6_c5,HYD,17.685,78.6867,4.106,2.486,4.8,238.8,SYNTHETIC DATA — PIPELINE/CONSTRAINT VERIFICATION ONLY
9,HYD_r6_c6,HYD,17.685,78.7867,3.85,2.33,4.5,238.8,SYNTHETIC DATA — PIPELINE/CONSTRAINT VERIFICATION ONLY
9,BLR_r0_c0,BLR,12.6716,77.2946,4.471,0.511,4.5,263.5,SYNTHETIC DATA — PIPELINE/CONSTRAINT VERIFICATION ONLY
9,BLR_r0_c1,BLR,12.6716,77.3946,4.173,0.477,4.2,263.5,SYNTHETIC DATA — PIPELINE/CONSTRAINT VERIFICATION ONLY
9,BLR_r0_c2,BLR,12.6716,77.4946,3.875,0.443,3.9,263.5,SYNTHETIC DATA — PIPELINE/CONSTRAINT VERIFICATION ONLY
9,BLR_r0_c3,BLR,12.6716,77.5946,3.577,0.409,3.6,263.5,SYNTHETIC DATA — PIPELINE/CONSTRAINT VERIFICATION ONLY
9,BLR_r0_c4,BLR,12.6716,77.6946,3.279,0.375,3.3,263.5,SYNTHETIC DATA — PIPELINE/CONSTRAINT VERIFICATION ONLY
9,BLR_r0_c5,BLR,12.6716,77.7946,2.981,0.341,3.0,263.5,SYNTHETIC DATA — PIPELINE/CONSTRAINT VERIFICATION ONLY
9,BLR_r0_c6,BLR,12.6716,77.8946,2.683,0.307,2.7,263.5,SYNTHETIC DATA — PIPELINE/CONSTRAINT VERIFICATION ONLY
9,BLR_r1_c0,BLR,12.7716,77.2946,4.661,1.145,4.8,256.2,SYNTHETIC DATA — PIPELINE/CONSTRAINT VERIFICATION ONLY
9,BLR_r1_c1,BLR,12.7716,77.3946,4.37,1.074,4.5,256.2,SYNTHETIC DATA — PIPELINE/CONSTRAINT VERIFICATION ONLY
9,BLR_r1_c2,BLR,12.7716,77.4946,4.079,1.002,4.2,256.2,SYNTHETIC DATA — PIPELINE/CONSTRAINT VERIFICATION ONLY
9,BLR_r1_c3,BLR,12.7716,77.5946,3.787,0.931,3.9,256.2,SYNTHETIC DATA — PIPELINE/CONSTRAINT VERIFICATION ONLY
9,BLR_r1_c4,BLR,12.7716,77.6946,3.496,0.859,3.6,256.2,SYNTHETIC DATA — PIPELINE/CONSTRAINT VERIFICATION ONLY
9,BLR_r1_c5,BLR,12.7716,77.7946,3.205,0.787,3.3,256.2,SYNTHETIC DATA — PIPELINE/CONSTRAINT VERIFICATION ONLY
9,BLR_r1_c6,BLR,12.7716,77.8946,2.913,0.716,3.0,256.2,SYNTHETIC DATA — PIPELINE/CONSTRAINT VERIFICATION ONLY
9,BLR_r2_c0,BLR,12.8716,77.2946,4.765,1.817,5.1,249.1,SYNTHETIC DATA — PIPELINE/CONSTRAINT VERIFICATION ONLY
9,BLR_r2_c1,BLR,12.8716,77.3946,4.485,1.711,4.8,249.1,SYNTHETIC DATA — PIPELINE/CONSTRAINT VERIFICATION ONLY
9,BLR_r2_c2,BLR,12.8716,77.4946,4.205,1.604,4.5,249.1,SYNTHETIC DATA — PIPELINE/CONSTRAINT VERIFICATION ONLY
9,BLR_r2_c3,BLR,12.8716,77.5946,3.924,1.497,4.2,249.1,SYNTHETIC DATA — PIPELINE/CONSTRAINT VERIFICATION ONLY
9,BLR_r2_c4,BLR,12.8716,77.6946,3.644,1.39,3.9,249.1,SYNTHETIC DATA — PIPELINE/CONSTRAINT VERIFICATION ONLY
9,BLR_r2_c5,BLR,12.8716,77.7946,3.364,1.283,3.6,249.1,SYNTHETIC DATA — PIPELINE/CONSTRAINT VERIFICATION ONLY
9,BLR_r2_c6,BLR,12.8716,77.8946,3.083,1.176,3.3,249.1,SYNTHETIC DATA — PIPELINE/CONSTRAINT VERIFICATION ONLY
9,BLR_r3_c0,BLR,12.9716,77.2946,4.853,2.367,5.4,244.0,SYNTHETIC DATA — PIPELINE/CONSTRAINT VERIFICATION ONLY
9,BLR_r3_c1,BLR,12.9716,77.3946,4.584,2.236,5.1,244.0,SYNTHETIC DATA — PIPELINE/CONSTRAINT VERIFICATION ONLY
9,BLR_r3_c2,BLR,12.9716,77.4946,4.314,2.104,4.8,244.0,SYNTHETIC DATA — PIPELINE/CONSTRAINT VERIFICATION ONLY
9,BLR_r3_c3,BLR,12.9716,77.5946,4.044,1.973,4.5,244.0,SYNTHETIC DATA — PIPELINE/CONSTRAINT VERIFICATION ONLY
9,BLR_r3_c4,BLR,12.9716,77.6946,3.775,1.841,4.2,244.0,SYNTHETIC DATA — PIPELINE/CONSTRAINT VERIFICATION ONLY
9,BLR_r3_c5,BLR,12.9716,77.7946,3.505,1.71,3.9,244.0,SYNTHETIC DATA — PIPELINE/CONSTRAINT VERIFICATION ONLY
9,BLR_r3_c6,BLR,12.9716,77.8946,3.236,1.578,3.6,244.0,SYNTHETIC DATA — PIPELINE/CONSTRAINT VERIFICATION ONLY
9,BLR_r4_c0,BLR,13.0716,77.2946,5.036,2.67,5.7,242.1,SYNTHETIC DATA — PIPELINE/CONSTRAINT VERIFICATION ONLY
9,BLR_r4_c1,BLR,13.0716,77.3946,4.771,2.529,5.4,242.1,SYNTHETIC DATA — PIPELINE/CONSTRAINT VERIFICATION ONLY
9,BLR_r4_c2,BLR,13.0716,77.4946,4.506,2.389,5.1,242.1,SYNTHETIC DATA — PIPELINE/CONSTRAINT VERIFICATION ONLY
9,BLR_r4_c3,BLR,13.0716,77.5946,4.241,2.248,4.8,242.1,SYNTHETIC DATA — PIPELINE/CONSTRAINT VERIFICATION ONLY
9,BLR_r4_c4,BLR,13.0716,77.6946,3.976,2.108,4.5,242.1,SYNTHETIC DATA — PIPELINE/CONSTRAINT VERIFICATION ONLY
9,BLR_r4_c5,BLR,13.0716,77.7946,3.711,1.967,4.2,242.1,SYNTHETIC DATA — PIPELINE/CONSTRAINT VERIFICATION ONLY
9,BLR_r4_c6,BLR,13.0716,77.8946,3.446,1.827,3.9,242.1,SYNTHETIC DATA — PIPELINE/CONSTRAINT VERIFICATION ONLY
9,BLR_r5_c0,BLR,13.1716,77.2946,5.384,2.647,6.0,243.8,SYNTHETIC DATA — PIPELINE/CONSTRAINT VERIFICATION ONLY
9,BLR_r5_c1,BLR,13.1716,77.3946,5.115,2.515,5.7,243.8,SYNTHETIC DATA — PIPELINE/CONSTRAINT VERIFICATION ONLY
9,BLR_r5_c2,BLR,13.1716,77.4946,4.846,2.383,5.4,243.8,SYNTHETIC DATA — PIPELINE/CONSTRAINT VERIFICATION ONLY
9,BLR_r5_c3,BLR,13.1716,77.5946,4.577,2.25,5.1,243.8,SYNTHETIC DATA — PIPELINE/CONSTRAINT VERIFICATION ONLY
9,BLR_r5_c4,BLR,13.1716,77.6946,4.308,2.118,4.8,243.8,SYNTHETIC DATA — PIPELINE/CONSTRAINT VERIFICATION ONLY
9,BLR_r5_c5,BLR,13.1716,77.7946,4.038,1.985,4.5,243.8,SYNTHETIC DATA — PIPELINE/CONSTRAINT VERIFICATION ONLY
9,BLR_r5_c6,BLR,13.1716,77.8946,3.769,1.853,4.2,243.8,SYNTHETIC DATA — PIPELINE/CONSTRAINT VERIFICATION ONLY
9,BLR_r6_c0,BLR,13.2716,77.2946,5.874,2.277,6.3,248.8,SYNTHETIC DATA — PIPELINE/CONSTRAINT VERIFICATION ONLY
9,BLR_r6_c1,BLR,13.2716,77.3946,5.594,2.169,6.0,248.8,SYNTHETIC DATA — PIPELINE/CONSTRAINT VERIFICATION ONLY
9,BLR_r6_c2,BLR,13.2716,77.4946,5.315,2.06,5.7,248.8,SYNTHETIC DATA — PIPELINE/CONSTRAINT VERIFICATION ONLY
9,BLR_r6_c3,BLR,13.2716,77.5946,5.035,1.952,5.4,248.8,SYNTHETIC DATA — PIPELINE/CONSTRAINT VERIFICATION ONLY
9,BLR_r6_c4,BLR,13.2716,77.6946,4.755,1.843,5.1,248.8,SYNTHETIC DATA — PIPELINE/CONSTRAINT VERIFICATION ONLY
9,BLR_r6_c5,BLR,13.2716,77.7946,4.475,1.735,4.8,248.8,SYNTHETIC DATA — PIPELINE/CONSTRAINT VERIFICATION ONLY
9,BLR_r6_c6,BLR,13.2716,77.8946,4.196,1.627,4.5,248.8,SYNTHETIC DATA — PIPELINE/CONSTRAINT VERIFICATION ONLY
9,MAA_r0_c0,MAA,12.7827,79.9707,-3.753,2.483,4.5,123.5,SYNTHETIC DATA — PIPELINE/CONSTRAINT VERIFICATION ONLY
9,MAA_r0_c1,MAA,12.7827,80.0707,-3.503,2.317,4.2,123.5,SYNTHETIC DATA — PIPELINE/CONSTRAINT VERIFICATION ONLY
9,MAA_r0_c2,MAA,12.7827,80.1707,-3.253,2.152,3.9,123.5,SYNTHETIC DATA — PIPELINE/CONSTRAINT VERIFICATION ONLY
9,MAA_r0_c3,MAA,12.7827,80.2707,-3.003,1.986,3.6,123.5,SYNTHETIC DATA — PIPELINE/CONSTRAINT VERIFICATION ONLY
9,MAA_r0_c4,MAA,12.7827,80.3707,-2.752,1.821,3.3,123.5,SYNTHETIC DATA — PIPELINE/CONSTRAINT VERIFICATION ONLY
9,MAA_r0_c5,MAA,12.7827,80.4707,-2.502,1.655,3.0,123.5,SYNTHETIC DATA — PIPELINE/CONSTRAINT VERIFICATION ONLY
9,MAA_r0_c6,MAA,12.7827,80.5707,-2.252,1.49,2.7,123.5,SYNTHETIC DATA — PIPELINE/CONSTRAINT VERIFICATION ONLY
9,MAA_r1_c0,MAA,12.8827,79.9707,-4.307,2.119,4.8,116.2,SYNTHETIC DATA — PIPELINE/CONSTRAINT VERIFICATION ONLY
9,MAA_r1_c1,MAA,12.8827,80.0707,-4.038,1.986,4.5,116.2,SYNTHETIC DATA — PIPELINE/CONSTRAINT VERIFICATION ONLY
9,MAA_r1_c2,MAA,12.8827,80.1707,-3.769,1.854,4.2,116.2,SYNTHETIC DATA — PIPELINE/CONSTRAINT VERIFICATION ONLY
9,MAA_r1_c3,MAA,12.8827,80.2707,-3.499,1.722,3.9,116.2,SYNTHETIC DATA — PIPELINE/CONSTRAINT VERIFICATION ONLY
9,MAA_r1_c4,MAA,12.8827,80.3707,-3.23,1.589,3.6,116.2,SYNTHETIC DATA — PIPELINE/CONSTRAINT VERIFICATION ONLY
9,MAA_r1_c5,MAA,12.8827,80.4707,-2.961,1.457,3.3,116.2,SYNTHETIC DATA — PIPELINE/CONSTRAINT VERIFICATION ONLY
9,MAA_r1_c6,MAA,12.8827,80.5707,-2.692,1.324,3.0,116.2,SYNTHETIC DATA — PIPELINE/CONSTRAINT VERIFICATION ONLY
9,MAA_r2_c0,MAA,12.9827,79.9707,-4.819,1.671,5.1,109.1,SYNTHETIC DATA — PIPELINE/CONSTRAINT VERIFICATION ONLY
9,MAA_r2_c1,MAA,12.9827,80.0707,-4.535,1.573,4.8,109.1,SYNTHETIC DATA — PIPELINE/CONSTRAINT VERIFICATION ONLY
9,MAA_r2_c2,MAA,12.9827,80.1707,-4.252,1.474,4.5,109.1,SYNTHETIC DATA — PIPELINE/CONSTRAINT VERIFICATION ONLY
9,MAA_r2_c3,MAA,12.9827,80.2707,-3.968,1.376,4.2,109.1,SYNTHETIC DATA — PIPELINE/CONSTRAINT VERIFICATION ONLY
9,MAA_r2_c4,MAA,12.9827,80.3707,-3.685,1.278,3.9,109.1,SYNTHETIC DATA — PIPELINE/CONSTRAINT VERIFICATION ONLY
9,MAA_r2_c5,MAA,12.9827,80.4707,-3.401,1.179,3.6,109.1,SYNTHETIC DATA — PIPELINE/CONSTRAINT VERIFICATION ONLY
9,MAA_r2_c6,MAA,12.9827,80.5707,-3.118,1.081,3.3,109.1,SYNTHETIC DATA — PIPELINE/CONSTRAINT VERIFICATION ONLY
9,MAA_r3_c0,MAA,13.0827,79.9707,-5.24,1.306,5.4,104.0,SYNTHETIC DATA — PIPELINE/CONSTRAINT VERIFICATION ONLY
9,MAA_r3_c1,MAA,13.0827,80.0707,-4.949,1.234,5.1,104.0,SYNTHETIC DATA — PIPELINE/CONSTRAINT VERIFICATION ONLY
9,MAA_r3_c2,MAA,13.0827,80.1707,-4.657,1.161,4.8,104.0,SYNTHETIC DATA — PIPELINE/CONSTRAINT VERIFICATION ONLY
9,MAA_r3_c3,MAA,13.0827,80.2707,-4.366,1.088,4.5,104.0,SYNTHETIC DATA — PIPELINE/CONSTRAINT VERIFICATION ONLY
9,MAA_r3_c4,MAA,13.0827,80.3707,-4.075,1.016,4.2,104.0,SYNTHETIC DATA — PIPELINE/CONSTRAINT VERIFICATION ONLY
9,MAA_r3_c5,MAA,13.0827,80.4707,-3.784,0.943,3.9,104.0,SYNTHETIC DATA — PIPELINE/CONSTRAINT VERIFICATION ONLY
9,MAA_r3_c6,MAA,13.0827,80.5707,-3.493,0.871,3.6,104.0,SYNTHETIC DATA — PIPELINE/CONSTRAINT VERIFICATION ONLY
9,MAA_r4_c0,MAA,13.1827,79.9707,-5.574,1.192,5.7,102.1,SYNTHETIC DATA — PIPELINE/CONSTRAINT VERIFICATION ONLY
9,MAA_r4_c1,MAA,13.1827,80.0707,-5.281,1.129,5.4,102.1,SYNTHETIC DATA — PIPELINE/CONSTRAINT VERIFICATION ONLY
9,MAA_r4_c2,MAA,13.1827,80.1707,-4.987,1.067,5.1,102.1,SYNTHETIC DATA — PIPELINE/CONSTRAINT VERIFICATION ONLY
9,MAA_r4_c3,MAA,13.1827,80.2707,-4.694,1.004,4.8,102.1,SYNTHETIC DATA — PIPELINE/CONSTRAINT VERIFICATION ONLY
9,MAA_r4_c4,MAA,13.1827,80.3707,-4.4,0.941,4.5,102.1,SYNTHETIC DATA — PIPELINE/CONSTRAINT VERIFICATION ONLY
9,MAA_r4_c5,MAA,13.1827,80.4707,-4.107,0.878,4.2,102.1,SYNTHETIC DATA — PIPELINE/CONSTRAINT VERIFICATION ONLY
9,MAA_r4_c6,MAA,13.1827,80.5707,-3.814,0.816,3.9,102.1,SYNTHETIC DATA — PIPELINE/CONSTRAINT VERIFICATION ONLY
9,MAA_r5_c0,MAA,13.2827,79.9707,-5.826,1.433,6.0,103.8,SYNTHETIC DATA — PIPELINE/CONSTRAINT VERIFICATION ONLY
9,MAA_r5_c1,MAA,13.2827,80.0707,-5.535,1.362,5.7,103.8,SYNTHETIC DATA — PIPELINE/CONSTRAINT VERIFICATION ONLY
9,MAA_r5_c2,MAA,13.2827,80.1707,-5.244,1.29,5.4,103.8,SYNTHETIC DATA — PIPELINE/CONSTRAINT VERIFICATION ONLY
9,MAA_r5_c3,MAA,13.2827,80.2707,-4.952,1.218,5.1,103.8,SYNTHETIC DATA — PIPELINE/CONSTRAINT VERIFICATION ONLY
9,MAA_r5_c4,MAA,13.2827,80.3707,-4.661,1.147,4.8,103.8,SYNTHETIC DATA — PIPELINE/CONSTRAINT VERIFICATION ONLY
9,MAA_r5_c5,MAA,13.2827,80.4707,-4.37,1.075,4.5,103.8,SYNTHETIC DATA — PIPELINE/CONSTRAINT VERIFICATION ONLY
9,MAA_r5_c6,MAA,13.2827,80.5707,-4.078,1.003,4.2,103.8,SYNTHETIC DATA — PIPELINE/CONSTRAINT VERIFICATION ONLY
9,MAA_r6_c0,MAA,13.3827,79.9707,-5.964,2.031,6.3,108.8,SYNTHETIC DATA — PIPELINE/CONSTRAINT VERIFICATION ONLY
9,MAA_r6_c1,MAA,13.3827,80.0707,-5.68,1.935,6.0,108.8,SYNTHETIC DATA — PIPELINE/CONSTRAINT VERIFICATION ONLY
9,MAA_r6_c2,MAA,13.3827,80.1707,-5.396,1.838,5.7,108.8,SYNTHETIC DATA — PIPELINE/CONSTRAINT VERIFICATION ONLY
9,MAA_r6_c3,MAA,13.3827,80.2707,-5.112,1.741,5.4,108.8,SYNTHETIC DATA — PIPELINE/CONSTRAINT VERIFICATION ONLY
9,MAA_r6_c4,MAA,13.3827,80.3707,-4.828,1.644,5.1,108.8,SYNTHETIC DATA — PIPELINE/CONSTRAINT VERIFICATION ONLY
9,MAA_r6_c5,MAA,13.3827,80.4707,-4.544,1.548,4.8,108.8,SYNTHETIC DATA — PIPELINE/CONSTRAINT VERIFICATION ONLY
9,MAA_r6_c6,MAA,13.3827,80.5707,-4.26,1.451,4.5,108.8,SYNTHETIC DATA — PIPELINE/CONSTRAINT VERIFICATION ONLY
10,DEL_r0_c0,DEL,28.3139,76.909,3.224,-4.144,5.25,322.1,SYNTHETIC DATA — PIPELINE/CONSTRAINT VERIFICATION ONLY
10,DEL_r0_c1,DEL,28.3139,77.009,3.04,-3.907,4.95,322.1,SYNTHETIC DATA — PIPELINE/CONSTRAINT VERIFICATION ONLY
10,DEL_r0_c2,DEL,28.3139,77.109,2.855,-3.67,4.65,322.1,SYNTHETIC DATA — PIPELINE/CONSTRAINT VERIFICATION ONLY
10,DEL_r0_c3,DEL,28.3139,77.209,2.671,-3.433,4.35,322.1,SYNTHETIC DATA — PIPELINE/CONSTRAINT VERIFICATION ONLY
10,DEL_r0_c4,DEL,28.3139,77.309,2.487,-3.197,4.05,322.1,SYNTHETIC DATA — PIPELINE/CONSTRAINT VERIFICATION ONLY
10,DEL_r0_c5,DEL,28.3139,77.409,2.303,-2.96,3.75,322.1,SYNTHETIC DATA — PIPELINE/CONSTRAINT VERIFICATION ONLY
10,DEL_r0_c6,DEL,28.3139,77.509,2.118,-2.723,3.45,322.1,SYNTHETIC DATA — PIPELINE/CONSTRAINT VERIFICATION ONLY
10,DEL_r1_c0,DEL,28.4139,76.909,3.942,-3.906,5.55,314.7,SYNTHETIC DATA — PIPELINE/CONSTRAINT VERIFICATION ONLY
10,DEL_r1_c1,DEL,28.4139,77.009,3.729,-3.695,5.25,314.7,SYNTHETIC DATA — PIPELINE/CONSTRAINT VERIFICATION ONLY
10,DEL_r1_c2,DEL,28.4139,77.109,3.516,-3.484,4.95,314.7,SYNTHETIC DATA — PIPELINE/CONSTRAINT VERIFICATION ONLY
10,DEL_r1_c3,DEL,28.4139,77.209,3.303,-3.273,4.65,314.7,SYNTHETIC DATA — PIPELINE/CONSTRAINT VERIFICATION ONLY
10,DEL_r1_c4,DEL,28.4139,77.309,3.09,-3.062,4.35,314.7,SYNTHETIC DATA — PIPELINE/CONSTRAINT VERIFICATION ONLY
10,DEL_r1_c5,DEL,28.4139,77.409,2.877,-2.851,4.05,314.7,SYNTHETIC DATA — PIPELINE/CONSTRAINT VERIFICATION ONLY
10,DEL_r1_c6,DEL,28.4139,77.509,2.664,-2.64,3.75,314.7,SYNTHETIC DATA — PIPELINE/CONSTRAINT VERIFICATION ONLY
10,DEL_r2_c0,DEL,28.5139,76.909,4.569,-3.654,5.85,308.6,SYNTHETIC DATA — PIPELINE/CONSTRAINT VERIFICATION ONLY
10,DEL_r2_c1,DEL,28.5139,77.009,4.335,-3.466,5.55,308.6,SYNTHETIC DATA — PIPELINE/CONSTRAINT VERIFICATION ONLY
10,DEL_r2_c2,DEL,28.5139,77.109,4.1,-3.279,5.25,308.6,SYNTHETIC DATA — PIPELINE/CONSTRAINT VERIFICATION ONLY
10,DEL_r2_c3,DEL,28.5139,77.209,3.866,-3.091,4.95,308.6,SYNTHETIC DATA — PIPELINE/CONSTRAINT VERIFICATION ONLY
10,DEL_r2_c4,DEL,28.5139,77.309,3.632,-2.904,4.65,308.6,SYNTHETIC DATA — PIPELINE/CONSTRAINT VERIFICATION ONLY
10,DEL_r2_c5,DEL,28.5139,77.409,3.397,-2.717,4.35,308.6,SYNTHETIC DATA — PIPELINE/CONSTRAINT VERIFICATION ONLY
10,DEL_r2_c6,DEL,28.5139,77.509,3.163,-2.529,4.05,308.6,SYNTHETIC DATA — PIPELINE/CONSTRAINT VERIFICATION ONLY
10,DEL_r3_c0,DEL,28.6139,76.909,5.017,-3.557,6.15,305.3,SYNTHETIC DATA — PIPELINE/CONSTRAINT VERIFICATION ONLY
10,DEL_r3_c1,DEL,28.6139,77.009,4.772,-3.384,5.85,305.3,SYNTHETIC DATA — PIPELINE/CONSTRAINT VERIFICATION ONLY
10,DEL_r3_c2,DEL,28.6139,77.109,4.527,-3.21,5.55,305.3,SYNTHETIC DATA — PIPELINE/CONSTRAINT VERIFICATION ONLY
10,DEL_r3_c3,DEL,28.6139,77.209,4.283,-3.037,5.25,305.3,SYNTHETIC DATA — PIPELINE/CONSTRAINT VERIFICATION ONLY
10,DEL_r3_c4,DEL,28.6139,77.309,4.038,-2.863,4.95,305.3,SYNTHETIC DATA — PIPELINE/CONSTRAINT VERIFICATION ONLY
10,DEL_r3_c5,DEL,28.6139,77.409,3.793,-2.689,4.65,305.3,SYNTHETIC DATA — PIPELINE/CONSTRAINT VERIFICATION ONLY
10,DEL_r3_c6,DEL,28.6139,77.509,3.549,-2.516,4.35,305.3,SYNTHETIC DATA — PIPELINE/CONSTRAINT VERIFICATION ONLY
10,DEL_r4_c0,DEL,28.7139,76.909,5.243,-3.756,6.45,305.6,SYNTHETIC DATA — PIPELINE/CONSTRAINT VERIFICATION ONLY
10,DEL_r4_c1,DEL,28.7139,77.009,5.0,-3.581,6.15,305.6,SYNTHETIC DATA — PIPELINE/CONSTRAINT VERIFICATION ONLY
10,DEL_r4_c2,DEL,28.7139,77.109,4.756,-3.407,5.85,305.6,SYNTHETIC DATA — PIPELINE/CONSTRAINT VERIFICATION ONLY
10,DEL_r4_c3,DEL,28.7139,77.209,4.512,-3.232,5.55,305.6,SYNTHETIC DATA — PIPELINE/CONSTRAINT VERIFICATION ONLY
10,DEL_r4_c4,DEL,28.7139,77.309,4.268,-3.057,5.25,305.6,SYNTHETIC DATA — PIPELINE/CONSTRAINT VERIFICATION ONLY
10,DEL_r4_c5,DEL,28.7139,77.409,4.024,-2.883,4.95,305.6,SYNTHETIC DATA — PIPELINE/CONSTRAINT VERIFICATION ONLY
10,DEL_r4_c6,DEL,28.7139,77.509,3.78,-2.708,4.65,305.6,SYNTHETIC DATA — PIPELINE/CONSTRAINT VERIFICATION ONLY
10,DEL_r5_c0,DEL,28.8139,76.909,5.215,-4.286,6.75,309.4,SYNTHETIC DATA — PIPELINE/CONSTRAINT VERIFICATION ONLY
10,DEL_r5_c1,DEL,28.8139,77.009,4.983,-4.095,6.45,309.4,SYNTHETIC DATA — PIPELINE/CONSTRAINT VERIFICATION ONLY
10,DEL_r5_c2,DEL,28.8139,77.109,4.751,-3.905,6.15,309.4,SYNTHETIC DATA — PIPELINE/CONSTRAINT VERIFICATION ONLY
10,DEL_r5_c3,DEL,28.8139,77.209,4.519,-3.715,5.85,309.4,SYNTHETIC DATA — PIPELINE/CONSTRAINT VERIFICATION ONLY
10,DEL_r5_c4,DEL,28.8139,77.309,4.288,-3.524,5.55,309.4,SYNTHETIC DATA — PIPELINE/CONSTRAINT VERIFICATION ONLY
10,DEL_r5_c5,DEL,28.8139,77.409,4.056,-3.334,5.25,309.4,SYNTHETIC DATA — PIPELINE/CONSTRAINT VERIFICATION ONLY
10,DEL_r5_c6,DEL,28.8139,77.509,3.824,-3.143,4.95,309.4,SYNTHETIC DATA — PIPELINE/CONSTRAINT VERIFICATION ONLY
10,DEL_r6_c0,DEL,28.9139,76.909,4.914,-5.055,7.05,315.8,SYNTHETIC DATA — PIPELINE/CONSTRAINT VERIFICATION ONLY
10,DEL_r6_c1,DEL,28.9139,77.009,4.705,-4.84,6.75,315.8,SYNTHETIC DATA — PIPELINE/CONSTRAINT VERIFICATION ONLY
10,DEL_r6_c2,DEL,28.9139,77.109,4.496,-4.625,6.45,315.8,SYNTHETIC DATA — PIPELINE/CONSTRAINT VERIFICATION ONLY
10,DEL_r6_c3,DEL,28.9139,77.209,4.287,-4.41,6.15,315.8,SYNTHETIC DATA — PIPELINE/CONSTRAINT VERIFICATION ONLY
10,DEL_r6_c4,DEL,28.9139,77.309,4.078,-4.195,5.85,315.8,SYNTHETIC DATA — PIPELINE/CONSTRAINT VERIFICATION ONLY
10,DEL_r6_c5,DEL,28.9139,77.409,3.869,-3.979,5.55,315.8,SYNTHETIC DATA — PIPELINE/CONSTRAINT VERIFICATION ONLY
10,DEL_r6_c6,DEL,28.9139,77.509,3.66,-3.764,5.25,315.8,SYNTHETIC DATA — PIPELINE/CONSTRAINT VERIFICATION ONLY
10,BOM_r0_c0,BOM,18.776,72.5777,5.118,1.171,5.25,257.1,SYNTHETIC DATA — PIPELINE/CONSTRAINT VERIFICATION ONLY
10,BOM_r0_c1,BOM,18.776,72.6777,4.825,1.104,4.95,257.1,SYNTHETIC DATA — PIPELINE/CONSTRAINT VERIFICATION ONLY
10,BOM_r0_c2,BOM,18.776,72.7777,4.533,1.037,4.65,257.1,SYNTHETIC DATA — PIPELINE/CONSTRAINT VERIFICATION ONLY
10,BOM_r0_c3,BOM,18.776,72.8777,4.24,0.97,4.35,257.1,SYNTHETIC DATA — PIPELINE/CONSTRAINT VERIFICATION ONLY
10,BOM_r0_c4,BOM,18.776,72.9777,3.948,0.903,4.05,257.1,SYNTHETIC DATA — PIPELINE/CONSTRAINT VERIFICATION ONLY
10,BOM_r0_c5,BOM,18.776,73.0777,3.656,0.836,3.75,257.1,SYNTHETIC DATA — PIPELINE/CONSTRAINT VERIFICATION ONLY
10,BOM_r0_c6,BOM,18.776,73.1777,3.363,0.769,3.45,257.1,SYNTHETIC DATA — PIPELINE/CONSTRAINT VERIFICATION ONLY
10,BOM_r1_c0,BOM,18.876,72.5777,5.207,1.922,5.55,249.7,SYNTHETIC DATA — PIPELINE/CONSTRAINT VERIFICATION ONLY
10,BOM_r1_c1,BOM,18.876,72.6777,4.925,1.818,5.25,249.7,SYNTHETIC DATA — PIPELINE/CONSTRAINT VERIFICATION ONLY
10,BOM_r1_c2,BOM,18.876,72.7777,4.644,1.714,4.95,249.7,SYNTHETIC DATA — PIPELINE/CONSTRAINT VERIFICATION ONLY
10,BOM_r1_c3,BOM,18.876,72.8777,4.362,1.61,4.65,249.7,SYNTHETIC DATA — PIPELINE/CONSTRAINT VERIFICATION ONLY
10,BOM_r1_c4,BOM,18.876,72.9777,4.081,1.506,4.35,249.7,SYNTHETIC DATA — PIPELINE/CONSTRAINT VERIFICATION ONLY
10,BOM_r1_c5,BOM,18.876,73.0777,3.799,1.403,4.05,249.7,SYNTHETIC DATA — PIPELINE/CONSTRAINT VERIFICATION ONLY
10,BOM_r1_c6,BOM,18.876,73.1777,3.518,1.299,3.75,249.7,SYNTHETIC DATA — PIPELINE/CONSTRAINT VERIFICATION ONLY
10,BOM_r2_c0,BOM,18.976,72.5777,5.242,2.597,5.85,243.6,SYNTHETIC DATA — PIPELINE/CONSTRAINT VERIFICATION ONLY
10,BOM_r2_c1,BOM,18.976,72.6777,4.973,2.464,5.55,243.6,SYNTHETIC DATA — PIPELINE/CONSTRAINT VERIFICATION ONLY
10,BOM_r2_c2,BOM,18.976,72.7777,4.704,2.33,5.25,243.6,SYNTHETIC DATA — PIPELINE/CONSTRAINT VERIFICATION ONLY
10,BOM_r2_c3,BOM,18.976,72.8777,4.436,2.197,4.95,243.6,SYNTHETIC DATA — PIPELINE/CONSTRAINT VERIFICATION ONLY
10,BOM_r2_c4,BOM,18.976,72.9777,4.167,2.064,4.65,243.6,SYNTHETIC DATA — PIPELINE/CONSTRAINT VERIFICATION ONLY
10,BOM_r2_c5,BOM,18.976,73.0777,3.898,1.931,4.35,243.6,SYNTHETIC DATA — PIPELINE/CONSTRAINT VERIFICATION ONLY
10,BOM_r2_c6,BOM,18.976,73.1777,3.629,1.798,4.05,243.6,SYNTHETIC DATA — PIPELINE/CONSTRAINT VERIFICATION ONLY
10,BOM_r3_c0,BOM,19.076,72.5777,5.344,3.044,6.15,240.3,SYNTHETIC DATA — PIPELINE/CONSTRAINT VERIFICATION ONLY
10,BOM_r3_c1,BOM,19.076,72.6777,5.083,2.895,5.85,240.3,SYNTHETIC DATA — PIPELINE/CONSTRAINT VERIFICATION ONLY
10,BOM_r3_c2,BOM,19.076,72.7777,4.823,2.747,5.55,240.3,SYNTHETIC DATA — PIPELINE/CONSTRAINT VERIFICATION ONLY
10,BOM_r3_c3,BOM,19.076,72.8777,4.562,2.598,5.25,240.3,SYNTHETIC DATA — PIPELINE/CONSTRAINT VERIFICATION ONLY
10,BOM_r3_c4,BOM,19.076,72.9777,4.301,2.45,4.95,240.3,SYNTHETIC DATA — PIPELINE/CONSTRAINT VERIFICATION ONLY
10,BOM_r3_c5,BOM,19.076,73.0777,4.041,2.301,4.65,240.3,SYNTHETIC DATA — PIPELINE/CONSTRAINT VERIFICATION ONLY
10,BOM_r3_c6,BOM,19.076,73.1777,3.78,2.153,4.35,240.3,SYNTHETIC DATA — PIPELINE/CONSTRAINT VERIFICATION ONLY
10,BOM_r4_c0,BOM,19.176,72.5777,5.62,3.165,6.45,240.6,SYNTHETIC DATA — PIPELINE/CONSTRAINT VERIFICATION ONLY
10,BOM_r4_c1,BOM,19.176,72.6777,5.359,3.018,6.15,240.6,SYNTHETIC DATA — PIPELINE/CONSTRAINT VERIFICATION ONLY
10,BOM_r4_c2,BOM,19.176,72.7777,5.097,2.87,5.85,240.6,SYNTHETIC DATA — PIPELINE/CONSTRAINT VERIFICATION ONLY
10,BOM_r4_c3,BOM,19.176,72.8777,4.836,2.723,5.55,240.6,SYNTHETIC DATA — PIPELINE/CONSTRAINT VERIFICATION ONLY
10,BOM_r4_c4,BOM,19.176,72.9777,4.575,2.576,5.25,240.6,SYNTHETIC DATA — PIPELINE/CONSTRAINT VERIFICATION ONLY
10,BOM_r4_c5,BOM,19.176,73.0777,4.313,2.429,4.95,240.6,SYNTHETIC DATA — PIPELINE/CONSTRAINT VERIFICATION ONLY
10,BOM_r4_c6,BOM,19.176,73.1777,4.052,2.282,4.65,240.6,SYNTHETIC DATA — PIPELINE/CONSTRAINT VERIFICATION ONLY
10,BOM_r5_c0,BOM,19.276,72.5777,6.088,2.915,6.75,244.4,SYNTHETIC DATA — PIPELINE/CONSTRAINT VERIFICATION ONLY
10,BOM_r5_c1,BOM,19.276,72.6777,5.818,2.785,6.45,244.4,SYNTHETIC DATA — PIPELINE/CONSTRAINT VERIFICATION ONLY
10,BOM_r5_c2,BOM,19.276,72.7777,5.547,2.656,6.15,244.4,SYNTHETIC DATA — PIPELINE/CONSTRAINT VERIFICATION ONLY
10,BOM_r5_c3,BOM,19.276,72.8777,5.276,2.526,5.85,244.4,SYNTHETIC DATA — PIPELINE/CONSTRAINT VERIFICATION ONLY
10,BOM_r5_c4,BOM,19.276,72.9777,5.006,2.397,5.55,244.4,SYNTHETIC DATA — PIPELINE/CONSTRAINT VERIFICATION ONLY
10,BOM_r5_c5,BOM,19.276,73.0777,4.735,2.267,5.25,244.4,SYNTHETIC DATA — PIPELINE/CONSTRAINT VERIFICATION ONLY
10,BOM_r5_c6,BOM,19.276,73.1777,4.465,2.138,4.95,244.4,SYNTHETIC DATA — PIPELINE/CONSTRAINT VERIFICATION ONLY
10,BOM_r6_c0,BOM,19.376,72.5777,6.658,2.317,7.05,250.8,SYNTHETIC DATA — PIPELINE/CONSTRAINT VERIFICATION ONLY
10,BOM_r6_c1,BOM,19.376,72.6777,6.375,2.219,6.75,250.8,SYNTHETIC DATA — PIPELINE/CONSTRAINT VERIFICATION ONLY
10,BOM_r6_c2,BOM,19.376,72.7777,6.092,2.12,6.45,250.8,SYNTHETIC DATA — PIPELINE/CONSTRAINT VERIFICATION ONLY
10,BOM_r6_c3,BOM,19.376,72.8777,5.808,2.022,6.15,250.8,SYNTHETIC DATA — PIPELINE/CONSTRAINT VERIFICATION ONLY
10,BOM_r6_c4,BOM,19.376,72.9777,5.525,1.923,5.85,250.8,SYNTHETIC DATA — PIPELINE/CONSTRAINT VERIFICATION ONLY
10,BOM_r6_c5,BOM,19.376,73.0777,5.242,1.824,5.55,250.8,SYNTHETIC DATA — PIPELINE/CONSTRAINT VERIFICATION ONLY
10,BOM_r6_c6,BOM,19.376,73.1777,4.958,1.726,5.25,250.8,SYNTHETIC DATA — PIPELINE/CONSTRAINT VERIFICATION ONLY
10,LKO_r0_c0,LKO,26.5467,80.6462,4.186,-3.168,5.25,307.1,SYNTHETIC DATA — PIPELINE/CONSTRAINT VERIFICATION ONLY
10,LKO_r0_c1,LKO,26.5467,80.7462,3.947,-2.987,4.95,307.1,SYNTHETIC DATA — PIPELINE/CONSTRAINT VERIFICATION ONLY
10,LKO_r0_c2,LKO,26.5467,80.8462,3.708,-2.806,4.65,307.1,SYNTHETIC DATA — PIPELINE/CONSTRAINT VERIFICATION ONLY
10,LKO_r0_c3,LKO,26.5467,80.9462,3.469,-2.625,4.35,307.1,SYNTHETIC DATA — PIPELINE/CONSTRAINT VERIFICATION ONLY
10,LKO_r0_c4,LKO,26.5467,81.0462,3.229,-2.444,4.05,307.1,SYNTHETIC DATA — PIPELINE/CONSTRAINT VERIFICATION ONLY
10,LKO_r0_c5,LKO,26.5467,81.1462,2.99,-2.263,3.75,307.1,SYNTHETIC DATA — PIPELINE/CONSTRAINT VERIFICATION ONLY
10,LKO_r0_c6,LKO,26.5467,81.2462,2.751,-2.082,3.45,307.1,SYNTHETIC DATA — PIPELINE/CONSTRAINT VERIFICATION ONLY
10,LKO_r1_c0,LKO,26.6467,80.6462,4.819,-2.753,5.55,299.7,SYNTHETIC DATA — PIPELINE/CONSTRAINT VERIFICATION ONLY
10,LKO_r1_c1,LKO,26.6467,80.7462,4.559,-2.604,5.25,299.7,SYNTHETIC DATA — PIPELINE/CONSTRAINT VERIFICATION ONLY
10,LKO_r1_c2,LKO,26.6467,80.8462,4.298,-2.455,4.95,299.7,SYNTHETIC DATA — PIPELINE/CONSTRAINT VERIFICATION ONLY
10,LKO_r1_c3,LKO,26.6467,80.9462,4.038,-2.307,4.65,299.7,SYNTHETIC DATA — PIPELINE/CONSTRAINT VERIFICATION ONLY
10,LKO_r1_c4,LKO,26.6467,81.0462,3.777,-2.158,4.35,299.7,SYNTHETIC DATA — PIPELINE/CONSTRAINT VERIFICATION ONLY
10,LKO_r1_c5,LKO,26.6467,81.1462,3.517,-2.009,4.05,299.7,SYNTHETIC DATA — PIPELINE/CONSTRAINT VERIFICATION ONLY
10,LKO_r1_c6,LKO,26.6467,81.2462,3.256,-1.86,3.75,299.7,SYNTHETIC DATA — PIPELINE/CONSTRAINT VERIFICATION ONLY
10,LKO_r2_c0,LKO,26.7467,80.6462,5.359,-2.347,5.85,293.6,SYNTHETIC DATA — PIPELINE/CONSTRAINT VERIFICATION ONLY
10,LKO_r2_c1,LKO,26.7467,80.7462,5.084,-2.226,5.55,293.6,SYNTHETIC DATA — PIPELINE/CONSTRAINT VERIFICATION ONLY
10,LKO_r2_c2,LKO,26.7467,80.8462,4.809,-2.106,5.25,293.6,SYNTHETIC DATA — PIPELINE/CONSTRAINT VERIFICATION ONLY
10,LKO_r2_c3,LKO,26.7467,80.9462,4.534,-1.986,4.95,293.6,SYNTHETIC DATA — PIPELINE/CONSTRAINT VERIFICATION ONLY
10,LKO_r2_c4,LKO,26.7467,81.0462,4.26,-1.865,4.65,293.6,SYNTHETIC DATA — PIPELINE/CONSTRAINT VERIFICATION ONLY
10,LKO_r2_c5,LKO,26.7467,81.1462,3.985,-1.745,4.35,293.6,SYNTHETIC DATA — PIPELINE/CONSTRAINT VERIFICATION ONLY
10,LKO_r2_c6,LKO,26.7467,81.2462,3.71,-1.625,4.05,293.6,SYNTHETIC DATA — PIPELINE/CONSTRAINT VERIFICATION ONLY
10,LKO_r3_c0,LKO,26.8467,80.6462,5.767,-2.137,6.15,290.3,SYNTHETIC DATA — PIPELINE/CONSTRAINT VERIFICATION ONLY
10,LKO_r3_c1,LKO,26.8467,80.7462,5.485,-2.033,5.85,290.3,SYNTHETIC DATA — PIPELINE/CONSTRAINT VERIFICATION ONLY
10,LKO_r3_c2,LKO,26.8467,80.8462,5.204,-1.929,5.55,290.3,SYNTHETIC DATA — PIPELINE/CONSTRAINT VERIFICATION ONLY
10,LKO_r3_c3,LKO,26.8467,80.9462,4.923,-1.825,5.25,290.3,SYNTHETIC DATA — PIPELINE/CONSTRAINT VERIFICATION ONLY
10,LKO_r3_c4,LKO,26.8467,81.0462,4.641,-1.72,4.95,290.3,SYNTHETIC DATA — PIPELINE/CONSTRAINT VERIFICATION ONLY
10,LKO_r3_c5,LKO,26.8467,81.1462,4.36,-1.616,4.65,290.3,SYNTHETIC DATA — PIPELINE/CONSTRAINT VERIFICATION ONLY
10,LKO_r3_c6,LKO,26.8467,81.2462,4.079,-1.512,4.35,290.3,SYNTHETIC DATA — PIPELINE/CONSTRAINT VERIFICATION ONLY
10,LKO_r4_c0,LKO,26.9467,80.6462,6.037,-2.271,6.45,290.6,SYNTHETIC DATA — PIPELINE/CONSTRAINT VERIFICATION ONLY
10,LKO_r4_c1,LKO,26.9467,80.7462,5.756,-2.165,6.15,290.6,SYNTHETIC DATA — PIPELINE/CONSTRAINT VERIFICATION ONLY
10,LKO_r4_c2,LKO,26.9467,80.8462,5.475,-2.06,5.85,290.6,SYNTHETIC DATA — PIPELINE/CONSTRAINT VERIFICATION ONLY
10,LKO_r4_c3,LKO,26.9467,80.9462,5.195,-1.954,5.55,290.6,SYNTHETIC DATA — PIPELINE/CONSTRAINT VERIFICATION ONLY
10,LKO_r4_c4,LKO,26.9467,81.0462,4.914,-1.849,5.25,290.6,SYNTHETIC DATA — PIPELINE/CONSTRAINT VERIFICATION ONLY
10,LKO_r4_c5,LKO,26.9467,81.1462,4.633,-1.743,4.95,290.6,SYNTHETIC DATA — PIPELINE/CONSTRAINT VERIFICATION ONLY
10,LKO_r4_c6,LKO,26.9467,81.2462,4.352,-1.637,4.65,290.6,SYNTHETIC DATA — PIPELINE/CONSTRAINT VERIFICATION ONLY
10,LKO_r5_c0,LKO,27.0467,80.6462,6.146,-2.79,6.75,294.4,SYNTHETIC DATA — PIPELINE/CONSTRAINT VERIFICATION ONLY
10,LKO_r5_c1,LKO,27.0467,80.7462,5.873,-2.666,6.45,294.4,SYNTHETIC DATA — PIPELINE/CONSTRAINT VERIFICATION ONLY
10,LKO_r5_c2,LKO,27.0467,80.8462,5.6,-2.542,6.15,294.4,SYNTHETIC DATA — PIPELINE/CONSTRAINT VERIFICATION ONLY
10,LKO_r5_c3,LKO,27.0467,80.9462,5.327,-2.418,5.85,294.4,SYNTHETIC DATA — PIPELINE/CONSTRAINT VERIFICATION ONLY
10,LKO_r5_c4,LKO,27.0467,81.0462,5.054,-2.294,5.55,294.4,SYNTHETIC DATA — PIPELINE/CONSTRAINT VERIFICATION ONLY
10,LKO_r5_c5,LKO,27.0467,81.1462,4.78,-2.17,5.25,294.4,SYNTHETIC DATA — PIPELINE/CONSTRAINT VERIFICATION ONLY
10,LKO_r5_c6,LKO,27.0467,81.2462,4.507,-2.046,4.95,294.4,SYNTHETIC DATA — PIPELINE/CONSTRAINT VERIFICATION ONLY
10,LKO_r6_c0,LKO,27.1467,80.6462,6.055,-3.611,7.05,300.8,SYNTHETIC DATA — PIPELINE/CONSTRAINT VERIFICATION ONLY
10,LKO_r6_c1,LKO,27.1467,80.7462,5.797,-3.457,6.75,300.8,SYNTHETIC DATA — PIPELINE/CONSTRAINT VERIFICATION ONLY
10,LKO_r6_c2,LKO,27.1467,80.8462,5.54,-3.304,6.45,300.8,SYNTHETIC DATA — PIPELINE/CONSTRAINT VERIFICATION ONLY
10,LKO_r6_c3,LKO,27.1467,80.9462,5.282,-3.15,6.15,300.8,SYNTHETIC DATA — PIPELINE/CONSTRAINT VERIFICATION ONLY
10,LKO_r6_c4,LKO,27.1467,81.0462,5.024,-2.996,5.85,300.8,SYNTHETIC DATA — PIPELINE/CONSTRAINT VERIFICATION ONLY
10,LKO_r6_c5,LKO,27.1467,81.1462,4.767,-2.843,5.55,300.8,SYNTHETIC DATA — PIPELINE/CONSTRAINT VERIFICATION ONLY
10,LKO_r6_c6,LKO,27.1467,81.2462,4.509,-2.689,5.25,300.8,SYNTHETIC DATA — PIPELINE/CONSTRAINT VERIFICATION ONLY
10,VNS_r0_c0,VNS,25.0176,82.6739,4.673,-2.393,5.25,297.1,SYNTHETIC DATA — PIPELINE/CONSTRAINT VERIFICATION ONLY
10,VNS_r0_c1,VNS,25.0176,82.7739,4.406,-2.256,4.95,297.1,SYNTHETIC DATA — PIPELINE/CONSTRAINT VERIFICATION ONLY
10,VNS_r0_c2,VNS,25.0176,82.8739,4.139,-2.119,4.65,297.1,SYNTHETIC DATA — PIPELINE/CONSTRAINT VERIFICATION ONLY
10,VNS_r0_c3,VNS,25.0176,82.9739,3.872,-1.983,4.35,297.1,SYNTHETIC DATA — PIPELINE/CONSTRAINT VERIFICATION ONLY
10,VNS_r0_c4,VNS,25.0176,83.0739,3.605,-1.846,4.05,297.1,SYNTHETIC DATA — PIPELINE/CONSTRAINT VERIFICATION ONLY
10,VNS_r0_c5,VNS,25.0176,83.1739,3.338,-1.709,3.75,297.1,SYNTHETIC DATA — PIPELINE/CONSTRAINT VERIFICATION ONLY
10,VNS_r0_c6,VNS,25.0176,83.2739,3.071,-1.573,3.45,297.1,SYNTHETIC DATA — PIPELINE/CONSTRAINT VERIFICATION ONLY
10,VNS_r1_c0,VNS,25.1176,82.6739,5.224,-1.874,5.55,289.7,SYNTHETIC DATA — PIPELINE/CONSTRAINT VERIFICATION ONLY
10,VNS_r1_c1,VNS,25.1176,82.7739,4.942,-1.773,5.25,289.7,SYNTHETIC DATA — PIPELINE/CONSTRAINT VERIFICATION ONLY
10,VNS_r1_c2,VNS,25.1176,82.8739,4.659,-1.672,4.95,289.7,SYNTHETIC DATA — PIPELINE/CONSTRAINT VERIFICATION ONLY
10,VNS_r1_c3,VNS,25.1176,82.9739,4.377,-1.57,4.65,289.7,SYNTHETIC DATA — PIPELINE/CONSTRAINT VERIFICATION ONLY
10,VNS_r1_c4,VNS,25.1176,83.0739,4.094,-1.469,4.35,289.7,SYNTHETIC DATA — PIPELINE/CONSTRAINT VERIFICATION ONLY
10,VNS_r1_c5,VNS,25.1176,83.1739,3.812,-1.368,4.05,289.7,SYNTHETIC DATA — PIPELINE/CONSTRAINT VERIFICATION ONLY
10,VNS_r1_c6,VNS,25.1176,83.2739,3.53,-1.266,3.75,289.7,SYNTHETIC DATA — PIPELINE/CONSTRAINT VERIFICATION ONLY
10,VNS_r2_c0,VNS,25.2176,82.6739,5.685,-1.38,5.85,283.6,SYNTHETIC DATA — PIPELINE/CONSTRAINT VERIFICATION ONLY
10,VNS_r2_c1,VNS,25.2176,82.7739,5.393,-1.31,5.55,283.6,SYNTHETIC DATA — PIPELINE/CONSTRAINT VERIFICATION ONLY
10,VNS_r2_c2,VNS,25.2176,82.8739,5.102,-1.239,5.25,283.6,SYNTHETIC DATA — PIPELINE/CONSTRAINT VERIFICATION ONLY
10,VNS_r2_c3,VNS,25.2176,82.9739,4.81,-1.168,4.95,283.6,SYNTHETIC DATA — PIPELINE/CONSTRAINT VERIFICATION ONLY
10,VNS_r2_c4,VNS,25.2176,83.0739,4.519,-1.097,4.65,283.6,SYNTHETIC DATA — PIPELINE/CONSTRAINT VERIFICATION ONLY
10,VNS_r2_c5,VNS,25.2176,83.1739,4.227,-1.026,4.35,283.6,SYNTHETIC DATA — PIPELINE/CONSTRAINT VERIFICATION ONLY
10,VNS_r2_c6,VNS,25.2176,83.2739,3.936,-0.956,4.05,283.6,SYNTHETIC DATA — PIPELINE/CONSTRAINT VERIFICATION ONLY
10,VNS_r3_c0,VNS,25.3176,82.6739,6.05,-1.104,6.15,280.3,SYNTHETIC DATA — PIPELINE/CONSTRAINT VERIFICATION ONLY
10,VNS_r3_c1,VNS,25.3176,82.7739,5.755,-1.05,5.85,280.3,SYNTHETIC DATA — PIPELINE/CONSTRAINT VERIFICATION ONLY
10,VNS_r3_c2,VNS,25.3176,82.8739,5.46,-0.996,5.55,280.3,SYNTHETIC DATA — PIPELINE/CONSTRAINT VERIFICATION ONLY
10,VNS_r3_c3,VNS,25.3176,82.9739,5.165,-0.942,5.25,280.3,SYNTHETIC DATA — PIPELINE/CONSTRAINT VERIFICATION ONLY
10,VNS_r3_c4,VNS,25.3176,83.0739,4.87,-0.888,4.95,280.3,SYNTHETIC DATA — PIPELINE/CONSTRAINT VERIFICATION ONLY
10,VNS_r3_c5,VNS,25.3176,83.1739,4.575,-0.834,4.65,280.3,SYNTHETIC DATA — PIPELINE/CONSTRAINT VERIFICATION ONLY
10,VNS_r3_c6,VNS,25.3176,83.2739,4.279,-0.781,4.35,280.3,SYNTHETIC DATA — PIPELINE/CONSTRAINT VERIFICATION ONLY
10,VNS_r4_c0,VNS,25.4176,82.6739,6.34,-1.188,6.45,280.6,SYNTHETIC DATA — PIPELINE/CONSTRAINT VERIFICATION ONLY
10,VNS_r4_c1,VNS,25.4176,82.7739,6.045,-1.133,6.15,280.6,SYNTHETIC DATA — PIPELINE/CONSTRAINT VERIFICATION ONLY
10,VNS_r4_c2,VNS,25.4176,82.8739,5.75,-1.078,5.85,280.6,SYNTHETIC DATA — PIPELINE/CONSTRAINT VERIFICATION ONLY
10,VNS_r4_c3,VNS,25.4176,82.9739,5.455,-1.022,5.55,280.6,SYNTHETIC DATA — PIPELINE/CONSTRAINT VERIFICATION ONLY
10,VNS_r4_c4,VNS,25.4176,83.0739,5.16,-0.967,5.25,280.6,SYNTHETIC DATA — PIPELINE/CONSTRAINT VERIFICATION ONLY
10,VNS_r4_c5,VNS,25.4176,83.1739,4.865,-0.912,4.95,280.6,SYNTHETIC DATA — PIPELINE/CONSTRAINT VERIFICATION ONLY
10,VNS_r4_c6,VNS,25.4176,83.2739,4.57,-0.857,4.65,280.6,SYNTHETIC DATA — PIPELINE/CONSTRAINT VERIFICATION ONLY
10,VNS_r5_c0,VNS,25.5176,82.6739,6.537,-1.681,6.75,284.4,SYNTHETIC DATA — PIPELINE/CONSTRAINT VERIFICATION ONLY
10,VNS_r5_c1,VNS,25.5176,82.7739,6.247,-1.606,6.45,284.4,SYNTHETIC DATA — PIPELINE/CONSTRAINT VERIFICATION ONLY
10,VNS_r5_c2,VNS,25.5176,82.8739,5.956,-1.531,6.15,284.4,SYNTHETIC DATA — PIPELINE/CONSTRAINT VERIFICATION ONLY
10,VNS_r5_c3,VNS,25.5176,82.9739,5.666,-1.457,5.85,284.4,SYNTHETIC DATA — PIPELINE/CONSTRAINT VERIFICATION ONLY
10,VNS_r5_c4,VNS,25.5176,83.0739,5.375,-1.382,5.55,284.4,SYNTHETIC DATA — PIPELINE/CONSTRAINT VERIFICATION ONLY
10,VNS_r5_c5,VNS,25.5176,83.1739,5.085,-1.307,5.25,284.4,SYNTHETIC DATA — PIPELINE/CONSTRAINT VERIFICATION ONLY
10,VNS_r5_c6,VNS,25.5176,83.2739,4.794,-1.232,4.95,284.4,SYNTHETIC DATA — PIPELINE/CONSTRAINT VERIFICATION ONLY
10,VNS_r6_c0,VNS,25.6176,82.6739,6.59,-2.505,7.05,290.8,SYNTHETIC DATA — PIPELINE/CONSTRAINT VERIFICATION ONLY
10,VNS_r6_c1,VNS,25.6176,82.7739,6.31,-2.398,6.75,290.8,SYNTHETIC DATA — PIPELINE/CONSTRAINT VERIFICATION ONLY
10,VNS_r6_c2,VNS,25.6176,82.8739,6.029,-2.291,6.45,290.8,SYNTHETIC DATA — PIPELINE/CONSTRAINT VERIFICATION ONLY
10,VNS_r6_c3,VNS,25.6176,82.9739,5.749,-2.185,6.15,290.8,SYNTHETIC DATA — PIPELINE/CONSTRAINT VERIFICATION ONLY
10,VNS_r6_c4,VNS,25.6176,83.0739,5.468,-2.078,5.85,290.8,SYNTHETIC DATA — PIPELINE/CONSTRAINT VERIFICATION ONLY
10,VNS_r6_c5,VNS,25.6176,83.1739,5.188,-1.972,5.55,290.8,SYNTHETIC DATA — PIPELINE/CONSTRAINT VERIFICATION ONLY
10,VNS_r6_c6,VNS,25.6176,83.2739,4.908,-1.865,5.25,290.8,SYNTHETIC DATA — PIPELINE/CONSTRAINT VERIFICATION ONLY
10,JAI_r0_c0,JAI,26.6124,75.4873,2.85,-4.409,5.25,327.1,SYNTHETIC DATA — PIPELINE/CONSTRAINT VERIFICATION ONLY
10,JAI_r0_c1,JAI,26.6124,75.5873,2.687,-4.157,4.95,327.1,SYNTHETIC DATA — PIPELINE/CONSTRAINT VERIFICATION ONLY
10,JAI_r0_c2,JAI,26.6124,75.6873,2.525,-3.905,4.65,327.1,SYNTHETIC DATA — PIPELINE/CONSTRAINT VERIFICATION ONLY
10,JAI_r0_c3,JAI,26.6124,75.7873,2.362,-3.653,4.35,327.1,SYNTHETIC DATA — PIPELINE/CONSTRAINT VERIFICATION ONLY
10,JAI_r0_c4,JAI,26.6124,75.8873,2.199,-3.401,4.05,327.1,SYNTHETIC DATA — PIPELINE/CONSTRAINT VERIFICATION ONLY
10,JAI_r0_c5,JAI,26.6124,75.9873,2.036,-3.149,3.75,327.1,SYNTHETIC DATA — PIPELINE/CONSTRAINT VERIFICATION ONLY
10,JAI_r0_c6,JAI,26.6124,76.0873,1.873,-2.897,3.45,327.1,SYNTHETIC DATA — PIPELINE/CONSTRAINT VERIFICATION ONLY
10,JAI_r1_c0,JAI,26.7124,75.4873,3.587,-4.235,5.55,319.7,SYNTHETIC DATA — PIPELINE/CONSTRAINT VERIFICATION ONLY
10,JAI_r1_c1,JAI,26.7124,75.5873,3.393,-4.006,5.25,319.7,SYNTHETIC DATA — PIPELINE/CONSTRAINT VERIFICATION ONLY
10,JAI_r1_c2,JAI,26.7124,75.6873,3.199,-3.777,4.95,319.7,SYNTHETIC DATA — PIPELINE/CONSTRAINT VERIFICATION ONLY
10,JAI_r1_c3,JAI,26.7124,75.7873,3.005,-3.548,4.65,319.7,SYNTHETIC DATA — PIPELINE/CONSTRAINT VERIFICATION ONLY
10,JAI_r1_c4,JAI,26.7124,75.8873,2.811,-3.319,4.35,319.7,SYNTHETIC DATA — PIPELINE/CONSTRAINT VERIFICATION ONLY
10,JAI_r1_c5,JAI,26.7124,75.9873,2.617,-3.091,4.05,319.7,SYNTHETIC DATA — PIPELINE/CONSTRAINT VERIFICATION ONLY
10,JAI_r1_c6,JAI,26.7124,76.0873,2.424,-2.862,3.75,319.7,SYNTHETIC DATA — PIPELINE/CONSTRAINT VERIFICATION ONLY
10,JAI_r2_c0,JAI,26.8124,75.4873,4.233,-4.038,5.85,313.6,SYNTHETIC DATA — PIPELINE/CONSTRAINT VERIFICATION ONLY
10,JAI_r2_c1,JAI,26.8124,75.5873,4.016,-3.831,5.55,313.6,SYNTHETIC DATA — PIPELINE/CONSTRAINT VERIFICATION ONLY
10,JAI_r2_c2,JAI,26.8124,75.6873,3.799,-3.624,5.25,313.6,SYNTHETIC DATA — PIPELINE/CONSTRAINT VERIFICATION ONLY
10,JAI_r2_c3,JAI,26.8124,75.7873,3.582,-3.417,4.95,313.6,SYNTHETIC DATA — PIPELINE/CONSTRAINT VERIFICATION ONLY
10,JAI_r2_c4,JAI,26.8124,75.8873,3.365,-3.21,4.65,313.6,SYNTHETIC DATA — PIPELINE/CONSTRAINT VERIFICATION ONLY
10,JAI_r2_c5,JAI,26.8124,75.9873,3.148,-3.002,4.35,313.6,SYNTHETIC DATA — PIPELINE/CONSTRAINT VERIFICATION ONLY
10,JAI_r2_c6,JAI,26.8124,76.0873,2.931,-2.795,4.05,313.6,SYNTHETIC DATA — PIPELINE/CONSTRAINT VERIFICATION ONLY
10,JAI_r3_c0,JAI,26.9124,75.4873,4.688,-3.981,6.15,310.3,SYNTHETIC DATA — PIPELINE/CONSTRAINT VERIFICATION ONLY
10,JAI_r3_c1,JAI,26.9124,75.5873,4.459,-3.787,5.85,310.3,SYNTHETIC DATA — PIPELINE/CONSTRAINT VERIFICATION ONLY
10,JAI_r3_c2,JAI,26.9124,75.6873,4.23,-3.592,5.55,310.3,SYNTHETIC DATA — PIPELINE/CONSTRAINT VERIFICATION ONLY
10,JAI_r3_c3,JAI,26.9124,75.7873,4.002,-3.398,5.25,310.3,SYNTHETIC DATA — PIPELINE/CONSTRAINT VERIFICATION ONLY
10,JAI_r3_c4,JAI,26.9124,75.8873,3.773,-3.204,4.95,310.3,SYNTHETIC DATA — PIPELINE/CONSTRAINT VERIFICATION ONLY
10,JAI_r3_c5,JAI,26.9124,75.9873,3.544,-3.01,4.65,310.3,SYNTHETIC DATA — PIPELINE/CONSTRAINT VERIFICATION ONLY
10,JAI_r3_c6,JAI,26.9124,76.0873,3.316,-2.816,4.35,310.3,SYNTHETIC DATA — PIPELINE/CONSTRAINT VERIFICATION ONLY
10,JAI_r4_c0,JAI,27.0124,75.4873,4.896,-4.199,6.45,310.6,SYNTHETIC DATA — PIPELINE/CONSTRAINT VERIFICATION ONLY
10,JAI_r4_c1,JAI,27.0124,75.5873,4.668,-4.004,6.15,310.6,SYNTHETIC DATA — PIPELINE/CONSTRAINT VERIFICATION ONLY
10,JAI_r4_c2,JAI,27.0124,75.6873,4.441,-3.808,5.85,310.6,SYNTHETIC DATA — PIPELINE/CONSTRAINT VERIFICATION ONLY
10,JAI_r4_c3,JAI,27.0124,75.7873,4.213,-3.613,5.55,310.6,SYNTHETIC DATA — PIPELINE/CONSTRAINT VERIFICATION ONLY
10,JAI_r4_c4,JAI,27.0124,75.8873,3.985,-3.418,5.25,310.6,SYNTHETIC DATA — PIPELINE/CONSTRAINT VERIFICATION ONLY
10,JAI_r4_c5,JAI,27.0124,75.9873,3.757,-3.222,4.95,310.6,SYNTHETIC DATA — PIPELINE/CONSTRAINT VERIFICATION ONLY
10,JAI_r4_c6,JAI,27.0124,76.0873,3.53,-3.027,4.65,310.6,SYNTHETIC DATA — PIPELINE/CONSTRAINT VERIFICATION ONLY
10,JAI_r5_c0,JAI,27.1124,75.4873,4.821,-4.724,6.75,314.4,SYNTHETIC DATA — PIPELINE/CONSTRAINT VERIFICATION ONLY
10,JAI_r5_c1,JAI,27.1124,75.5873,4.607,-4.514,6.45,314.4,SYNTHETIC DATA — PIPELINE/CONSTRAINT VERIFICATION ONLY
10,JAI_r5_c2,JAI,27.1124,75.6873,4.393,-4.304,6.15,314.4,SYNTHETIC DATA — PIPELINE/CONSTRAINT VERIFICATION ONLY
10,JAI_r5_c3,JAI,27.1124,75.7873,4.178,-4.094,5.85,314.4,SYNTHETIC DATA — PIPELINE/CONSTRAINT VERIFICATION ONLY
10,JAI_r5_c4,JAI,27.1124,75.8873,3.964,-3.884,5.55,314.4,SYNTHETIC DATA — PIPELINE/CONSTRAINT VERIFICATION ONLY
10,JAI_r5_c5,JAI,27.1124,75.9873,3.75,-3.674,5.25,314.4,SYNTHETIC DATA — PIPELINE/CONSTRAINT VERIFICATION ONLY
10,JAI_r5_c6,JAI,27.1124,76.0873,3.536,-3.464,4.95,314.4,SYNTHETIC DATA — PIPELINE/CONSTRAINT VERIFICATION ONLY
10,JAI_r6_c0,JAI,27.2124,75.4873,4.455,-5.464,7.05,320.8,SYNTHETIC DATA — PIPELINE/CONSTRAINT VERIFICATION ONLY
10,JAI_r6_c1,JAI,27.2124,75.5873,4.265,-5.232,6.75,320.8,SYNTHETIC DATA — PIPELINE/CONSTRAINT VERIFICATION ONLY
10,JAI_r6_c2,JAI,27.2124,75.6873,4.076,-4.999,6.45,320.8,SYNTHETIC DATA — PIPELINE/CONSTRAINT VERIFICATION ONLY
10,JAI_r6_c3,JAI,27.2124,75.7873,3.886,-4.767,6.15,320.8,SYNTHETIC DATA — PIPELINE/CONSTRAINT VERIFICATION ONLY
10,JAI_r6_c4,JAI,27.2124,75.8873,3.697,-4.534,5.85,320.8,SYNTHETIC DATA — PIPELINE/CONSTRAINT VERIFICATION ONLY
10,JAI_r6_c5,JAI,27.2124,75.9873,3.507,-4.301,5.55,320.8,SYNTHETIC DATA — PIPELINE/CONSTRAINT VERIFICATION ONLY
10,JAI_r6_c6,JAI,27.2124,76.0873,3.318,-4.069,5.25,320.8,SYNTHETIC DATA — PIPELINE/CONSTRAINT VERIFICATION ONLY
10,AMD_r0_c0,AMD,22.7225,72.2714,5.21,-0.65,5.25,277.1,SYNTHETIC DATA — PIPELINE/CONSTRAINT VERIFICATION ONLY
10,AMD_r0_c1,AMD,22.7225,72.3714,4.912,-0.613,4.95,277.1,SYNTHETIC DATA — PIPELINE/CONSTRAINT VERIFICATION ONLY
10,AMD_r0_c2,AMD,22.7225,72.4714,4.614,-0.576,4.65,277.1,SYNTHETIC DATA — PIPELINE/CONSTRAINT VERIFICATION ONLY
10,AMD_r0_c3,AMD,22.7225,72.5714,4.316,-0.539,4.35,277.1,SYNTHETIC DATA — PIPELINE/CONSTRAINT VERIFICATION ONLY
10,AMD_r0_c4,AMD,22.7225,72.6714,4.019,-0.502,4.05,277.1,SYNTHETIC DATA — PIPELINE/CONSTRAINT VERIFICATION ONLY
10,AMD_r0_c5,AMD,22.7225,72.7714,3.721,-0.465,3.75,277.1,SYNTHETIC DATA — PIPELINE/CONSTRAINT VERIFICATION ONLY
10,AMD_r0_c6,AMD,22.7225,72.8714,3.423,-0.427,3.45,277.1,SYNTHETIC DATA — PIPELINE/CONSTRAINT VERIFICATION ONLY
10,AMD_r1_c0,AMD,22.8225,72.2714,5.55,0.025,5.55,269.7,SYNTHETIC DATA — PIPELINE/CONSTRAINT VERIFICATION ONLY
10,AMD_r1_c1,AMD,22.8225,72.3714,5.25,0.024,5.25,269.7,SYNTHETIC DATA — PIPELINE/CONSTRAINT VERIFICATION ONLY
10,AMD_r1_c2,AMD,22.8225,72.4714,4.95,0.023,4.95,269.7,SYNTHETIC DATA — PIPELINE/CONSTRAINT VERIFICATION ONLY
10,AMD_r1_c3,AMD,22.8225,72.5714,4.65,0.021,4.65,269.7,SYNTHETIC DATA — PIPELINE/CONSTRAINT VERIFICATION ONLY
10,AMD_r1_c4,AMD,22.8225,72.6714,4.35,0.02,4.35,269.7,SYNTHETIC DATA — PIPELINE/CONSTRAINT VERIFICATION ONLY
10,AMD_r1_c5,AMD,22.8225,72.7714,4.05,0.019,4.05,269.7,SYNTHETIC DATA — PIPELINE/CONSTRAINT VERIFICATION ONLY
10,AMD_r1_c6,AMD,22.8225,72.8714,3.75,0.017,3.75,269.7,SYNTHETIC DATA — PIPELINE/CONSTRAINT VERIFICATION ONLY
10,AMD_r2_c0,AMD,22.9225,72.2714,5.814,0.647,5.85,263.6,SYNTHETIC DATA — PIPELINE/CONSTRAINT VERIFICATION ONLY
10,AMD_r2_c1,AMD,22.9225,72.3714,5.516,0.614,5.55,263.6,SYNTHETIC DATA — PIPELINE/CONSTRAINT VERIFICATION ONLY
10,AMD_r2_c2,AMD,22.9225,72.4714,5.218,0.581,5.25,263.6,SYNTHETIC DATA — PIPELINE/CONSTRAINT VERIFICATION ONLY
10,AMD_r2_c3,AMD,22.9225,72.5714,4.92,0.548,4.95,263.6,SYNTHETIC DATA — PIPELINE/CONSTRAINT VERIFICATION ONLY
10,AMD_r2_c4,AMD,22.9225,72.6714,4.621,0.514,4.65,263.6,SYNTHETIC DATA — PIPELINE/CONSTRAINT VERIFICATION ONLY
10,AMD_r2_c5,AMD,22.9225,72.7714,4.323,0.481,4.35,263.6,SYNTHETIC DATA — PIPELINE/CONSTRAINT VERIFICATION ONLY
10,AMD_r2_c6,AMD,22.9225,72.8714,4.025,0.448,4.05,263.6,SYNTHETIC DATA — PIPELINE/CONSTRAINT VERIFICATION ONLY
10,AMD_r3_c0,AMD,23.0225,72.2714,6.063,1.032,6.15,260.3,SYNTHETIC DATA — PIPELINE/CONSTRAINT VERIFICATION ONLY
10,AMD_r3_c1,AMD,23.0225,72.3714,5.767,0.982,5.85,260.3,SYNTHETIC DATA — PIPELINE/CONSTRAINT VERIFICATION ONLY
10,AMD_r3_c2,AMD,23.0225,72.4714,5.471,0.932,5.55,260.3,SYNTHETIC DATA — PIPELINE/CONSTRAINT VERIFICATION ONLY
10,AMD_r3_c3,AMD,23.0225,72.5714,5.176,0.881,5.25,260.3,SYNTHETIC DATA — PIPELINE/CONSTRAINT VERIFICATION ONLY
10,AMD_r3_c4,AMD,23.0225,72.6714,4.88,0.831,4.95,260.3,SYNTHETIC DATA — PIPELINE/CONSTRAINT VERIFICATION ONLY
10,AMD_r3_c5,AMD,23.0225,72.7714,4.584,0.781,4.65,260.3,SYNTHETIC DATA — PIPELINE/CONSTRAINT VERIFICATION ONLY
10,AMD_r3_c6,AMD,23.0225,72.8714,4.288,0.73,4.35,260.3,SYNTHETIC DATA — PIPELINE/CONSTRAINT VERIFICATION ONLY
10,AMD_r4_c0,AMD,23.1225,72.2714,6.364,1.052,6.45,260.6,SYNTHETIC DATA — PIPELINE/CONSTRAINT VERIFICATION ONLY
10,AMD_r4_c1,AMD,23.1225,72.3714,6.068,1.003,6.15,260.6,SYNTHETIC DATA — PIPELINE/CONSTRAINT VERIFICATION ONLY
10,AMD_r4_c2,AMD,23.1225,72.4714,5.772,0.954,5.85,260.6,SYNTHETIC DATA — PIPELINE/CONSTRAINT VERIFICATION ONLY
10,AMD_r4_c3,AMD,23.1225,72.5714,5.476,0.905,5.55,260.6,SYNTHETIC DATA — PIPELINE/CONSTRAINT VERIFICATION ONLY
10,AMD_r4_c4,AMD,23.1225,72.6714,5.18,0.856,5.25,260.6,SYNTHETIC DATA — PIPELINE/CONSTRAINT VERIFICATION ONLY
10,AMD_r4_c5,AMD,23.1225,72.7714,4.884,0.807,4.95,260.6,SYNTHETIC DATA — PIPELINE/CONSTRAINT VERIFICATION ONLY
10,AMD_r4_c6,AMD,23.1225,72.8714,4.588,0.758,4.65,260.6,SYNTHETIC DATA — PIPELINE/CONSTRAINT VERIFICATION ONLY
10,AMD_r5_c0,AMD,23.2225,72.2714,6.718,0.657,6.75,264.4,SYNTHETIC DATA — PIPELINE/CONSTRAINT VERIFICATION ONLY
10,AMD_r5_c1,AMD,23.2225,72.3714,6.419,0.628,6.45,264.4,SYNTHETIC DATA — PIPELINE/CONSTRAINT VERIFICATION ONLY
10,AMD_r5_c2,AMD,23.2225,72.4714,6.121,0.598,6.15,264.4,SYNTHETIC DATA — PIPELINE/CONSTRAINT VERIFICATION ONLY
10,AMD_r5_c3,AMD,23.2225,72.5714,5.822,0.569,5.85,264.4,SYNTHETIC DATA — PIPELINE/CONSTRAINT VERIFICATION ONLY
10,AMD_r5_c4,AMD,23.2225,72.6714,5.524,0.54,5.55,264.4,SYNTHETIC DATA — PIPELINE/CONSTRAINT VERIFICATION ONLY
10,AMD_r5_c5,AMD,23.2225,72.7714,5.225,0.511,5.25,264.4,SYNTHETIC DATA — PIPELINE/CONSTRAINT VERIFICATION ONLY
10,AMD_r5_c6,AMD,23.2225,72.8714,4.927,0.482,4.95,264.4,SYNTHETIC DATA — PIPELINE/CONSTRAINT VERIFICATION ONLY
10,AMD_r6_c0,AMD,23.3225,72.2714,7.049,-0.1,7.05,270.8,SYNTHETIC DATA — PIPELINE/CONSTRAINT VERIFICATION ONLY
10,AMD_r6_c1,AMD,23.3225,72.3714,6.749,-0.095,6.75,270.8,SYNTHETIC DATA — PIPELINE/CONSTRAINT VERIFICATION ONLY
10,AMD_r6_c2,AMD,23.3225,72.4714,6.449,-0.091,6.45,270.8,SYNTHETIC DATA — PIPELINE/CONSTRAINT VERIFICATION ONLY
10,AMD_r6_c3,AMD,23.3225,72.5714,6.149,-0.087,6.15,270.8,SYNTHETIC DATA — PIPELINE/CONSTRAINT VERIFICATION ONLY
10,AMD_r6_c4,AMD,23.3225,72.6714,5.849,-0.083,5.85,270.8,SYNTHETIC DATA — PIPELINE/CONSTRAINT VERIFICATION ONLY
10,AMD_r6_c5,AMD,23.3225,72.7714,5.549,-0.078,5.55,270.8,SYNTHETIC DATA — PIPELINE/CONSTRAINT VERIFICATION ONLY
10,AMD_r6_c6,AMD,23.3225,72.8714,5.249,-0.074,5.25,270.8,SYNTHETIC DATA — PIPELINE/CONSTRAINT VERIFICATION ONLY
10,CCU_r0_c0,CCU,22.2726,88.0639,3.847,3.573,5.25,227.1,SYNTHETIC DATA — PIPELINE/CONSTRAINT VERIFICATION ONLY
10,CCU_r0_c1,CCU,22.2726,88.1639,3.627,3.369,4.95,227.1,SYNTHETIC DATA — PIPELINE/CONSTRAINT VERIFICATION ONLY
10,CCU_r0_c2,CCU,22.2726,88.2639,3.407,3.164,4.65,227.1,SYNTHETIC DATA — PIPELINE/CONSTRAINT VERIFICATION ONLY
10,CCU_r0_c3,CCU,22.2726,88.3639,3.187,2.96,4.35,227.1,SYNTHETIC DATA — PIPELINE/CONSTRAINT VERIFICATION ONLY
10,CCU_r0_c4,CCU,22.2726,88.4639,2.968,2.756,4.05,227.1,SYNTHETIC DATA — PIPELINE/CONSTRAINT VERIFICATION ONLY
10,CCU_r0_c5,CCU,22.2726,88.5639,2.748,2.552,3.75,227.1,SYNTHETIC DATA — PIPELINE/CONSTRAINT VERIFICATION ONLY
10,CCU_r0_c6,CCU,22.2726,88.6639,2.528,2.348,3.45,227.1,SYNTHETIC DATA — PIPELINE/CONSTRAINT VERIFICATION ONLY
10,CCU_r1_c0,CCU,22.3726,88.0639,3.548,4.268,5.55,219.7,SYNTHETIC DATA — PIPELINE/CONSTRAINT VERIFICATION ONLY
10,CCU_r1_c1,CCU,22.3726,88.1639,3.356,4.037,5.25,219.7,SYNTHETIC DATA — PIPELINE/CONSTRAINT VERIFICATION ONLY
10,CCU_r1_c2,CCU,22.3726,88.2639,3.164,3.806,4.95,219.7,SYNTHETIC DATA — PIPELINE/CONSTRAINT VERIFICATION ONLY
10,CCU_r1_c3,CCU,22.3726,88.3639,2.973,3.576,4.65,219.7,SYNTHETIC DATA — PIPELINE/CONSTRAINT VERIFICATION ONLY
10,CCU_r1_c4,CCU,22.3726,88.4639,2.781,3.345,4.35,219.7,SYNTHETIC DATA — PIPELINE/CONSTRAINT VERIFICATION ONLY
10,CCU_r1_c5,CCU,22.3726,88.5639,2.589,3.114,4.05,219.7,SYNTHETIC DATA — PIPELINE/CONSTRAINT VERIFICATION ONLY
10,CCU_r1_c6,CCU,22.3726,88.6639,2.397,2.884,3.75,219.7,SYNTHETIC DATA — PIPELINE/CONSTRAINT VERIFICATION ONLY
10,CCU_r2_c0,CCU,22.4726,88.0639,3.241,4.87,5.85,213.6,SYNTHETIC DATA — PIPELINE/CONSTRAINT VERIFICATION ONLY
10,CCU_r2_c1,CCU,22.4726,88.1639,3.075,4.62,5.55,213.6,SYNTHETIC DATA — PIPELINE/CONSTRAINT VERIFICATION ONLY
10,CCU_r2_c2,CCU,22.4726,88.2639,2.909,4.37,5.25,213.6,SYNTHETIC DATA — PIPELINE/CONSTRAINT VERIFICATION ONLY
10,CCU_r2_c3,CCU,22.4726,88.3639,2.743,4.121,4.95,213.6,SYNTHETIC DATA — PIPELINE/CONSTRAINT VERIFICATION ONLY
10,CCU_r2_c4,CCU,22.4726,88.4639,2.577,3.871,4.65,213.6,SYNTHETIC DATA — PIPELINE/CONSTRAINT VERIFICATION ONLY
10,CCU_r2_c5,CCU,22.4726,88.5639,2.41,3.621,4.35,213.6,SYNTHETIC DATA — PIPELINE/CONSTRAINT VERIFICATION ONLY
10,CCU_r2_c6,CCU,22.4726,88.6639,2.244,3.371,4.05,213.6,SYNTHETIC DATA — PIPELINE/CONSTRAINT VERIFICATION ONLY
10,CCU_r3_c0,CCU,22.5726,88.0639,3.106,5.308,6.15,210.3,SYNTHETIC DATA — PIPELINE/CONSTRAINT VERIFICATION ONLY
10,CCU_r3_c1,CCU,22.5726,88.1639,2.955,5.049,5.85,210.3,SYNTHETIC DATA — PIPELINE/CONSTRAINT VERIFICATION ONLY
10,CCU_r3_c2,CCU,22.5726,88.2639,2.803,4.79,5.55,210.3,SYNTHETIC DATA — PIPELINE/CONSTRAINT VERIFICATION ONLY
10,CCU_r3_c3,CCU,22.5726,88.3639,2.652,4.531,5.25,210.3,SYNTHETIC DATA — PIPELINE/CONSTRAINT VERIFICATION ONLY
10,CCU_r3_c4,CCU,22.5726,88.4639,2.5,4.272,4.95,210.3,SYNTHETIC DATA — PIPELINE/CONSTRAINT VERIFICATION ONLY
10,CCU_r3_c5,CCU,22.5726,88.5639,2.349,4.013,4.65,210.3,SYNTHETIC DATA — PIPELINE/CONSTRAINT VERIFICATION ONLY
10,CCU_r3_c6,CCU,22.5726,88.6639,2.197,3.754,4.35,210.3,SYNTHETIC DATA — PIPELINE/CONSTRAINT VERIFICATION ONLY
10,CCU_r4_c0,CCU,22.6726,88.0639,3.285,5.551,6.45,210.6,SYNTHETIC DATA — PIPELINE/CONSTRAINT VERIFICATION ONLY
10,CCU_r4_c1,CCU,22.6726,88.1639,3.132,5.293,6.15,210.6,SYNTHETIC DATA — PIPELINE/CONSTRAINT VERIFICATION ONLY
10,CCU_r4_c2,CCU,22.6726,88.2639,2.979,5.035,5.85,210.6,SYNTHETIC DATA — PIPELINE/CONSTRAINT VERIFICATION ONLY
10,CCU_r4_c3,CCU,22.6726,88.3639,2.827,4.776,5.55,210.6,SYNTHETIC DATA — PIPELINE/CONSTRAINT VERIFICATION ONLY
10,CCU_r4_c4,CCU,22.6726,88.4639,2.674,4.518,5.25,210.6,SYNTHETIC DATA — PIPELINE/CONSTRAINT VERIFICATION ONLY
10,CCU_r4_c5,CCU,22.6726,88.5639,2.521,4.26,4.95,210.6,SYNTHETIC DATA — PIPELINE/CONSTRAINT VERIFICATION ONLY
10,CCU_r4_c6,CCU,22.6726,88.6639,2.368,4.002,4.65,210.6,SYNTHETIC DATA — PIPELINE/CONSTRAINT VERIFICATION ONLY
10,CCU_r5_c0,CCU,22.7726,88.0639,3.815,5.568,6.75,214.4,SYNTHETIC DATA — PIPELINE/CONSTRAINT VERIFICATION ONLY
10,CCU_r5_c1,CCU,22.7726,88.1639,3.646,5.321,6.45,214.4,SYNTHETIC DATA — PIPELINE/CONSTRAINT VERIFICATION ONLY
10,CCU_r5_c2,CCU,22.7726,88.2639,3.476,5.073,6.15,214.4,SYNTHETIC DATA — PIPELINE/CONSTRAINT VERIFICATION ONLY
10,CCU_r5_c3,CCU,22.7726,88.3639,3.306,4.826,5.85,214.4,SYNTHETIC DATA — PIPELINE/CONSTRAINT VERIFICATION ONLY
10,CCU_r5_c4,CCU,22.7726,88.4639,3.137,4.578,5.55,214.4,SYNTHETIC DATA — PIPELINE/CONSTRAINT VERIFICATION ONLY
10,CCU_r5_c5,CCU,22.7726,88.5639,2.967,4.331,5.25,214.4,SYNTHETIC DATA — PIPELINE/CONSTRAINT VERIFICATION ONLY
10,CCU_r5_c6,CCU,22.7726,88.6639,2.798,4.083,4.95,214.4,SYNTHETIC DATA — PIPELINE/CONSTRAINT VERIFICATION ONLY
10,CCU_r6_c0,CCU,22.8726,88.0639,4.607,5.336,7.05,220.8,SYNTHETIC DATA — PIPELINE/CONSTRAINT VERIFICATION ONLY
10,CCU_r6_c1,CCU,22.8726,88.1639,4.411,5.109,6.75,220.8,SYNTHETIC DATA — PIPELINE/CONSTRAINT VERIFICATION ONLY
10,CCU_r6_c2,CCU,22.8726,88.2639,4.215,4.882,6.45,220.8,SYNTHETIC DATA — PIPELINE/CONSTRAINT VERIFICATION ONLY
10,CCU_r6_c3,CCU,22.8726,88.3639,4.019,4.655,6.15,220.8,SYNTHETIC DATA — PIPELINE/CONSTRAINT VERIFICATION ONLY
10,CCU_r6_c4,CCU,22.8726,88.4639,3.823,4.428,5.85,220.8,SYNTHETIC DATA — PIPELINE/CONSTRAINT VERIFICATION ONLY
10,CCU_r6_c5,CCU,22.8726,88.5639,3.627,4.201,5.55,220.8,SYNTHETIC DATA — PIPELINE/CONSTRAINT VERIFICATION ONLY
10,CCU_r6_c6,CCU,22.8726,88.6639,3.431,3.974,5.25,220.8,SYNTHETIC DATA — PIPELINE/CONSTRAINT VERIFICATION ONLY
10,HYD_r0_c0,HYD,17.085,78.1867,4.837,2.041,5.25,247.1,SYNTHETIC DATA — PIPELINE/CONSTRAINT VERIFICATION ONLY
10,HYD_r0_c1,HYD,17.085,78.2867,4.56,1.925,4.95,247.1,SYNTHETIC DATA — PIPELINE/CONSTRAINT VERIFICATION ONLY
10,HYD_r0_c2,HYD,17.085,78.3867,4.284,1.808,4.65,247.1,SYNTHETIC DATA — PIPELINE/CONSTRAINT VERIFICATION ONLY
10,HYD_r0_c3,HYD,17.085,78.4867,4.008,1.692,4.35,247.1,SYNTHETIC DATA — PIPELINE/CONSTRAINT VERIFICATION ONLY
10,HYD_r0_c4,HYD,17.085,78.5867,3.731,1.575,4.05,247.1,SYNTHETIC DATA — PIPELINE/CONSTRAINT VERIFICATION ONLY
10,HYD_r0_c5,HYD,17.085,78.6867,3.455,1.458,3.75,247.1,SYNTHETIC DATA — PIPELINE/CONSTRAINT VERIFICATION ONLY
10,HYD_r0_c6,HYD,17.085,78.7867,3.178,1.342,3.45,247.1,SYNTHETIC DATA — PIPELINE/CONSTRAINT VERIFICATION ONLY
10,HYD_r1_c0,HYD,17.185,78.1867,4.794,2.797,5.55,239.7,SYNTHETIC DATA — PIPELINE/CONSTRAINT VERIFICATION ONLY
10,HYD_r1_c1,HYD,17.185,78.2867,4.535,2.646,5.25,239.7,SYNTHETIC DATA — PIPELINE/CONSTRAINT VERIFICATION ONLY
10,HYD_r1_c2,HYD,17.185,78.3867,4.275,2.495,4.95,239.7,SYNTHETIC DATA — PIPELINE/CONSTRAINT VERIFICATION ONLY
10,HYD_r1_c3,HYD,17.185,78.4867,4.016,2.343,4.65,239.7,SYNTHETIC DATA — PIPELINE/CONSTRAINT VERIFICATION ONLY
10,HYD_r1_c4,HYD,17.185,78.5867,3.757,2.192,4.35,239.7,SYNTHETIC DATA — PIPELINE/CONSTRAINT VERIFICATION ONLY
10,HYD_r1_c5,HYD,17.185,78.6867,3.498,2.041,4.05,239.7,SYNTHETIC DATA — PIPELINE/CONSTRAINT VERIFICATION ONLY
10,HYD_r1_c6,HYD,17.185,78.7867,3.239,1.89,3.75,239.7,SYNTHETIC DATA — PIPELINE/CONSTRAINT VERIFICATION ONLY
10,HYD_r2_c0,HYD,17.285,78.1867,4.712,3.468,5.85,233.6,SYNTHETIC DATA — PIPELINE/CONSTRAINT VERIFICATION ONLY
10,HYD_r2_c1,HYD,17.285,78.2867,4.47,3.29,5.55,233.6,SYNTHETIC DATA — PIPELINE/CONSTRAINT VERIFICATION ONLY
10,HYD_r2_c2,HYD,17.285,78.3867,4.228,3.112,5.25,233.6,SYNTHETIC DATA — PIPELINE/CONSTRAINT VERIFICATION ONLY
10,HYD_r2_c3,HYD,17.285,78.4867,3.987,2.934,4.95,233.6,SYNTHETIC DATA — PIPELINE/CONSTRAINT VERIFICATION ONLY
10,HYD_r2_c4,HYD,17.285,78.5867,3.745,2.756,4.65,233.6,SYNTHETIC DATA — PIPELINE/CONSTRAINT VERIFICATION ONLY
10,HYD_r2_c5,HYD,17.285,78.6867,3.503,2.578,4.35,233.6,SYNTHETIC DATA — PIPELINE/CONSTRAINT VERIFICATION ONLY
10,HYD_r2_c6,HYD,17.285,78.7867,3.262,2.401,4.05,233.6,SYNTHETIC DATA — PIPELINE/CONSTRAINT VERIFICATION ONLY
10,HYD_r3_c0,HYD,17.385,78.1867,4.734,3.925,6.15,230.3,SYNTHETIC DATA — PIPELINE/CONSTRAINT VERIFICATION ONLY
10,HYD_r3_c1,HYD,17.385,78.2867,4.503,3.734,5.85,230.3,SYNTHETIC DATA — PIPELINE/CONSTRAINT VERIFICATION ONLY
10,HYD_r3_c2,HYD,17.385,78.3867,4.272,3.542,5.55,230.3,SYNTHETIC DATA — PIPELINE/CONSTRAINT VERIFICATION ONLY
10,HYD_r3_c3,HYD,17.385,78.4867,4.042,3.351,5.25,230.3,SYNTHETIC DATA — PIPELINE/CONSTRAINT VERIFICATION ONLY
10,HYD_r3_c4,HYD,17.385,78.5867,3.811,3.159,4.95,230.3,SYNTHETIC DATA — PIPELINE/CONSTRAINT VERIFICATION ONLY
10,HYD_r3_c5,HYD,17.385,78.6867,3.58,2.968,4.65,230.3,SYNTHETIC DATA — PIPELINE/CONSTRAINT VERIFICATION ONLY
10,HYD_r3_c6,HYD,17.385,78.7867,3.349,2.776,4.35,230.3,SYNTHETIC DATA — PIPELINE/CONSTRAINT VERIFICATION ONLY
10,HYD_r4_c0,HYD,17.485,78.1867,4.985,4.093,6.45,230.6,SYNTHETIC DATA — PIPELINE/CONSTRAINT VERIFICATION ONLY
10,HYD_r4_c1,HYD,17.485,78.2867,4.753,3.902,6.15,230.6,SYNTHETIC DATA — PIPELINE/CONSTRAINT VERIFICATION ONLY
10,HYD_r4_c2,HYD,17.485,78.3867,4.522,3.712,5.85,230.6,SYNTHETIC DATA — PIPELINE/CONSTRAINT VERIFICATION ONLY
10,HYD_r4_c3,HYD,17.485,78.4867,4.29,3.522,5.55,230.6,SYNTHETIC DATA — PIPELINE/CONSTRAINT VERIFICATION ONLY
10,HYD_r4_c4,HYD,17.485,78.5867,4.058,3.331,5.25,230.6,SYNTHETIC DATA — PIPELINE/CONSTRAINT VERIFICATION ONLY
10,HYD_r4_c5,HYD,17.485,78.6867,3.826,3.141,4.95,230.6,SYNTHETIC DATA — PIPELINE/CONSTRAINT VERIFICATION ONLY
10,HYD_r4_c6,HYD,17.485,78.7867,3.594,2.95,4.65,230.6,SYNTHETIC DATA — PIPELINE/CONSTRAINT VERIFICATION ONLY
10,HYD_r5_c0,HYD,17.585,78.1867,5.49,3.928,6.75,234.4,SYNTHETIC DATA — PIPELINE/CONSTRAINT VERIFICATION ONLY
10,HYD_r5_c1,HYD,17.585,78.2867,5.246,3.753,6.45,234.4,SYNTHETIC DATA — PIPELINE/CONSTRAINT VERIFICATION ONLY
10,HYD_r5_c2,HYD,17.585,78.3867,5.002,3.579,6.15,234.4,SYNTHETIC DATA — PIPELINE/CONSTRAINT VERIFICATION ONLY
10,HYD_r5_c3,HYD,17.585,78.4867,4.758,3.404,5.85,234.4,SYNTHETIC DATA — PIPELINE/CONSTRAINT VERIFICATION ONLY
10,HYD_r5_c4,HYD,17.585,78.5867,4.514,3.229,5.55,234.4,SYNTHETIC DATA — PIPELINE/CONSTRAINT VERIFICATION ONLY
10,HYD_r5_c5,HYD,17.585,78.6867,4.27,3.055,5.25,234.4,SYNTHETIC DATA — PIPELINE/CONSTRAINT VERIFICATION ONLY
10,HYD_r5_c6,HYD,17.585,78.7867,4.026,2.88,4.95,234.4,SYNTHETIC DATA — PIPELINE/CONSTRAINT VERIFICATION ONLY
10,HYD_r6_c0,HYD,17.685,78.1867,6.155,3.438,7.05,240.8,SYNTHETIC DATA — PIPELINE/CONSTRAINT VERIFICATION ONLY
10,HYD_r6_c1,HYD,17.685,78.2867,5.893,3.292,6.75,240.8,SYNTHETIC DATA — PIPELINE/CONSTRAINT VERIFICATION ONLY
10,HYD_r6_c2,HYD,17.685,78.3867,5.631,3.146,6.45,240.8,SYNTHETIC DATA — PIPELINE/CONSTRAINT VERIFICATION ONLY
10,HYD_r6_c3,HYD,17.685,78.4867,5.369,3.0,6.15,240.8,SYNTHETIC DATA — PIPELINE/CONSTRAINT VERIFICATION ONLY
10,HYD_r6_c4,HYD,17.685,78.5867,5.107,2.853,5.85,240.8,SYNTHETIC DATA — PIPELINE/CONSTRAINT VERIFICATION ONLY
10,HYD_r6_c5,HYD,17.685,78.6867,4.845,2.707,5.55,240.8,SYNTHETIC DATA — PIPELINE/CONSTRAINT VERIFICATION ONLY
10,HYD_r6_c6,HYD,17.685,78.7867,4.583,2.561,5.25,240.8,SYNTHETIC DATA — PIPELINE/CONSTRAINT VERIFICATION ONLY
10,BLR_r0_c0,BLR,12.6716,77.2946,5.118,1.171,5.25,257.1,SYNTHETIC DATA — PIPELINE/CONSTRAINT VERIFICATION ONLY
10,BLR_r0_c1,BLR,12.6716,77.3946,4.825,1.104,4.95,257.1,SYNTHETIC DATA — PIPELINE/CONSTRAINT VERIFICATION ONLY
10,BLR_r0_c2,BLR,12.6716,77.4946,4.533,1.037,4.65,257.1,SYNTHETIC DATA — PIPELINE/CONSTRAINT VERIFICATION ONLY
10,BLR_r0_c3,BLR,12.6716,77.5946,4.24,0.97,4.35,257.1,SYNTHETIC DATA — PIPELINE/CONSTRAINT VERIFICATION ONLY
10,BLR_r0_c4,BLR,12.6716,77.6946,3.948,0.903,4.05,257.1,SYNTHETIC DATA — PIPELINE/CONSTRAINT VERIFICATION ONLY
10,BLR_r0_c5,BLR,12.6716,77.7946,3.656,0.836,3.75,257.1,SYNTHETIC DATA — PIPELINE/CONSTRAINT VERIFICATION ONLY
10,BLR_r0_c6,BLR,12.6716,77.8946,3.363,0.769,3.45,257.1,SYNTHETIC DATA — PIPELINE/CONSTRAINT VERIFICATION ONLY
10,BLR_r1_c0,BLR,12.7716,77.2946,5.207,1.922,5.55,249.7,SYNTHETIC DATA — PIPELINE/CONSTRAINT VERIFICATION ONLY
10,BLR_r1_c1,BLR,12.7716,77.3946,4.925,1.818,5.25,249.7,SYNTHETIC DATA — PIPELINE/CONSTRAINT VERIFICATION ONLY
10,BLR_r1_c2,BLR,12.7716,77.4946,4.644,1.714,4.95,249.7,SYNTHETIC DATA — PIPELINE/CONSTRAINT VERIFICATION ONLY
10,BLR_r1_c3,BLR,12.7716,77.5946,4.362,1.61,4.65,249.7,SYNTHETIC DATA — PIPELINE/CONSTRAINT VERIFICATION ONLY
10,BLR_r1_c4,BLR,12.7716,77.6946,4.081,1.506,4.35,249.7,SYNTHETIC DATA — PIPELINE/CONSTRAINT VERIFICATION ONLY
10,BLR_r1_c5,BLR,12.7716,77.7946,3.799,1.403,4.05,249.7,SYNTHETIC DATA — PIPELINE/CONSTRAINT VERIFICATION ONLY
10,BLR_r1_c6,BLR,12.7716,77.8946,3.518,1.299,3.75,249.7,SYNTHETIC DATA — PIPELINE/CONSTRAINT VERIFICATION ONLY
10,BLR_r2_c0,BLR,12.8716,77.2946,5.242,2.597,5.85,243.6,SYNTHETIC DATA — PIPELINE/CONSTRAINT VERIFICATION ONLY
10,BLR_r2_c1,BLR,12.8716,77.3946,4.973,2.464,5.55,243.6,SYNTHETIC DATA — PIPELINE/CONSTRAINT VERIFICATION ONLY
10,BLR_r2_c2,BLR,12.8716,77.4946,4.704,2.33,5.25,243.6,SYNTHETIC DATA — PIPELINE/CONSTRAINT VERIFICATION ONLY
10,BLR_r2_c3,BLR,12.8716,77.5946,4.436,2.197,4.95,243.6,SYNTHETIC DATA — PIPELINE/CONSTRAINT VERIFICATION ONLY
10,BLR_r2_c4,BLR,12.8716,77.6946,4.167,2.064,4.65,243.6,SYNTHETIC DATA — PIPELINE/CONSTRAINT VERIFICATION ONLY
10,BLR_r2_c5,BLR,12.8716,77.7946,3.898,1.931,4.35,243.6,SYNTHETIC DATA — PIPELINE/CONSTRAINT VERIFICATION ONLY
10,BLR_r2_c6,BLR,12.8716,77.8946,3.629,1.798,4.05,243.6,SYNTHETIC DATA — PIPELINE/CONSTRAINT VERIFICATION ONLY
10,BLR_r3_c0,BLR,12.9716,77.2946,5.344,3.044,6.15,240.3,SYNTHETIC DATA — PIPELINE/CONSTRAINT VERIFICATION ONLY
10,BLR_r3_c1,BLR,12.9716,77.3946,5.083,2.895,5.85,240.3,SYNTHETIC DATA — PIPELINE/CONSTRAINT VERIFICATION ONLY
10,BLR_r3_c2,BLR,12.9716,77.4946,4.823,2.747,5.55,240.3,SYNTHETIC DATA — PIPELINE/CONSTRAINT VERIFICATION ONLY
10,BLR_r3_c3,BLR,12.9716,77.5946,4.562,2.598,5.25,240.3,SYNTHETIC DATA — PIPELINE/CONSTRAINT VERIFICATION ONLY
10,BLR_r3_c4,BLR,12.9716,77.6946,4.301,2.45,4.95,240.3,SYNTHETIC DATA — PIPELINE/CONSTRAINT VERIFICATION ONLY
10,BLR_r3_c5,BLR,12.9716,77.7946,4.041,2.301,4.65,240.3,SYNTHETIC DATA — PIPELINE/CONSTRAINT VERIFICATION ONLY
10,BLR_r3_c6,BLR,12.9716,77.8946,3.78,2.153,4.35,240.3,SYNTHETIC DATA — PIPELINE/CONSTRAINT VERIFICATION ONLY
10,BLR_r4_c0,BLR,13.0716,77.2946,5.62,3.165,6.45,240.6,SYNTHETIC DATA — PIPELINE/CONSTRAINT VERIFICATION ONLY
10,BLR_r4_c1,BLR,13.0716,77.3946,5.359,3.018,6.15,240.6,SYNTHETIC DATA — PIPELINE/CONSTRAINT VERIFICATION ONLY
10,BLR_r4_c2,BLR,13.0716,77.4946,5.097,2.87,5.85,240.6,SYNTHETIC DATA — PIPELINE/CONSTRAINT VERIFICATION ONLY
10,BLR_r4_c3,BLR,13.0716,77.5946,4.836,2.723,5.55,240.6,SYNTHETIC DATA — PIPELINE/CONSTRAINT VERIFICATION ONLY
10,BLR_r4_c4,BLR,13.0716,77.6946,4.575,2.576,5.25,240.6,SYNTHETIC DATA — PIPELINE/CONSTRAINT VERIFICATION ONLY
10,BLR_r4_c5,BLR,13.0716,77.7946,4.313,2.429,4.95,240.6,SYNTHETIC DATA — PIPELINE/CONSTRAINT VERIFICATION ONLY
10,BLR_r4_c6,BLR,13.0716,77.8946,4.052,2.282,4.65,240.6,SYNTHETIC DATA — PIPELINE/CONSTRAINT VERIFICATION ONLY
10,BLR_r5_c0,BLR,13.1716,77.2946,6.088,2.915,6.75,244.4,SYNTHETIC DATA — PIPELINE/CONSTRAINT VERIFICATION ONLY
10,BLR_r5_c1,BLR,13.1716,77.3946,5.818,2.785,6.45,244.4,SYNTHETIC DATA — PIPELINE/CONSTRAINT VERIFICATION ONLY
10,BLR_r5_c2,BLR,13.1716,77.4946,5.547,2.656,6.15,244.4,SYNTHETIC DATA — PIPELINE/CONSTRAINT VERIFICATION ONLY
10,BLR_r5_c3,BLR,13.1716,77.5946,5.276,2.526,5.85,244.4,SYNTHETIC DATA — PIPELINE/CONSTRAINT VERIFICATION ONLY
10,BLR_r5_c4,BLR,13.1716,77.6946,5.006,2.397,5.55,244.4,SYNTHETIC DATA — PIPELINE/CONSTRAINT VERIFICATION ONLY
10,BLR_r5_c5,BLR,13.1716,77.7946,4.735,2.267,5.25,244.4,SYNTHETIC DATA — PIPELINE/CONSTRAINT VERIFICATION ONLY
10,BLR_r5_c6,BLR,13.1716,77.8946,4.465,2.138,4.95,244.4,SYNTHETIC DATA — PIPELINE/CONSTRAINT VERIFICATION ONLY
10,BLR_r6_c0,BLR,13.2716,77.2946,6.658,2.317,7.05,250.8,SYNTHETIC DATA — PIPELINE/CONSTRAINT VERIFICATION ONLY
10,BLR_r6_c1,BLR,13.2716,77.3946,6.375,2.219,6.75,250.8,SYNTHETIC DATA — PIPELINE/CONSTRAINT VERIFICATION ONLY
10,BLR_r6_c2,BLR,13.2716,77.4946,6.092,2.12,6.45,250.8,SYNTHETIC DATA — PIPELINE/CONSTRAINT VERIFICATION ONLY
10,BLR_r6_c3,BLR,13.2716,77.5946,5.808,2.022,6.15,250.8,SYNTHETIC DATA — PIPELINE/CONSTRAINT VERIFICATION ONLY
10,BLR_r6_c4,BLR,13.2716,77.6946,5.525,1.923,5.85,250.8,SYNTHETIC DATA — PIPELINE/CONSTRAINT VERIFICATION ONLY
10,BLR_r6_c5,BLR,13.2716,77.7946,5.242,1.824,5.55,250.8,SYNTHETIC DATA — PIPELINE/CONSTRAINT VERIFICATION ONLY
10,BLR_r6_c6,BLR,13.2716,77.8946,4.958,1.726,5.25,250.8,SYNTHETIC DATA — PIPELINE/CONSTRAINT VERIFICATION ONLY
10,MAA_r0_c0,MAA,12.7827,79.9707,-4.673,2.393,5.25,117.1,SYNTHETIC DATA — PIPELINE/CONSTRAINT VERIFICATION ONLY
10,MAA_r0_c1,MAA,12.7827,80.0707,-4.406,2.256,4.95,117.1,SYNTHETIC DATA — PIPELINE/CONSTRAINT VERIFICATION ONLY
10,MAA_r0_c2,MAA,12.7827,80.1707,-4.139,2.119,4.65,117.1,SYNTHETIC DATA — PIPELINE/CONSTRAINT VERIFICATION ONLY
10,MAA_r0_c3,MAA,12.7827,80.2707,-3.872,1.983,4.35,117.1,SYNTHETIC DATA — PIPELINE/CONSTRAINT VERIFICATION ONLY
10,MAA_r0_c4,MAA,12.7827,80.3707,-3.605,1.846,4.05,117.1,SYNTHETIC DATA — PIPELINE/CONSTRAINT VERIFICATION ONLY
10,MAA_r0_c5,MAA,12.7827,80.4707,-3.338,1.709,3.75,117.1,SYNTHETIC DATA — PIPELINE/CONSTRAINT VERIFICATION ONLY
10,MAA_r0_c6,MAA,12.7827,80.5707,-3.071,1.573,3.45,117.1,SYNTHETIC DATA — PIPELINE/CONSTRAINT VERIFICATION ONLY
10,MAA_r1_c0,MAA,12.8827,79.9707,-5.224,1.874,5.55,109.7,SYNTHETIC DATA — PIPELINE/CONSTRAINT VERIFICATION ONLY
10,MAA_r1_c1,MAA,12.8827,80.0707,-4.942,1.773,5.25,109.7,SYNTHETIC DATA — PIPELINE/CONSTRAINT VERIFICATION ONLY
10,MAA_r1_c2,MAA,12.8827,80.1707,-4.659,1.672,4.95,109.7,SYNTHETIC DATA — PIPELINE/CONSTRAINT VERIFICATION ONLY
10,MAA_r1_c3,MAA,12.8827,80.2707,-4.377,1.57,4.65,109.7,SYNTHETIC DATA — PIPELINE/CONSTRAINT VERIFICATION ONLY
10,MAA_r1_c4,MAA,12.8827,80.3707,-4.094,1.469,4.35,109.7,SYNTHETIC DATA — PIPELINE/CONSTRAINT VERIFICATION ONLY
10,MAA_r1_c5,MAA,12.8827,80.4707,-3.812,1.368,4.05,109.7,SYNTHETIC DATA — PIPELINE/CONSTRAINT VERIFICATION ONLY
10,MAA_r1_c6,MAA,12.8827,80.5707,-3.53,1.266,3.75,109.7,SYNTHETIC DATA — PIPELINE/CONSTRAINT VERIFICATION ONLY
10,MAA_r2_c0,MAA,12.9827,79.9707,-5.685,1.38,5.85,103.6,SYNTHETIC DATA — PIPELINE/CONSTRAINT VERIFICATION ONLY
10,MAA_r2_c1,MAA,12.9827,80.0707,-5.393,1.31,5.55,103.6,SYNTHETIC DATA — PIPELINE/CONSTRAINT VERIFICATION ONLY
10,MAA_r2_c2,MAA,12.9827,80.1707,-5.102,1.239,5.25,103.6,SYNTHETIC DATA — PIPELINE/CONSTRAINT VERIFICATION ONLY
10,MAA_r2_c3,MAA,12.9827,80.2707,-4.81,1.168,4.95,103.6,SYNTHETIC DATA — PIPELINE/CONSTRAINT VERIFICATION ONLY
10,MAA_r2_c4,MAA,12.9827,80.3707,-4.519,1.097,4.65,103.6,SYNTHETIC DATA — PIPELINE/CONSTRAINT VERIFICATION ONLY
10,MAA_r2_c5,MAA,12.9827,80.4707,-4.227,1.026,4.35,103.6,SYNTHETIC DATA — PIPELINE/CONSTRAINT VERIFICATION ONLY
10,MAA_r2_c6,MAA,12.9827,80.5707,-3.936,0.956,4.05,103.6,SYNTHETIC DATA — PIPELINE/CONSTRAINT VERIFICATION ONLY
10,MAA_r3_c0,MAA,13.0827,79.9707,-6.05,1.104,6.15,100.3,SYNTHETIC DATA — PIPELINE/CONSTRAINT VERIFICATION ONLY
10,MAA_r3_c1,MAA,13.0827,80.0707,-5.755,1.05,5.85,100.3,SYNTHETIC DATA — PIPELINE/CONSTRAINT VERIFICATION ONLY
10,MAA_r3_c2,MAA,13.0827,80.1707,-5.46,0.996,5.55,100.3,SYNTHETIC DATA — PIPELINE/CONSTRAINT VERIFICATION ONLY
10,MAA_r3_c3,MAA,13.0827,80.2707,-5.165,0.942,5.25,100.3,SYNTHETIC DATA — PIPELINE/CONSTRAINT VERIFICATION ONLY
10,MAA_r3_c4,MAA,13.0827,80.3707,-4.87,0.888,4.95,100.3,SYNTHETIC DATA — PIPELINE/CONSTRAINT VERIFICATION ONLY
10,MAA_r3_c5,MAA,13.0827,80.4707,-4.575,0.834,4.65,100.3,SYNTHETIC DATA — PIPELINE/CONSTRAINT VERIFICATION ONLY
10,MAA_r3_c6,MAA,13.0827,80.5707,-4.279,0.781,4.35,100.3,SYNTHETIC DATA — PIPELINE/CONSTRAINT VERIFICATION ONLY
10,MAA_r4_c0,MAA,13.1827,79.9707,-6.34,1.188,6.45,100.6,SYNTHETIC DATA — PIPELINE/CONSTRAINT VERIFICATION ONLY
10,MAA_r4_c1,MAA,13.1827,80.0707,-6.045,1.133,6.15,100.6,SYNTHETIC DATA — PIPELINE/CONSTRAINT VERIFICATION ONLY
10,MAA_r4_c2,MAA,13.1827,80.1707,-5.75,1.078,5.85,100.6,SYNTHETIC DATA — PIPELINE/CONSTRAINT VERIFICATION ONLY
10,MAA_r4_c3,MAA,13.1827,80.2707,-5.455,1.022,5.55,100.6,SYNTHETIC DATA — PIPELINE/CONSTRAINT VERIFICATION ONLY
10,MAA_r4_c4,MAA,13.1827,80.3707,-5.16,0.967,5.25,100.6,SYNTHETIC DATA — PIPELINE/CONSTRAINT VERIFICATION ONLY
10,MAA_r4_c5,MAA,13.1827,80.4707,-4.865,0.912,4.95,100.6,SYNTHETIC DATA — PIPELINE/CONSTRAINT VERIFICATION ONLY
10,MAA_r4_c6,MAA,13.1827,80.5707,-4.57,0.857,4.65,100.6,SYNTHETIC DATA — PIPELINE/CONSTRAINT VERIFICATION ONLY
10,MAA_r5_c0,MAA,13.2827,79.9707,-6.537,1.681,6.75,104.4,SYNTHETIC DATA — PIPELINE/CONSTRAINT VERIFICATION ONLY
10,MAA_r5_c1,MAA,13.2827,80.0707,-6.247,1.606,6.45,104.4,SYNTHETIC DATA — PIPELINE/CONSTRAINT VERIFICATION ONLY
10,MAA_r5_c2,MAA,13.2827,80.1707,-5.956,1.531,6.15,104.4,SYNTHETIC DATA — PIPELINE/CONSTRAINT VERIFICATION ONLY
10,MAA_r5_c3,MAA,13.2827,80.2707,-5.666,1.457,5.85,104.4,SYNTHETIC DATA — PIPELINE/CONSTRAINT VERIFICATION ONLY
10,MAA_r5_c4,MAA,13.2827,80.3707,-5.375,1.382,5.55,104.4,SYNTHETIC DATA — PIPELINE/CONSTRAINT VERIFICATION ONLY
10,MAA_r5_c5,MAA,13.2827,80.4707,-5.085,1.307,5.25,104.4,SYNTHETIC DATA — PIPELINE/CONSTRAINT VERIFICATION ONLY
10,MAA_r5_c6,MAA,13.2827,80.5707,-4.794,1.232,4.95,104.4,SYNTHETIC DATA — PIPELINE/CONSTRAINT VERIFICATION ONLY
10,MAA_r6_c0,MAA,13.3827,79.9707,-6.59,2.505,7.05,110.8,SYNTHETIC DATA — PIPELINE/CONSTRAINT VERIFICATION ONLY
10,MAA_r6_c1,MAA,13.3827,80.0707,-6.31,2.398,6.75,110.8,SYNTHETIC DATA — PIPELINE/CONSTRAINT VERIFICATION ONLY
10,MAA_r6_c2,MAA,13.3827,80.1707,-6.029,2.291,6.45,110.8,SYNTHETIC DATA — PIPELINE/CONSTRAINT VERIFICATION ONLY
10,MAA_r6_c3,MAA,13.3827,80.2707,-5.749,2.185,6.15,110.8,SYNTHETIC DATA — PIPELINE/CONSTRAINT VERIFICATION ONLY
10,MAA_r6_c4,MAA,13.3827,80.3707,-5.468,2.078,5.85,110.8,SYNTHETIC DATA — PIPELINE/CONSTRAINT VERIFICATION ONLY
10,MAA_r6_c5,MAA,13.3827,80.4707,-5.188,1.972,5.55,110.8,SYNTHETIC DATA — PIPELINE/CONSTRAINT VERIFICATION ONLY
10,MAA_r6_c6,MAA,13.3827,80.5707,-4.908,1.865,5.25,110.8,SYNTHETIC DATA — PIPELINE/CONSTRAINT VERIFICATION ONLY
11,DEL_r0_c0,DEL,28.3139,76.909,4.085,-4.117,5.8,315.2,SYNTHETIC DATA — PIPELINE/CONSTRAINT VERIFICATION ONLY
11,DEL_r0_c1,DEL,28.3139,77.009,3.874,-3.904,5.5,315.2,SYNTHETIC DATA — PIPELINE/CONSTRAINT VERIFICATION ONLY
11,DEL_r0_c2,DEL,28.3139,77.109,3.663,-3.691,5.2,315.2,SYNTHETIC DATA — PIPELINE/CONSTRAINT VERIFICATION ONLY
11,DEL_r0_c3,DEL,28.3139,77.209,3.451,-3.478,4.9,315.2,SYNTHETIC DATA — PIPELINE/CONSTRAINT VERIFICATION ONLY
11,DEL_r0_c4,DEL,28.3139,77.309,3.24,-3.265,4.6,315.2,SYNTHETIC DATA — PIPELINE/CONSTRAINT VERIFICATION ONLY
11,DEL_r0_c5,DEL,28.3139,77.409,3.029,-3.052,4.3,315.2,SYNTHETIC DATA — PIPELINE/CONSTRAINT VERIFICATION ONLY
11,DEL_r0_c6,DEL,28.3139,77.509,2.817,-2.839,4.0,315.2,SYNTHETIC DATA — PIPELINE/CONSTRAINT VERIFICATION ONLY
11,DEL_r1_c0,DEL,28.4139,76.909,4.78,-3.79,6.1,308.4,SYNTHETIC DATA — PIPELINE/CONSTRAINT VERIFICATION ONLY
11,DEL_r1_c1,DEL,28.4139,77.009,4.545,-3.603,5.8,308.4,SYNTHETIC DATA — PIPELINE/CONSTRAINT VERIFICATION ONLY
11,DEL_r1_c2,DEL,28.4139,77.109,4.31,-3.417,5.5,308.4,SYNTHETIC DATA — PIPELINE/CONSTRAINT VERIFICATION ONLY
11,DEL_r1_c3,DEL,28.4139,77.209,4.075,-3.231,5.2,308.4,SYNTHETIC DATA — PIPELINE/CONSTRAINT VERIFICATION ONLY
11,DEL_r1_c4,DEL,28.4139,77.309,3.84,-3.044,4.9,308.4,SYNTHETIC DATA — PIPELINE/CONSTRAINT VERIFICATION ONLY
11,DEL_r1_c5,DEL,28.4139,77.409,3.604,-2.858,4.6,308.4,SYNTHETIC DATA — PIPELINE/CONSTRAINT VERIFICATION ONLY
11,DEL_r1_c6,DEL,28.4139,77.509,3.369,-2.672,4.3,308.4,SYNTHETIC DATA — PIPELINE/CONSTRAINT VERIFICATION ONLY
11,DEL_r2_c0,DEL,28.5139,76.909,5.315,-3.565,6.4,303.8,SYNTHETIC DATA — PIPELINE/CONSTRAINT VERIFICATION ONLY
11,DEL_r2_c1,DEL,28.5139,77.009,5.066,-3.397,6.1,303.8,SYNTHETIC DATA — PIPELINE/CONSTRAINT VERIFICATION ONLY
11,DEL_r2_c2,DEL,28.5139,77.109,4.817,-3.23,5.8,303.8,SYNTHETIC DATA — PIPELINE/CONSTRAINT VERIFICATION ONLY
11,DEL_r2_c3,DEL,28.5139,77.209,4.568,-3.063,5.5,303.8,SYNTHETIC DATA — PIPELINE/CONSTRAINT VERIFICATION ONLY
11,DEL_r2_c4,DEL,28.5139,77.309,4.319,-2.896,5.2,303.8,SYNTHETIC DATA — PIPELINE/CONSTRAINT VERIFICATION ONLY
11,DEL_r2_c5,DEL,28.5139,77.409,4.07,-2.729,4.9,303.8,SYNTHETIC DATA — PIPELINE/CONSTRAINT VERIFICATION ONLY
11,DEL_r2_c6,DEL,28.5139,77.509,3.82,-2.562,4.6,303.8,SYNTHETIC DATA — PIPELINE/CONSTRAINT VERIFICATION ONLY
11,DEL_r3_c0,DEL,28.6139,76.909,5.642,-3.614,6.7,302.6,SYNTHETIC DATA — PIPELINE/CONSTRAINT VERIFICATION ONLY
11,DEL_r3_c1,DEL,28.6139,77.009,5.389,-3.452,6.4,302.6,SYNTHETIC DATA — PIPELINE/CONSTRAINT VERIFICATION ONLY
11,DEL_r3_c2,DEL,28.6139,77.109,5.136,-3.291,6.1,302.6,SYNTHETIC DATA — PIPELINE/CONSTRAINT VERIFICATION ONLY
11,DEL_r3_c3,DEL,28.6139,77.209,4.884,-3.129,5.8,302.6,SYNTHETIC DATA — PIPELINE/CONSTRAINT VERIFICATION ONLY
11,DEL_r3_c4,DEL,28.6139,77.309,4.631,-2.967,5.5,302.6,SYNTHETIC DATA — PIPELINE/CONSTRAINT VERIFICATION ONLY
11,DEL_r3_c5,DEL,28.6139,77.409,4.379,-2.805,5.2,302.6,SYNTHETIC DATA — PIPELINE/CONSTRAINT VERIFICATION ONLY
11,DEL_r3_c6,DEL,28.6139,77.509,4.126,-2.643,4.9,302.6,SYNTHETIC DATA — PIPELINE/CONSTRAINT VERIFICATION ONLY
11,DEL_r4_c0,DEL,28.7139,76.909,5.727,-4.025,7.0,305.1,SYNTHETIC DATA — PIPELINE/CONSTRAINT VERIFICATION ONLY
11,DEL_r4_c1,DEL,28.7139,77.009,5.481,-3.853,6.7,305.1,SYNTHETIC DATA — PIPELINE/CONSTRAINT VERIFICATION ONLY
11,DEL_r4_c2,DEL,28.7139,77.109,5.236,-3.68,6.4,305.1,SYNTHETIC DATA — PIPELINE/CONSTRAINT VERIFICATION ONLY
11,DEL_r4_c3,DEL,28.7139,77.209,4.99,-3.508,6.1,305.1,SYNTHETIC DATA — PIPELINE/CONSTRAINT VERIFICATION ONLY
11,DEL_r4_c4,DEL,28.7139,77.309,4.745,-3.335,5.8,305.1,SYNTHETIC DATA — PIPELINE/CONSTRAINT VERIFICATION ONLY
11,DEL_r4_c5,DEL,28.7139,77.409,4.5,-3.163,5.5,305.1,SYNTHETIC DATA — PIPELINE/CONSTRAINT VERIFICATION ONLY
11,DEL_r4_c6,DEL,28.7139,77.509,4.254,-2.99,5.2,305.1,SYNTHETIC DATA — PIPELINE/CONSTRAINT VERIFICATION ONLY
11,DEL_r5_c0,DEL,28.8139,76.909,5.541,-4.753,7.3,310.6,SYNTHETIC DATA — PIPELINE/CONSTRAINT VERIFICATION ONLY
11,DEL_r5_c1,DEL,28.8139,77.009,5.313,-4.557,7.0,310.6,SYNTHETIC DATA — PIPELINE/CONSTRAINT VERIFICATION ONLY
11,DEL_r5_c2,DEL,28.8139,77.109,5.086,-4.362,6.7,310.6,SYNTHETIC DATA — PIPELINE/CONSTRAINT VERIFICATION ONLY
11,DEL_r5_c3,DEL,28.8139,77.209,4.858,-4.167,6.4,310.6,SYNTHETIC DATA — PIPELINE/CONSTRAINT VERIFICATION ONLY
11,DEL_r5_c4,DEL,28.8139,77.309,4.63,-3.971,6.1,310.6,SYNTHETIC DATA — PIPELINE/CONSTRAINT VERIFICATION ONLY
11,DEL_r5_c5,DEL,28.8139,77.409,4.403,-3.776,5.8,310.6,SYNTHETIC DATA — PIPELINE/CONSTRAINT VERIFICATION ONLY
11,DEL_r5_c6,DEL,28.8139,77.509,4.175,-3.581,5.5,310.6,SYNTHETIC DATA — PIPELINE/CONSTRAINT VERIFICATION ONLY
11,DEL_r6_c0,DEL,28.9139,76.909,5.101,-5.634,7.6,317.8,SYNTHETIC DATA — PIPELINE/CONSTRAINT VERIFICATION ONLY
11,DEL_r6_c1,DEL,28.9139,77.009,4.9,-5.411,7.3,317.8,SYNTHETIC DATA — PIPELINE/CONSTRAINT VERIFICATION ONLY
11,DEL_r6_c2,DEL,28.9139,77.109,4.698,-5.189,7.0,317.8,SYNTHETIC DATA — PIPELINE/CONSTRAINT VERIFICATION ONLY
11,DEL_r6_c3,DEL,28.9139,77.209,4.497,-4.967,6.7,317.8,SYNTHETIC DATA — PIPELINE/CONSTRAINT VERIFICATION ONLY
11,DEL_r6_c4,DEL,28.9139,77.309,4.296,-4.744,6.4,317.8,SYNTHETIC DATA — PIPELINE/CONSTRAINT VERIFICATION ONLY
11,DEL_r6_c5,DEL,28.9139,77.409,4.094,-4.522,6.1,317.8,SYNTHETIC DATA — PIPELINE/CONSTRAINT VERIFICATION ONLY
11,DEL_r6_c6,DEL,28.9139,77.509,3.893,-4.299,5.8,317.8,SYNTHETIC DATA — PIPELINE/CONSTRAINT VERIFICATION ONLY
11,BOM_r0_c0,BOM,18.776,72.5777,5.458,1.963,5.8,250.2,SYNTHETIC DATA — PIPELINE/CONSTRAINT VERIFICATION ONLY
11,BOM_r0_c1,BOM,18.776,72.6777,5.176,1.861,5.5,250.2,SYNTHETIC DATA — PIPELINE/CONSTRAINT VERIFICATION ONLY
11,BOM_r0_c2,BOM,18.776,72.7777,4.893,1.76,5.2,250.2,SYNTHETIC DATA — PIPELINE/CONSTRAINT VERIFICATION ONLY
11,BOM_r0_c3,BOM,18.776,72.8777,4.611,1.658,4.9,250.2,SYNTHETIC DATA — PIPELINE/CONSTRAINT VERIFICATION ONLY
11,BOM_r0_c4,BOM,18.776,72.9777,4.329,1.557,4.6,250.2,SYNTHETIC DATA — PIPELINE/CONSTRAINT VERIFICATION ONLY
11,BOM_r0_c5,BOM,18.776,73.0777,4.046,1.455,4.3,250.2,SYNTHETIC DATA — PIPELINE/CONSTRAINT VERIFICATION ONLY
11,BOM_r0_c6,BOM,18.776,73.1777,3.764,1.354,4.0,250.2,SYNTHETIC DATA — PIPELINE/CONSTRAINT VERIFICATION ONLY
11,BOM_r1_c0,BOM,18.876,72.5777,5.455,2.73,6.1,243.4,SYNTHETIC DATA — PIPELINE/CONSTRAINT VERIFICATION ONLY
11,BOM_r1_c1,BOM,18.876,72.6777,5.187,2.596,5.8,243.4,SYNTHETIC DATA — PIPELINE/CONSTRAINT VERIFICATION ONLY
11,BOM_r1_c2,BOM,18.876,72.7777,4.918,2.462,5.5,243.4,SYNTHETIC DATA — PIPELINE/CONSTRAINT VERIFICATION ONLY
11,BOM_r1_c3,BOM,18.876,72.8777,4.65,2.328,5.2,243.4,SYNTHETIC DATA — PIPELINE/CONSTRAINT VERIFICATION ONLY
11,BOM_r1_c4,BOM,18.876,72.9777,4.382,2.193,4.9,243.4,SYNTHETIC DATA — PIPELINE/CONSTRAINT VERIFICATION ONLY
11,BOM_r1_c5,BOM,18.876,73.0777,4.113,2.059,4.6,243.4,SYNTHETIC DATA — PIPELINE/CONSTRAINT VERIFICATION ONLY
11,BOM_r1_c6,BOM,18.876,73.1777,3.845,1.925,4.3,243.4,SYNTHETIC DATA — PIPELINE/CONSTRAINT VERIFICATION ONLY
11,BOM_r2_c0,BOM,18.976,72.5777,5.477,3.311,6.4,238.8,SYNTHETIC DATA — PIPELINE/CONSTRAINT VERIFICATION ONLY
11,BOM_r2_c1,BOM,18.976,72.6777,5.22,3.156,6.1,238.8,SYNTHETIC DATA — PIPELINE/CONSTRAINT VERIFICATION ONLY
11,BOM_r2_c2,BOM,18.976,72.7777,4.964,3.001,5.8,238.8,SYNTHETIC DATA — PIPELINE/CONSTRAINT VERIFICATION ONLY
11,BOM_r2_c3,BOM,18.976,72.8777,4.707,2.845,5.5,238.8,SYNTHETIC DATA — PIPELINE/CONSTRAINT VERIFICATION ONLY
11,BOM_r2_c4,BOM,18.976,72.9777,4.45,2.69,5.2,238.8,SYNTHETIC DATA — PIPELINE/CONSTRAINT VERIFICATION ONLY
11,BOM_r2_c5,BOM,18.976,73.0777,4.193,2.535,4.9,238.8,SYNTHETIC DATA — PIPELINE/CONSTRAINT VERIFICATION ONLY
11,BOM_r2_c6,BOM,18.976,73.1777,3.937,2.38,4.6,238.8,SYNTHETIC DATA — PIPELINE/CONSTRAINT VERIFICATION ONLY
11,BOM_r3_c0,BOM,19.076,72.5777,5.66,3.586,6.7,237.6,SYNTHETIC DATA — PIPELINE/CONSTRAINT VERIFICATION ONLY
11,BOM_r3_c1,BOM,19.076,72.6777,5.406,3.425,6.4,237.6,SYNTHETIC DATA — PIPELINE/CONSTRAINT VERIFICATION ONLY
11,BOM_r3_c2,BOM,19.076,72.7777,5.153,3.264,6.1,237.6,SYNTHETIC DATA — PIPELINE/CONSTRAINT VERIFICATION ONLY
11,BOM_r3_c3,BOM,19.076,72.8777,4.9,3.104,5.8,237.6,SYNTHETIC DATA — PIPELINE/CONSTRAINT VERIFICATION ONLY
11,BOM_r3_c4,BOM,19.076,72.9777,4.646,2.943,5.5,237.6,SYNTHETIC DATA — PIPELINE/CONSTRAINT VERIFICATION ONLY
11,BOM_r3_c5,BOM,19.076,73.0777,4.393,2.783,5.2,237.6,SYNTHETIC DATA — PIPELINE/CONSTRAINT VERIFICATION ONLY
11,BOM_r3_c6,BOM,19.076,73.1777,4.139,2.622,4.9,237.6,SYNTHETIC DATA — PIPELINE/CONSTRAINT VERIFICATION ONLY
11,BOM_r4_c0,BOM,19.176,72.5777,6.069,3.489,7.0,240.1,SYNTHETIC DATA — PIPELINE/CONSTRAINT VERIFICATION ONLY
11,BOM_r4_c1,BOM,19.176,72.6777,5.808,3.339,6.7,240.1,SYNTHETIC DATA — PIPELINE/CONSTRAINT VERIFICATION ONLY
11,BOM_r4_c2,BOM,19.176,72.7777,5.548,3.19,6.4,240.1,SYNTHETIC DATA — PIPELINE/CONSTRAINT VERIFICATION ONLY
11,BOM_r4_c3,BOM,19.176,72.8777,5.288,3.04,6.1,240.1,SYNTHETIC DATA — PIPELINE/CONSTRAINT VERIFICATION ONLY
11,BOM_r4_c4,BOM,19.176,72.9777,5.028,2.891,5.8,240.1,SYNTHETIC DATA — PIPELINE/CONSTRAINT VERIFICATION ONLY
11,BOM_r4_c5,BOM,19.176,73.0777,4.768,2.741,5.5,240.1,SYNTHETIC DATA — PIPELINE/CONSTRAINT VERIFICATION ONLY
11,BOM_r4_c6,BOM,19.176,73.1777,4.508,2.592,5.2,240.1,SYNTHETIC DATA — PIPELINE/CONSTRAINT VERIFICATION ONLY
11,BOM_r5_c0,BOM,19.276,72.5777,6.649,3.013,7.3,245.6,SYNTHETIC DATA — PIPELINE/CONSTRAINT VERIFICATION ONLY
11,BOM_r5_c1,BOM,19.276,72.6777,6.376,2.89,7.0,245.6,SYNTHETIC DATA — PIPELINE/CONSTRAINT VERIFICATION ONLY
11,BOM_r5_c2,BOM,19.276,72.7777,6.103,2.766,6.7,245.6,SYNTHETIC DATA — PIPELINE/CONSTRAINT VERIFICATION ONLY
11,BOM_r5_c3,BOM,19.276,72.8777,5.829,2.642,6.4,245.6,SYNTHETIC DATA — PIPELINE/CONSTRAINT VERIFICATION ONLY
11,BOM_r5_c4,BOM,19.276,72.9777,5.556,2.518,6.1,245.6,SYNTHETIC DATA — PIPELINE/CONSTRAINT VERIFICATION ONLY
11,BOM_r5_c5,BOM,19.276,73.0777,5.283,2.394,5.8,245.6,SYNTHETIC DATA — PIPELINE/CONSTRAINT VERIFICATION ONLY
11,BOM_r5_c6,BOM,19.276,73.1777,5.01,2.27,5.5,245.6,SYNTHETIC DATA — PIPELINE/CONSTRAINT VERIFICATION ONLY
11,BOM_r6_c0,BOM,19.376,72.5777,7.262,2.242,7.6,252.8,SYNTHETIC DATA — PIPELINE/CONSTRAINT VERIFICATION ONLY
11,BOM_r6_c1,BOM,19.376,72.6777,6.975,2.154,7.3,252.8,SYNTHETIC DATA — PIPELINE/CONSTRAINT VERIFICATION ONLY
11,BOM_r6_c2,BOM,19.376,72.7777,6.688,2.065,7.0,252.8,SYNTHETIC DATA — PIPELINE/CONSTRAINT VERIFICATION ONLY
11,BOM_r6_c3,BOM,19.376,72.8777,6.402,1.977,6.7,252.8,SYNTHETIC DATA — PIPELINE/CONSTRAINT VERIFICATION ONLY
11,BOM_r6_c4,BOM,19.376,72.9777,6.115,1.888,6.4,252.8,SYNTHETIC DATA — PIPELINE/CONSTRAINT VERIFICATION ONLY
11,BOM_r6_c5,BOM,19.376,73.0777,5.828,1.8,6.1,252.8,SYNTHETIC DATA — PIPELINE/CONSTRAINT VERIFICATION ONLY
11,BOM_r6_c6,BOM,19.376,73.1777,5.542,1.711,5.8,252.8,SYNTHETIC DATA — PIPELINE/CONSTRAINT VERIFICATION ONLY
11,LKO_r0_c0,LKO,26.5467,80.6462,5.012,-2.919,5.8,300.2,SYNTHETIC DATA — PIPELINE/CONSTRAINT VERIFICATION ONLY
11,LKO_r0_c1,LKO,26.5467,80.7462,4.752,-2.768,5.5,300.2,SYNTHETIC DATA — PIPELINE/CONSTRAINT VERIFICATION ONLY
11,LKO_r0_c2,LKO,26.5467,80.8462,4.493,-2.617,5.2,300.2,SYNTHETIC DATA — PIPELINE/CONSTRAINT VERIFICATION ONLY
11,LKO_r0_c3,LKO,26.5467,80.9462,4.234,-2.466,4.9,300.2,SYNTHETIC DATA — PIPELINE/CONSTRAINT VERIFICATION ONLY
11,LKO_r0_c4,LKO,26.5467,81.0462,3.975,-2.315,4.6,300.2,SYNTHETIC DATA — PIPELINE/CONSTRAINT VERIFICATION ONLY
11,LKO_r0_c5,LKO,26.5467,81.1462,3.716,-2.164,4.3,300.2,SYNTHETIC DATA — PIPELINE/CONSTRAINT VERIFICATION ONLY
11,LKO_r0_c6,LKO,26.5467,81.2462,3.456,-2.013,4.0,300.2,SYNTHETIC DATA — PIPELINE/CONSTRAINT VERIFICATION ONLY
11,LKO_r1_c0,LKO,26.6467,80.6462,5.598,-2.424,6.1,293.4,SYNTHETIC DATA — PIPELINE/CONSTRAINT VERIFICATION ONLY
11,LKO_r1_c1,LKO,26.6467,80.7462,5.323,-2.304,5.8,293.4,SYNTHETIC DATA — PIPELINE/CONSTRAINT VERIFICATION ONLY
11,LKO_r1_c2,LKO,26.6467,80.8462,5.047,-2.185,5.5,293.4,SYNTHETIC DATA — PIPELINE/CONSTRAINT VERIFICATION ONLY
11,LKO_r1_c3,LKO,26.6467,80.9462,4.772,-2.066,5.2,293.4,SYNTHETIC DATA — PIPELINE/CONSTRAINT VERIFICATION ONLY
11,LKO_r1_c4,LKO,26.6467,81.0462,4.497,-1.947,4.9,293.4,SYNTHETIC DATA — PIPELINE/CONSTRAINT VERIFICATION ONLY
11,LKO_r1_c5,LKO,26.6467,81.1462,4.221,-1.828,4.6,293.4,SYNTHETIC DATA — PIPELINE/CONSTRAINT VERIFICATION ONLY
11,LKO_r1_c6,LKO,26.6467,81.2462,3.946,-1.708,4.3,293.4,SYNTHETIC DATA — PIPELINE/CONSTRAINT VERIFICATION ONLY
11,LKO_r2_c0,LKO,26.7467,80.6462,6.057,-2.067,6.4,288.8,SYNTHETIC DATA — PIPELINE/CONSTRAINT VERIFICATION ONLY
11,LKO_r2_c1,LKO,26.7467,80.7462,5.773,-1.97,6.1,288.8,SYNTHETIC DATA — PIPELINE/CONSTRAINT VERIFICATION ONLY
11,LKO_r2_c2,LKO,26.7467,80.8462,5.489,-1.874,5.8,288.8,SYNTHETIC DATA — PIPELINE/CONSTRAINT VERIFICATION ONLY
11,LKO_r2_c3,LKO,26.7467,80.9462,5.205,-1.777,5.5,288.8,SYNTHETIC DATA — PIPELINE/CONSTRAINT VERIFICATION ONLY
11,LKO_r2_c4,LKO,26.7467,81.0462,4.921,-1.68,5.2,288.8,SYNTHETIC DATA — PIPELINE/CONSTRAINT VERIFICATION ONLY
11,LKO_r2_c5,LKO,26.7467,81.1462,4.637,-1.583,4.9,288.8,SYNTHETIC DATA — PIPELINE/CONSTRAINT VERIFICATION ONLY
11,LKO_r2_c6,LKO,26.7467,81.2462,4.353,-1.486,4.6,288.8,SYNTHETIC DATA — PIPELINE/CONSTRAINT VERIFICATION ONLY
11,LKO_r3_c0,LKO,26.8467,80.6462,6.385,-2.031,6.7,287.6,SYNTHETIC DATA — PIPELINE/CONSTRAINT VERIFICATION ONLY
11,LKO_r3_c1,LKO,26.8467,80.7462,6.099,-1.94,6.4,287.6,SYNTHETIC DATA — PIPELINE/CONSTRAINT VERIFICATION ONLY
11,LKO_r3_c2,LKO,26.8467,80.8462,5.813,-1.849,6.1,287.6,SYNTHETIC DATA — PIPELINE/CONSTRAINT VERIFICATION ONLY
11,LKO_r3_c3,LKO,26.8467,80.9462,5.527,-1.758,5.8,287.6,SYNTHETIC DATA — PIPELINE/CONSTRAINT VERIFICATION ONLY
11,LKO_r3_c4,LKO,26.8467,81.0462,5.241,-1.667,5.5,287.6,SYNTHETIC DATA — PIPELINE/CONSTRAINT VERIFICATION ONLY
11,LKO_r3_c5,LKO,26.8467,81.1462,4.955,-1.576,5.2,287.6,SYNTHETIC DATA — PIPELINE/CONSTRAINT VERIFICATION ONLY
11,LKO_r3_c6,LKO,26.8467,81.2462,4.669,-1.485,4.9,287.6,SYNTHETIC DATA — PIPELINE/CONSTRAINT VERIFICATION ONLY
11,LKO_r4_c0,LKO,26.9467,80.6462,6.573,-2.406,7.0,290.1,SYNTHETIC DATA — PIPELINE/CONSTRAINT VERIFICATION ONLY
11,LKO_r4_c1,LKO,26.9467,80.7462,6.292,-2.303,6.7,290.1,SYNTHETIC DATA — PIPELINE/CONSTRAINT VERIFICATION ONLY
11,LKO_r4_c2,LKO,26.9467,80.8462,6.01,-2.2,6.4,290.1,SYNTHETIC DATA — PIPELINE/CONSTRAINT VERIFICATION ONLY
11,LKO_r4_c3,LKO,26.9467,80.9462,5.728,-2.097,6.1,290.1,SYNTHETIC DATA — PIPELINE/CONSTRAINT VERIFICATION ONLY
11,LKO_r4_c4,LKO,26.9467,81.0462,5.447,-1.994,5.8,290.1,SYNTHETIC DATA — PIPELINE/CONSTRAINT VERIFICATION ONLY
11,LKO_r4_c5,LKO,26.9467,81.1462,5.165,-1.891,5.5,290.1,SYNTHETIC DATA — PIPELINE/CONSTRAINT VERIFICATION ONLY
11,LKO_r4_c6,LKO,26.9467,81.2462,4.883,-1.787,5.2,290.1,SYNTHETIC DATA — PIPELINE/CONSTRAINT VERIFICATION ONLY
11,LKO_r5_c0,LKO,27.0467,80.6462,6.582,-3.156,7.3,295.6,SYNTHETIC DATA — PIPELINE/CONSTRAINT VERIFICATION ONLY
11,LKO_r5_c1,LKO,27.0467,80.7462,6.312,-3.027,7.0,295.6,SYNTHETIC DATA — PIPELINE/CONSTRAINT VERIFICATION ONLY
11,LKO_r5_c2,LKO,27.0467,80.8462,6.041,-2.897,6.7,295.6,SYNTHETIC DATA — PIPELINE/CONSTRAINT VERIFICATION ONLY
11,LKO_r5_c3,LKO,27.0467,80.9462,5.771,-2.767,6.4,295.6,SYNTHETIC DATA — PIPELINE/CONSTRAINT VERIFICATION ONLY
11,LKO_r5_c4,LKO,27.0467,81.0462,5.5,-2.638,6.1,295.6,SYNTHETIC DATA — PIPELINE/CONSTRAINT VERIFICATION ONLY
11,LKO_r5_c5,LKO,27.0467,81.1462,5.23,-2.508,5.8,295.6,SYNTHETIC DATA — PIPELINE/CONSTRAINT VERIFICATION ONLY
11,LKO_r5_c6,LKO,27.0467,81.2462,4.959,-2.378,5.5,295.6,SYNTHETIC DATA — PIPELINE/CONSTRAINT VERIFICATION ONLY
11,LKO_r6_c0,LKO,27.1467,80.6462,6.385,-4.121,7.6,302.8,SYNTHETIC DATA — PIPELINE/CONSTRAINT VERIFICATION ONLY
11,LKO_r6_c1,LKO,27.1467,80.7462,6.133,-3.959,7.3,302.8,SYNTHETIC DATA — PIPELINE/CONSTRAINT VERIFICATION ONLY
11,LKO_r6_c2,LKO,27.1467,80.8462,5.881,-3.796,7.0,302.8,SYNTHETIC DATA — PIPELINE/CONSTRAINT VERIFICATION ONLY
11,LKO_r6_c3,LKO,27.1467,80.9462,5.629,-3.633,6.7,302.8,SYNTHETIC DATA — PIPELINE/CONSTRAINT VERIFICATION ONLY
11,LKO_r6_c4,LKO,27.1467,81.0462,5.377,-3.471,6.4,302.8,SYNTHETIC DATA — PIPELINE/CONSTRAINT VERIFICATION ONLY
11,LKO_r6_c5,LKO,27.1467,81.1462,5.125,-3.308,6.1,302.8,SYNTHETIC DATA — PIPELINE/CONSTRAINT VERIFICATION ONLY
11,LKO_r6_c6,LKO,27.1467,81.2462,4.873,-3.145,5.8,302.8,SYNTHETIC DATA — PIPELINE/CONSTRAINT VERIFICATION ONLY
11,VNS_r0_c0,VNS,25.0176,82.6739,5.442,-2.005,5.8,290.2,SYNTHETIC DATA — PIPELINE/CONSTRAINT VERIFICATION ONLY
11,VNS_r0_c1,VNS,25.0176,82.7739,5.161,-1.901,5.5,290.2,SYNTHETIC DATA — PIPELINE/CONSTRAINT VERIFICATION ONLY
11,VNS_r0_c2,VNS,25.0176,82.8739,4.879,-1.797,5.2,290.2,SYNTHETIC DATA — PIPELINE/CONSTRAINT VERIFICATION ONLY
11,VNS_r0_c3,VNS,25.0176,82.9739,4.598,-1.694,4.9,290.2,SYNTHETIC DATA — PIPELINE/CONSTRAINT VERIFICATION ONLY
11,VNS_r0_c4,VNS,25.0176,83.0739,4.316,-1.59,4.6,290.2,SYNTHETIC DATA — PIPELINE/CONSTRAINT VERIFICATION ONLY
11,VNS_r0_c5,VNS,25.0176,83.1739,4.035,-1.486,4.3,290.2,SYNTHETIC DATA — PIPELINE/CONSTRAINT VERIFICATION ONLY
11,VNS_r0_c6,VNS,25.0176,83.2739,3.753,-1.383,4.0,290.2,SYNTHETIC DATA — PIPELINE/CONSTRAINT VERIFICATION ONLY
11,VNS_r1_c0,VNS,25.1176,82.6739,5.934,-1.415,6.1,283.4,SYNTHETIC DATA — PIPELINE/CONSTRAINT VERIFICATION ONLY
11,VNS_r1_c1,VNS,25.1176,82.7739,5.642,-1.345,5.8,283.4,SYNTHETIC DATA — PIPELINE/CONSTRAINT VERIFICATION ONLY
11,VNS_r1_c2,VNS,25.1176,82.8739,5.35,-1.276,5.5,283.4,SYNTHETIC DATA — PIPELINE/CONSTRAINT VERIFICATION ONLY
11,VNS_r1_c3,VNS,25.1176,82.9739,5.058,-1.206,5.2,283.4,SYNTHETIC DATA — PIPELINE/CONSTRAINT VERIFICATION ONLY
11,VNS_r1_c4,VNS,25.1176,83.0739,4.766,-1.136,4.9,283.4,SYNTHETIC DATA — PIPELINE/CONSTRAINT VERIFICATION ONLY
11,VNS_r1_c5,VNS,25.1176,83.1739,4.475,-1.067,4.6,283.4,SYNTHETIC DATA — PIPELINE/CONSTRAINT VERIFICATION ONLY
11,VNS_r1_c6,VNS,25.1176,83.2739,4.183,-0.997,4.3,283.4,SYNTHETIC DATA — PIPELINE/CONSTRAINT VERIFICATION ONLY
11,VNS_r2_c0,VNS,25.2176,82.6739,6.324,-0.984,6.4,278.8,SYNTHETIC DATA — PIPELINE/CONSTRAINT VERIFICATION ONLY
11,VNS_r2_c1,VNS,25.2176,82.7739,6.027,-0.938,6.1,278.8,SYNTHETIC DATA — PIPELINE/CONSTRAINT VERIFICATION ONLY
11,VNS_r2_c2,VNS,25.2176,82.8739,5.731,-0.892,5.8,278.8,SYNTHETIC DATA — PIPELINE/CONSTRAINT VERIFICATION ONLY
11,VNS_r2_c3,VNS,25.2176,82.9739,5.435,-0.846,5.5,278.8,SYNTHETIC DATA — PIPELINE/CONSTRAINT VERIFICATION ONLY
11,VNS_r2_c4,VNS,25.2176,83.0739,5.138,-0.8,5.2,278.8,SYNTHETIC DATA — PIPELINE/CONSTRAINT VERIFICATION ONLY
11,VNS_r2_c5,VNS,25.2176,83.1739,4.842,-0.753,4.9,278.8,SYNTHETIC DATA — PIPELINE/CONSTRAINT VERIFICATION ONLY
11,VNS_r2_c6,VNS,25.2176,83.2739,4.545,-0.707,4.6,278.8,SYNTHETIC DATA — PIPELINE/CONSTRAINT VERIFICATION ONLY
11,VNS_r3_c0,VNS,25.3176,82.6739,6.64,-0.891,6.7,277.6,SYNTHETIC DATA — PIPELINE/CONSTRAINT VERIFICATION ONLY
11,VNS_r3_c1,VNS,25.3176,82.7739,6.343,-0.852,6.4,277.6,SYNTHETIC DATA — PIPELINE/CONSTRAINT VERIFICATION ONLY
11,VNS_r3_c2,VNS,25.3176,82.8739,6.046,-0.812,6.1,277.6,SYNTHETIC DATA — PIPELINE/CONSTRAINT VERIFICATION ONLY
11,VNS_r3_c3,VNS,25.3176,82.9739,5.748,-0.772,5.8,277.6,SYNTHETIC DATA — PIPELINE/CONSTRAINT VERIFICATION ONLY
11,VNS_r3_c4,VNS,25.3176,83.0739,5.451,-0.732,5.5,277.6,SYNTHETIC DATA — PIPELINE/CONSTRAINT VERIFICATION ONLY
11,VNS_r3_c5,VNS,25.3176,83.1739,5.154,-0.692,5.2,277.6,SYNTHETIC DATA — PIPELINE/CONSTRAINT VERIFICATION ONLY
11,VNS_r3_c6,VNS,25.3176,83.2739,4.856,-0.652,4.9,277.6,SYNTHETIC DATA — PIPELINE/CONSTRAINT VERIFICATION ONLY
11,VNS_r4_c0,VNS,25.4176,82.6739,6.891,-1.228,7.0,280.1,SYNTHETIC DATA — PIPELINE/CONSTRAINT VERIFICATION ONLY
11,VNS_r4_c1,VNS,25.4176,82.7739,6.596,-1.175,6.7,280.1,SYNTHETIC DATA — PIPELINE/CONSTRAINT VERIFICATION ONLY
11,VNS_r4_c2,VNS,25.4176,82.8739,6.301,-1.123,6.4,280.1,SYNTHETIC DATA — PIPELINE/CONSTRAINT VERIFICATION ONLY
11,VNS_r4_c3,VNS,25.4176,82.9739,6.005,-1.07,6.1,280.1,SYNTHETIC DATA — PIPELINE/CONSTRAINT VERIFICATION ONLY
11,VNS_r4_c4,VNS,25.4176,83.0739,5.71,-1.018,5.8,280.1,SYNTHETIC DATA — PIPELINE/CONSTRAINT VERIFICATION ONLY
11,VNS_r4_c5,VNS,25.4176,83.1739,5.415,-0.965,5.5,280.1,SYNTHETIC DATA — PIPELINE/CONSTRAINT VERIFICATION ONLY
11,VNS_r4_c6,VNS,25.4176,83.2739,5.119,-0.912,5.2,280.1,SYNTHETIC DATA — PIPELINE/CONSTRAINT VERIFICATION ONLY
11,VNS_r5_c0,VNS,25.5176,82.6739,7.03,-1.965,7.3,285.6,SYNTHETIC DATA — PIPELINE/CONSTRAINT VERIFICATION ONLY
11,VNS_r5_c1,VNS,25.5176,82.7739,6.742,-1.885,7.0,285.6,SYNTHETIC DATA — PIPELINE/CONSTRAINT VERIFICATION ONLY
11,VNS_r5_c2,VNS,25.5176,82.8739,6.453,-1.804,6.7,285.6,SYNTHETIC DATA — PIPELINE/CONSTRAINT VERIFICATION ONLY
11,VNS_r5_c3,VNS,25.5176,82.9739,6.164,-1.723,6.4,285.6,SYNTHETIC DATA — PIPELINE/CONSTRAINT VERIFICATION ONLY
11,VNS_r5_c4,VNS,25.5176,83.0739,5.875,-1.642,6.1,285.6,SYNTHETIC DATA — PIPELINE/CONSTRAINT VERIFICATION ONLY
11,VNS_r5_c5,VNS,25.5176,83.1739,5.586,-1.562,5.8,285.6,SYNTHETIC DATA — PIPELINE/CONSTRAINT VERIFICATION ONLY
11,VNS_r5_c6,VNS,25.5176,83.2739,5.297,-1.481,5.5,285.6,SYNTHETIC DATA — PIPELINE/CONSTRAINT VERIFICATION ONLY
11,VNS_r6_c0,VNS,25.6176,82.6739,7.004,-2.95,7.6,292.8,SYNTHETIC DATA — PIPELINE/CONSTRAINT VERIFICATION ONLY
11,VNS_r6_c1,VNS,25.6176,82.7739,6.728,-2.834,7.3,292.8,SYNTHETIC DATA — PIPELINE/CONSTRAINT VERIFICATION ONLY
11,VNS_r6_c2,VNS,25.6176,82.8739,6.451,-2.717,7.0,292.8,SYNTHETIC DATA — PIPELINE/CONSTRAINT VERIFICATION ONLY
11,VNS_r6_c3,VNS,25.6176,82.9739,6.175,-2.601,6.7,292.8,SYNTHETIC DATA — PIPELINE/CONSTRAINT VERIFICATION ONLY
11,VNS_r6_c4,VNS,25.6176,83.0739,5.898,-2.484,6.4,292.8,SYNTHETIC DATA — PIPELINE/CONSTRAINT VERIFICATION ONLY
11,VNS_r6_c5,VNS,25.6176,83.1739,5.622,-2.368,6.1,292.8,SYNTHETIC DATA — PIPELINE/CONSTRAINT VERIFICATION ONLY
11,VNS_r6_c6,VNS,25.6176,83.2739,5.345,-2.251,5.8,292.8,SYNTHETIC DATA — PIPELINE/CONSTRAINT VERIFICATION ONLY
11,JAI_r0_c0,JAI,26.6124,75.4873,3.711,-4.457,5.8,320.2,SYNTHETIC DATA — PIPELINE/CONSTRAINT VERIFICATION ONLY
11,JAI_r0_c1,JAI,26.6124,75.5873,3.519,-4.227,5.5,320.2,SYNTHETIC DATA — PIPELINE/CONSTRAINT VERIFICATION ONLY
11,JAI_r0_c2,JAI,26.6124,75.6873,3.327,-3.996,5.2,320.2,SYNTHETIC DATA — PIPELINE/CONSTRAINT VERIFICATION ONLY
11,JAI_r0_c3,JAI,26.6124,75.7873,3.135,-3.766,4.9,320.2,SYNTHETIC DATA — PIPELINE/CONSTRAINT VERIFICATION ONLY
11,JAI_r0_c4,JAI,26.6124,75.8873,2.943,-3.535,4.6,320.2,SYNTHETIC DATA — PIPELINE/CONSTRAINT VERIFICATION ONLY
11,JAI_r0_c5,JAI,26.6124,75.9873,2.751,-3.305,4.3,320.2,SYNTHETIC DATA — PIPELINE/CONSTRAINT VERIFICATION ONLY
11,JAI_r0_c6,JAI,26.6124,76.0873,2.559,-3.074,4.0,320.2,SYNTHETIC DATA — PIPELINE/CONSTRAINT VERIFICATION ONLY
11,JAI_r1_c0,JAI,26.7124,75.4873,4.431,-4.192,6.1,313.4,SYNTHETIC DATA — PIPELINE/CONSTRAINT VERIFICATION ONLY
11,JAI_r1_c1,JAI,26.7124,75.5873,4.213,-3.986,5.8,313.4,SYNTHETIC DATA — PIPELINE/CONSTRAINT VERIFICATION ONLY
11,JAI_r1_c2,JAI,26.7124,75.6873,3.995,-3.78,5.5,313.4,SYNTHETIC DATA — PIPELINE/CONSTRAINT VERIFICATION ONLY
11,JAI_r1_c3,JAI,26.7124,75.7873,3.778,-3.574,5.2,313.4,SYNTHETIC DATA — PIPELINE/CONSTRAINT VERIFICATION ONLY
11,JAI_r1_c4,JAI,26.7124,75.8873,3.56,-3.367,4.9,313.4,SYNTHETIC DATA — PIPELINE/CONSTRAINT VERIFICATION ONLY
11,JAI_r1_c5,JAI,26.7124,75.9873,3.342,-3.161,4.6,313.4,SYNTHETIC DATA — PIPELINE/CONSTRAINT VERIFICATION ONLY
11,JAI_r1_c6,JAI,26.7124,76.0873,3.124,-2.955,4.3,313.4,SYNTHETIC DATA — PIPELINE/CONSTRAINT VERIFICATION ONLY
11,JAI_r2_c0,JAI,26.8124,75.4873,4.985,-4.014,6.4,308.8,SYNTHETIC DATA — PIPELINE/CONSTRAINT VERIFICATION ONLY
11,JAI_r2_c1,JAI,26.8124,75.5873,4.751,-3.826,6.1,308.8,SYNTHETIC DATA — PIPELINE/CONSTRAINT VERIFICATION ONLY
11,JAI_r2_c2,JAI,26.8124,75.6873,4.517,-3.638,5.8,308.8,SYNTHETIC DATA — PIPELINE/CONSTRAINT VERIFICATION ONLY
11,JAI_r2_c3,JAI,26.8124,75.7873,4.284,-3.45,5.5,308.8,SYNTHETIC DATA — PIPELINE/CONSTRAINT VERIFICATION ONLY
11,JAI_r2_c4,JAI,26.8124,75.8873,4.05,-3.262,5.2,308.8,SYNTHETIC DATA — PIPELINE/CONSTRAINT VERIFICATION ONLY
11,JAI_r2_c5,JAI,26.8124,75.9873,3.816,-3.073,4.9,308.8,SYNTHETIC DATA — PIPELINE/CONSTRAINT VERIFICATION ONLY
11,JAI_r2_c6,JAI,26.8124,76.0873,3.583,-2.885,4.6,308.8,SYNTHETIC DATA — PIPELINE/CONSTRAINT VERIFICATION ONLY
11,JAI_r3_c0,JAI,26.9124,75.4873,5.305,-4.092,6.7,307.6,SYNTHETIC DATA — PIPELINE/CONSTRAINT VERIFICATION ONLY
11,JAI_r3_c1,JAI,26.9124,75.5873,5.068,-3.909,6.4,307.6,SYNTHETIC DATA — PIPELINE/CONSTRAINT VERIFICATION ONLY
11,JAI_r3_c2,JAI,26.9124,75.6873,4.83,-3.726,6.1,307.6,SYNTHETIC DATA — PIPELINE/CONSTRAINT VERIFICATION ONLY
11,JAI_r3_c3,JAI,26.9124,75.7873,4.592,-3.543,5.8,307.6,SYNTHETIC DATA — PIPELINE/CONSTRAINT VERIFICATION ONLY
11,JAI_r3_c4,JAI,26.9124,75.8873,4.355,-3.359,5.5,307.6,SYNTHETIC DATA — PIPELINE/CONSTRAINT VERIFICATION ONLY
11,JAI_r3_c5,JAI,26.9124,75.9873,4.117,-3.176,5.2,307.6,SYNTHETIC DATA — PIPELINE/CONSTRAINT VERIFICATION ONLY
11,JAI_r3_c6,JAI,26.9124,76.0873,3.88,-2.993,4.9,307.6,SYNTHETIC DATA — PIPELINE/CONSTRAINT VERIFICATION ONLY
11,JAI_r4_c0,JAI,27.0124,75.4873,5.354,-4.509,7.0,310.1,SYNTHETIC DATA — PIPELINE/CONSTRAINT VERIFICATION ONLY
11,JAI_r4_c1,JAI,27.0124,75.5873,5.125,-4.316,6.7,310.1,SYNTHETIC DATA — PIPELINE/CONSTRAINT VERIFICATION ONLY
11,JAI_r4_c2,JAI,27.0124,75.6873,4.895,-4.123,6.4,310.1,SYNTHETIC DATA — PIPELINE/CONSTRAINT VERIFICATION ONLY
11,JAI_r4_c3,JAI,27.0124,75.7873,4.666,-3.929,6.1,310.1,SYNTHETIC DATA — PIPELINE/CONSTRAINT VERIFICATION ONLY
11,JAI_r4_c4,JAI,27.0124,75.8873,4.436,-3.736,5.8,310.1,SYNTHETIC DATA — PIPELINE/CONSTRAINT VERIFICATION ONLY
11,JAI_r4_c5,JAI,27.0124,75.9873,4.207,-3.543,5.5,310.1,SYNTHETIC DATA — PIPELINE/CONSTRAINT VERIFICATION ONLY
11,JAI_r4_c6,JAI,27.0124,76.0873,3.977,-3.35,5.2,310.1,SYNTHETIC DATA — PIPELINE/CONSTRAINT VERIFICATION ONLY
11,JAI_r5_c0,JAI,27.1124,75.4873,5.106,-5.217,7.3,315.6,SYNTHETIC DATA — PIPELINE/CONSTRAINT VERIFICATION ONLY
11,JAI_r5_c1,JAI,27.1124,75.5873,4.896,-5.003,7.0,315.6,SYNTHETIC DATA — PIPELINE/CONSTRAINT VERIFICATION ONLY
11,JAI_r5_c2,JAI,27.1124,75.6873,4.686,-4.789,6.7,315.6,SYNTHETIC DATA — PIPELINE/CONSTRAINT VERIFICATION ONLY
11,JAI_r5_c3,JAI,27.1124,75.7873,4.476,-4.574,6.4,315.6,SYNTHETIC DATA — PIPELINE/CONSTRAINT VERIFICATION ONLY
11,JAI_r5_c4,JAI,27.1124,75.8873,4.266,-4.36,6.1,315.6,SYNTHETIC DATA — PIPELINE/CONSTRAINT VERIFICATION ONLY
11,JAI_r5_c5,JAI,27.1124,75.9873,4.057,-4.145,5.8,315.6,SYNTHETIC DATA — PIPELINE/CONSTRAINT VERIFICATION ONLY
11,JAI_r5_c6,JAI,27.1124,76.0873,3.847,-3.931,5.5,315.6,SYNTHETIC DATA — PIPELINE/CONSTRAINT VERIFICATION ONLY
11,JAI_r6_c0,JAI,27.2124,75.4873,4.591,-6.057,7.6,322.8,SYNTHETIC DATA — PIPELINE/CONSTRAINT VERIFICATION ONLY
11,JAI_r6_c1,JAI,27.2124,75.5873,4.409,-5.818,7.3,322.8,SYNTHETIC DATA — PIPELINE/CONSTRAINT VERIFICATION ONLY
11,JAI_r6_c2,JAI,27.2124,75.6873,4.228,-5.579,7.0,322.8,SYNTHETIC DATA — PIPELINE/CONSTRAINT VERIFICATION ONLY
11,JAI_r6_c3,JAI,27.2124,75.7873,4.047,-5.34,6.7,322.8,SYNTHETIC DATA — PIPELINE/CONSTRAINT VERIFICATION ONLY
11,JAI_r6_c4,JAI,27.2124,75.8873,3.866,-5.101,6.4,322.8,SYNTHETIC DATA — PIPELINE/CONSTRAINT VERIFICATION ONLY
11,JAI_r6_c5,JAI,27.2124,75.9873,3.685,-4.861,6.1,322.8,SYNTHETIC DATA — PIPELINE/CONSTRAINT VERIFICATION ONLY
11,JAI_r6_c6,JAI,27.2124,76.0873,3.503,-4.622,5.8,322.8,SYNTHETIC DATA — PIPELINE/CONSTRAINT VERIFICATION ONLY
11,AMD_r0_c0,AMD,22.7225,72.2714,5.8,-0.022,5.8,270.2,SYNTHETIC DATA — PIPELINE/CONSTRAINT VERIFICATION ONLY
11,AMD_r0_c1,AMD,22.7225,72.3714,5.5,-0.021,5.5,270.2,SYNTHETIC DATA — PIPELINE/CONSTRAINT VERIFICATION ONLY
11,AMD_r0_c2,AMD,22.7225,72.4714,5.2,-0.02,5.2,270.2,SYNTHETIC DATA — PIPELINE/CONSTRAINT VERIFICATION ONLY
11,AMD_r0_c3,AMD,22.7225,72.5714,4.9,-0.019,4.9,270.2,SYNTHETIC DATA — PIPELINE/CONSTRAINT VERIFICATION ONLY
11,AMD_r0_c4,AMD,22.7225,72.6714,4.6,-0.018,4.6,270.2,SYNTHETIC DATA — PIPELINE/CONSTRAINT VERIFICATION ONLY
11,AMD_r0_c5,AMD,22.7225,72.7714,4.3,-0.017,4.3,270.2,SYNTHETIC DATA — PIPELINE/CONSTRAINT VERIFICATION ONLY
11,AMD_r0_c6,AMD,22.7225,72.8714,4.0,-0.015,4.0,270.2,SYNTHETIC DATA — PIPELINE/CONSTRAINT VERIFICATION ONLY
11,AMD_r1_c0,AMD,22.8225,72.2714,6.06,0.7,6.1,263.4,SYNTHETIC DATA — PIPELINE/CONSTRAINT VERIFICATION ONLY
11,AMD_r1_c1,AMD,22.8225,72.3714,5.762,0.666,5.8,263.4,SYNTHETIC DATA — PIPELINE/CONSTRAINT VERIFICATION ONLY
11,AMD_r1_c2,AMD,22.8225,72.4714,5.464,0.631,5.5,263.4,SYNTHETIC DATA — PIPELINE/CONSTRAINT VERIFICATION ONLY
11,AMD_r1_c3,AMD,22.8225,72.5714,5.166,0.597,5.2,263.4,SYNTHETIC DATA — PIPELINE/CONSTRAINT VERIFICATION ONLY
11,AMD_r1_c4,AMD,22.8225,72.6714,4.868,0.562,4.9,263.4,SYNTHETIC DATA — PIPELINE/CONSTRAINT VERIFICATION ONLY
11,AMD_r1_c5,AMD,22.8225,72.7714,4.57,0.528,4.6,263.4,SYNTHETIC DATA — PIPELINE/CONSTRAINT VERIFICATION ONLY
11,AMD_r1_c6,AMD,22.8225,72.8714,4.272,0.493,4.3,263.4,SYNTHETIC DATA — PIPELINE/CONSTRAINT VERIFICATION ONLY
11,AMD_r2_c0,AMD,22.9225,72.2714,6.279,1.238,6.4,258.8,SYNTHETIC DATA — PIPELINE/CONSTRAINT VERIFICATION ONLY
11,AMD_r2_c1,AMD,22.9225,72.3714,5.985,1.18,6.1,258.8,SYNTHETIC DATA — PIPELINE/CONSTRAINT VERIFICATION ONLY
11,AMD_r2_c2,AMD,22.9225,72.4714,5.69,1.122,5.8,258.8,SYNTHETIC DATA — PIPELINE/CONSTRAINT VERIFICATION ONLY
11,AMD_r2_c3,AMD,22.9225,72.5714,5.396,1.064,5.5,258.8,SYNTHETIC DATA — PIPELINE/CONSTRAINT VERIFICATION ONLY
11,AMD_r2_c4,AMD,22.9225,72.6714,5.102,1.006,5.2,258.8,SYNTHETIC DATA — PIPELINE/CONSTRAINT VERIFICATION ONLY
11,AMD_r2_c5,AMD,22.9225,72.7714,4.807,0.948,4.9,258.8,SYNTHETIC DATA — PIPELINE/CONSTRAINT VERIFICATION ONLY
11,AMD_r2_c6,AMD,22.9225,72.8714,4.513,0.89,4.6,258.8,SYNTHETIC DATA — PIPELINE/CONSTRAINT VERIFICATION ONLY
11,AMD_r3_c0,AMD,23.0225,72.2714,6.545,1.434,6.7,257.6,SYNTHETIC DATA — PIPELINE/CONSTRAINT VERIFICATION ONLY
11,AMD_r3_c1,AMD,23.0225,72.3714,6.252,1.369,6.4,257.6,SYNTHETIC DATA — PIPELINE/CONSTRAINT VERIFICATION ONLY
11,AMD_r3_c2,AMD,23.0225,72.4714,5.959,1.305,6.1,257.6,SYNTHETIC DATA — PIPELINE/CONSTRAINT VERIFICATION ONLY
11,AMD_r3_c3,AMD,23.0225,72.5714,5.666,1.241,5.8,257.6,SYNTHETIC DATA — PIPELINE/CONSTRAINT VERIFICATION ONLY
11,AMD_r3_c4,AMD,23.0225,72.6714,5.373,1.177,5.5,257.6,SYNTHETIC DATA — PIPELINE/CONSTRAINT VERIFICATION ONLY
11,AMD_r3_c5,AMD,23.0225,72.7714,5.08,1.113,5.2,257.6,SYNTHETIC DATA — PIPELINE/CONSTRAINT VERIFICATION ONLY
11,AMD_r3_c6,AMD,23.0225,72.8714,4.787,1.048,4.9,257.6,SYNTHETIC DATA — PIPELINE/CONSTRAINT VERIFICATION ONLY
11,AMD_r4_c0,AMD,23.1225,72.2714,6.896,1.203,7.0,260.1,SYNTHETIC DATA — PIPELINE/CONSTRAINT VERIFICATION ONLY
11,AMD_r4_c1,AMD,23.1225,72.3714,6.6,1.151,6.7,260.1,SYNTHETIC DATA — PIPELINE/CONSTRAINT VERIFICATION ONLY
11,AMD_r4_c2,AMD,23.1225,72.4714,6.305,1.1,6.4,260.1,SYNTHETIC DATA — PIPELINE/CONSTRAINT VERIFICATION ONLY
11,AMD_r4_c3,AMD,23.1225,72.5714,6.009,1.048,6.1,260.1,SYNTHETIC DATA — PIPELINE/CONSTRAINT VERIFICATION ONLY
11,AMD_r4_c4,AMD,23.1225,72.6714,5.714,0.997,5.8,260.1,SYNTHETIC DATA — PIPELINE/CONSTRAINT VERIFICATION ONLY
11,AMD_r4_c5,AMD,23.1225,72.7714,5.418,0.945,5.5,260.1,SYNTHETIC DATA — PIPELINE/CONSTRAINT VERIFICATION ONLY
11,AMD_r4_c6,AMD,23.1225,72.8714,5.123,0.894,5.2,260.1,SYNTHETIC DATA — PIPELINE/CONSTRAINT VERIFICATION ONLY
11,AMD_r5_c0,AMD,23.2225,72.2714,7.279,0.558,7.3,265.6,SYNTHETIC DATA — PIPELINE/CONSTRAINT VERIFICATION ONLY
11,AMD_r5_c1,AMD,23.2225,72.3714,6.98,0.535,7.0,265.6,SYNTHETIC DATA — PIPELINE/CONSTRAINT VERIFICATION ONLY
11,AMD_r5_c2,AMD,23.2225,72.4714,6.68,0.512,6.7,265.6,SYNTHETIC DATA — PIPELINE/CONSTRAINT VERIFICATION ONLY
11,AMD_r5_c3,AMD,23.2225,72.5714,6.381,0.489,6.4,265.6,SYNTHETIC DATA — PIPELINE/CONSTRAINT VERIFICATION ONLY
11,AMD_r5_c4,AMD,23.2225,72.6714,6.082,0.466,6.1,265.6,SYNTHETIC DATA — PIPELINE/CONSTRAINT VERIFICATION ONLY
11,AMD_r5_c5,AMD,23.2225,72.7714,5.783,0.443,5.8,265.6,SYNTHETIC DATA — PIPELINE/CONSTRAINT VERIFICATION ONLY
11,AMD_r5_c6,AMD,23.2225,72.8714,5.484,0.42,5.5,265.6,SYNTHETIC DATA — PIPELINE/CONSTRAINT VERIFICATION ONLY
11,AMD_r6_c0,AMD,23.3225,72.2714,7.591,-0.377,7.6,272.8,SYNTHETIC DATA — PIPELINE/CONSTRAINT VERIFICATION ONLY
11,AMD_r6_c1,AMD,23.3225,72.3714,7.291,-0.362,7.3,272.8,SYNTHETIC DATA — PIPELINE/CONSTRAINT VERIFICATION ONLY
11,AMD_r6_c2,AMD,23.3225,72.4714,6.991,-0.347,7.0,272.8,SYNTHETIC DATA — PIPELINE/CONSTRAINT VERIFICATION ONLY
11,AMD_r6_c3,AMD,23.3225,72.5714,6.692,-0.332,6.7,272.8,SYNTHETIC DATA — PIPELINE/CONSTRAINT VERIFICATION ONLY
11,AMD_r6_c4,AMD,23.3225,72.6714,6.392,-0.317,6.4,272.8,SYNTHETIC DATA — PIPELINE/CONSTRAINT VERIFICATION ONLY
11,AMD_r6_c5,AMD,23.3225,72.7714,6.093,-0.302,6.1,272.8,SYNTHETIC DATA — PIPELINE/CONSTRAINT VERIFICATION ONLY
11,AMD_r6_c6,AMD,23.3225,72.8714,5.793,-0.287,5.8,272.8,SYNTHETIC DATA — PIPELINE/CONSTRAINT VERIFICATION ONLY
11,CCU_r0_c0,CCU,22.2726,88.0639,3.745,4.429,5.8,220.2,SYNTHETIC DATA — PIPELINE/CONSTRAINT VERIFICATION ONLY
11,CCU_r0_c1,CCU,22.2726,88.1639,3.552,4.2,5.5,220.2,SYNTHETIC DATA — PIPELINE/CONSTRAINT VERIFICATION ONLY
11,CCU_r0_c2,CCU,22.2726,88.2639,3.358,3.97,5.2,220.2,SYNTHETIC DATA — PIPELINE/CONSTRAINT VERIFICATION ONLY
11,CCU_r0_c3,CCU,22.2726,88.3639,3.164,3.741,4.9,220.2,SYNTHETIC DATA — PIPELINE/CONSTRAINT VERIFICATION ONLY
11,CCU_r0_c4,CCU,22.2726,88.4639,2.97,3.512,4.6,220.2,SYNTHETIC DATA — PIPELINE/CONSTRAINT VERIFICATION ONLY
11,CCU_r0_c5,CCU,22.2726,88.5639,2.777,3.283,4.3,220.2,SYNTHETIC DATA — PIPELINE/CONSTRAINT VERIFICATION ONLY
11,CCU_r0_c6,CCU,22.2726,88.6639,2.583,3.054,4.0,220.2,SYNTHETIC DATA — PIPELINE/CONSTRAINT VERIFICATION ONLY
11,CCU_r1_c0,CCU,22.3726,88.0639,3.359,5.092,6.1,213.4,SYNTHETIC DATA — PIPELINE/CONSTRAINT VERIFICATION ONLY
11,CCU_r1_c1,CCU,22.3726,88.1639,3.194,4.842,5.8,213.4,SYNTHETIC DATA — PIPELINE/CONSTRAINT VERIFICATION ONLY
11,CCU_r1_c2,CCU,22.3726,88.2639,3.028,4.591,5.5,213.4,SYNTHETIC DATA — PIPELINE/CONSTRAINT VERIFICATION ONLY
11,CCU_r1_c3,CCU,22.3726,88.3639,2.863,4.341,5.2,213.4,SYNTHETIC DATA — PIPELINE/CONSTRAINT VERIFICATION ONLY
11,CCU_r1_c4,CCU,22.3726,88.4639,2.698,4.09,4.9,213.4,SYNTHETIC DATA — PIPELINE/CONSTRAINT VERIFICATION ONLY
11,CCU_r1_c5,CCU,22.3726,88.5639,2.533,3.84,4.6,213.4,SYNTHETIC DATA — PIPELINE/CONSTRAINT VERIFICATION ONLY
11,CCU_r1_c6,CCU,22.3726,88.6639,2.368,3.589,4.3,213.4,SYNTHETIC DATA — PIPELINE/CONSTRAINT VERIFICATION ONLY
11,CCU_r2_c0,CCU,22.4726,88.0639,3.088,5.606,6.4,208.8,SYNTHETIC DATA — PIPELINE/CONSTRAINT VERIFICATION ONLY
11,CCU_r2_c1,CCU,22.4726,88.1639,2.943,5.343,6.1,208.8,SYNTHETIC DATA — PIPELINE/CONSTRAINT VERIFICATION ONLY
11,CCU_r2_c2,CCU,22.4726,88.2639,2.798,5.08,5.8,208.8,SYNTHETIC DATA — PIPELINE/CONSTRAINT VERIFICATION ONLY
11,CCU_r2_c3,CCU,22.4726,88.3639,2.653,4.818,5.5,208.8,SYNTHETIC DATA — PIPELINE/CONSTRAINT VERIFICATION ONLY
11,CCU_r2_c4,CCU,22.4726,88.4639,2.509,4.555,5.2,208.8,SYNTHETIC DATA — PIPELINE/CONSTRAINT VERIFICATION ONLY
11,CCU_r2_c5,CCU,22.4726,88.5639,2.364,4.292,4.9,208.8,SYNTHETIC DATA — PIPELINE/CONSTRAINT VERIFICATION ONLY
11,CCU_r2_c6,CCU,22.4726,88.6639,2.219,4.029,4.6,208.8,SYNTHETIC DATA — PIPELINE/CONSTRAINT VERIFICATION ONLY
11,CCU_r3_c0,CCU,22.5726,88.0639,3.109,5.935,6.7,207.6,SYNTHETIC DATA — PIPELINE/CONSTRAINT VERIFICATION ONLY
11,CCU_r3_c1,CCU,22.5726,88.1639,2.97,5.669,6.4,207.6,SYNTHETIC DATA — PIPELINE/CONSTRAINT VERIFICATION ONLY
11,CCU_r3_c2,CCU,22.5726,88.2639,2.83,5.404,6.1,207.6,SYNTHETIC DATA — PIPELINE/CONSTRAINT VERIFICATION ONLY
11,CCU_r3_c3,CCU,22.5726,88.3639,2.691,5.138,5.8,207.6,SYNTHETIC DATA — PIPELINE/CONSTRAINT VERIFICATION ONLY
11,CCU_r3_c4,CCU,22.5726,88.4639,2.552,4.872,5.5,207.6,SYNTHETIC DATA — PIPELINE/CONSTRAINT VERIFICATION ONLY
11,CCU_r3_c5,CCU,22.5726,88.5639,2.413,4.606,5.2,207.6,SYNTHETIC DATA — PIPELINE/CONSTRAINT VERIFICATION ONLY
11,CCU_r3_c6,CCU,22.5726,88.6639,2.274,4.341,4.9,207.6,SYNTHETIC DATA — PIPELINE/CONSTRAINT VERIFICATION ONLY
11,CCU_r4_c0,CCU,22.6726,88.0639,3.511,6.056,7.0,210.1,SYNTHETIC DATA — PIPELINE/CONSTRAINT VERIFICATION ONLY
11,CCU_r4_c1,CCU,22.6726,88.1639,3.361,5.796,6.7,210.1,SYNTHETIC DATA — PIPELINE/CONSTRAINT VERIFICATION ONLY
11,CCU_r4_c2,CCU,22.6726,88.2639,3.21,5.537,6.4,210.1,SYNTHETIC DATA — PIPELINE/CONSTRAINT VERIFICATION ONLY
11,CCU_r4_c3,CCU,22.6726,88.3639,3.06,5.277,6.1,210.1,SYNTHETIC DATA — PIPELINE/CONSTRAINT VERIFICATION ONLY
11,CCU_r4_c4,CCU,22.6726,88.4639,2.909,5.018,5.8,210.1,SYNTHETIC DATA — PIPELINE/CONSTRAINT VERIFICATION ONLY
11,CCU_r4_c5,CCU,22.6726,88.5639,2.759,4.758,5.5,210.1,SYNTHETIC DATA — PIPELINE/CONSTRAINT VERIFICATION ONLY
11,CCU_r4_c6,CCU,22.6726,88.6639,2.608,4.499,5.2,210.1,SYNTHETIC DATA — PIPELINE/CONSTRAINT VERIFICATION ONLY
11,CCU_r5_c0,CCU,22.7726,88.0639,4.251,5.934,7.3,215.6,SYNTHETIC DATA — PIPELINE/CONSTRAINT VERIFICATION ONLY
11,CCU_r5_c1,CCU,22.7726,88.1639,4.077,5.69,7.0,215.6,SYNTHETIC DATA — PIPELINE/CONSTRAINT VERIFICATION ONLY
11,CCU_r5_c2,CCU,22.7726,88.2639,3.902,5.446,6.7,215.6,SYNTHETIC DATA — PIPELINE/CONSTRAINT VERIFICATION ONLY
11,CCU_r5_c3,CCU,22.7726,88.3639,3.727,5.203,6.4,215.6,SYNTHETIC DATA — PIPELINE/CONSTRAINT VERIFICATION ONLY
11,CCU_r5_c4,CCU,22.7726,88.4639,3.553,4.959,6.1,215.6,SYNTHETIC DATA — PIPELINE/CONSTRAINT VERIFICATION ONLY
11,CCU_r5_c5,CCU,22.7726,88.5639,3.378,4.715,5.8,215.6,SYNTHETIC DATA — PIPELINE/CONSTRAINT VERIFICATION ONLY
11,CCU_r5_c6,CCU,22.7726,88.6639,3.203,4.471,5.5,215.6,SYNTHETIC DATA — PIPELINE/CONSTRAINT VERIFICATION ONLY
11,CCU_r6_c0,CCU,22.8726,88.0639,5.168,5.573,7.6,222.8,SYNTHETIC DATA — PIPELINE/CONSTRAINT VERIFICATION ONLY
11,CCU_r6_c1,CCU,22.8726,88.1639,4.964,5.353,7.3,222.8,SYNTHETIC DATA — PIPELINE/CONSTRAINT VERIFICATION ONLY
11,CCU_r6_c2,CCU,22.8726,88.2639,4.76,5.133,7.0,222.8,SYNTHETIC DATA — PIPELINE/CONSTRAINT VERIFICATION ONLY
11,CCU_r6_c3,CCU,22.8726,88.3639,4.556,4.913,6.7,222.8,SYNTHETIC DATA — PIPELINE/CONSTRAINT VERIFICATION ONLY
11,CCU_r6_c4,CCU,22.8726,88.4639,4.352,4.693,6.4,222.8,SYNTHETIC DATA — PIPELINE/CONSTRAINT VERIFICATION ONLY
11,CCU_r6_c5,CCU,22.8726,88.5639,4.148,4.473,6.1,222.8,SYNTHETIC DATA — PIPELINE/CONSTRAINT VERIFICATION ONLY
11,CCU_r6_c6,CCU,22.8726,88.6639,3.944,4.253,5.8,222.8,SYNTHETIC DATA — PIPELINE/CONSTRAINT VERIFICATION ONLY
11,HYD_r0_c0,HYD,17.085,78.1867,5.034,2.881,5.8,240.2,SYNTHETIC DATA — PIPELINE/CONSTRAINT VERIFICATION ONLY
11,HYD_r0_c1,HYD,17.085,78.2867,4.774,2.732,5.5,240.2,SYNTHETIC DATA — PIPELINE/CONSTRAINT VERIFICATION ONLY
11,HYD_r0_c2,HYD,17.085,78.3867,4.513,2.583,5.2,240.2,SYNTHETIC DATA — PIPELINE/CONSTRAINT VERIFICATION ONLY
11,HYD_r0_c3,HYD,17.085,78.4867,4.253,2.434,4.9,240.2,SYNTHETIC DATA — PIPELINE/CONSTRAINT VERIFICATION ONLY
11,HYD_r0_c4,HYD,17.085,78.5867,3.993,2.285,4.6,240.2,SYNTHETIC DATA — PIPELINE/CONSTRAINT VERIFICATION ONLY
11,HYD_r0_c5,HYD,17.085,78.6867,3.732,2.136,4.3,240.2,SYNTHETIC DATA — PIPELINE/CONSTRAINT VERIFICATION ONLY
11,HYD_r0_c6,HYD,17.085,78.7867,3.472,1.987,4.0,240.2,SYNTHETIC DATA — PIPELINE/CONSTRAINT VERIFICATION ONLY
11,HYD_r1_c0,HYD,17.185,78.1867,4.898,3.636,6.1,233.4,SYNTHETIC DATA — PIPELINE/CONSTRAINT VERIFICATION ONLY
11,HYD_r1_c1,HYD,17.185,78.2867,4.657,3.457,5.8,233.4,SYNTHETIC DATA — PIPELINE/CONSTRAINT VERIFICATION ONLY
11,HYD_r1_c2,HYD,17.185,78.3867,4.416,3.278,5.5,233.4,SYNTHETIC DATA — PIPELINE/CONSTRAINT VERIFICATION ONLY
11,HYD_r1_c3,HYD,17.185,78.4867,4.175,3.1,5.2,233.4,SYNTHETIC DATA — PIPELINE/CONSTRAINT VERIFICATION ONLY
11,HYD_r1_c4,HYD,17.185,78.5867,3.934,2.921,4.9,233.4,SYNTHETIC DATA — PIPELINE/CONSTRAINT VERIFICATION ONLY
11,HYD_r1_c5,HYD,17.185,78.6867,3.693,2.742,4.6,233.4,SYNTHETIC DATA — PIPELINE/CONSTRAINT VERIFICATION ONLY
11,HYD_r1_c6,HYD,17.185,78.7867,3.453,2.563,4.3,233.4,SYNTHETIC DATA — PIPELINE/CONSTRAINT VERIFICATION ONLY
11,HYD_r2_c0,HYD,17.285,78.1867,4.819,4.212,6.4,228.8,SYNTHETIC DATA — PIPELINE/CONSTRAINT VERIFICATION ONLY
11,HYD_r2_c1,HYD,17.285,78.2867,4.593,4.014,6.1,228.8,SYNTHETIC DATA — PIPELINE/CONSTRAINT VERIFICATION ONLY
11,HYD_r2_c2,HYD,17.285,78.3867,4.367,3.817,5.8,228.8,SYNTHETIC DATA — PIPELINE/CONSTRAINT VERIFICATION ONLY
11,HYD_r2_c3,HYD,17.285,78.4867,4.141,3.619,5.5,228.8,SYNTHETIC DATA — PIPELINE/CONSTRAINT VERIFICATION ONLY
11,HYD_r2_c4,HYD,17.285,78.5867,3.915,3.422,5.2,228.8,SYNTHETIC DATA — PIPELINE/CONSTRAINT VERIFICATION ONLY
11,HYD_r2_c5,HYD,17.285,78.6867,3.689,3.225,4.9,228.8,SYNTHETIC DATA — PIPELINE/CONSTRAINT VERIFICATION ONLY
11,HYD_r2_c6,HYD,17.285,78.7867,3.464,3.027,4.6,228.8,SYNTHETIC DATA — PIPELINE/CONSTRAINT VERIFICATION ONLY
11,HYD_r3_c0,HYD,17.385,78.1867,4.951,4.514,6.7,227.6,SYNTHETIC DATA — PIPELINE/CONSTRAINT VERIFICATION ONLY
11,HYD_r3_c1,HYD,17.385,78.2867,4.73,4.312,6.4,227.6,SYNTHETIC DATA — PIPELINE/CONSTRAINT VERIFICATION ONLY
11,HYD_r3_c2,HYD,17.385,78.3867,4.508,4.11,6.1,227.6,SYNTHETIC DATA — PIPELINE/CONSTRAINT VERIFICATION ONLY
11,HYD_r3_c3,HYD,17.385,78.4867,4.286,3.908,5.8,227.6,SYNTHETIC DATA — PIPELINE/CONSTRAINT VERIFICATION ONLY
11,HYD_r3_c4,HYD,17.385,78.5867,4.064,3.705,5.5,227.6,SYNTHETIC DATA — PIPELINE/CONSTRAINT VERIFICATION ONLY
11,HYD_r3_c5,HYD,17.385,78.6867,3.843,3.503,5.2,227.6,SYNTHETIC DATA — PIPELINE/CONSTRAINT VERIFICATION ONLY
11,HYD_r3_c6,HYD,17.385,78.7867,3.621,3.301,4.9,227.6,SYNTHETIC DATA — PIPELINE/CONSTRAINT VERIFICATION ONLY
11,HYD_r4_c0,HYD,17.485,78.1867,5.37,4.49,7.0,230.1,SYNTHETIC DATA — PIPELINE/CONSTRAINT VERIFICATION ONLY
11,HYD_r4_c1,HYD,17.485,78.2867,5.14,4.297,6.7,230.1,SYNTHETIC DATA — PIPELINE/CONSTRAINT VERIFICATION ONLY
11,HYD_r4_c2,HYD,17.485,78.3867,4.91,4.105,6.4,230.1,SYNTHETIC DATA — PIPELINE/CONSTRAINT VERIFICATION ONLY
11,HYD_r4_c3,HYD,17.485,78.4867,4.68,3.913,6.1,230.1,SYNTHETIC DATA — PIPELINE/CONSTRAINT VERIFICATION ONLY
11,HYD_r4_c4,HYD,17.485,78.5867,4.45,3.72,5.8,230.1,SYNTHETIC DATA — PIPELINE/CONSTRAINT VERIFICATION ONLY
11,HYD_r4_c5,HYD,17.485,78.6867,4.22,3.528,5.5,230.1,SYNTHETIC DATA — PIPELINE/CONSTRAINT VERIFICATION ONLY
11,HYD_r4_c6,HYD,17.485,78.7867,3.99,3.335,5.2,230.1,SYNTHETIC DATA — PIPELINE/CONSTRAINT VERIFICATION ONLY
11,HYD_r5_c0,HYD,17.585,78.1867,6.025,4.122,7.3,235.6,SYNTHETIC DATA — PIPELINE/CONSTRAINT VERIFICATION ONLY
11,HYD_r5_c1,HYD,17.585,78.2867,5.777,3.953,7.0,235.6,SYNTHETIC DATA — PIPELINE/CONSTRAINT VERIFICATION ONLY
11,HYD_r5_c2,HYD,17.585,78.3867,5.53,3.783,6.7,235.6,SYNTHETIC DATA — PIPELINE/CONSTRAINT VERIFICATION ONLY
11,HYD_r5_c3,HYD,17.585,78.4867,5.282,3.614,6.4,235.6,SYNTHETIC DATA — PIPELINE/CONSTRAINT VERIFICATION ONLY
11,HYD_r5_c4,HYD,17.585,78.5867,5.034,3.445,6.1,235.6,SYNTHETIC DATA — PIPELINE/CONSTRAINT VERIFICATION ONLY
11,HYD_r5_c5,HYD,17.585,78.6867,4.787,3.275,5.8,235.6,SYNTHETIC DATA — PIPELINE/CONSTRAINT VERIFICATION ONLY
11,HYD_r5_c6,HYD,17.585,78.7867,4.539,3.106,5.5,235.6,SYNTHETIC DATA — PIPELINE/CONSTRAINT VERIFICATION ONLY
11,HYD_r6_c0,HYD,17.685,78.1867,6.762,3.469,7.6,242.8,SYNTHETIC DATA — PIPELINE/CONSTRAINT VERIFICATION ONLY
11,HYD_r6_c1,HYD,17.685,78.2867,6.495,3.332,7.3,242.8,SYNTHETIC DATA — PIPELINE/CONSTRAINT VERIFICATION ONLY
11,HYD_r6_c2,HYD,17.685,78.3867,6.228,3.195,7.0,242.8,SYNTHETIC DATA — PIPELINE/CONSTRAINT VERIFICATION ONLY
11,HYD_r6_c3,HYD,17.685,78.4867,5.961,3.058,6.7,242.8,SYNTHETIC DATA — PIPELINE/CONSTRAINT VERIFICATION ONLY
11,HYD_r6_c4,HYD,17.685,78.5867,5.694,2.921,6.4,242.8,SYNTHETIC DATA — PIPELINE/CONSTRAINT VERIFICATION ONLY
11,HYD_r6_c5,HYD,17.685,78.6867,5.427,2.784,6.1,242.8,SYNTHETIC DATA — PIPELINE/CONSTRAINT VERIFICATION ONLY
11,HYD_r6_c6,HYD,17.685,78.7867,5.16,2.648,5.8,242.8,SYNTHETIC DATA — PIPELINE/CONSTRAINT VERIFICATION ONLY
11,BLR_r0_c0,BLR,12.6716,77.2946,5.458,1.963,5.8,250.2,SYNTHETIC DATA — PIPELINE/CONSTRAINT VERIFICATION ONLY
11,BLR_r0_c1,BLR,12.6716,77.3946,5.176,1.861,5.5,250.2,SYNTHETIC DATA — PIPELINE/CONSTRAINT VERIFICATION ONLY
11,BLR_r0_c2,BLR,12.6716,77.4946,4.893,1.76,5.2,250.2,SYNTHETIC DATA — PIPELINE/CONSTRAINT VERIFICATION ONLY
11,BLR_r0_c3,BLR,12.6716,77.5946,4.611,1.658,4.9,250.2,SYNTHETIC DATA — PIPELINE/CONSTRAINT VERIFICATION ONLY
11,BLR_r0_c4,BLR,12.6716,77.6946,4.329,1.557,4.6,250.2,SYNTHETIC DATA — PIPELINE/CONSTRAINT VERIFICATION ONLY
11,BLR_r0_c5,BLR,12.6716,77.7946,4.046,1.455,4.3,250.2,SYNTHETIC DATA — PIPELINE/CONSTRAINT VERIFICATION ONLY
11,BLR_r0_c6,BLR,12.6716,77.8946,3.764,1.354,4.0,250.2,SYNTHETIC DATA — PIPELINE/CONSTRAINT VERIFICATION ONLY
11,BLR_r1_c0,BLR,12.7716,77.2946,5.455,2.73,6.1,243.4,SYNTHETIC DATA — PIPELINE/CONSTRAINT VERIFICATION ONLY
11,BLR_r1_c1,BLR,12.7716,77.3946,5.187,2.596,5.8,243.4,SYNTHETIC DATA — PIPELINE/CONSTRAINT VERIFICATION ONLY
11,BLR_r1_c2,BLR,12.7716,77.4946,4.918,2.462,5.5,243.4,SYNTHETIC DATA — PIPELINE/CONSTRAINT VERIFICATION ONLY
11,BLR_r1_c3,BLR,12.7716,77.5946,4.65,2.328,5.2,243.4,SYNTHETIC DATA — PIPELINE/CONSTRAINT VERIFICATION ONLY
11,BLR_r1_c4,BLR,12.7716,77.6946,4.382,2.193,4.9,243.4,SYNTHETIC DATA — PIPELINE/CONSTRAINT VERIFICATION ONLY
11,BLR_r1_c5,BLR,12.7716,77.7946,4.113,2.059,4.6,243.4,SYNTHETIC DATA — PIPELINE/CONSTRAINT VERIFICATION ONLY
11,BLR_r1_c6,BLR,12.7716,77.8946,3.845,1.925,4.3,243.4,SYNTHETIC DATA — PIPELINE/CONSTRAINT VERIFICATION ONLY
11,BLR_r2_c0,BLR,12.8716,77.2946,5.477,3.311,6.4,238.8,SYNTHETIC DATA — PIPELINE/CONSTRAINT VERIFICATION ONLY
11,BLR_r2_c1,BLR,12.8716,77.3946,5.22,3.156,6.1,238.8,SYNTHETIC DATA — PIPELINE/CONSTRAINT VERIFICATION ONLY
11,BLR_r2_c2,BLR,12.8716,77.4946,4.964,3.001,5.8,238.8,SYNTHETIC DATA — PIPELINE/CONSTRAINT VERIFICATION ONLY
11,BLR_r2_c3,BLR,12.8716,77.5946,4.707,2.845,5.5,238.8,SYNTHETIC DATA — PIPELINE/CONSTRAINT VERIFICATION ONLY
11,BLR_r2_c4,BLR,12.8716,77.6946,4.45,2.69,5.2,238.8,SYNTHETIC DATA — PIPELINE/CONSTRAINT VERIFICATION ONLY
11,BLR_r2_c5,BLR,12.8716,77.7946,4.193,2.535,4.9,238.8,SYNTHETIC DATA — PIPELINE/CONSTRAINT VERIFICATION ONLY
11,BLR_r2_c6,BLR,12.8716,77.8946,3.937,2.38,4.6,238.8,SYNTHETIC DATA — PIPELINE/CONSTRAINT VERIFICATION ONLY
11,BLR_r3_c0,BLR,12.9716,77.2946,5.66,3.586,6.7,237.6,SYNTHETIC DATA — PIPELINE/CONSTRAINT VERIFICATION ONLY
11,BLR_r3_c1,BLR,12.9716,77.3946,5.406,3.425,6.4,237.6,SYNTHETIC DATA — PIPELINE/CONSTRAINT VERIFICATION ONLY
11,BLR_r3_c2,BLR,12.9716,77.4946,5.153,3.264,6.1,237.6,SYNTHETIC DATA — PIPELINE/CONSTRAINT VERIFICATION ONLY
11,BLR_r3_c3,BLR,12.9716,77.5946,4.9,3.104,5.8,237.6,SYNTHETIC DATA — PIPELINE/CONSTRAINT VERIFICATION ONLY
11,BLR_r3_c4,BLR,12.9716,77.6946,4.646,2.943,5.5,237.6,SYNTHETIC DATA — PIPELINE/CONSTRAINT VERIFICATION ONLY
11,BLR_r3_c5,BLR,12.9716,77.7946,4.393,2.783,5.2,237.6,SYNTHETIC DATA — PIPELINE/CONSTRAINT VERIFICATION ONLY
11,BLR_r3_c6,BLR,12.9716,77.8946,4.139,2.622,4.9,237.6,SYNTHETIC DATA — PIPELINE/CONSTRAINT VERIFICATION ONLY
11,BLR_r4_c0,BLR,13.0716,77.2946,6.069,3.489,7.0,240.1,SYNTHETIC DATA — PIPELINE/CONSTRAINT VERIFICATION ONLY
11,BLR_r4_c1,BLR,13.0716,77.3946,5.808,3.339,6.7,240.1,SYNTHETIC DATA — PIPELINE/CONSTRAINT VERIFICATION ONLY
11,BLR_r4_c2,BLR,13.0716,77.4946,5.548,3.19,6.4,240.1,SYNTHETIC DATA — PIPELINE/CONSTRAINT VERIFICATION ONLY
11,BLR_r4_c3,BLR,13.0716,77.5946,5.288,3.04,6.1,240.1,SYNTHETIC DATA — PIPELINE/CONSTRAINT VERIFICATION ONLY
11,BLR_r4_c4,BLR,13.0716,77.6946,5.028,2.891,5.8,240.1,SYNTHETIC DATA — PIPELINE/CONSTRAINT VERIFICATION ONLY
11,BLR_r4_c5,BLR,13.0716,77.7946,4.768,2.741,5.5,240.1,SYNTHETIC DATA — PIPELINE/CONSTRAINT VERIFICATION ONLY
11,BLR_r4_c6,BLR,13.0716,77.8946,4.508,2.592,5.2,240.1,SYNTHETIC DATA — PIPELINE/CONSTRAINT VERIFICATION ONLY
11,BLR_r5_c0,BLR,13.1716,77.2946,6.649,3.013,7.3,245.6,SYNTHETIC DATA — PIPELINE/CONSTRAINT VERIFICATION ONLY
11,BLR_r5_c1,BLR,13.1716,77.3946,6.376,2.89,7.0,245.6,SYNTHETIC DATA — PIPELINE/CONSTRAINT VERIFICATION ONLY
11,BLR_r5_c2,BLR,13.1716,77.4946,6.103,2.766,6.7,245.6,SYNTHETIC DATA — PIPELINE/CONSTRAINT VERIFICATION ONLY
11,BLR_r5_c3,BLR,13.1716,77.5946,5.829,2.642,6.4,245.6,SYNTHETIC DATA — PIPELINE/CONSTRAINT VERIFICATION ONLY
11,BLR_r5_c4,BLR,13.1716,77.6946,5.556,2.518,6.1,245.6,SYNTHETIC DATA — PIPELINE/CONSTRAINT VERIFICATION ONLY
11,BLR_r5_c5,BLR,13.1716,77.7946,5.283,2.394,5.8,245.6,SYNTHETIC DATA — PIPELINE/CONSTRAINT VERIFICATION ONLY
11,BLR_r5_c6,BLR,13.1716,77.8946,5.01,2.27,5.5,245.6,SYNTHETIC DATA — PIPELINE/CONSTRAINT VERIFICATION ONLY
11,BLR_r6_c0,BLR,13.2716,77.2946,7.262,2.242,7.6,252.8,SYNTHETIC DATA — PIPELINE/CONSTRAINT VERIFICATION ONLY
11,BLR_r6_c1,BLR,13.2716,77.3946,6.975,2.154,7.3,252.8,SYNTHETIC DATA — PIPELINE/CONSTRAINT VERIFICATION ONLY
11,BLR_r6_c2,BLR,13.2716,77.4946,6.688,2.065,7.0,252.8,SYNTHETIC DATA — PIPELINE/CONSTRAINT VERIFICATION ONLY
11,BLR_r6_c3,BLR,13.2716,77.5946,6.402,1.977,6.7,252.8,SYNTHETIC DATA — PIPELINE/CONSTRAINT VERIFICATION ONLY
11,BLR_r6_c4,BLR,13.2716,77.6946,6.115,1.888,6.4,252.8,SYNTHETIC DATA — PIPELINE/CONSTRAINT VERIFICATION ONLY
11,BLR_r6_c5,BLR,13.2716,77.7946,5.828,1.8,6.1,252.8,SYNTHETIC DATA — PIPELINE/CONSTRAINT VERIFICATION ONLY
11,BLR_r6_c6,BLR,13.2716,77.8946,5.542,1.711,5.8,252.8,SYNTHETIC DATA — PIPELINE/CONSTRAINT VERIFICATION ONLY
11,MAA_r0_c0,MAA,12.7827,79.9707,-5.442,2.005,5.8,110.2,SYNTHETIC DATA — PIPELINE/CONSTRAINT VERIFICATION ONLY
11,MAA_r0_c1,MAA,12.7827,80.0707,-5.161,1.901,5.5,110.2,SYNTHETIC DATA — PIPELINE/CONSTRAINT VERIFICATION ONLY
11,MAA_r0_c2,MAA,12.7827,80.1707,-4.879,1.797,5.2,110.2,SYNTHETIC DATA — PIPELINE/CONSTRAINT VERIFICATION ONLY
11,MAA_r0_c3,MAA,12.7827,80.2707,-4.598,1.694,4.9,110.2,SYNTHETIC DATA — PIPELINE/CONSTRAINT VERIFICATION ONLY
11,MAA_r0_c4,MAA,12.7827,80.3707,-4.316,1.59,4.6,110.2,SYNTHETIC DATA — PIPELINE/CONSTRAINT VERIFICATION ONLY
11,MAA_r0_c5,MAA,12.7827,80.4707,-4.035,1.486,4.3,110.2,SYNTHETIC DATA — PIPELINE/CONSTRAINT VERIFICATION ONLY
11,MAA_r0_c6,MAA,12.7827,80.5707,-3.753,1.383,4.0,110.2,SYNTHETIC DATA — PIPELINE/CONSTRAINT VERIFICATION ONLY
11,MAA_r1_c0,MAA,12.8827,79.9707,-5.934,1.415,6.1,103.4,SYNTHETIC DATA — PIPELINE/CONSTRAINT VERIFICATION ONLY
11,MAA_r1_c1,MAA,12.8827,80.0707,-5.642,1.345,5.8,103.4,SYNTHETIC DATA — PIPELINE/CONSTRAINT VERIFICATION ONLY
11,MAA_r1_c2,MAA,12.8827,80.1707,-5.35,1.276,5.5,103.4,SYNTHETIC DATA — PIPELINE/CONSTRAINT VERIFICATION ONLY
11,MAA_r1_c3,MAA,12.8827,80.2707,-5.058,1.206,5.2,103.4,SYNTHETIC DATA — PIPELINE/CONSTRAINT VERIFICATION ONLY
11,MAA_r1_c4,MAA,12.8827,80.3707,-4.766,1.136,4.9,103.4,SYNTHETIC DATA — PIPELINE/CONSTRAINT VERIFICATION ONLY
11,MAA_r1_c5,MAA,12.8827,80.4707,-4.475,1.067,4.6,103.4,SYNTHETIC DATA — PIPELINE/CONSTRAINT VERIFICATION ONLY
11,MAA_r1_c6,MAA,12.8827,80.5707,-4.183,0.997,4.3,103.4,SYNTHETIC DATA — PIPELINE/CONSTRAINT VERIFICATION ONLY
11,MAA_r2_c0,MAA,12.9827,79.9707,-6.324,0.984,6.4,98.8,SYNTHETIC DATA — PIPELINE/CONSTRAINT VERIFICATION ONLY
11,MAA_r2_c1,MAA,12.9827,80.0707,-6.027,0.938,6.1,98.8,SYNTHETIC DATA — PIPELINE/CONSTRAINT VERIFICATION ONLY
11,MAA_r2_c2,MAA,12.9827,80.1707,-5.731,0.892,5.8,98.8,SYNTHETIC DATA — PIPELINE/CONSTRAINT VERIFICATION ONLY
11,MAA_r2_c3,MAA,12.9827,80.2707,-5.435,0.846,5.5,98.8,SYNTHETIC DATA — PIPELINE/CONSTRAINT VERIFICATION ONLY
11,MAA_r2_c4,MAA,12.9827,80.3707,-5.138,0.8,5.2,98.8,SYNTHETIC DATA — PIPELINE/CONSTRAINT VERIFICATION ONLY
11,MAA_r2_c5,MAA,12.9827,80.4707,-4.842,0.753,4.9,98.8,SYNTHETIC DATA — PIPELINE/CONSTRAINT VERIFICATION ONLY
11,MAA_r2_c6,MAA,12.9827,80.5707,-4.545,0.707,4.6,98.8,SYNTHETIC DATA — PIPELINE/CONSTRAINT VERIFICATION ONLY
11,MAA_r3_c0,MAA,13.0827,79.9707,-6.64,0.891,6.7,97.6,SYNTHETIC DATA — PIPELINE/CONSTRAINT VERIFICATION ONLY
11,MAA_r3_c1,MAA,13.0827,80.0707,-6.343,0.852,6.4,97.6,SYNTHETIC DATA — PIPELINE/CONSTRAINT VERIFICATION ONLY
11,MAA_r3_c2,MAA,13.0827,80.1707,-6.046,0.812,6.1,97.6,SYNTHETIC DATA — PIPELINE/CONSTRAINT VERIFICATION ONLY
11,MAA_r3_c3,MAA,13.0827,80.2707,-5.748,0.772,5.8,97.6,SYNTHETIC DATA — PIPELINE/CONSTRAINT VERIFICATION ONLY
11,MAA_r3_c4,MAA,13.0827,80.3707,-5.451,0.732,5.5,97.6,SYNTHETIC DATA — PIPELINE/CONSTRAINT VERIFICATION ONLY
11,MAA_r3_c5,MAA,13.0827,80.4707,-5.154,0.692,5.2,97.6,SYNTHETIC DATA — PIPELINE/CONSTRAINT VERIFICATION ONLY
11,MAA_r3_c6,MAA,13.0827,80.5707,-4.856,0.652,4.9,97.6,SYNTHETIC DATA — PIPELINE/CONSTRAINT VERIFICATION ONLY
11,MAA_r4_c0,MAA,13.1827,79.9707,-6.891,1.228,7.0,100.1,SYNTHETIC DATA — PIPELINE/CONSTRAINT VERIFICATION ONLY
11,MAA_r4_c1,MAA,13.1827,80.0707,-6.596,1.175,6.7,100.1,SYNTHETIC DATA — PIPELINE/CONSTRAINT VERIFICATION ONLY
11,MAA_r4_c2,MAA,13.1827,80.1707,-6.301,1.123,6.4,100.1,SYNTHETIC DATA — PIPELINE/CONSTRAINT VERIFICATION ONLY
11,MAA_r4_c3,MAA,13.1827,80.2707,-6.005,1.07,6.1,100.1,SYNTHETIC DATA — PIPELINE/CONSTRAINT VERIFICATION ONLY
11,MAA_r4_c4,MAA,13.1827,80.3707,-5.71,1.018,5.8,100.1,SYNTHETIC DATA — PIPELINE/CONSTRAINT VERIFICATION ONLY
11,MAA_r4_c5,MAA,13.1827,80.4707,-5.415,0.965,5.5,100.1,SYNTHETIC DATA — PIPELINE/CONSTRAINT VERIFICATION ONLY
11,MAA_r4_c6,MAA,13.1827,80.5707,-5.119,0.912,5.2,100.1,SYNTHETIC DATA — PIPELINE/CONSTRAINT VERIFICATION ONLY
11,MAA_r5_c0,MAA,13.2827,79.9707,-7.03,1.965,7.3,105.6,SYNTHETIC DATA — PIPELINE/CONSTRAINT VERIFICATION ONLY
11,MAA_r5_c1,MAA,13.2827,80.0707,-6.742,1.885,7.0,105.6,SYNTHETIC DATA — PIPELINE/CONSTRAINT VERIFICATION ONLY
11,MAA_r5_c2,MAA,13.2827,80.1707,-6.453,1.804,6.7,105.6,SYNTHETIC DATA — PIPELINE/CONSTRAINT VERIFICATION ONLY
11,MAA_r5_c3,MAA,13.2827,80.2707,-6.164,1.723,6.4,105.6,SYNTHETIC DATA — PIPELINE/CONSTRAINT VERIFICATION ONLY
11,MAA_r5_c4,MAA,13.2827,80.3707,-5.875,1.642,6.1,105.6,SYNTHETIC DATA — PIPELINE/CONSTRAINT VERIFICATION ONLY
11,MAA_r5_c5,MAA,13.2827,80.4707,-5.586,1.562,5.8,105.6,SYNTHETIC DATA — PIPELINE/CONSTRAINT VERIFICATION ONLY
11,MAA_r5_c6,MAA,13.2827,80.5707,-5.297,1.481,5.5,105.6,SYNTHETIC DATA — PIPELINE/CONSTRAINT VERIFICATION ONLY
11,MAA_r6_c0,MAA,13.3827,79.9707,-7.004,2.95,7.6,112.8,SYNTHETIC DATA — PIPELINE/CONSTRAINT VERIFICATION ONLY
11,MAA_r6_c1,MAA,13.3827,80.0707,-6.728,2.834,7.3,112.8,SYNTHETIC DATA — PIPELINE/CONSTRAINT VERIFICATION ONLY
11,MAA_r6_c2,MAA,13.3827,80.1707,-6.451,2.717,7.0,112.8,SYNTHETIC DATA — PIPELINE/CONSTRAINT VERIFICATION ONLY
11,MAA_r6_c3,MAA,13.3827,80.2707,-6.175,2.601,6.7,112.8,SYNTHETIC DATA — PIPELINE/CONSTRAINT VERIFICATION ONLY
11,MAA_r6_c4,MAA,13.3827,80.3707,-5.898,2.484,6.4,112.8,SYNTHETIC DATA — PIPELINE/CONSTRAINT VERIFICATION ONLY
11,MAA_r6_c5,MAA,13.3827,80.4707,-5.622,2.368,6.1,112.8,SYNTHETIC DATA — PIPELINE/CONSTRAINT VERIFICATION ONLY
11,MAA_r6_c6,MAA,13.3827,80.5707,-5.345,2.251,5.8,112.8,SYNTHETIC DATA — PIPELINE/CONSTRAINT VERIFICATION ONLY
