timestamp_hour,grid_id,city_id,city_name,pm25_concentration,synthetic_aqi,is_source_candidate,data_label
0,DEL_r0_c0,DEL,Delhi,105.53,137,False,SYNTHETIC DATA — PIPELINE/CONSTRAINT VERIFICATION ONLY
0,DEL_r0_c1,DEL,Delhi,111.66,145,False,SYNTHETIC DATA — PIPELINE/CONSTRAINT VERIFICATION ONLY
0,DEL_r0_c2,DEL,Delhi,119.6,155,False,SYNTHETIC DATA — PIPELINE/CONSTRAINT VERIFICATION ONLY
0,DEL_r0_c3,DEL,Delhi,124.27,161,False,SYNTHETIC DATA — PIPELINE/CONSTRAINT VERIFICATION ONLY
0,DEL_r0_c4,DEL,Delhi,116.95,152,False,SYNTHETIC DATA — PIPELINE/CONSTRAINT VERIFICATION ONLY
0,DEL_r0_c5,DEL,Delhi,111.37,144,False,SYNTHETIC DATA — PIPELINE/CONSTRAINT VERIFICATION ONLY
0,DEL_r0_c6,DEL,Delhi,108.78,141,False,SYNTHETIC DATA — PIPELINE/CONSTRAINT VERIFICATION ONLY
0,DEL_r1_c0,DEL,Delhi,114.37,148,False,SYNTHETIC DATA — PIPELINE/CONSTRAINT VERIFICATION ONLY
0,DEL_r1_c1,DEL,Delhi,120.45,156,False,SYNTHETIC DATA — PIPELINE/CONSTRAINT VERIFICATION ONLY
0,DEL_r1_c2,DEL,Delhi,130.95,170,False,SYNTHETIC DATA — PIPELINE/CONSTRAINT VERIFICATION ONLY
0,DEL_r1_c3,DEL,Delhi,130.91,170,False,SYNTHETIC DATA — PIPELINE/CONSTRAINT VERIFICATION ONLY
0,DEL_r1_c4,DEL,Delhi,127.93,166,False,SYNTHETIC DATA — PIPELINE/CONSTRAINT VERIFICATION ONLY
0,DEL_r1_c5,DEL,Delhi,122.59,159,False,SYNTHETIC DATA — PIPELINE/CONSTRAINT VERIFICATION ONLY
0,DEL_r1_c6,DEL,Delhi,106.33,138,False,SYNTHETIC DATA — PIPELINE/CONSTRAINT VERIFICATION ONLY
0,DEL_r2_c0,DEL,Delhi,112.48,146,False,SYNTHETIC DATA — PIPELINE/CONSTRAINT VERIFICATION ONLY
0,DEL_r2_c1,DEL,Delhi,127.64,165,False,SYNTHETIC DATA — PIPELINE/CONSTRAINT VERIFICATION ONLY
0,DEL_r2_c2,DEL,Delhi,136.64,177,False,SYNTHETIC DATA — PIPELINE/CONSTRAINT VERIFICATION ONLY
0,DEL_r2_c3,DEL,Delhi,145.84,189,False,SYNTHETIC DATA — PIPELINE/CONSTRAINT VERIFICATION ONLY
0,DEL_r2_c4,DEL,Delhi,136.96,178,False,SYNTHETIC DATA — PIPELINE/CONSTRAINT VERIFICATION ONLY
0,DEL_r2_c5,DEL,Delhi,125.09,162,False,SYNTHETIC DATA — PIPELINE/CONSTRAINT VERIFICATION ONLY
0,DEL_r2_c6,DEL,Delhi,122.05,158,False,SYNTHETIC DATA — PIPELINE/CONSTRAINT VERIFICATION ONLY
0,DEL_r3_c0,DEL,Delhi,119.02,154,False,SYNTHETIC DATA — PIPELINE/CONSTRAINT VERIFICATION ONLY
0,DEL_r3_c1,DEL,Delhi,132.5,172,False,SYNTHETIC DATA — PIPELINE/CONSTRAINT VERIFICATION ONLY
0,DEL_r3_c2,DEL,Delhi,140.63,182,False,SYNTHETIC DATA — PIPELINE/CONSTRAINT VERIFICATION ONLY
0,DEL_r3_c3,DEL,Delhi,155.87,202,True,SYNTHETIC DATA — PIPELINE/CONSTRAINT VERIFICATION ONLY
0,DEL_r3_c4,DEL,Delhi,145.23,188,False,SYNTHETIC DATA — PIPELINE/CONSTRAINT VERIFICATION ONLY
0,DEL_r3_c5,DEL,Delhi,128.85,167,False,SYNTHETIC DATA — PIPELINE/CONSTRAINT VERIFICATION ONLY
0,DEL_r3_c6,DEL,Delhi,120.83,157,False,SYNTHETIC DATA — PIPELINE/CONSTRAINT VERIFICATION ONLY
0,DEL_r4_c0,DEL,Delhi,115.85,150,False,SYNTHETIC DATA — PIPELINE/CONSTRAINT VERIFICATION ONLY
0,DEL_r4_c1,DEL,Delhi,128.45,166,False,SYNTHETIC DATA — PIPELINE/CONSTRAINT VERIFICATION ONLY
0,DEL_r4_c2,DEL,Delhi,137.88,179,False,SYNTHETIC DATA — PIPELINE/CONSTRAINT VERIFICATION ONLY
0,DEL_r4_c3,DEL,Delhi,150.46,195,False,SYNTHETIC DATA — PIPELINE/CONSTRAINT VERIFICATION ONLY
0,DEL_r4_c4,DEL,Delhi,139.64,181,False,SYNTHETIC DATA — PIPELINE/CONSTRAINT VERIFICATION ONLY
0,DEL_r4_c5,DEL,Delhi,126.15,163,False,SYNTHETIC DATA — PIPELINE/CONSTRAINT VERIFICATION ONLY
0,DEL_r4_c6,DEL,Delhi,120.12,156,False,SYNTHETIC DATA — PIPELINE/CONSTRAINT VERIFICATION ONLY
0,DEL_r5_c0,DEL,Delhi,108.41,140,False,SYNTHETIC DATA — PIPELINE/CONSTRAINT VERIFICATION ONLY
0,DEL_r5_c1,DEL,Delhi,122.49,159,False,SYNTHETIC DATA — PIPELINE/CONSTRAINT VERIFICATION ONLY
0,DEL_r5_c2,DEL,Delhi,123.45,160,False,SYNTHETIC DATA — PIPELINE/CONSTRAINT VERIFICATION ONLY
0,DEL_r5_c3,DEL,Delhi,128.32,166,False,SYNTHETIC DATA — PIPELINE/CONSTRAINT VERIFICATION ONLY
0,DEL_r5_c4,DEL,Delhi,129.92,168,False,SYNTHETIC DATA — PIPELINE/CONSTRAINT VERIFICATION ONLY
0,DEL_r5_c5,DEL,Delhi,124.08,161,False,SYNTHETIC DATA — PIPELINE/CONSTRAINT VERIFICATION ONLY
0,DEL_r5_c6,DEL,Delhi,112.58,146,False,SYNTHETIC DATA — PIPELINE/CONSTRAINT VERIFICATION ONLY
0,DEL_r6_c0,DEL,Delhi,103.7,134,False,SYNTHETIC DATA — PIPELINE/CONSTRAINT VERIFICATION ONLY
0,DEL_r6_c1,DEL,Delhi,111.17,144,False,SYNTHETIC DATA — PIPELINE/CONSTRAINT VERIFICATION ONLY
0,DEL_r6_c2,DEL,Delhi,113.22,147,False,SYNTHETIC DATA — PIPELINE/CONSTRAINT VERIFICATION ONLY
0,DEL_r6_c3,DEL,Delhi,117.54,152,False,SYNTHETIC DATA — PIPELINE/CONSTRAINT VERIFICATION ONLY
0,DEL_r6_c4,DEL,Delhi,116.27,151,False,SYNTHETIC DATA — PIPELINE/CONSTRAINT VERIFICATION ONLY
0,DEL_r6_c5,DEL,Delhi,115.24,149,False,SYNTHETIC DATA — PIPELINE/CONSTRAINT VERIFICATION ONLY
0,DEL_r6_c6,DEL,Delhi,105.07,136,False,SYNTHETIC DATA — PIPELINE/CONSTRAINT VERIFICATION ONLY
0,BOM_r0_c0,BOM,Mumbai,46.73,60,False,SYNTHETIC DATA — PIPELINE/CONSTRAINT VERIFICATION ONLY
0,BOM_r0_c1,BOM,Mumbai,57.01,74,False,SYNTHETIC DATA — PIPELINE/CONSTRAINT VERIFICATION ONLY
0,BOM_r0_c2,BOM,Mumbai,57.67,74,False,SYNTHETIC DATA — PIPELINE/CONSTRAINT VERIFICATION ONLY
0,BOM_r0_c3,BOM,Mumbai,57.82,75,False,SYNTHETIC DATA — PIPELINE/CONSTRAINT VERIFICATION ONLY
0,BOM_r0_c4,BOM,Mumbai,60.66,78,False,SYNTHETIC DATA — PIPELINE/CONSTRAINT VERIFICATION ONLY
0,BOM_r0_c5,BOM,Mumbai,59.13,76,False,SYNTHETIC DATA — PIPELINE/CONSTRAINT VERIFICATION ONLY
0,BOM_r0_c6,BOM,Mumbai,54.82,71,False,SYNTHETIC DATA — PIPELINE/CONSTRAINT VERIFICATION ONLY
0,BOM_r1_c0,BOM,Mumbai,53.52,69,False,SYNTHETIC DATA — PIPELINE/CONSTRAINT VERIFICATION ONLY
0,BOM_r1_c1,BOM,Mumbai,60.0,78,False,SYNTHETIC DATA — PIPELINE/CONSTRAINT VERIFICATION ONLY
0,BOM_r1_c2,BOM,Mumbai,65.66,85,False,SYNTHETIC DATA — PIPELINE/CONSTRAINT VERIFICATION ONLY
0,BOM_r1_c3,BOM,Mumbai,69.08,89,False,SYNTHETIC DATA — PIPELINE/CONSTRAINT VERIFICATION ONLY
0,BOM_r1_c4,BOM,Mumbai,63.23,82,False,SYNTHETIC DATA — PIPELINE/CONSTRAINT VERIFICATION ONLY
0,BOM_r1_c5,BOM,Mumbai,60.37,78,False,SYNTHETIC DATA — PIPELINE/CONSTRAINT VERIFICATION ONLY
0,BOM_r1_c6,BOM,Mumbai,52.72,68,False,SYNTHETIC DATA — PIPELINE/CONSTRAINT VERIFICATION ONLY
0,BOM_r2_c0,BOM,Mumbai,55.24,71,False,SYNTHETIC DATA — PIPELINE/CONSTRAINT VERIFICATION ONLY
0,BOM_r2_c1,BOM,Mumbai,67.1,87,False,SYNTHETIC DATA — PIPELINE/CONSTRAINT VERIFICATION ONLY
0,BOM_r2_c2,BOM,Mumbai,73.91,96,False,SYNTHETIC DATA — PIPELINE/CONSTRAINT VERIFICATION ONLY
0,BOM_r2_c3,BOM,Mumbai,72.23,93,False,SYNTHETIC DATA — PIPELINE/CONSTRAINT VERIFICATION ONLY
0,BOM_r2_c4,BOM,Mumbai,72.85,94,False,SYNTHETIC DATA — PIPELINE/CONSTRAINT VERIFICATION ONLY
0,BOM_r2_c5,BOM,Mumbai,65.75,85,False,SYNTHETIC DATA — PIPELINE/CONSTRAINT VERIFICATION ONLY
0,BOM_r2_c6,BOM,Mumbai,56.89,73,False,SYNTHETIC DATA — PIPELINE/CONSTRAINT VERIFICATION ONLY
0,BOM_r3_c0,BOM,Mumbai,60.93,79,False,SYNTHETIC DATA — PIPELINE/CONSTRAINT VERIFICATION ONLY
0,BOM_r3_c1,BOM,Mumbai,70.76,91,False,SYNTHETIC DATA — PIPELINE/CONSTRAINT VERIFICATION ONLY
0,BOM_r3_c2,BOM,Mumbai,72.34,94,False,SYNTHETIC DATA — PIPELINE/CONSTRAINT VERIFICATION ONLY
0,BOM_r3_c3,BOM,Mumbai,83.44,108,True,SYNTHETIC DATA — PIPELINE/CONSTRAINT VERIFICATION ONLY
0,BOM_r3_c4,BOM,Mumbai,64.59,83,False,SYNTHETIC DATA — PIPELINE/CONSTRAINT VERIFICATION ONLY
0,BOM_r3_c5,BOM,Mumbai,68.62,89,False,SYNTHETIC DATA — PIPELINE/CONSTRAINT VERIFICATION ONLY
0,BOM_r3_c6,BOM,Mumbai,60.11,78,False,SYNTHETIC DATA — PIPELINE/CONSTRAINT VERIFICATION ONLY
0,BOM_r4_c0,BOM,Mumbai,57.93,75,False,SYNTHETIC DATA — PIPELINE/CONSTRAINT VERIFICATION ONLY
0,BOM_r4_c1,BOM,Mumbai,64.94,84,False,SYNTHETIC DATA — PIPELINE/CONSTRAINT VERIFICATION ONLY
0,BOM_r4_c2,BOM,Mumbai,63.88,83,False,SYNTHETIC DATA — PIPELINE/CONSTRAINT VERIFICATION ONLY
0,BOM_r4_c3,BOM,Mumbai,71.79,93,False,SYNTHETIC DATA — PIPELINE/CONSTRAINT VERIFICATION ONLY
0,BOM_r4_c4,BOM,Mumbai,70.91,92,False,SYNTHETIC DATA — PIPELINE/CONSTRAINT VERIFICATION ONLY
0,BOM_r4_c5,BOM,Mumbai,69.1,89,False,SYNTHETIC DATA — PIPELINE/CONSTRAINT VERIFICATION ONLY
0,BOM_r4_c6,BOM,Mumbai,57.27,74,False,SYNTHETIC DATA — PIPELINE/CONSTRAINT VERIFICATION ONLY
0,BOM_r5_c0,BOM,Mumbai,53.61,69,False,SYNTHETIC DATA — PIPELINE/CONSTRAINT VERIFICATION ONLY
0,BOM_r5_c1,BOM,Mumbai,59.43,77,False,SYNTHETIC DATA — PIPELINE/CONSTRAINT VERIFICATION ONLY
0,BOM_r5_c2,BOM,Mumbai,67.41,87,False,SYNTHETIC DATA — PIPELINE/CONSTRAINT VERIFICATION ONLY
0,BOM_r5_c3,BOM,Mumbai,67.14,87,False,SYNTHETIC DATA — PIPELINE/CONSTRAINT VERIFICATION ONLY
0,BOM_r5_c4,BOM,Mumbai,63.07,81,False,SYNTHETIC DATA — PIPELINE/CONSTRAINT VERIFICATION ONLY
0,BOM_r5_c5,BOM,Mumbai,62.47,81,False,SYNTHETIC DATA — PIPELINE/CONSTRAINT VERIFICATION ONLY
0,BOM_r5_c6,BOM,Mumbai,56.33,73,False,SYNTHETIC DATA — PIPELINE/CONSTRAINT VERIFICATION ONLY
0,BOM_r6_c0,BOM,Mumbai,54.93,71,False,SYNTHETIC DATA — PIPELINE/CONSTRAINT VERIFICATION ONLY
0,BOM_r6_c1,BOM,Mumbai,53.93,70,False,SYNTHETIC DATA — PIPELINE/CONSTRAINT VERIFICATION ONLY
0,BOM_r6_c2,BOM,Mumbai,57.84,75,False,SYNTHETIC DATA — PIPELINE/CONSTRAINT VERIFICATION ONLY
0,BOM_r6_c3,BOM,Mumbai,58.67,76,False,SYNTHETIC DATA — PIPELINE/CONSTRAINT VERIFICATION ONLY
0,BOM_r6_c4,BOM,Mumbai,54.44,70,False,SYNTHETIC DATA — PIPELINE/CONSTRAINT VERIFICATION ONLY
0,BOM_r6_c5,BOM,Mumbai,56.92,73,False,SYNTHETIC DATA — PIPELINE/CONSTRAINT VERIFICATION ONLY
0,BOM_r6_c6,BOM,Mumbai,52.8,68,False,SYNTHETIC DATA — PIPELINE/CONSTRAINT VERIFICATION ONLY
0,LKO_r0_c0,LKO,Lucknow,92.5,120,False,SYNTHETIC DATA — PIPELINE/CONSTRAINT VERIFICATION ONLY
0,LKO_r0_c1,LKO,Lucknow,98.91,128,False,SYNTHETIC DATA — PIPELINE/CONSTRAINT VERIFICATION ONLY
0,LKO_r0_c2,LKO,Lucknow,100.34,130,False,SYNTHETIC DATA — PIPELINE/CONSTRAINT VERIFICATION ONLY
0,LKO_r0_c3,LKO,Lucknow,105.14,136,False,SYNTHETIC DATA — PIPELINE/CONSTRAINT VERIFICATION ONLY
0,LKO_r0_c4,LKO,Lucknow,103.55,134,False,SYNTHETIC DATA — PIPELINE/CONSTRAINT VERIFICATION ONLY
0,LKO_r0_c5,LKO,Lucknow,97.21,126,False,SYNTHETIC DATA — PIPELINE/CONSTRAINT VERIFICATION ONLY
0,LKO_r0_c6,LKO,Lucknow,92.0,119,False,SYNTHETIC DATA — PIPELINE/CONSTRAINT VERIFICATION ONLY
0,LKO_r1_c0,LKO,Lucknow,100.83,131,False,SYNTHETIC DATA — PIPELINE/CONSTRAINT VERIFICATION ONLY
0,LKO_r1_c1,LKO,Lucknow,113.98,148,False,SYNTHETIC DATA — PIPELINE/CONSTRAINT VERIFICATION ONLY
0,LKO_r1_c2,LKO,Lucknow,115.48,150,False,SYNTHETIC DATA — PIPELINE/CONSTRAINT VERIFICATION ONLY
0,LKO_r1_c3,LKO,Lucknow,118.37,153,False,SYNTHETIC DATA — PIPELINE/CONSTRAINT VERIFICATION ONLY
0,LKO_r1_c4,LKO,Lucknow,114.73,149,False,SYNTHETIC DATA — PIPELINE/CONSTRAINT VERIFICATION ONLY
0,LKO_r1_c5,LKO,Lucknow,102.57,133,False,SYNTHETIC DATA — PIPELINE/CONSTRAINT VERIFICATION ONLY
0,LKO_r1_c6,LKO,Lucknow,99.54,129,False,SYNTHETIC DATA — PIPELINE/CONSTRAINT VERIFICATION ONLY
0,LKO_r2_c0,LKO,Lucknow,104.76,136,False,SYNTHETIC DATA — PIPELINE/CONSTRAINT VERIFICATION ONLY
0,LKO_r2_c1,LKO,Lucknow,122.35,159,False,SYNTHETIC DATA — PIPELINE/CONSTRAINT VERIFICATION ONLY
0,LKO_r2_c2,LKO,Lucknow,123.58,160,False,SYNTHETIC DATA — PIPELINE/CONSTRAINT VERIFICATION ONLY
0,LKO_r2_c3,LKO,Lucknow,129.7,168,False,SYNTHETIC DATA — PIPELINE/CONSTRAINT VERIFICATION ONLY
0,LKO_r2_c4,LKO,Lucknow,124.06,161,False,SYNTHETIC DATA — PIPELINE/CONSTRAINT VERIFICATION ONLY
0,LKO_r2_c5,LKO,Lucknow,111.45,144,False,SYNTHETIC DATA — PIPELINE/CONSTRAINT VERIFICATION ONLY
0,LKO_r2_c6,LKO,Lucknow,108.01,140,False,SYNTHETIC DATA — PIPELINE/CONSTRAINT VERIFICATION ONLY
0,LKO_r3_c0,LKO,Lucknow,108.66,141,False,SYNTHETIC DATA — PIPELINE/CONSTRAINT VERIFICATION ONLY
0,LKO_r3_c1,LKO,Lucknow,119.97,155,False,SYNTHETIC DATA — PIPELINE/CONSTRAINT VERIFICATION ONLY
0,LKO_r3_c2,LKO,Lucknow,126.07,163,False,SYNTHETIC DATA — PIPELINE/CONSTRAINT VERIFICATION ONLY
0,LKO_r3_c3,LKO,Lucknow,144.21,187,True,SYNTHETIC DATA — PIPELINE/CONSTRAINT VERIFICATION ONLY
0,LKO_r3_c4,LKO,Lucknow,124.59,161,False,SYNTHETIC DATA — PIPELINE/CONSTRAINT VERIFICATION ONLY
0,LKO_r3_c5,LKO,Lucknow,119.36,155,False,SYNTHETIC DATA — PIPELINE/CONSTRAINT VERIFICATION ONLY
0,LKO_r3_c6,LKO,Lucknow,112.97,146,False,SYNTHETIC DATA — PIPELINE/CONSTRAINT VERIFICATION ONLY
0,LKO_r4_c0,LKO,Lucknow,101.61,132,False,SYNTHETIC DATA — PIPELINE/CONSTRAINT VERIFICATION ONLY
0,LKO_r4_c1,LKO,Lucknow,113.26,147,False,SYNTHETIC DATA — PIPELINE/CONSTRAINT VERIFICATION ONLY
0,LKO_r4_c2,LKO,Lucknow,124.46,161,False,SYNTHETIC DATA — PIPELINE/CONSTRAINT VERIFICATION ONLY
0,LKO_r4_c3,LKO,Lucknow,127.29,165,False,SYNTHETIC DATA — PIPELINE/CONSTRAINT VERIFICATION ONLY
0,LKO_r4_c4,LKO,Lucknow,119.51,155,False,SYNTHETIC DATA — PIPELINE/CONSTRAINT VERIFICATION ONLY
0,LKO_r4_c5,LKO,Lucknow,115.16,149,False,SYNTHETIC DATA — PIPELINE/CONSTRAINT VERIFICATION ONLY
0,LKO_r4_c6,LKO,Lucknow,101.4,131,False,SYNTHETIC DATA — PIPELINE/CONSTRAINT VERIFICATION ONLY
0,LKO_r5_c0,LKO,Lucknow,101.04,131,False,SYNTHETIC DATA — PIPELINE/CONSTRAINT VERIFICATION ONLY
0,LKO_r5_c1,LKO,Lucknow,105.56,137,False,SYNTHETIC DATA — PIPELINE/CONSTRAINT VERIFICATION ONLY
0,LKO_r5_c2,LKO,Lucknow,119.61,155,False,SYNTHETIC DATA — PIPELINE/CONSTRAINT VERIFICATION ONLY
0,LKO_r5_c3,LKO,Lucknow,115.25,149,False,SYNTHETIC DATA — PIPELINE/CONSTRAINT VERIFICATION ONLY
0,LKO_r5_c4,LKO,Lucknow,113.99,148,False,SYNTHETIC DATA — PIPELINE/CONSTRAINT VERIFICATION ONLY
0,LKO_r5_c5,LKO,Lucknow,110.76,143,False,SYNTHETIC DATA — PIPELINE/CONSTRAINT VERIFICATION ONLY
0,LKO_r5_c6,LKO,Lucknow,95.93,124,False,SYNTHETIC DATA — PIPELINE/CONSTRAINT VERIFICATION ONLY
0,LKO_r6_c0,LKO,Lucknow,93.16,121,False,SYNTHETIC DATA — PIPELINE/CONSTRAINT VERIFICATION ONLY
0,LKO_r6_c1,LKO,Lucknow,103.54,134,False,SYNTHETIC DATA — PIPELINE/CONSTRAINT VERIFICATION ONLY
0,LKO_r6_c2,LKO,Lucknow,99.76,129,False,SYNTHETIC DATA — PIPELINE/CONSTRAINT VERIFICATION ONLY
0,LKO_r6_c3,LKO,Lucknow,106.95,139,False,SYNTHETIC DATA — PIPELINE/CONSTRAINT VERIFICATION ONLY
0,LKO_r6_c4,LKO,Lucknow,105.36,136,False,SYNTHETIC DATA — PIPELINE/CONSTRAINT VERIFICATION ONLY
0,LKO_r6_c5,LKO,Lucknow,101.96,132,False,SYNTHETIC DATA — PIPELINE/CONSTRAINT VERIFICATION ONLY
0,LKO_r6_c6,LKO,Lucknow,88.77,115,False,SYNTHETIC DATA — PIPELINE/CONSTRAINT VERIFICATION ONLY
0,VNS_r0_c0,VNS,Varanasi,82.74,107,False,SYNTHETIC DATA — PIPELINE/CONSTRAINT VERIFICATION ONLY
0,VNS_r0_c1,VNS,Varanasi,94.96,123,False,SYNTHETIC DATA — PIPELINE/CONSTRAINT VERIFICATION ONLY
0,VNS_r0_c2,VNS,Varanasi,98.94,128,False,SYNTHETIC DATA — PIPELINE/CONSTRAINT VERIFICATION ONLY
0,VNS_r0_c3,VNS,Varanasi,100.5,130,False,SYNTHETIC DATA — PIPELINE/CONSTRAINT VERIFICATION ONLY
0,VNS_r0_c4,VNS,Varanasi,99.09,128,False,SYNTHETIC DATA — PIPELINE/CONSTRAINT VERIFICATION ONLY
0,VNS_r0_c5,VNS,Varanasi,91.35,118,False,SYNTHETIC DATA — PIPELINE/CONSTRAINT VERIFICATION ONLY
0,VNS_r0_c6,VNS,Varanasi,87.4,113,False,SYNTHETIC DATA — PIPELINE/CONSTRAINT VERIFICATION ONLY
0,VNS_r1_c0,VNS,Varanasi,94.27,122,False,SYNTHETIC DATA — PIPELINE/CONSTRAINT VERIFICATION ONLY
0,VNS_r1_c1,VNS,Varanasi,99.41,129,False,SYNTHETIC DATA — PIPELINE/CONSTRAINT VERIFICATION ONLY
0,VNS_r1_c2,VNS,Varanasi,113.37,147,False,SYNTHETIC DATA — PIPELINE/CONSTRAINT VERIFICATION ONLY
0,VNS_r1_c3,VNS,Varanasi,111.67,145,False,SYNTHETIC DATA — PIPELINE/CONSTRAINT VERIFICATION ONLY
0,VNS_r1_c4,VNS,Varanasi,104.2,135,False,SYNTHETIC DATA — PIPELINE/CONSTRAINT VERIFICATION ONLY
0,VNS_r1_c5,VNS,Varanasi,103.52,134,False,SYNTHETIC DATA — PIPELINE/CONSTRAINT VERIFICATION ONLY
0,VNS_r1_c6,VNS,Varanasi,90.47,117,False,SYNTHETIC DATA — PIPELINE/CONSTRAINT VERIFICATION ONLY
0,VNS_r2_c0,VNS,Varanasi,100.41,130,False,SYNTHETIC DATA — PIPELINE/CONSTRAINT VERIFICATION ONLY
0,VNS_r2_c1,VNS,Varanasi,111.25,144,False,SYNTHETIC DATA — PIPELINE/CONSTRAINT VERIFICATION ONLY
0,VNS_r2_c2,VNS,Varanasi,113.94,148,False,SYNTHETIC DATA — PIPELINE/CONSTRAINT VERIFICATION ONLY
0,VNS_r2_c3,VNS,Varanasi,123.64,160,False,SYNTHETIC DATA — PIPELINE/CONSTRAINT VERIFICATION ONLY
0,VNS_r2_c4,VNS,Varanasi,117.64,152,False,SYNTHETIC DATA — PIPELINE/CONSTRAINT VERIFICATION ONLY
0,VNS_r2_c5,VNS,Varanasi,110.24,143,False,SYNTHETIC DATA — PIPELINE/CONSTRAINT VERIFICATION ONLY
0,VNS_r2_c6,VNS,Varanasi,103.74,134,False,SYNTHETIC DATA — PIPELINE/CONSTRAINT VERIFICATION ONLY
0,VNS_r3_c0,VNS,Varanasi,99.01,128,False,SYNTHETIC DATA — PIPELINE/CONSTRAINT VERIFICATION ONLY
0,VNS_r3_c1,VNS,Varanasi,107.99,140,False,SYNTHETIC DATA — PIPELINE/CONSTRAINT VERIFICATION ONLY
0,VNS_r3_c2,VNS,Varanasi,118.08,153,False,SYNTHETIC DATA — PIPELINE/CONSTRAINT VERIFICATION ONLY
0,VNS_r3_c3,VNS,Varanasi,128.8,167,True,SYNTHETIC DATA — PIPELINE/CONSTRAINT VERIFICATION ONLY
0,VNS_r3_c4,VNS,Varanasi,120.52,156,False,SYNTHETIC DATA — PIPELINE/CONSTRAINT VERIFICATION ONLY
0,VNS_r3_c5,VNS,Varanasi,111.27,144,False,SYNTHETIC DATA — PIPELINE/CONSTRAINT VERIFICATION ONLY
0,VNS_r3_c6,VNS,Varanasi,100.58,130,False,SYNTHETIC DATA — PIPELINE/CONSTRAINT VERIFICATION ONLY
0,VNS_r4_c0,VNS,Varanasi,100.53,130,False,SYNTHETIC DATA — PIPELINE/CONSTRAINT VERIFICATION ONLY
0,VNS_r4_c1,VNS,Varanasi,107.81,140,False,SYNTHETIC DATA — PIPELINE/CONSTRAINT VERIFICATION ONLY
0,VNS_r4_c2,VNS,Varanasi,120.76,156,False,SYNTHETIC DATA — PIPELINE/CONSTRAINT VERIFICATION ONLY
0,VNS_r4_c3,VNS,Varanasi,119.96,155,False,SYNTHETIC DATA — PIPELINE/CONSTRAINT VERIFICATION ONLY
0,VNS_r4_c4,VNS,Varanasi,124.56,161,False,SYNTHETIC DATA — PIPELINE/CONSTRAINT VERIFICATION ONLY
0,VNS_r4_c5,VNS,Varanasi,109.65,142,False,SYNTHETIC DATA — PIPELINE/CONSTRAINT VERIFICATION ONLY
0,VNS_r4_c6,VNS,Varanasi,95.47,124,False,SYNTHETIC DATA — PIPELINE/CONSTRAINT VERIFICATION ONLY
0,VNS_r5_c0,VNS,Varanasi,90.18,117,False,SYNTHETIC DATA — PIPELINE/CONSTRAINT VERIFICATION ONLY
0,VNS_r5_c1,VNS,Varanasi,103.0,133,False,SYNTHETIC DATA — PIPELINE/CONSTRAINT VERIFICATION ONLY
0,VNS_r5_c2,VNS,Varanasi,107.1,139,False,SYNTHETIC DATA — PIPELINE/CONSTRAINT VERIFICATION ONLY
0,VNS_r5_c3,VNS,Varanasi,112.39,146,False,SYNTHETIC DATA — PIPELINE/CONSTRAINT VERIFICATION ONLY
0,VNS_r5_c4,VNS,Varanasi,109.19,141,False,SYNTHETIC DATA — PIPELINE/CONSTRAINT VERIFICATION ONLY
0,VNS_r5_c5,VNS,Varanasi,101.33,131,False,SYNTHETIC DATA — PIPELINE/CONSTRAINT VERIFICATION ONLY
0,VNS_r5_c6,VNS,Varanasi,90.85,118,False,SYNTHETIC DATA — PIPELINE/CONSTRAINT VERIFICATION ONLY
0,VNS_r6_c0,VNS,Varanasi,82.16,106,False,SYNTHETIC DATA — PIPELINE/CONSTRAINT VERIFICATION ONLY
0,VNS_r6_c1,VNS,Varanasi,92.05,119,False,SYNTHETIC DATA — PIPELINE/CONSTRAINT VERIFICATION ONLY
0,VNS_r6_c2,VNS,Varanasi,100.62,130,False,SYNTHETIC DATA — PIPELINE/CONSTRAINT VERIFICATION ONLY
0,VNS_r6_c3,VNS,Varanasi,100.39,130,False,SYNTHETIC DATA — PIPELINE/CONSTRAINT VERIFICATION ONLY
0,VNS_r6_c4,VNS,Varanasi,94.31,122,False,SYNTHETIC DATA — PIPELINE/CONSTRAINT VERIFICATION ONLY
0,VNS_r6_c5,VNS,Varanasi,93.91,122,False,SYNTHETIC DATA — PIPELINE/CONSTRAINT VERIFICATION ONLY
0,VNS_r6_c6,VNS,Varanasi,87.86,114,False,SYNTHETIC DATA — PIPELINE/CONSTRAINT VERIFICATION ONLY
0,JAI_r0_c0,JAI,Jaipur,60.93,79,False,SYNTHETIC DATA — PIPELINE/CONSTRAINT VERIFICATION ONLY
0,JAI_r0_c1,JAI,Jaipur,68.95,89,False,SYNTHETIC DATA — PIPELINE/CONSTRAINT VERIFICATION ONLY
0,JAI_r0_c2,JAI,Jaipur,72.08,93,False,SYNTHETIC DATA — PIPELINE/CONSTRAINT VERIFICATION ONLY
0,JAI_r0_c3,JAI,Jaipur,69.72,90,False,SYNTHETIC DATA — PIPELINE/CONSTRAINT VERIFICATION ONLY
0,JAI_r0_c4,JAI,Jaipur,72.97,94,False,SYNTHETIC DATA — PIPELINE/CONSTRAINT VERIFICATION ONLY
0,JAI_r0_c5,JAI,Jaipur,70.17,91,False,SYNTHETIC DATA — PIPELINE/CONSTRAINT VERIFICATION ONLY
0,JAI_r0_c6,JAI,Jaipur,66.83,86,False,SYNTHETIC DATA — PIPELINE/CONSTRAINT VERIFICATION ONLY
0,JAI_r1_c0,JAI,Jaipur,71.65,93,False,SYNTHETIC DATA — PIPELINE/CONSTRAINT VERIFICATION ONLY
0,JAI_r1_c1,JAI,Jaipur,70.34,91,False,SYNTHETIC DATA — PIPELINE/CONSTRAINT VERIFICATION ONLY
0,JAI_r1_c2,JAI,Jaipur,76.22,99,False,SYNTHETIC DATA — PIPELINE/CONSTRAINT VERIFICATION ONLY
0,JAI_r1_c3,JAI,Jaipur,82.4,107,False,SYNTHETIC DATA — PIPELINE/CONSTRAINT VERIFICATION ONLY
0,JAI_r1_c4,JAI,Jaipur,80.57,104,False,SYNTHETIC DATA — PIPELINE/CONSTRAINT VERIFICATION ONLY
0,JAI_r1_c5,JAI,Jaipur,76.02,98,False,SYNTHETIC DATA — PIPELINE/CONSTRAINT VERIFICATION ONLY
0,JAI_r1_c6,JAI,Jaipur,80.05,104,False,SYNTHETIC DATA — PIPELINE/CONSTRAINT VERIFICATION ONLY
0,JAI_r2_c0,JAI,Jaipur,73.61,95,False,SYNTHETIC DATA — PIPELINE/CONSTRAINT VERIFICATION ONLY
0,JAI_r2_c1,JAI,Jaipur,82.44,107,False,SYNTHETIC DATA — PIPELINE/CONSTRAINT VERIFICATION ONLY
0,JAI_r2_c2,JAI,Jaipur,88.22,114,False,SYNTHETIC DATA — PIPELINE/CONSTRAINT VERIFICATION ONLY
0,JAI_r2_c3,JAI,Jaipur,90.5,117,False,SYNTHETIC DATA — PIPELINE/CONSTRAINT VERIFICATION ONLY
0,JAI_r2_c4,JAI,Jaipur,84.41,109,False,SYNTHETIC DATA — PIPELINE/CONSTRAINT VERIFICATION ONLY
0,JAI_r2_c5,JAI,Jaipur,81.31,105,False,SYNTHETIC DATA — PIPELINE/CONSTRAINT VERIFICATION ONLY
0,JAI_r2_c6,JAI,Jaipur,69.58,90,False,SYNTHETIC DATA — PIPELINE/CONSTRAINT VERIFICATION ONLY
0,JAI_r3_c0,JAI,Jaipur,72.44,94,False,SYNTHETIC DATA — PIPELINE/CONSTRAINT VERIFICATION ONLY
0,JAI_r3_c1,JAI,Jaipur,79.39,103,False,SYNTHETIC DATA — PIPELINE/CONSTRAINT VERIFICATION ONLY
0,JAI_r3_c2,JAI,Jaipur,88.8,115,False,SYNTHETIC DATA — PIPELINE/CONSTRAINT VERIFICATION ONLY
0,JAI_r3_c3,JAI,Jaipur,103.19,134,True,SYNTHETIC DATA — PIPELINE/CONSTRAINT VERIFICATION ONLY
0,JAI_r3_c4,JAI,Jaipur,82.95,107,False,SYNTHETIC DATA — PIPELINE/CONSTRAINT VERIFICATION ONLY
0,JAI_r3_c5,JAI,Jaipur,82.91,107,False,SYNTHETIC DATA — PIPELINE/CONSTRAINT VERIFICATION ONLY
0,JAI_r3_c6,JAI,Jaipur,68.31,88,False,SYNTHETIC DATA — PIPELINE/CONSTRAINT VERIFICATION ONLY
0,JAI_r4_c0,JAI,Jaipur,70.48,91,False,SYNTHETIC DATA — PIPELINE/CONSTRAINT VERIFICATION ONLY
0,JAI_r4_c1,JAI,Jaipur,82.3,106,False,SYNTHETIC DATA — PIPELINE/CONSTRAINT VERIFICATION ONLY
0,JAI_r4_c2,JAI,Jaipur,85.55,111,False,SYNTHETIC DATA — PIPELINE/CONSTRAINT VERIFICATION ONLY
0,JAI_r4_c3,JAI,Jaipur,85.32,110,False,SYNTHETIC DATA — PIPELINE/CONSTRAINT VERIFICATION ONLY
0,JAI_r4_c4,JAI,Jaipur,83.21,108,False,SYNTHETIC DATA — PIPELINE/CONSTRAINT VERIFICATION ONLY
0,JAI_r4_c5,JAI,Jaipur,81.07,105,False,SYNTHETIC DATA — PIPELINE/CONSTRAINT VERIFICATION ONLY
0,JAI_r4_c6,JAI,Jaipur,69.71,90,False,SYNTHETIC DATA — PIPELINE/CONSTRAINT VERIFICATION ONLY
0,JAI_r5_c0,JAI,Jaipur,69.14,89,False,SYNTHETIC DATA — PIPELINE/CONSTRAINT VERIFICATION ONLY
0,JAI_r5_c1,JAI,Jaipur,74.61,96,False,SYNTHETIC DATA — PIPELINE/CONSTRAINT VERIFICATION ONLY
0,JAI_r5_c2,JAI,Jaipur,77.08,100,False,SYNTHETIC DATA — PIPELINE/CONSTRAINT VERIFICATION ONLY
0,JAI_r5_c3,JAI,Jaipur,87.28,113,False,SYNTHETIC DATA — PIPELINE/CONSTRAINT VERIFICATION ONLY
0,JAI_r5_c4,JAI,Jaipur,80.93,105,False,SYNTHETIC DATA — PIPELINE/CONSTRAINT VERIFICATION ONLY
0,JAI_r5_c5,JAI,Jaipur,68.4,88,False,SYNTHETIC DATA — PIPELINE/CONSTRAINT VERIFICATION ONLY
0,JAI_r5_c6,JAI,Jaipur,69.05,89,False,SYNTHETIC DATA — PIPELINE/CONSTRAINT VERIFICATION ONLY
0,JAI_r6_c0,JAI,Jaipur,61.6,80,False,SYNTHETIC DATA — PIPELINE/CONSTRAINT VERIFICATION ONLY
0,JAI_r6_c1,JAI,Jaipur,71.04,92,False,SYNTHETIC DATA — PIPELINE/CONSTRAINT VERIFICATION ONLY
0,JAI_r6_c2,JAI,Jaipur,69.52,90,False,SYNTHETIC DATA — PIPELINE/CONSTRAINT VERIFICATION ONLY
0,JAI_r6_c3,JAI,Jaipur,72.81,94,False,SYNTHETIC DATA — PIPELINE/CONSTRAINT VERIFICATION ONLY
0,JAI_r6_c4,JAI,Jaipur,73.42,95,False,SYNTHETIC DATA — PIPELINE/CONSTRAINT VERIFICATION ONLY
0,JAI_r6_c5,JAI,Jaipur,71.08,92,False,SYNTHETIC DATA — PIPELINE/CONSTRAINT VERIFICATION ONLY
0,JAI_r6_c6,JAI,Jaipur,59.98,77,False,SYNTHETIC DATA — PIPELINE/CONSTRAINT VERIFICATION ONLY
0,AMD_r0_c0,AMD,Ahmedabad,59.69,77,False,SYNTHETIC DATA — PIPELINE/CONSTRAINT VERIFICATION ONLY
0,AMD_r0_c1,AMD,Ahmedabad,63.95,83,False,SYNTHETIC DATA — PIPELINE/CONSTRAINT VERIFICATION ONLY
0,AMD_r0_c2,AMD,Ahmedabad,66.67,86,False,SYNTHETIC DATA — PIPELINE/CONSTRAINT VERIFICATION ONLY
0,AMD_r0_c3,AMD,Ahmedabad,75.12,97,False,SYNTHETIC DATA — PIPELINE/CONSTRAINT VERIFICATION ONLY
0,AMD_r0_c4,AMD,Ahmedabad,69.85,90,False,SYNTHETIC DATA — PIPELINE/CONSTRAINT VERIFICATION ONLY
0,AMD_r0_c5,AMD,Ahmedabad,61.59,80,False,SYNTHETIC DATA — PIPELINE/CONSTRAINT VERIFICATION ONLY
0,AMD_r0_c6,AMD,Ahmedabad,63.45,82,False,SYNTHETIC DATA — PIPELINE/CONSTRAINT VERIFICATION ONLY
0,AMD_r1_c0,AMD,Ahmedabad,71.74,93,False,SYNTHETIC DATA — PIPELINE/CONSTRAINT VERIFICATION ONLY
0,AMD_r1_c1,AMD,Ahmedabad,74.18,96,False,SYNTHETIC DATA — PIPELINE/CONSTRAINT VERIFICATION ONLY
0,AMD_r1_c2,AMD,Ahmedabad,70.88,92,False,SYNTHETIC DATA — PIPELINE/CONSTRAINT VERIFICATION ONLY
0,AMD_r1_c3,AMD,Ahmedabad,75.72,98,False,SYNTHETIC DATA — PIPELINE/CONSTRAINT VERIFICATION ONLY
0,AMD_r1_c4,AMD,Ahmedabad,79.24,103,False,SYNTHETIC DATA — PIPELINE/CONSTRAINT VERIFICATION ONLY
0,AMD_r1_c5,AMD,Ahmedabad,68.96,89,False,SYNTHETIC DATA — PIPELINE/CONSTRAINT VERIFICATION ONLY
0,AMD_r1_c6,AMD,Ahmedabad,66.71,86,False,SYNTHETIC DATA — PIPELINE/CONSTRAINT VERIFICATION ONLY
0,AMD_r2_c0,AMD,Ahmedabad,70.96,92,False,SYNTHETIC DATA — PIPELINE/CONSTRAINT VERIFICATION ONLY
0,AMD_r2_c1,AMD,Ahmedabad,72.66,94,False,SYNTHETIC DATA — PIPELINE/CONSTRAINT VERIFICATION ONLY
0,AMD_r2_c2,AMD,Ahmedabad,81.3,105,False,SYNTHETIC DATA — PIPELINE/CONSTRAINT VERIFICATION ONLY
0,AMD_r2_c3,AMD,Ahmedabad,74.8,97,False,SYNTHETIC DATA — PIPELINE/CONSTRAINT VERIFICATION ONLY
0,AMD_r2_c4,AMD,Ahmedabad,78.41,101,False,SYNTHETIC DATA — PIPELINE/CONSTRAINT VERIFICATION ONLY
0,AMD_r2_c5,AMD,Ahmedabad,74.68,97,False,SYNTHETIC DATA — PIPELINE/CONSTRAINT VERIFICATION ONLY
0,AMD_r2_c6,AMD,Ahmedabad,64.89,84,False,SYNTHETIC DATA — PIPELINE/CONSTRAINT VERIFICATION ONLY
0,AMD_r3_c0,AMD,Ahmedabad,74.72,97,False,SYNTHETIC DATA — PIPELINE/CONSTRAINT VERIFICATION ONLY
0,AMD_r3_c1,AMD,Ahmedabad,72.88,94,False,SYNTHETIC DATA — PIPELINE/CONSTRAINT VERIFICATION ONLY
0,AMD_r3_c2,AMD,Ahmedabad,83.2,108,False,SYNTHETIC DATA — PIPELINE/CONSTRAINT VERIFICATION ONLY
0,AMD_r3_c3,AMD,Ahmedabad,92.27,119,True,SYNTHETIC DATA — PIPELINE/CONSTRAINT VERIFICATION ONLY
0,AMD_r3_c4,AMD,Ahmedabad,88.85,115,False,SYNTHETIC DATA — PIPELINE/CONSTRAINT VERIFICATION ONLY
0,AMD_r3_c5,AMD,Ahmedabad,72.87,94,False,SYNTHETIC DATA — PIPELINE/CONSTRAINT VERIFICATION ONLY
0,AMD_r3_c6,AMD,Ahmedabad,73.31,95,False,SYNTHETIC DATA — PIPELINE/CONSTRAINT VERIFICATION ONLY
0,AMD_r4_c0,AMD,Ahmedabad,68.66,89,False,SYNTHETIC DATA — PIPELINE/CONSTRAINT VERIFICATION ONLY
0,AMD_r4_c1,AMD,Ahmedabad,72.5,94,False,SYNTHETIC DATA — PIPELINE/CONSTRAINT VERIFICATION ONLY
0,AMD_r4_c2,AMD,Ahmedabad,82.87,107,False,SYNTHETIC DATA — PIPELINE/CONSTRAINT VERIFICATION ONLY
0,AMD_r4_c3,AMD,Ahmedabad,85.12,110,False,SYNTHETIC DATA — PIPELINE/CONSTRAINT VERIFICATION ONLY
0,AMD_r4_c4,AMD,Ahmedabad,79.68,103,False,SYNTHETIC DATA — PIPELINE/CONSTRAINT VERIFICATION ONLY
0,AMD_r4_c5,AMD,Ahmedabad,75.65,98,False,SYNTHETIC DATA — PIPELINE/CONSTRAINT VERIFICATION ONLY
0,AMD_r4_c6,AMD,Ahmedabad,67.48,87,False,SYNTHETIC DATA — PIPELINE/CONSTRAINT VERIFICATION ONLY
0,AMD_r5_c0,AMD,Ahmedabad,65.71,85,False,SYNTHETIC DATA — PIPELINE/CONSTRAINT VERIFICATION ONLY
0,AMD_r5_c1,AMD,Ahmedabad,73.07,94,False,SYNTHETIC DATA — PIPELINE/CONSTRAINT VERIFICATION ONLY
0,AMD_r5_c2,AMD,Ahmedabad,80.2,104,False,SYNTHETIC DATA — PIPELINE/CONSTRAINT VERIFICATION ONLY
0,AMD_r5_c3,AMD,Ahmedabad,73.46,95,False,SYNTHETIC DATA — PIPELINE/CONSTRAINT VERIFICATION ONLY
0,AMD_r5_c4,AMD,Ahmedabad,81.84,106,False,SYNTHETIC DATA — PIPELINE/CONSTRAINT VERIFICATION ONLY
0,AMD_r5_c5,AMD,Ahmedabad,65.23,84,False,SYNTHETIC DATA — PIPELINE/CONSTRAINT VERIFICATION ONLY
0,AMD_r5_c6,AMD,Ahmedabad,64.92,84,False,SYNTHETIC DATA — PIPELINE/CONSTRAINT VERIFICATION ONLY
0,AMD_r6_c0,AMD,Ahmedabad,62.46,81,False,SYNTHETIC DATA — PIPELINE/CONSTRAINT VERIFICATION ONLY
0,AMD_r6_c1,AMD,Ahmedabad,66.22,86,False,SYNTHETIC DATA — PIPELINE/CONSTRAINT VERIFICATION ONLY
0,AMD_r6_c2,AMD,Ahmedabad,66.76,86,False,SYNTHETIC DATA — PIPELINE/CONSTRAINT VERIFICATION ONLY
0,AMD_r6_c3,AMD,Ahmedabad,69.2,89,False,SYNTHETIC DATA — PIPELINE/CONSTRAINT VERIFICATION ONLY
0,AMD_r6_c4,AMD,Ahmedabad,67.15,87,False,SYNTHETIC DATA — PIPELINE/CONSTRAINT VERIFICATION ONLY
0,AMD_r6_c5,AMD,Ahmedabad,63.61,82,False,SYNTHETIC DATA — PIPELINE/CONSTRAINT VERIFICATION ONLY
0,AMD_r6_c6,AMD,Ahmedabad,63.24,82,False,SYNTHETIC DATA — PIPELINE/CONSTRAINT VERIFICATION ONLY
0,CCU_r0_c0,CCU,Kolkata,76.21,99,False,SYNTHETIC DATA — PIPELINE/CONSTRAINT VERIFICATION ONLY
0,CCU_r0_c1,CCU,Kolkata,78.86,102,False,SYNTHETIC DATA — PIPELINE/CONSTRAINT VERIFICATION ONLY
0,CCU_r0_c2,CCU,Kolkata,87.67,113,False,SYNTHETIC DATA — PIPELINE/CONSTRAINT VERIFICATION ONLY
0,CCU_r0_c3,CCU,Kolkata,87.37,113,False,SYNTHETIC DATA — PIPELINE/CONSTRAINT VERIFICATION ONLY
0,CCU_r0_c4,CCU,Kolkata,87.41,113,False,SYNTHETIC DATA — PIPELINE/CONSTRAINT VERIFICATION ONLY
0,CCU_r0_c5,CCU,Kolkata,82.83,107,False,SYNTHETIC DATA — PIPELINE/CONSTRAINT VERIFICATION ONLY
0,CCU_r0_c6,CCU,Kolkata,72.65,94,False,SYNTHETIC DATA — PIPELINE/CONSTRAINT VERIFICATION ONLY
0,CCU_r1_c0,CCU,Kolkata,79.26,103,False,SYNTHETIC DATA — PIPELINE/CONSTRAINT VERIFICATION ONLY
0,CCU_r1_c1,CCU,Kolkata,90.25,117,False,SYNTHETIC DATA — PIPELINE/CONSTRAINT VERIFICATION ONLY
0,CCU_r1_c2,CCU,Kolkata,95.23,123,False,SYNTHETIC DATA — PIPELINE/CONSTRAINT VERIFICATION ONLY
0,CCU_r1_c3,CCU,Kolkata,95.49,124,False,SYNTHETIC DATA — PIPELINE/CONSTRAINT VERIFICATION ONLY
0,CCU_r1_c4,CCU,Kolkata,93.75,121,False,SYNTHETIC DATA — PIPELINE/CONSTRAINT VERIFICATION ONLY
0,CCU_r1_c5,CCU,Kolkata,91.84,119,False,SYNTHETIC DATA — PIPELINE/CONSTRAINT VERIFICATION ONLY
0,CCU_r1_c6,CCU,Kolkata,79.16,102,False,SYNTHETIC DATA — PIPELINE/CONSTRAINT VERIFICATION ONLY
0,CCU_r2_c0,CCU,Kolkata,86.61,112,False,SYNTHETIC DATA — PIPELINE/CONSTRAINT VERIFICATION ONLY
0,CCU_r2_c1,CCU,Kolkata,92.8,120,False,SYNTHETIC DATA — PIPELINE/CONSTRAINT VERIFICATION ONLY
0,CCU_r2_c2,CCU,Kolkata,100.23,130,False,SYNTHETIC DATA — PIPELINE/CONSTRAINT VERIFICATION ONLY
0,CCU_r2_c3,CCU,Kolkata,107.95,140,False,SYNTHETIC DATA — PIPELINE/CONSTRAINT VERIFICATION ONLY
0,CCU_r2_c4,CCU,Kolkata,103.36,134,False,SYNTHETIC DATA — PIPELINE/CONSTRAINT VERIFICATION ONLY
0,CCU_r2_c5,CCU,Kolkata,95.84,124,False,SYNTHETIC DATA — PIPELINE/CONSTRAINT VERIFICATION ONLY
0,CCU_r2_c6,CCU,Kolkata,88.89,115,False,SYNTHETIC DATA — PIPELINE/CONSTRAINT VERIFICATION ONLY
0,CCU_r3_c0,CCU,Kolkata,86.51,112,False,SYNTHETIC DATA — PIPELINE/CONSTRAINT VERIFICATION ONLY
0,CCU_r3_c1,CCU,Kolkata,97.6,126,False,SYNTHETIC DATA — PIPELINE/CONSTRAINT VERIFICATION ONLY
0,CCU_r3_c2,CCU,Kolkata,103.72,134,False,SYNTHETIC DATA — PIPELINE/CONSTRAINT VERIFICATION ONLY
0,CCU_r3_c3,CCU,Kolkata,114.72,149,True,SYNTHETIC DATA — PIPELINE/CONSTRAINT VERIFICATION ONLY
0,CCU_r3_c4,CCU,Kolkata,104.26,135,False,SYNTHETIC DATA — PIPELINE/CONSTRAINT VERIFICATION ONLY
0,CCU_r3_c5,CCU,Kolkata,95.84,124,False,SYNTHETIC DATA — PIPELINE/CONSTRAINT VERIFICATION ONLY
0,CCU_r3_c6,CCU,Kolkata,88.24,114,False,SYNTHETIC DATA — PIPELINE/CONSTRAINT VERIFICATION ONLY
0,CCU_r4_c0,CCU,Kolkata,82.52,107,False,SYNTHETIC DATA — PIPELINE/CONSTRAINT VERIFICATION ONLY
0,CCU_r4_c1,CCU,Kolkata,99.68,129,False,SYNTHETIC DATA — PIPELINE/CONSTRAINT VERIFICATION ONLY
0,CCU_r4_c2,CCU,Kolkata,97.86,127,False,SYNTHETIC DATA — PIPELINE/CONSTRAINT VERIFICATION ONLY
0,CCU_r4_c3,CCU,Kolkata,101.01,131,False,SYNTHETIC DATA — PIPELINE/CONSTRAINT VERIFICATION ONLY
0,CCU_r4_c4,CCU,Kolkata,104.35,135,False,SYNTHETIC DATA — PIPELINE/CONSTRAINT VERIFICATION ONLY
0,CCU_r4_c5,CCU,Kolkata,95.78,124,False,SYNTHETIC DATA — PIPELINE/CONSTRAINT VERIFICATION ONLY
0,CCU_r4_c6,CCU,Kolkata,86.85,112,False,SYNTHETIC DATA — PIPELINE/CONSTRAINT VERIFICATION ONLY
0,CCU_r5_c0,CCU,Kolkata,82.82,107,False,SYNTHETIC DATA — PIPELINE/CONSTRAINT VERIFICATION ONLY
0,CCU_r5_c1,CCU,Kolkata,87.97,114,False,SYNTHETIC DATA — PIPELINE/CONSTRAINT VERIFICATION ONLY
0,CCU_r5_c2,CCU,Kolkata,90.71,117,False,SYNTHETIC DATA — PIPELINE/CONSTRAINT VERIFICATION ONLY
0,CCU_r5_c3,CCU,Kolkata,95.78,124,False,SYNTHETIC DATA — PIPELINE/CONSTRAINT VERIFICATION ONLY
0,CCU_r5_c4,CCU,Kolkata,91.37,118,False,SYNTHETIC DATA — PIPELINE/CONSTRAINT VERIFICATION ONLY
0,CCU_r5_c5,CCU,Kolkata,90.94,118,False,SYNTHETIC DATA — PIPELINE/CONSTRAINT VERIFICATION ONLY
0,CCU_r5_c6,CCU,Kolkata,80.5,104,False,SYNTHETIC DATA — PIPELINE/CONSTRAINT VERIFICATION ONLY
0,CCU_r6_c0,CCU,Kolkata,72.67,94,False,SYNTHETIC DATA — PIPELINE/CONSTRAINT VERIFICATION ONLY
0,CCU_r6_c1,CCU,Kolkata,79.98,103,False,SYNTHETIC DATA — PIPELINE/CONSTRAINT VERIFICATION ONLY
0,CCU_r6_c2,CCU,Kolkata,86.21,112,False,SYNTHETIC DATA — PIPELINE/CONSTRAINT VERIFICATION ONLY
0,CCU_r6_c3,CCU,Kolkata,84.76,110,False,SYNTHETIC DATA — PIPELINE/CONSTRAINT VERIFICATION ONLY
0,CCU_r6_c4,CCU,Kolkata,82.51,107,False,SYNTHETIC DATA — PIPELINE/CONSTRAINT VERIFICATION ONLY
0,CCU_r6_c5,CCU,Kolkata,81.67,106,False,SYNTHETIC DATA — PIPELINE/CONSTRAINT VERIFICATION ONLY
0,CCU_r6_c6,CCU,Kolkata,75.88,98,False,SYNTHETIC DATA — PIPELINE/CONSTRAINT VERIFICATION ONLY
0,HYD_r0_c0,HYD,Hyderabad,41.83,54,False,SYNTHETIC DATA — PIPELINE/CONSTRAINT VERIFICATION ONLY
0,HYD_r0_c1,HYD,Hyderabad,45.28,58,False,SYNTHETIC DATA — PIPELINE/CONSTRAINT VERIFICATION ONLY
0,HYD_r0_c2,HYD,Hyderabad,49.72,64,False,SYNTHETIC DATA — PIPELINE/CONSTRAINT VERIFICATION ONLY
0,HYD_r0_c3,HYD,Hyderabad,45.53,59,False,SYNTHETIC DATA — PIPELINE/CONSTRAINT VERIFICATION ONLY
0,HYD_r0_c4,HYD,Hyderabad,44.8,58,False,SYNTHETIC DATA — PIPELINE/CONSTRAINT VERIFICATION ONLY
0,HYD_r0_c5,HYD,Hyderabad,44.54,57,False,SYNTHETIC DATA — PIPELINE/CONSTRAINT VERIFICATION ONLY
0,HYD_r0_c6,HYD,Hyderabad,42.71,55,False,SYNTHETIC DATA — PIPELINE/CONSTRAINT VERIFICATION ONLY
0,HYD_r1_c0,HYD,Hyderabad,47.63,61,False,SYNTHETIC DATA — PIPELINE/CONSTRAINT VERIFICATION ONLY
0,HYD_r1_c1,HYD,Hyderabad,55.2,71,False,SYNTHETIC DATA — PIPELINE/CONSTRAINT VERIFICATION ONLY
0,HYD_r1_c2,HYD,Hyderabad,56.46,73,False,SYNTHETIC DATA — PIPELINE/CONSTRAINT VERIFICATION ONLY
0,HYD_r1_c3,HYD,Hyderabad,54.65,71,False,SYNTHETIC DATA — PIPELINE/CONSTRAINT VERIFICATION ONLY
0,HYD_r1_c4,HYD,Hyderabad,53.83,69,False,SYNTHETIC DATA — PIPELINE/CONSTRAINT VERIFICATION ONLY
0,HYD_r1_c5,HYD,Hyderabad,47.77,62,False,SYNTHETIC DATA — PIPELINE/CONSTRAINT VERIFICATION ONLY
0,HYD_r1_c6,HYD,Hyderabad,46.64,60,False,SYNTHETIC DATA — PIPELINE/CONSTRAINT VERIFICATION ONLY
0,HYD_r2_c0,HYD,Hyderabad,48.16,62,False,SYNTHETIC DATA — PIPELINE/CONSTRAINT VERIFICATION ONLY
0,HYD_r2_c1,HYD,Hyderabad,54.85,71,False,SYNTHETIC DATA — PIPELINE/CONSTRAINT VERIFICATION ONLY
0,HYD_r2_c2,HYD,Hyderabad,55.72,72,False,SYNTHETIC DATA — PIPELINE/CONSTRAINT VERIFICATION ONLY
0,HYD_r2_c3,HYD,Hyderabad,61.93,80,False,SYNTHETIC DATA — PIPELINE/CONSTRAINT VERIFICATION ONLY
0,HYD_r2_c4,HYD,Hyderabad,62.8,81,False,SYNTHETIC DATA — PIPELINE/CONSTRAINT VERIFICATION ONLY
0,HYD_r2_c5,HYD,Hyderabad,53.56,69,False,SYNTHETIC DATA — PIPELINE/CONSTRAINT VERIFICATION ONLY
0,HYD_r2_c6,HYD,Hyderabad,50.23,65,False,SYNTHETIC DATA — PIPELINE/CONSTRAINT VERIFICATION ONLY
0,HYD_r3_c0,HYD,Hyderabad,51.95,67,False,SYNTHETIC DATA — PIPELINE/CONSTRAINT VERIFICATION ONLY
0,HYD_r3_c1,HYD,Hyderabad,53.92,70,False,SYNTHETIC DATA — PIPELINE/CONSTRAINT VERIFICATION ONLY
0,HYD_r3_c2,HYD,Hyderabad,61.05,79,False,SYNTHETIC DATA — PIPELINE/CONSTRAINT VERIFICATION ONLY
0,HYD_r3_c3,HYD,Hyderabad,65.66,85,True,SYNTHETIC DATA — PIPELINE/CONSTRAINT VERIFICATION ONLY
0,HYD_r3_c4,HYD,Hyderabad,60.67,78,False,SYNTHETIC DATA — PIPELINE/CONSTRAINT VERIFICATION ONLY
0,HYD_r3_c5,HYD,Hyderabad,52.81,68,False,SYNTHETIC DATA — PIPELINE/CONSTRAINT VERIFICATION ONLY
0,HYD_r3_c6,HYD,Hyderabad,49.95,64,False,SYNTHETIC DATA — PIPELINE/CONSTRAINT VERIFICATION ONLY
0,HYD_r4_c0,HYD,Hyderabad,50.52,65,False,SYNTHETIC DATA — PIPELINE/CONSTRAINT VERIFICATION ONLY
0,HYD_r4_c1,HYD,Hyderabad,58.24,75,False,SYNTHETIC DATA — PIPELINE/CONSTRAINT VERIFICATION ONLY
0,HYD_r4_c2,HYD,Hyderabad,61.08,79,False,SYNTHETIC DATA — PIPELINE/CONSTRAINT VERIFICATION ONLY
0,HYD_r4_c3,HYD,Hyderabad,66.83,86,False,SYNTHETIC DATA — PIPELINE/CONSTRAINT VERIFICATION ONLY
0,HYD_r4_c4,HYD,Hyderabad,55.9,72,False,SYNTHETIC DATA — PIPELINE/CONSTRAINT VERIFICATION ONLY
0,HYD_r4_c5,HYD,Hyderabad,56.5,73,False,SYNTHETIC DATA — PIPELINE/CONSTRAINT VERIFICATION ONLY
0,HYD_r4_c6,HYD,Hyderabad,49.57,64,False,SYNTHETIC DATA — PIPELINE/CONSTRAINT VERIFICATION ONLY
0,HYD_r5_c0,HYD,Hyderabad,53.27,69,False,SYNTHETIC DATA — PIPELINE/CONSTRAINT VERIFICATION ONLY
0,HYD_r5_c1,HYD,Hyderabad,48.35,62,False,SYNTHETIC DATA — PIPELINE/CONSTRAINT VERIFICATION ONLY
0,HYD_r5_c2,HYD,Hyderabad,51.37,66,False,SYNTHETIC DATA — PIPELINE/CONSTRAINT VERIFICATION ONLY
0,HYD_r5_c3,HYD,Hyderabad,53.33,69,False,SYNTHETIC DATA — PIPELINE/CONSTRAINT VERIFICATION ONLY
0,HYD_r5_c4,HYD,Hyderabad,47.51,61,False,SYNTHETIC DATA — PIPELINE/CONSTRAINT VERIFICATION ONLY
0,HYD_r5_c5,HYD,Hyderabad,49.2,63,False,SYNTHETIC DATA — PIPELINE/CONSTRAINT VERIFICATION ONLY
0,HYD_r5_c6,HYD,Hyderabad,44.42,57,False,SYNTHETIC DATA — PIPELINE/CONSTRAINT VERIFICATION ONLY
0,HYD_r6_c0,HYD,Hyderabad,43.8,56,False,SYNTHETIC DATA — PIPELINE/CONSTRAINT VERIFICATION ONLY
0,HYD_r6_c1,HYD,Hyderabad,47.72,62,False,SYNTHETIC DATA — PIPELINE/CONSTRAINT VERIFICATION ONLY
0,HYD_r6_c2,HYD,Hyderabad,54.65,71,False,SYNTHETIC DATA — PIPELINE/CONSTRAINT VERIFICATION ONLY
0,HYD_r6_c3,HYD,Hyderabad,52.73,68,False,SYNTHETIC DATA — PIPELINE/CONSTRAINT VERIFICATION ONLY
0,HYD_r6_c4,HYD,Hyderabad,47.29,61,False,SYNTHETIC DATA — PIPELINE/CONSTRAINT VERIFICATION ONLY
0,HYD_r6_c5,HYD,Hyderabad,44.0,57,False,SYNTHETIC DATA — PIPELINE/CONSTRAINT VERIFICATION ONLY
0,HYD_r6_c6,HYD,Hyderabad,44.83,58,False,SYNTHETIC DATA — PIPELINE/CONSTRAINT VERIFICATION ONLY
0,BLR_r0_c0,BLR,Bengaluru,22.05,28,False,SYNTHETIC DATA — PIPELINE/CONSTRAINT VERIFICATION ONLY
0,BLR_r0_c1,BLR,Bengaluru,33.51,43,False,SYNTHETIC DATA — PIPELINE/CONSTRAINT VERIFICATION ONLY
0,BLR_r0_c2,BLR,Bengaluru,32.95,42,False,SYNTHETIC DATA — PIPELINE/CONSTRAINT VERIFICATION ONLY
0,BLR_r0_c3,BLR,Bengaluru,28.52,37,False,SYNTHETIC DATA — PIPELINE/CONSTRAINT VERIFICATION ONLY
0,BLR_r0_c4,BLR,Bengaluru,24.27,31,False,SYNTHETIC DATA — PIPELINE/CONSTRAINT VERIFICATION ONLY
0,BLR_r0_c5,BLR,Bengaluru,32.08,41,False,SYNTHETIC DATA — PIPELINE/CONSTRAINT VERIFICATION ONLY
0,BLR_r0_c6,BLR,Bengaluru,25.67,33,False,SYNTHETIC DATA — PIPELINE/CONSTRAINT VERIFICATION ONLY
0,BLR_r1_c0,BLR,Bengaluru,31.73,41,False,SYNTHETIC DATA — PIPELINE/CONSTRAINT VERIFICATION ONLY
0,BLR_r1_c1,BLR,Bengaluru,25.68,33,False,SYNTHETIC DATA — PIPELINE/CONSTRAINT VERIFICATION ONLY
0,BLR_r1_c2,BLR,Bengaluru,30.53,39,False,SYNTHETIC DATA — PIPELINE/CONSTRAINT VERIFICATION ONLY
0,BLR_r1_c3,BLR,Bengaluru,33.09,43,False,SYNTHETIC DATA — PIPELINE/CONSTRAINT VERIFICATION ONLY
0,BLR_r1_c4,BLR,Bengaluru,32.47,42,False,SYNTHETIC DATA — PIPELINE/CONSTRAINT VERIFICATION ONLY
0,BLR_r1_c5,BLR,Bengaluru,29.12,37,False,SYNTHETIC DATA — PIPELINE/CONSTRAINT VERIFICATION ONLY
0,BLR_r1_c6,BLR,Bengaluru,29.89,38,False,SYNTHETIC DATA — PIPELINE/CONSTRAINT VERIFICATION ONLY
0,BLR_r2_c0,BLR,Bengaluru,26.21,34,False,SYNTHETIC DATA — PIPELINE/CONSTRAINT VERIFICATION ONLY
0,BLR_r2_c1,BLR,Bengaluru,31.9,41,False,SYNTHETIC DATA — PIPELINE/CONSTRAINT VERIFICATION ONLY
0,BLR_r2_c2,BLR,Bengaluru,35.28,45,False,SYNTHETIC DATA — PIPELINE/CONSTRAINT VERIFICATION ONLY
0,BLR_r2_c3,BLR,Bengaluru,37.77,49,False,SYNTHETIC DATA — PIPELINE/CONSTRAINT VERIFICATION ONLY
0,BLR_r2_c4,BLR,Bengaluru,37.06,48,False,SYNTHETIC DATA — PIPELINE/CONSTRAINT VERIFICATION ONLY
0,BLR_r2_c5,BLR,Bengaluru,28.96,37,False,SYNTHETIC DATA — PIPELINE/CONSTRAINT VERIFICATION ONLY
0,BLR_r2_c6,BLR,Bengaluru,24.81,32,False,SYNTHETIC DATA — PIPELINE/CONSTRAINT VERIFICATION ONLY
0,BLR_r3_c0,BLR,Bengaluru,33.76,43,False,SYNTHETIC DATA — PIPELINE/CONSTRAINT VERIFICATION ONLY
0,BLR_r3_c1,BLR,Bengaluru,34.07,44,False,SYNTHETIC DATA — PIPELINE/CONSTRAINT VERIFICATION ONLY
0,BLR_r3_c2,BLR,Bengaluru,33.98,44,False,SYNTHETIC DATA — PIPELINE/CONSTRAINT VERIFICATION ONLY
0,BLR_r3_c3,BLR,Bengaluru,44.03,57,True,SYNTHETIC DATA — PIPELINE/CONSTRAINT VERIFICATION ONLY
0,BLR_r3_c4,BLR,Bengaluru,36.57,47,False,SYNTHETIC DATA — PIPELINE/CONSTRAINT VERIFICATION ONLY
0,BLR_r3_c5,BLR,Bengaluru,36.61,47,False,SYNTHETIC DATA — PIPELINE/CONSTRAINT VERIFICATION ONLY
0,BLR_r3_c6,BLR,Bengaluru,30.13,39,False,SYNTHETIC DATA — PIPELINE/CONSTRAINT VERIFICATION ONLY
0,BLR_r4_c0,BLR,Bengaluru,35.6,46,False,SYNTHETIC DATA — PIPELINE/CONSTRAINT VERIFICATION ONLY
0,BLR_r4_c1,BLR,Bengaluru,37.6,48,False,SYNTHETIC DATA — PIPELINE/CONSTRAINT VERIFICATION ONLY
0,BLR_r4_c2,BLR,Bengaluru,34.17,44,False,SYNTHETIC DATA — PIPELINE/CONSTRAINT VERIFICATION ONLY
0,BLR_r4_c3,BLR,Bengaluru,39.14,50,False,SYNTHETIC DATA — PIPELINE/CONSTRAINT VERIFICATION ONLY
0,BLR_r4_c4,BLR,Bengaluru,36.86,47,False,SYNTHETIC DATA — PIPELINE/CONSTRAINT VERIFICATION ONLY
0,BLR_r4_c5,BLR,Bengaluru,36.44,47,False,SYNTHETIC DATA — PIPELINE/CONSTRAINT VERIFICATION ONLY
0,BLR_r4_c6,BLR,Bengaluru,26.52,34,False,SYNTHETIC DATA — PIPELINE/CONSTRAINT VERIFICATION ONLY
0,BLR_r5_c0,BLR,Bengaluru,30.08,39,False,SYNTHETIC DATA — PIPELINE/CONSTRAINT VERIFICATION ONLY
0,BLR_r5_c1,BLR,Bengaluru,33.64,43,False,SYNTHETIC DATA — PIPELINE/CONSTRAINT VERIFICATION ONLY
0,BLR_r5_c2,BLR,Bengaluru,27.06,35,False,SYNTHETIC DATA — PIPELINE/CONSTRAINT VERIFICATION ONLY
0,BLR_r5_c3,BLR,Bengaluru,29.53,38,False,SYNTHETIC DATA — PIPELINE/CONSTRAINT VERIFICATION ONLY
0,BLR_r5_c4,BLR,Bengaluru,26.21,34,False,SYNTHETIC DATA — PIPELINE/CONSTRAINT VERIFICATION ONLY
0,BLR_r5_c5,BLR,Bengaluru,29.66,38,False,SYNTHETIC DATA — PIPELINE/CONSTRAINT VERIFICATION ONLY
0,BLR_r5_c6,BLR,Bengaluru,30.17,39,False,SYNTHETIC DATA — PIPELINE/CONSTRAINT VERIFICATION ONLY
0,BLR_r6_c0,BLR,Bengaluru,30.52,39,False,SYNTHETIC DATA — PIPELINE/CONSTRAINT VERIFICATION ONLY
0,BLR_r6_c1,BLR,Bengaluru,28.24,36,False,SYNTHETIC DATA — PIPELINE/CONSTRAINT VERIFICATION ONLY
0,BLR_r6_c2,BLR,Bengaluru,34.3,44,False,SYNTHETIC DATA — PIPELINE/CONSTRAINT VERIFICATION ONLY
0,BLR_r6_c3,BLR,Bengaluru,25.78,33,False,SYNTHETIC DATA — PIPELINE/CONSTRAINT VERIFICATION ONLY
0,BLR_r6_c4,BLR,Bengaluru,24.3,31,False,SYNTHETIC DATA — PIPELINE/CONSTRAINT VERIFICATION ONLY
0,BLR_r6_c5,BLR,Bengaluru,27.85,36,False,SYNTHETIC DATA — PIPELINE/CONSTRAINT VERIFICATION ONLY
0,BLR_r6_c6,BLR,Bengaluru,27.16,35,False,SYNTHETIC DATA — PIPELINE/CONSTRAINT VERIFICATION ONLY
0,MAA_r0_c0,MAA,Chennai,31.69,41,False,SYNTHETIC DATA — PIPELINE/CONSTRAINT VERIFICATION ONLY
0,MAA_r0_c1,MAA,Chennai,28.04,36,False,SYNTHETIC DATA — PIPELINE/CONSTRAINT VERIFICATION ONLY
0,MAA_r0_c2,MAA,Chennai,35.68,46,False,SYNTHETIC DATA — PIPELINE/CONSTRAINT VERIFICATION ONLY
0,MAA_r0_c3,MAA,Chennai,32.66,42,False,SYNTHETIC DATA — PIPELINE/CONSTRAINT VERIFICATION ONLY
0,MAA_r0_c4,MAA,Chennai,37.96,49,False,SYNTHETIC DATA — PIPELINE/CONSTRAINT VERIFICATION ONLY
0,MAA_r0_c5,MAA,Chennai,35.34,45,False,SYNTHETIC DATA — PIPELINE/CONSTRAINT VERIFICATION ONLY
0,MAA_r0_c6,MAA,Chennai,28.97,37,False,SYNTHETIC DATA — PIPELINE/CONSTRAINT VERIFICATION ONLY
0,MAA_r1_c0,MAA,Chennai,32.7,42,False,SYNTHETIC DATA — PIPELINE/CONSTRAINT VERIFICATION ONLY
0,MAA_r1_c1,MAA,Chennai,34.06,44,False,SYNTHETIC DATA — PIPELINE/CONSTRAINT VERIFICATION ONLY
0,MAA_r1_c2,MAA,Chennai,39.33,51,False,SYNTHETIC DATA — PIPELINE/CONSTRAINT VERIFICATION ONLY
0,MAA_r1_c3,MAA,Chennai,43.29,56,False,SYNTHETIC DATA — PIPELINE/CONSTRAINT VERIFICATION ONLY
0,MAA_r1_c4,MAA,Chennai,36.56,47,False,SYNTHETIC DATA — PIPELINE/CONSTRAINT VERIFICATION ONLY
0,MAA_r1_c5,MAA,Chennai,38.75,50,False,SYNTHETIC DATA — PIPELINE/CONSTRAINT VERIFICATION ONLY
0,MAA_r1_c6,MAA,Chennai,32.65,42,False,SYNTHETIC DATA — PIPELINE/CONSTRAINT VERIFICATION ONLY
0,MAA_r2_c0,MAA,Chennai,33.57,43,False,SYNTHETIC DATA — PIPELINE/CONSTRAINT VERIFICATION ONLY
0,MAA_r2_c1,MAA,Chennai,39.2,50,False,SYNTHETIC DATA — PIPELINE/CONSTRAINT VERIFICATION ONLY
0,MAA_r2_c2,MAA,Chennai,39.57,51,False,SYNTHETIC DATA — PIPELINE/CONSTRAINT VERIFICATION ONLY
0,MAA_r2_c3,MAA,Chennai,42.61,55,False,SYNTHETIC DATA — PIPELINE/CONSTRAINT VERIFICATION ONLY
0,MAA_r2_c4,MAA,Chennai,39.09,50,False,SYNTHETIC DATA — PIPELINE/CONSTRAINT VERIFICATION ONLY
0,MAA_r2_c5,MAA,Chennai,45.41,59,False,SYNTHETIC DATA — PIPELINE/CONSTRAINT VERIFICATION ONLY
0,MAA_r2_c6,MAA,Chennai,36.06,46,False,SYNTHETIC DATA — PIPELINE/CONSTRAINT VERIFICATION ONLY
0,MAA_r3_c0,MAA,Chennai,34.48,44,False,SYNTHETIC DATA — PIPELINE/CONSTRAINT VERIFICATION ONLY
0,MAA_r3_c1,MAA,Chennai,41.07,53,False,SYNTHETIC DATA — PIPELINE/CONSTRAINT VERIFICATION ONLY
0,MAA_r3_c2,MAA,Chennai,43.94,57,False,SYNTHETIC DATA — PIPELINE/CONSTRAINT VERIFICATION ONLY
0,MAA_r3_c3,MAA,Chennai,47.46,61,True,SYNTHETIC DATA — PIPELINE/CONSTRAINT VERIFICATION ONLY
0,MAA_r3_c4,MAA,Chennai,46.12,59,False,SYNTHETIC DATA — PIPELINE/CONSTRAINT VERIFICATION ONLY
0,MAA_r3_c5,MAA,Chennai,42.7,55,False,SYNTHETIC DATA — PIPELINE/CONSTRAINT VERIFICATION ONLY
0,MAA_r3_c6,MAA,Chennai,34.98,45,False,SYNTHETIC DATA — PIPELINE/CONSTRAINT VERIFICATION ONLY
0,MAA_r4_c0,MAA,Chennai,34.22,44,False,SYNTHETIC DATA — PIPELINE/CONSTRAINT VERIFICATION ONLY
0,MAA_r4_c1,MAA,Chennai,38.69,50,False,SYNTHETIC DATA — PIPELINE/CONSTRAINT VERIFICATION ONLY
0,MAA_r4_c2,MAA,Chennai,35.77,46,False,SYNTHETIC DATA — PIPELINE/CONSTRAINT VERIFICATION ONLY
0,MAA_r4_c3,MAA,Chennai,39.73,51,False,SYNTHETIC DATA — PIPELINE/CONSTRAINT VERIFICATION ONLY
0,MAA_r4_c4,MAA,Chennai,46.78,60,False,SYNTHETIC DATA — PIPELINE/CONSTRAINT VERIFICATION ONLY
0,MAA_r4_c5,MAA,Chennai,44.45,57,False,SYNTHETIC DATA — PIPELINE/CONSTRAINT VERIFICATION ONLY
0,MAA_r4_c6,MAA,Chennai,35.2,45,False,SYNTHETIC DATA — PIPELINE/CONSTRAINT VERIFICATION ONLY
0,MAA_r5_c0,MAA,Chennai,35.97,46,False,SYNTHETIC DATA — PIPELINE/CONSTRAINT VERIFICATION ONLY
0,MAA_r5_c1,MAA,Chennai,38.17,49,False,SYNTHETIC DATA — PIPELINE/CONSTRAINT VERIFICATION ONLY
0,MAA_r5_c2,MAA,Chennai,48.75,63,False,SYNTHETIC DATA — PIPELINE/CONSTRAINT VERIFICATION ONLY
0,MAA_r5_c3,MAA,Chennai,43.78,56,False,SYNTHETIC DATA — PIPELINE/CONSTRAINT VERIFICATION ONLY
0,MAA_r5_c4,MAA,Chennai,39.13,50,False,SYNTHETIC DATA — PIPELINE/CONSTRAINT VERIFICATION ONLY
0,MAA_r5_c5,MAA,Chennai,34.37,44,False,SYNTHETIC DATA — PIPELINE/CONSTRAINT VERIFICATION ONLY
0,MAA_r5_c6,MAA,Chennai,29.42,38,False,SYNTHETIC DATA — PIPELINE/CONSTRAINT VERIFICATION ONLY
0,MAA_r6_c0,MAA,Chennai,32.4,42,False,SYNTHETIC DATA — PIPELINE/CONSTRAINT VERIFICATION ONLY
0,MAA_r6_c1,MAA,Chennai,31.97,41,False,SYNTHETIC DATA — PIPELINE/CONSTRAINT VERIFICATION ONLY
0,MAA_r6_c2,MAA,Chennai,31.68,41,False,SYNTHETIC DATA — PIPELINE/CONSTRAINT VERIFICATION ONLY
0,MAA_r6_c3,MAA,Chennai,34.64,45,False,SYNTHETIC DATA — PIPELINE/CONSTRAINT VERIFICATION ONLY
0,MAA_r6_c4,MAA,Chennai,32.71,42,False,SYNTHETIC DATA — PIPELINE/CONSTRAINT VERIFICATION ONLY
0,MAA_r6_c5,MAA,Chennai,39.31,51,False,SYNTHETIC DATA — PIPELINE/CONSTRAINT VERIFICATION ONLY
0,MAA_r6_c6,MAA,Chennai,34.44,44,False,SYNTHETIC DATA — PIPELINE/CONSTRAINT VERIFICATION ONLY
1,DEL_r0_c0,DEL,Delhi,111.19,144,False,SYNTHETIC DATA — PIPELINE/CONSTRAINT VERIFICATION ONLY
1,DEL_r0_c1,DEL,Delhi,124.23,161,False,SYNTHETIC DATA — PIPELINE/CONSTRAINT VERIFICATION ONLY
1,DEL_r0_c2,DEL,Delhi,125.99,163,False,SYNTHETIC DATA — PIPELINE/CONSTRAINT VERIFICATION ONLY
1,DEL_r0_c3,DEL,Delhi,125.36,162,False,SYNTHETIC DATA — PIPELINE/CONSTRAINT VERIFICATION ONLY
1,DEL_r0_c4,DEL,Delhi,130.33,169,False,SYNTHETIC DATA — PIPELINE/CONSTRAINT VERIFICATION ONLY
1,DEL_r0_c5,DEL,Delhi,121.41,157,False,SYNTHETIC DATA — PIPELINE/CONSTRAINT VERIFICATION ONLY
1,DEL_r0_c6,DEL,Delhi,108.1,140,False,SYNTHETIC DATA — PIPELINE/CONSTRAINT VERIFICATION ONLY
1,DEL_r1_c0,DEL,Delhi,119.22,154,False,SYNTHETIC DATA — PIPELINE/CONSTRAINT VERIFICATION ONLY
1,DEL_r1_c1,DEL,Delhi,127.63,165,False,SYNTHETIC DATA — PIPELINE/CONSTRAINT VERIFICATION ONLY
1,DEL_r1_c2,DEL,Delhi,134.09,174,False,SYNTHETIC DATA — PIPELINE/CONSTRAINT VERIFICATION ONLY
1,DEL_r1_c3,DEL,Delhi,144.2,187,False,SYNTHETIC DATA — PIPELINE/CONSTRAINT VERIFICATION ONLY
1,DEL_r1_c4,DEL,Delhi,143.97,187,False,SYNTHETIC DATA — PIPELINE/CONSTRAINT VERIFICATION ONLY
1,DEL_r1_c5,DEL,Delhi,126.06,163,False,SYNTHETIC DATA — PIPELINE/CONSTRAINT VERIFICATION ONLY
1,DEL_r1_c6,DEL,Delhi,121.48,157,False,SYNTHETIC DATA — PIPELINE/CONSTRAINT VERIFICATION ONLY
1,DEL_r2_c0,DEL,Delhi,123.81,160,False,SYNTHETIC DATA — PIPELINE/CONSTRAINT VERIFICATION ONLY
1,DEL_r2_c1,DEL,Delhi,136.78,177,False,SYNTHETIC DATA — PIPELINE/CONSTRAINT VERIFICATION ONLY
1,DEL_r2_c2,DEL,Delhi,147.53,191,False,SYNTHETIC DATA — PIPELINE/CONSTRAINT VERIFICATION ONLY
1,DEL_r2_c3,DEL,Delhi,152.29,197,False,SYNTHETIC DATA — PIPELINE/CONSTRAINT VERIFICATION ONLY
1,DEL_r2_c4,DEL,Delhi,149.45,194,False,SYNTHETIC DATA — PIPELINE/CONSTRAINT VERIFICATION ONLY
1,DEL_r2_c5,DEL,Delhi,135.74,176,False,SYNTHETIC DATA — PIPELINE/CONSTRAINT VERIFICATION ONLY
1,DEL_r2_c6,DEL,Delhi,126.57,164,False,SYNTHETIC DATA — PIPELINE/CONSTRAINT VERIFICATION ONLY
1,DEL_r3_c0,DEL,Delhi,127.8,166,False,SYNTHETIC DATA — PIPELINE/CONSTRAINT VERIFICATION ONLY
1,DEL_r3_c1,DEL,Delhi,140.7,182,False,SYNTHETIC DATA — PIPELINE/CONSTRAINT VERIFICATION ONLY
1,DEL_r3_c2,DEL,Delhi,152.16,197,False,SYNTHETIC DATA — PIPELINE/CONSTRAINT VERIFICATION ONLY
1,DEL_r3_c3,DEL,Delhi,166.62,216,True,SYNTHETIC DATA — PIPELINE/CONSTRAINT VERIFICATION ONLY
1,DEL_r3_c4,DEL,Delhi,157.15,204,False,SYNTHETIC DATA — PIPELINE/CONSTRAINT VERIFICATION ONLY
1,DEL_r3_c5,DEL,Delhi,142.92,185,False,SYNTHETIC DATA — PIPELINE/CONSTRAINT VERIFICATION ONLY
1,DEL_r3_c6,DEL,Delhi,125.02,162,False,SYNTHETIC DATA — PIPELINE/CONSTRAINT VERIFICATION ONLY
1,DEL_r4_c0,DEL,Delhi,126.06,163,False,SYNTHETIC DATA — PIPELINE/CONSTRAINT VERIFICATION ONLY
1,DEL_r4_c1,DEL,Delhi,140.49,182,False,SYNTHETIC DATA — PIPELINE/CONSTRAINT VERIFICATION ONLY
1,DEL_r4_c2,DEL,Delhi,144.3,187,False,SYNTHETIC DATA — PIPELINE/CONSTRAINT VERIFICATION ONLY
1,DEL_r4_c3,DEL,Delhi,156.51,203,False,SYNTHETIC DATA — PIPELINE/CONSTRAINT VERIFICATION ONLY
1,DEL_r4_c4,DEL,Delhi,147.32,191,False,SYNTHETIC DATA — PIPELINE/CONSTRAINT VERIFICATION ONLY
1,DEL_r4_c5,DEL,Delhi,139.95,181,False,SYNTHETIC DATA — PIPELINE/CONSTRAINT VERIFICATION ONLY
1,DEL_r4_c6,DEL,Delhi,123.47,160,False,SYNTHETIC DATA — PIPELINE/CONSTRAINT VERIFICATION ONLY
1,DEL_r5_c0,DEL,Delhi,114.38,148,False,SYNTHETIC DATA — PIPELINE/CONSTRAINT VERIFICATION ONLY
1,DEL_r5_c1,DEL,Delhi,125.38,162,False,SYNTHETIC DATA — PIPELINE/CONSTRAINT VERIFICATION ONLY
1,DEL_r5_c2,DEL,Delhi,138.38,179,False,SYNTHETIC DATA — PIPELINE/CONSTRAINT VERIFICATION ONLY
1,DEL_r5_c3,DEL,Delhi,142.2,184,False,SYNTHETIC DATA — PIPELINE/CONSTRAINT VERIFICATION ONLY
1,DEL_r5_c4,DEL,Delhi,135.52,176,False,SYNTHETIC DATA — PIPELINE/CONSTRAINT VERIFICATION ONLY
1,DEL_r5_c5,DEL,Delhi,132.17,171,False,SYNTHETIC DATA — PIPELINE/CONSTRAINT VERIFICATION ONLY
1,DEL_r5_c6,DEL,Delhi,114.81,149,False,SYNTHETIC DATA — PIPELINE/CONSTRAINT VERIFICATION ONLY
1,DEL_r6_c0,DEL,Delhi,111.01,144,False,SYNTHETIC DATA — PIPELINE/CONSTRAINT VERIFICATION ONLY
1,DEL_r6_c1,DEL,Delhi,116.16,151,False,SYNTHETIC DATA — PIPELINE/CONSTRAINT VERIFICATION ONLY
1,DEL_r6_c2,DEL,Delhi,123.81,160,False,SYNTHETIC DATA — PIPELINE/CONSTRAINT VERIFICATION ONLY
1,DEL_r6_c3,DEL,Delhi,128.09,166,False,SYNTHETIC DATA — PIPELINE/CONSTRAINT VERIFICATION ONLY
1,DEL_r6_c4,DEL,Delhi,123.18,160,False,SYNTHETIC DATA — PIPELINE/CONSTRAINT VERIFICATION ONLY
1,DEL_r6_c5,DEL,Delhi,118.64,154,False,SYNTHETIC DATA — PIPELINE/CONSTRAINT VERIFICATION ONLY
1,DEL_r6_c6,DEL,Delhi,114.23,148,False,SYNTHETIC DATA — PIPELINE/CONSTRAINT VERIFICATION ONLY
1,BOM_r0_c0,BOM,Mumbai,53.88,70,False,SYNTHETIC DATA — PIPELINE/CONSTRAINT VERIFICATION ONLY
1,BOM_r0_c1,BOM,Mumbai,62.4,81,False,SYNTHETIC DATA — PIPELINE/CONSTRAINT VERIFICATION ONLY
1,BOM_r0_c2,BOM,Mumbai,59.49,77,False,SYNTHETIC DATA — PIPELINE/CONSTRAINT VERIFICATION ONLY
1,BOM_r0_c3,BOM,Mumbai,65.56,85,False,SYNTHETIC DATA — PIPELINE/CONSTRAINT VERIFICATION ONLY
1,BOM_r0_c4,BOM,Mumbai,67.21,87,False,SYNTHETIC DATA — PIPELINE/CONSTRAINT VERIFICATION ONLY
1,BOM_r0_c5,BOM,Mumbai,52.48,68,False,SYNTHETIC DATA — PIPELINE/CONSTRAINT VERIFICATION ONLY
1,BOM_r0_c6,BOM,Mumbai,53.22,69,False,SYNTHETIC DATA — PIPELINE/CONSTRAINT VERIFICATION ONLY
1,BOM_r1_c0,BOM,Mumbai,61.63,80,False,SYNTHETIC DATA — PIPELINE/CONSTRAINT VERIFICATION ONLY
1,BOM_r1_c1,BOM,Mumbai,64.52,83,False,SYNTHETIC DATA — PIPELINE/CONSTRAINT VERIFICATION ONLY
1,BOM_r1_c2,BOM,Mumbai,70.23,91,False,SYNTHETIC DATA — PIPELINE/CONSTRAINT VERIFICATION ONLY
1,BOM_r1_c3,BOM,Mumbai,68.9,89,False,SYNTHETIC DATA — PIPELINE/CONSTRAINT VERIFICATION ONLY
1,BOM_r1_c4,BOM,Mumbai,69.38,90,False,SYNTHETIC DATA — PIPELINE/CONSTRAINT VERIFICATION ONLY
1,BOM_r1_c5,BOM,Mumbai,64.66,84,False,SYNTHETIC DATA — PIPELINE/CONSTRAINT VERIFICATION ONLY
1,BOM_r1_c6,BOM,Mumbai,63.4,82,False,SYNTHETIC DATA — PIPELINE/CONSTRAINT VERIFICATION ONLY
1,BOM_r2_c0,BOM,Mumbai,63.64,82,False,SYNTHETIC DATA — PIPELINE/CONSTRAINT VERIFICATION ONLY
1,BOM_r2_c1,BOM,Mumbai,70.13,91,False,SYNTHETIC DATA — PIPELINE/CONSTRAINT VERIFICATION ONLY
1,BOM_r2_c2,BOM,Mumbai,73.42,95,False,SYNTHETIC DATA — PIPELINE/CONSTRAINT VERIFICATION ONLY
1,BOM_r2_c3,BOM,Mumbai,75.98,98,False,SYNTHETIC DATA — PIPELINE/CONSTRAINT VERIFICATION ONLY
1,BOM_r2_c4,BOM,Mumbai,73.36,95,False,SYNTHETIC DATA — PIPELINE/CONSTRAINT VERIFICATION ONLY
1,BOM_r2_c5,BOM,Mumbai,70.3,91,False,SYNTHETIC DATA — PIPELINE/CONSTRAINT VERIFICATION ONLY
1,BOM_r2_c6,BOM,Mumbai,61.62,80,False,SYNTHETIC DATA — PIPELINE/CONSTRAINT VERIFICATION ONLY
1,BOM_r3_c0,BOM,Mumbai,64.84,84,False,SYNTHETIC DATA — PIPELINE/CONSTRAINT VERIFICATION ONLY
1,BOM_r3_c1,BOM,Mumbai,76.93,100,False,SYNTHETIC DATA — PIPELINE/CONSTRAINT VERIFICATION ONLY
1,BOM_r3_c2,BOM,Mumbai,80.06,104,False,SYNTHETIC DATA — PIPELINE/CONSTRAINT VERIFICATION ONLY
1,BOM_r3_c3,BOM,Mumbai,83.2,108,True,SYNTHETIC DATA — PIPELINE/CONSTRAINT VERIFICATION ONLY
1,BOM_r3_c4,BOM,Mumbai,81.05,105,False,SYNTHETIC DATA — PIPELINE/CONSTRAINT VERIFICATION ONLY
1,BOM_r3_c5,BOM,Mumbai,69.48,90,False,SYNTHETIC DATA — PIPELINE/CONSTRAINT VERIFICATION ONLY
1,BOM_r3_c6,BOM,Mumbai,57.86,75,False,SYNTHETIC DATA — PIPELINE/CONSTRAINT VERIFICATION ONLY
1,BOM_r4_c0,BOM,Mumbai,59.86,77,False,SYNTHETIC DATA — PIPELINE/CONSTRAINT VERIFICATION ONLY
1,BOM_r4_c1,BOM,Mumbai,63.51,82,False,SYNTHETIC DATA — PIPELINE/CONSTRAINT VERIFICATION ONLY
1,BOM_r4_c2,BOM,Mumbai,73.6,95,False,SYNTHETIC DATA — PIPELINE/CONSTRAINT VERIFICATION ONLY
1,BOM_r4_c3,BOM,Mumbai,77.5,100,False,SYNTHETIC DATA — PIPELINE/CONSTRAINT VERIFICATION ONLY
1,BOM_r4_c4,BOM,Mumbai,79.68,103,False,SYNTHETIC DATA — PIPELINE/CONSTRAINT VERIFICATION ONLY
1,BOM_r4_c5,BOM,Mumbai,70.1,91,False,SYNTHETIC DATA — PIPELINE/CONSTRAINT VERIFICATION ONLY
1,BOM_r4_c6,BOM,Mumbai,62.22,80,False,SYNTHETIC DATA — PIPELINE/CONSTRAINT VERIFICATION ONLY
1,BOM_r5_c0,BOM,Mumbai,62.38,81,False,SYNTHETIC DATA — PIPELINE/CONSTRAINT VERIFICATION ONLY
1,BOM_r5_c1,BOM,Mumbai,58.5,76,False,SYNTHETIC DATA — PIPELINE/CONSTRAINT VERIFICATION ONLY
1,BOM_r5_c2,BOM,Mumbai,69.83,90,False,SYNTHETIC DATA — PIPELINE/CONSTRAINT VERIFICATION ONLY
1,BOM_r5_c3,BOM,Mumbai,73.02,94,False,SYNTHETIC DATA — PIPELINE/CONSTRAINT VERIFICATION ONLY
1,BOM_r5_c4,BOM,Mumbai,64.68,84,False,SYNTHETIC DATA — PIPELINE/CONSTRAINT VERIFICATION ONLY
1,BOM_r5_c5,BOM,Mumbai,68.56,89,False,SYNTHETIC DATA — PIPELINE/CONSTRAINT VERIFICATION ONLY
1,BOM_r5_c6,BOM,Mumbai,60.91,79,False,SYNTHETIC DATA — PIPELINE/CONSTRAINT VERIFICATION ONLY
1,BOM_r6_c0,BOM,Mumbai,54.36,70,False,SYNTHETIC DATA — PIPELINE/CONSTRAINT VERIFICATION ONLY
1,BOM_r6_c1,BOM,Mumbai,61.79,80,False,SYNTHETIC DATA — PIPELINE/CONSTRAINT VERIFICATION ONLY
1,BOM_r6_c2,BOM,Mumbai,69.69,90,False,SYNTHETIC DATA — PIPELINE/CONSTRAINT VERIFICATION ONLY
1,BOM_r6_c3,BOM,Mumbai,64.52,83,False,SYNTHETIC DATA — PIPELINE/CONSTRAINT VERIFICATION ONLY
1,BOM_r6_c4,BOM,Mumbai,63.63,82,False,SYNTHETIC DATA — PIPELINE/CONSTRAINT VERIFICATION ONLY
1,BOM_r6_c5,BOM,Mumbai,58.52,76,False,SYNTHETIC DATA — PIPELINE/CONSTRAINT VERIFICATION ONLY
1,BOM_r6_c6,BOM,Mumbai,53.06,68,False,SYNTHETIC DATA — PIPELINE/CONSTRAINT VERIFICATION ONLY
1,LKO_r0_c0,LKO,Lucknow,101.35,131,False,SYNTHETIC DATA — PIPELINE/CONSTRAINT VERIFICATION ONLY
1,LKO_r0_c1,LKO,Lucknow,103.91,135,False,SYNTHETIC DATA — PIPELINE/CONSTRAINT VERIFICATION ONLY
1,LKO_r0_c2,LKO,Lucknow,112.0,145,False,SYNTHETIC DATA — PIPELINE/CONSTRAINT VERIFICATION ONLY
1,LKO_r0_c3,LKO,Lucknow,112.3,145,False,SYNTHETIC DATA — PIPELINE/CONSTRAINT VERIFICATION ONLY
1,LKO_r0_c4,LKO,Lucknow,113.23,147,False,SYNTHETIC DATA — PIPELINE/CONSTRAINT VERIFICATION ONLY
1,LKO_r0_c5,LKO,Lucknow,107.48,139,False,SYNTHETIC DATA — PIPELINE/CONSTRAINT VERIFICATION ONLY
1,LKO_r0_c6,LKO,Lucknow,101.97,132,False,SYNTHETIC DATA — PIPELINE/CONSTRAINT VERIFICATION ONLY
1,LKO_r1_c0,LKO,Lucknow,104.95,136,False,SYNTHETIC DATA — PIPELINE/CONSTRAINT VERIFICATION ONLY
1,LKO_r1_c1,LKO,Lucknow,114.98,149,False,SYNTHETIC DATA — PIPELINE/CONSTRAINT VERIFICATION ONLY
1,LKO_r1_c2,LKO,Lucknow,119.94,155,False,SYNTHETIC DATA — PIPELINE/CONSTRAINT VERIFICATION ONLY
1,LKO_r1_c3,LKO,Lucknow,124.37,161,False,SYNTHETIC DATA — PIPELINE/CONSTRAINT VERIFICATION ONLY
1,LKO_r1_c4,LKO,Lucknow,124.01,161,False,SYNTHETIC DATA — PIPELINE/CONSTRAINT VERIFICATION ONLY
1,LKO_r1_c5,LKO,Lucknow,118.06,153,False,SYNTHETIC DATA — PIPELINE/CONSTRAINT VERIFICATION ONLY
1,LKO_r1_c6,LKO,Lucknow,103.72,134,False,SYNTHETIC DATA — PIPELINE/CONSTRAINT VERIFICATION ONLY
1,LKO_r2_c0,LKO,Lucknow,114.4,148,False,SYNTHETIC DATA — PIPELINE/CONSTRAINT VERIFICATION ONLY
1,LKO_r2_c1,LKO,Lucknow,126.94,165,False,SYNTHETIC DATA — PIPELINE/CONSTRAINT VERIFICATION ONLY
1,LKO_r2_c2,LKO,Lucknow,133.96,174,False,SYNTHETIC DATA — PIPELINE/CONSTRAINT VERIFICATION ONLY
1,LKO_r2_c3,LKO,Lucknow,143.31,186,False,SYNTHETIC DATA — PIPELINE/CONSTRAINT VERIFICATION ONLY
1,LKO_r2_c4,LKO,Lucknow,130.4,169,False,SYNTHETIC DATA — PIPELINE/CONSTRAINT VERIFICATION ONLY
1,LKO_r2_c5,LKO,Lucknow,119.14,154,False,SYNTHETIC DATA — PIPELINE/CONSTRAINT VERIFICATION ONLY
1,LKO_r2_c6,LKO,Lucknow,106.45,138,False,SYNTHETIC DATA — PIPELINE/CONSTRAINT VERIFICATION ONLY
1,LKO_r3_c0,LKO,Lucknow,118.22,153,False,SYNTHETIC DATA — PIPELINE/CONSTRAINT VERIFICATION ONLY
1,LKO_r3_c1,LKO,Lucknow,127.67,165,False,SYNTHETIC DATA — PIPELINE/CONSTRAINT VERIFICATION ONLY
1,LKO_r3_c2,LKO,Lucknow,137.51,178,False,SYNTHETIC DATA — PIPELINE/CONSTRAINT VERIFICATION ONLY
1,LKO_r3_c3,LKO,Lucknow,150.49,195,True,SYNTHETIC DATA — PIPELINE/CONSTRAINT VERIFICATION ONLY
1,LKO_r3_c4,LKO,Lucknow,134.3,174,False,SYNTHETIC DATA — PIPELINE/CONSTRAINT VERIFICATION ONLY
1,LKO_r3_c5,LKO,Lucknow,133.04,172,False,SYNTHETIC DATA — PIPELINE/CONSTRAINT VERIFICATION ONLY
1,LKO_r3_c6,LKO,Lucknow,114.12,148,False,SYNTHETIC DATA — PIPELINE/CONSTRAINT VERIFICATION ONLY
1,LKO_r4_c0,LKO,Lucknow,112.12,145,False,SYNTHETIC DATA — PIPELINE/CONSTRAINT VERIFICATION ONLY
1,LKO_r4_c1,LKO,Lucknow,125.05,162,False,SYNTHETIC DATA — PIPELINE/CONSTRAINT VERIFICATION ONLY
1,LKO_r4_c2,LKO,Lucknow,134.16,174,False,SYNTHETIC DATA — PIPELINE/CONSTRAINT VERIFICATION ONLY
1,LKO_r4_c3,LKO,Lucknow,138.35,179,False,SYNTHETIC DATA — PIPELINE/CONSTRAINT VERIFICATION ONLY
1,LKO_r4_c4,LKO,Lucknow,130.35,169,False,SYNTHETIC DATA — PIPELINE/CONSTRAINT VERIFICATION ONLY
1,LKO_r4_c5,LKO,Lucknow,124.29,161,False,SYNTHETIC DATA — PIPELINE/CONSTRAINT VERIFICATION ONLY
1,LKO_r4_c6,LKO,Lucknow,117.44,152,False,SYNTHETIC DATA — PIPELINE/CONSTRAINT VERIFICATION ONLY
1,LKO_r5_c0,LKO,Lucknow,110.52,143,False,SYNTHETIC DATA — PIPELINE/CONSTRAINT VERIFICATION ONLY
1,LKO_r5_c1,LKO,Lucknow,120.57,156,False,SYNTHETIC DATA — PIPELINE/CONSTRAINT VERIFICATION ONLY
1,LKO_r5_c2,LKO,Lucknow,121.34,157,False,SYNTHETIC DATA — PIPELINE/CONSTRAINT VERIFICATION ONLY
1,LKO_r5_c3,LKO,Lucknow,122.73,159,False,SYNTHETIC DATA — PIPELINE/CONSTRAINT VERIFICATION ONLY
1,LKO_r5_c4,LKO,Lucknow,122.5,159,False,SYNTHETIC DATA — PIPELINE/CONSTRAINT VERIFICATION ONLY
1,LKO_r5_c5,LKO,Lucknow,115.95,150,False,SYNTHETIC DATA — PIPELINE/CONSTRAINT VERIFICATION ONLY
1,LKO_r5_c6,LKO,Lucknow,109.76,142,False,SYNTHETIC DATA — PIPELINE/CONSTRAINT VERIFICATION ONLY
1,LKO_r6_c0,LKO,Lucknow,93.78,121,False,SYNTHETIC DATA — PIPELINE/CONSTRAINT VERIFICATION ONLY
1,LKO_r6_c1,LKO,Lucknow,111.07,144,False,SYNTHETIC DATA — PIPELINE/CONSTRAINT VERIFICATION ONLY
1,LKO_r6_c2,LKO,Lucknow,111.32,144,False,SYNTHETIC DATA — PIPELINE/CONSTRAINT VERIFICATION ONLY
1,LKO_r6_c3,LKO,Lucknow,112.45,146,False,SYNTHETIC DATA — PIPELINE/CONSTRAINT VERIFICATION ONLY
1,LKO_r6_c4,LKO,Lucknow,108.75,141,False,SYNTHETIC DATA — PIPELINE/CONSTRAINT VERIFICATION ONLY
1,LKO_r6_c5,LKO,Lucknow,101.52,131,False,SYNTHETIC DATA — PIPELINE/CONSTRAINT VERIFICATION ONLY
1,LKO_r6_c6,LKO,Lucknow,101.32,131,False,SYNTHETIC DATA — PIPELINE/CONSTRAINT VERIFICATION ONLY
1,VNS_r0_c0,VNS,Varanasi,92.9,120,False,SYNTHETIC DATA — PIPELINE/CONSTRAINT VERIFICATION ONLY
1,VNS_r0_c1,VNS,Varanasi,95.96,124,False,SYNTHETIC DATA — PIPELINE/CONSTRAINT VERIFICATION ONLY
1,VNS_r0_c2,VNS,Varanasi,100.92,131,False,SYNTHETIC DATA — PIPELINE/CONSTRAINT VERIFICATION ONLY
1,VNS_r0_c3,VNS,Varanasi,105.62,137,False,SYNTHETIC DATA — PIPELINE/CONSTRAINT VERIFICATION ONLY
1,VNS_r0_c4,VNS,Varanasi,109.81,142,False,SYNTHETIC DATA — PIPELINE/CONSTRAINT VERIFICATION ONLY
1,VNS_r0_c5,VNS,Varanasi,99.05,128,False,SYNTHETIC DATA — PIPELINE/CONSTRAINT VERIFICATION ONLY
1,VNS_r0_c6,VNS,Varanasi,88.17,114,False,SYNTHETIC DATA — PIPELINE/CONSTRAINT VERIFICATION ONLY
1,VNS_r1_c0,VNS,Varanasi,99.09,128,False,SYNTHETIC DATA — PIPELINE/CONSTRAINT VERIFICATION ONLY
1,VNS_r1_c1,VNS,Varanasi,107.73,140,False,SYNTHETIC DATA — PIPELINE/CONSTRAINT VERIFICATION ONLY
1,VNS_r1_c2,VNS,Varanasi,107.11,139,False,SYNTHETIC DATA — PIPELINE/CONSTRAINT VERIFICATION ONLY
1,VNS_r1_c3,VNS,Varanasi,117.68,152,False,SYNTHETIC DATA — PIPELINE/CONSTRAINT VERIFICATION ONLY
1,VNS_r1_c4,VNS,Varanasi,114.5,148,False,SYNTHETIC DATA — PIPELINE/CONSTRAINT VERIFICATION ONLY
1,VNS_r1_c5,VNS,Varanasi,110.64,143,False,SYNTHETIC DATA — PIPELINE/CONSTRAINT VERIFICATION ONLY
1,VNS_r1_c6,VNS,Varanasi,105.37,136,False,SYNTHETIC DATA — PIPELINE/CONSTRAINT VERIFICATION ONLY
1,VNS_r2_c0,VNS,Varanasi,108.18,140,False,SYNTHETIC DATA — PIPELINE/CONSTRAINT VERIFICATION ONLY
1,VNS_r2_c1,VNS,Varanasi,114.39,148,False,SYNTHETIC DATA — PIPELINE/CONSTRAINT VERIFICATION ONLY
1,VNS_r2_c2,VNS,Varanasi,121.1,157,False,SYNTHETIC DATA — PIPELINE/CONSTRAINT VERIFICATION ONLY
1,VNS_r2_c3,VNS,Varanasi,136.79,177,False,SYNTHETIC DATA — PIPELINE/CONSTRAINT VERIFICATION ONLY
1,VNS_r2_c4,VNS,Varanasi,124.6,161,False,SYNTHETIC DATA — PIPELINE/CONSTRAINT VERIFICATION ONLY
1,VNS_r2_c5,VNS,Varanasi,115.24,149,False,SYNTHETIC DATA — PIPELINE/CONSTRAINT VERIFICATION ONLY
1,VNS_r2_c6,VNS,Varanasi,104.73,136,False,SYNTHETIC DATA — PIPELINE/CONSTRAINT VERIFICATION ONLY
1,VNS_r3_c0,VNS,Varanasi,107.22,139,False,SYNTHETIC DATA — PIPELINE/CONSTRAINT VERIFICATION ONLY
1,VNS_r3_c1,VNS,Varanasi,117.41,152,False,SYNTHETIC DATA — PIPELINE/CONSTRAINT VERIFICATION ONLY
1,VNS_r3_c2,VNS,Varanasi,127.35,165,False,SYNTHETIC DATA — PIPELINE/CONSTRAINT VERIFICATION ONLY
1,VNS_r3_c3,VNS,Varanasi,138.65,180,True,SYNTHETIC DATA — PIPELINE/CONSTRAINT VERIFICATION ONLY
1,VNS_r3_c4,VNS,Varanasi,128.97,167,False,SYNTHETIC DATA — PIPELINE/CONSTRAINT VERIFICATION ONLY
1,VNS_r3_c5,VNS,Varanasi,116.22,151,False,SYNTHETIC DATA — PIPELINE/CONSTRAINT VERIFICATION ONLY
1,VNS_r3_c6,VNS,Varanasi,104.49,135,False,SYNTHETIC DATA — PIPELINE/CONSTRAINT VERIFICATION ONLY
1,VNS_r4_c0,VNS,Varanasi,105.12,136,False,SYNTHETIC DATA — PIPELINE/CONSTRAINT VERIFICATION ONLY
1,VNS_r4_c1,VNS,Varanasi,114.43,148,False,SYNTHETIC DATA — PIPELINE/CONSTRAINT VERIFICATION ONLY
1,VNS_r4_c2,VNS,Varanasi,128.93,167,False,SYNTHETIC DATA — PIPELINE/CONSTRAINT VERIFICATION ONLY
1,VNS_r4_c3,VNS,Varanasi,121.12,157,False,SYNTHETIC DATA — PIPELINE/CONSTRAINT VERIFICATION ONLY
1,VNS_r4_c4,VNS,Varanasi,127.7,166,False,SYNTHETIC DATA — PIPELINE/CONSTRAINT VERIFICATION ONLY
1,VNS_r4_c5,VNS,Varanasi,118.94,154,False,SYNTHETIC DATA — PIPELINE/CONSTRAINT VERIFICATION ONLY
1,VNS_r4_c6,VNS,Varanasi,98.58,128,False,SYNTHETIC DATA — PIPELINE/CONSTRAINT VERIFICATION ONLY
1,VNS_r5_c0,VNS,Varanasi,98.8,128,False,SYNTHETIC DATA — PIPELINE/CONSTRAINT VERIFICATION ONLY
1,VNS_r5_c1,VNS,Varanasi,107.43,139,False,SYNTHETIC DATA — PIPELINE/CONSTRAINT VERIFICATION ONLY
1,VNS_r5_c2,VNS,Varanasi,110.98,144,False,SYNTHETIC DATA — PIPELINE/CONSTRAINT VERIFICATION ONLY
1,VNS_r5_c3,VNS,Varanasi,115.51,150,False,SYNTHETIC DATA — PIPELINE/CONSTRAINT VERIFICATION ONLY
1,VNS_r5_c4,VNS,Varanasi,111.87,145,False,SYNTHETIC DATA — PIPELINE/CONSTRAINT VERIFICATION ONLY
1,VNS_r5_c5,VNS,Varanasi,113.81,147,False,SYNTHETIC DATA — PIPELINE/CONSTRAINT VERIFICATION ONLY
1,VNS_r5_c6,VNS,Varanasi,102.63,133,False,SYNTHETIC DATA — PIPELINE/CONSTRAINT VERIFICATION ONLY
1,VNS_r6_c0,VNS,Varanasi,96.49,125,False,SYNTHETIC DATA — PIPELINE/CONSTRAINT VERIFICATION ONLY
1,VNS_r6_c1,VNS,Varanasi,101.99,132,False,SYNTHETIC DATA — PIPELINE/CONSTRAINT VERIFICATION ONLY
1,VNS_r6_c2,VNS,Varanasi,101.42,131,False,SYNTHETIC DATA — PIPELINE/CONSTRAINT VERIFICATION ONLY
1,VNS_r6_c3,VNS,Varanasi,105.05,136,False,SYNTHETIC DATA — PIPELINE/CONSTRAINT VERIFICATION ONLY
1,VNS_r6_c4,VNS,Varanasi,106.27,138,False,SYNTHETIC DATA — PIPELINE/CONSTRAINT VERIFICATION ONLY
1,VNS_r6_c5,VNS,Varanasi,96.16,125,False,SYNTHETIC DATA — PIPELINE/CONSTRAINT VERIFICATION ONLY
1,VNS_r6_c6,VNS,Varanasi,94.82,123,False,SYNTHETIC DATA — PIPELINE/CONSTRAINT VERIFICATION ONLY
1,JAI_r0_c0,JAI,Jaipur,67.24,87,False,SYNTHETIC DATA — PIPELINE/CONSTRAINT VERIFICATION ONLY
1,JAI_r0_c1,JAI,Jaipur,72.08,93,False,SYNTHETIC DATA — PIPELINE/CONSTRAINT VERIFICATION ONLY
1,JAI_r0_c2,JAI,Jaipur,78.99,102,False,SYNTHETIC DATA — PIPELINE/CONSTRAINT VERIFICATION ONLY
1,JAI_r0_c3,JAI,Jaipur,79.52,103,False,SYNTHETIC DATA — PIPELINE/CONSTRAINT VERIFICATION ONLY
1,JAI_r0_c4,JAI,Jaipur,75.77,98,False,SYNTHETIC DATA — PIPELINE/CONSTRAINT VERIFICATION ONLY
1,JAI_r0_c5,JAI,Jaipur,76.68,99,False,SYNTHETIC DATA — PIPELINE/CONSTRAINT VERIFICATION ONLY
1,JAI_r0_c6,JAI,Jaipur,64.72,84,False,SYNTHETIC DATA — PIPELINE/CONSTRAINT VERIFICATION ONLY
1,JAI_r1_c0,JAI,Jaipur,75.05,97,False,SYNTHETIC DATA — PIPELINE/CONSTRAINT VERIFICATION ONLY
1,JAI_r1_c1,JAI,Jaipur,81.38,105,False,SYNTHETIC DATA — PIPELINE/CONSTRAINT VERIFICATION ONLY
1,JAI_r1_c2,JAI,Jaipur,83.55,108,False,SYNTHETIC DATA — PIPELINE/CONSTRAINT VERIFICATION ONLY
1,JAI_r1_c3,JAI,Jaipur,87.4,113,False,SYNTHETIC DATA — PIPELINE/CONSTRAINT VERIFICATION ONLY
1,JAI_r1_c4,JAI,Jaipur,80.72,104,False,SYNTHETIC DATA — PIPELINE/CONSTRAINT VERIFICATION ONLY
1,JAI_r1_c5,JAI,Jaipur,82.37,107,False,SYNTHETIC DATA — PIPELINE/CONSTRAINT VERIFICATION ONLY
1,JAI_r1_c6,JAI,Jaipur,72.65,94,False,SYNTHETIC DATA — PIPELINE/CONSTRAINT VERIFICATION ONLY
1,JAI_r2_c0,JAI,Jaipur,75.29,97,False,SYNTHETIC DATA — PIPELINE/CONSTRAINT VERIFICATION ONLY
1,JAI_r2_c1,JAI,Jaipur,87.63,113,False,SYNTHETIC DATA — PIPELINE/CONSTRAINT VERIFICATION ONLY
1,JAI_r2_c2,JAI,Jaipur,89.13,115,False,SYNTHETIC DATA — PIPELINE/CONSTRAINT VERIFICATION ONLY
1,JAI_r2_c3,JAI,Jaipur,90.43,117,False,SYNTHETIC DATA — PIPELINE/CONSTRAINT VERIFICATION ONLY
1,JAI_r2_c4,JAI,Jaipur,86.57,112,False,SYNTHETIC DATA — PIPELINE/CONSTRAINT VERIFICATION ONLY
1,JAI_r2_c5,JAI,Jaipur,86.3,112,False,SYNTHETIC DATA — PIPELINE/CONSTRAINT VERIFICATION ONLY
1,JAI_r2_c6,JAI,Jaipur,73.01,94,False,SYNTHETIC DATA — PIPELINE/CONSTRAINT VERIFICATION ONLY
1,JAI_r3_c0,JAI,Jaipur,83.46,108,False,SYNTHETIC DATA — PIPELINE/CONSTRAINT VERIFICATION ONLY
1,JAI_r3_c1,JAI,Jaipur,80.18,104,False,SYNTHETIC DATA — PIPELINE/CONSTRAINT VERIFICATION ONLY
1,JAI_r3_c2,JAI,Jaipur,99.74,129,False,SYNTHETIC DATA — PIPELINE/CONSTRAINT VERIFICATION ONLY
1,JAI_r3_c3,JAI,Jaipur,103.52,134,True,SYNTHETIC DATA — PIPELINE/CONSTRAINT VERIFICATION ONLY
1,JAI_r3_c4,JAI,Jaipur,94.36,122,False,SYNTHETIC DATA — PIPELINE/CONSTRAINT VERIFICATION ONLY
1,JAI_r3_c5,JAI,Jaipur,84.79,110,False,SYNTHETIC DATA — PIPELINE/CONSTRAINT VERIFICATION ONLY
1,JAI_r3_c6,JAI,Jaipur,79.39,103,False,SYNTHETIC DATA — PIPELINE/CONSTRAINT VERIFICATION ONLY
1,JAI_r4_c0,JAI,Jaipur,76.74,99,False,SYNTHETIC DATA — PIPELINE/CONSTRAINT VERIFICATION ONLY
1,JAI_r4_c1,JAI,Jaipur,87.79,114,False,SYNTHETIC DATA — PIPELINE/CONSTRAINT VERIFICATION ONLY
1,JAI_r4_c2,JAI,Jaipur,91.59,119,False,SYNTHETIC DATA — PIPELINE/CONSTRAINT VERIFICATION ONLY
1,JAI_r4_c3,JAI,Jaipur,95.1,123,False,SYNTHETIC DATA — PIPELINE/CONSTRAINT VERIFICATION ONLY
1,JAI_r4_c4,JAI,Jaipur,90.15,117,False,SYNTHETIC DATA — PIPELINE/CONSTRAINT VERIFICATION ONLY
1,JAI_r4_c5,JAI,Jaipur,84.31,109,False,SYNTHETIC DATA — PIPELINE/CONSTRAINT VERIFICATION ONLY
1,JAI_r4_c6,JAI,Jaipur,77.78,101,False,SYNTHETIC DATA — PIPELINE/CONSTRAINT VERIFICATION ONLY
1,JAI_r5_c0,JAI,Jaipur,68.08,88,False,SYNTHETIC DATA — PIPELINE/CONSTRAINT VERIFICATION ONLY
1,JAI_r5_c1,JAI,Jaipur,75.56,98,False,SYNTHETIC DATA — PIPELINE/CONSTRAINT VERIFICATION ONLY
1,JAI_r5_c2,JAI,Jaipur,86.71,112,False,SYNTHETIC DATA — PIPELINE/CONSTRAINT VERIFICATION ONLY
1,JAI_r5_c3,JAI,Jaipur,86.93,113,False,SYNTHETIC DATA — PIPELINE/CONSTRAINT VERIFICATION ONLY
1,JAI_r5_c4,JAI,Jaipur,83.93,109,False,SYNTHETIC DATA — PIPELINE/CONSTRAINT VERIFICATION ONLY
1,JAI_r5_c5,JAI,Jaipur,79.66,103,False,SYNTHETIC DATA — PIPELINE/CONSTRAINT VERIFICATION ONLY
1,JAI_r5_c6,JAI,Jaipur,74.25,96,False,SYNTHETIC DATA — PIPELINE/CONSTRAINT VERIFICATION ONLY
1,JAI_r6_c0,JAI,Jaipur,66.34,86,False,SYNTHETIC DATA — PIPELINE/CONSTRAINT VERIFICATION ONLY
1,JAI_r6_c1,JAI,Jaipur,70.87,92,False,SYNTHETIC DATA — PIPELINE/CONSTRAINT VERIFICATION ONLY
1,JAI_r6_c2,JAI,Jaipur,77.44,100,False,SYNTHETIC DATA — PIPELINE/CONSTRAINT VERIFICATION ONLY
1,JAI_r6_c3,JAI,Jaipur,75.26,97,False,SYNTHETIC DATA — PIPELINE/CONSTRAINT VERIFICATION ONLY
1,JAI_r6_c4,JAI,Jaipur,78.08,101,False,SYNTHETIC DATA — PIPELINE/CONSTRAINT VERIFICATION ONLY
1,JAI_r6_c5,JAI,Jaipur,68.1,88,False,SYNTHETIC DATA — PIPELINE/CONSTRAINT VERIFICATION ONLY
1,JAI_r6_c6,JAI,Jaipur,71.05,92,False,SYNTHETIC DATA — PIPELINE/CONSTRAINT VERIFICATION ONLY
1,AMD_r0_c0,AMD,Ahmedabad,66.29,86,False,SYNTHETIC DATA — PIPELINE/CONSTRAINT VERIFICATION ONLY
1,AMD_r0_c1,AMD,Ahmedabad,70.65,91,False,SYNTHETIC DATA — PIPELINE/CONSTRAINT VERIFICATION ONLY
1,AMD_r0_c2,AMD,Ahmedabad,76.31,99,False,SYNTHETIC DATA — PIPELINE/CONSTRAINT VERIFICATION ONLY
1,AMD_r0_c3,AMD,Ahmedabad,79.63,103,False,SYNTHETIC DATA — PIPELINE/CONSTRAINT VERIFICATION ONLY
1,AMD_r0_c4,AMD,Ahmedabad,76.4,99,False,SYNTHETIC DATA — PIPELINE/CONSTRAINT VERIFICATION ONLY
1,AMD_r0_c5,AMD,Ahmedabad,64.36,83,False,SYNTHETIC DATA — PIPELINE/CONSTRAINT VERIFICATION ONLY
1,AMD_r0_c6,AMD,Ahmedabad,61.04,79,False,SYNTHETIC DATA — PIPELINE/CONSTRAINT VERIFICATION ONLY
1,AMD_r1_c0,AMD,Ahmedabad,68.0,88,False,SYNTHETIC DATA — PIPELINE/CONSTRAINT VERIFICATION ONLY
1,AMD_r1_c1,AMD,Ahmedabad,76.06,98,False,SYNTHETIC DATA — PIPELINE/CONSTRAINT VERIFICATION ONLY
1,AMD_r1_c2,AMD,Ahmedabad,82.19,106,False,SYNTHETIC DATA — PIPELINE/CONSTRAINT VERIFICATION ONLY
1,AMD_r1_c3,AMD,Ahmedabad,80.32,104,False,SYNTHETIC DATA — PIPELINE/CONSTRAINT VERIFICATION ONLY
1,AMD_r1_c4,AMD,Ahmedabad,81.2,105,False,SYNTHETIC DATA — PIPELINE/CONSTRAINT VERIFICATION ONLY
1,AMD_r1_c5,AMD,Ahmedabad,73.72,95,False,SYNTHETIC DATA — PIPELINE/CONSTRAINT VERIFICATION ONLY
1,AMD_r1_c6,AMD,Ahmedabad,68.04,88,False,SYNTHETIC DATA — PIPELINE/CONSTRAINT VERIFICATION ONLY
1,AMD_r2_c0,AMD,Ahmedabad,69.14,89,False,SYNTHETIC DATA — PIPELINE/CONSTRAINT VERIFICATION ONLY
1,AMD_r2_c1,AMD,Ahmedabad,77.87,101,False,SYNTHETIC DATA — PIPELINE/CONSTRAINT VERIFICATION ONLY
1,AMD_r2_c2,AMD,Ahmedabad,83.04,107,False,SYNTHETIC DATA — PIPELINE/CONSTRAINT VERIFICATION ONLY
1,AMD_r2_c3,AMD,Ahmedabad,87.42,113,False,SYNTHETIC DATA — PIPELINE/CONSTRAINT VERIFICATION ONLY
1,AMD_r2_c4,AMD,Ahmedabad,90.26,117,False,SYNTHETIC DATA — PIPELINE/CONSTRAINT VERIFICATION ONLY
1,AMD_r2_c5,AMD,Ahmedabad,77.79,101,False,SYNTHETIC DATA — PIPELINE/CONSTRAINT VERIFICATION ONLY
1,AMD_r2_c6,AMD,Ahmedabad,81.26,105,False,SYNTHETIC DATA — PIPELINE/CONSTRAINT VERIFICATION ONLY
1,AMD_r3_c0,AMD,Ahmedabad,76.12,98,False,SYNTHETIC DATA — PIPELINE/CONSTRAINT VERIFICATION ONLY
1,AMD_r3_c1,AMD,Ahmedabad,83.05,107,False,SYNTHETIC DATA — PIPELINE/CONSTRAINT VERIFICATION ONLY
1,AMD_r3_c2,AMD,Ahmedabad,87.77,114,False,SYNTHETIC DATA — PIPELINE/CONSTRAINT VERIFICATION ONLY
1,AMD_r3_c3,AMD,Ahmedabad,100.31,130,True,SYNTHETIC DATA — PIPELINE/CONSTRAINT VERIFICATION ONLY
1,AMD_r3_c4,AMD,Ahmedabad,88.62,115,False,SYNTHETIC DATA — PIPELINE/CONSTRAINT VERIFICATION ONLY
1,AMD_r3_c5,AMD,Ahmedabad,82.86,107,False,SYNTHETIC DATA — PIPELINE/CONSTRAINT VERIFICATION ONLY
1,AMD_r3_c6,AMD,Ahmedabad,82.32,107,False,SYNTHETIC DATA — PIPELINE/CONSTRAINT VERIFICATION ONLY
1,AMD_r4_c0,AMD,Ahmedabad,73.07,94,False,SYNTHETIC DATA — PIPELINE/CONSTRAINT VERIFICATION ONLY
1,AMD_r4_c1,AMD,Ahmedabad,84.09,109,False,SYNTHETIC DATA — PIPELINE/CONSTRAINT VERIFICATION ONLY
1,AMD_r4_c2,AMD,Ahmedabad,84.99,110,False,SYNTHETIC DATA — PIPELINE/CONSTRAINT VERIFICATION ONLY
1,AMD_r4_c3,AMD,Ahmedabad,90.24,117,False,SYNTHETIC DATA — PIPELINE/CONSTRAINT VERIFICATION ONLY
1,AMD_r4_c4,AMD,Ahmedabad,92.41,120,False,SYNTHETIC DATA — PIPELINE/CONSTRAINT VERIFICATION ONLY
1,AMD_r4_c5,AMD,Ahmedabad,78.76,102,False,SYNTHETIC DATA — PIPELINE/CONSTRAINT VERIFICATION ONLY
1,AMD_r4_c6,AMD,Ahmedabad,78.8,102,False,SYNTHETIC DATA — PIPELINE/CONSTRAINT VERIFICATION ONLY
1,AMD_r5_c0,AMD,Ahmedabad,72.0,93,False,SYNTHETIC DATA — PIPELINE/CONSTRAINT VERIFICATION ONLY
1,AMD_r5_c1,AMD,Ahmedabad,74.3,96,False,SYNTHETIC DATA — PIPELINE/CONSTRAINT VERIFICATION ONLY
1,AMD_r5_c2,AMD,Ahmedabad,82.54,107,False,SYNTHETIC DATA — PIPELINE/CONSTRAINT VERIFICATION ONLY
1,AMD_r5_c3,AMD,Ahmedabad,85.41,111,False,SYNTHETIC DATA — PIPELINE/CONSTRAINT VERIFICATION ONLY
1,AMD_r5_c4,AMD,Ahmedabad,82.5,107,False,SYNTHETIC DATA — PIPELINE/CONSTRAINT VERIFICATION ONLY
1,AMD_r5_c5,AMD,Ahmedabad,71.27,92,False,SYNTHETIC DATA — PIPELINE/CONSTRAINT VERIFICATION ONLY
1,AMD_r5_c6,AMD,Ahmedabad,67.7,88,False,SYNTHETIC DATA — PIPELINE/CONSTRAINT VERIFICATION ONLY
1,AMD_r6_c0,AMD,Ahmedabad,64.13,83,False,SYNTHETIC DATA — PIPELINE/CONSTRAINT VERIFICATION ONLY
1,AMD_r6_c1,AMD,Ahmedabad,69.66,90,False,SYNTHETIC DATA — PIPELINE/CONSTRAINT VERIFICATION ONLY
1,AMD_r6_c2,AMD,Ahmedabad,75.22,97,False,SYNTHETIC DATA — PIPELINE/CONSTRAINT VERIFICATION ONLY
1,AMD_r6_c3,AMD,Ahmedabad,75.17,97,False,SYNTHETIC DATA — PIPELINE/CONSTRAINT VERIFICATION ONLY
1,AMD_r6_c4,AMD,Ahmedabad,69.36,90,False,SYNTHETIC DATA — PIPELINE/CONSTRAINT VERIFICATION ONLY
1,AMD_r6_c5,AMD,Ahmedabad,71.02,92,False,SYNTHETIC DATA — PIPELINE/CONSTRAINT VERIFICATION ONLY
1,AMD_r6_c6,AMD,Ahmedabad,66.71,86,False,SYNTHETIC DATA — PIPELINE/CONSTRAINT VERIFICATION ONLY
1,CCU_r0_c0,CCU,Kolkata,82.0,106,False,SYNTHETIC DATA — PIPELINE/CONSTRAINT VERIFICATION ONLY
1,CCU_r0_c1,CCU,Kolkata,89.76,116,False,SYNTHETIC DATA — PIPELINE/CONSTRAINT VERIFICATION ONLY
1,CCU_r0_c2,CCU,Kolkata,93.33,121,False,SYNTHETIC DATA — PIPELINE/CONSTRAINT VERIFICATION ONLY
1,CCU_r0_c3,CCU,Kolkata,93.78,121,False,SYNTHETIC DATA — PIPELINE/CONSTRAINT VERIFICATION ONLY
1,CCU_r0_c4,CCU,Kolkata,90.62,117,False,SYNTHETIC DATA — PIPELINE/CONSTRAINT VERIFICATION ONLY
1,CCU_r0_c5,CCU,Kolkata,81.53,105,False,SYNTHETIC DATA — PIPELINE/CONSTRAINT VERIFICATION ONLY
1,CCU_r0_c6,CCU,Kolkata,81.61,106,False,SYNTHETIC DATA — PIPELINE/CONSTRAINT VERIFICATION ONLY
1,CCU_r1_c0,CCU,Kolkata,87.14,113,False,SYNTHETIC DATA — PIPELINE/CONSTRAINT VERIFICATION ONLY
1,CCU_r1_c1,CCU,Kolkata,94.89,123,False,SYNTHETIC DATA — PIPELINE/CONSTRAINT VERIFICATION ONLY
1,CCU_r1_c2,CCU,Kolkata,96.01,124,False,SYNTHETIC DATA — PIPELINE/CONSTRAINT VERIFICATION ONLY
1,CCU_r1_c3,CCU,Kolkata,98.89,128,False,SYNTHETIC DATA — PIPELINE/CONSTRAINT VERIFICATION ONLY
1,CCU_r1_c4,CCU,Kolkata,103.0,133,False,SYNTHETIC DATA — PIPELINE/CONSTRAINT VERIFICATION ONLY
1,CCU_r1_c5,CCU,Kolkata,93.96,122,False,SYNTHETIC DATA — PIPELINE/CONSTRAINT VERIFICATION ONLY
1,CCU_r1_c6,CCU,Kolkata,88.56,115,False,SYNTHETIC DATA — PIPELINE/CONSTRAINT VERIFICATION ONLY
1,CCU_r2_c0,CCU,Kolkata,90.91,118,False,SYNTHETIC DATA — PIPELINE/CONSTRAINT VERIFICATION ONLY
1,CCU_r2_c1,CCU,Kolkata,99.93,129,False,SYNTHETIC DATA — PIPELINE/CONSTRAINT VERIFICATION ONLY
1,CCU_r2_c2,CCU,Kolkata,110.65,143,False,SYNTHETIC DATA — PIPELINE/CONSTRAINT VERIFICATION ONLY
1,CCU_r2_c3,CCU,Kolkata,110.31,143,False,SYNTHETIC DATA — PIPELINE/CONSTRAINT VERIFICATION ONLY
1,CCU_r2_c4,CCU,Kolkata,108.12,140,False,SYNTHETIC DATA — PIPELINE/CONSTRAINT VERIFICATION ONLY
1,CCU_r2_c5,CCU,Kolkata,98.45,127,False,SYNTHETIC DATA — PIPELINE/CONSTRAINT VERIFICATION ONLY
1,CCU_r2_c6,CCU,Kolkata,89.53,116,False,SYNTHETIC DATA — PIPELINE/CONSTRAINT VERIFICATION ONLY
1,CCU_r3_c0,CCU,Kolkata,91.48,118,False,SYNTHETIC DATA — PIPELINE/CONSTRAINT VERIFICATION ONLY
1,CCU_r3_c1,CCU,Kolkata,102.8,133,False,SYNTHETIC DATA — PIPELINE/CONSTRAINT VERIFICATION ONLY
1,CCU_r3_c2,CCU,Kolkata,110.43,143,False,SYNTHETIC DATA — PIPELINE/CONSTRAINT VERIFICATION ONLY
1,CCU_r3_c3,CCU,Kolkata,125.36,162,True,SYNTHETIC DATA — PIPELINE/CONSTRAINT VERIFICATION ONLY
1,CCU_r3_c4,CCU,Kolkata,109.18,141,False,SYNTHETIC DATA — PIPELINE/CONSTRAINT VERIFICATION ONLY
1,CCU_r3_c5,CCU,Kolkata,101.57,132,False,SYNTHETIC DATA — PIPELINE/CONSTRAINT VERIFICATION ONLY
1,CCU_r3_c6,CCU,Kolkata,91.09,118,False,SYNTHETIC DATA — PIPELINE/CONSTRAINT VERIFICATION ONLY
1,CCU_r4_c0,CCU,Kolkata,95.17,123,False,SYNTHETIC DATA — PIPELINE/CONSTRAINT VERIFICATION ONLY
1,CCU_r4_c1,CCU,Kolkata,100.43,130,False,SYNTHETIC DATA — PIPELINE/CONSTRAINT VERIFICATION ONLY
1,CCU_r4_c2,CCU,Kolkata,110.93,144,False,SYNTHETIC DATA — PIPELINE/CONSTRAINT VERIFICATION ONLY
1,CCU_r4_c3,CCU,Kolkata,107.4,139,False,SYNTHETIC DATA — PIPELINE/CONSTRAINT VERIFICATION ONLY
1,CCU_r4_c4,CCU,Kolkata,108.63,141,False,SYNTHETIC DATA — PIPELINE/CONSTRAINT VERIFICATION ONLY
1,CCU_r4_c5,CCU,Kolkata,102.51,133,False,SYNTHETIC DATA — PIPELINE/CONSTRAINT VERIFICATION ONLY
1,CCU_r4_c6,CCU,Kolkata,91.08,118,False,SYNTHETIC DATA — PIPELINE/CONSTRAINT VERIFICATION ONLY
1,CCU_r5_c0,CCU,Kolkata,89.71,116,False,SYNTHETIC DATA — PIPELINE/CONSTRAINT VERIFICATION ONLY
1,CCU_r5_c1,CCU,Kolkata,92.52,120,False,SYNTHETIC DATA — PIPELINE/CONSTRAINT VERIFICATION ONLY
1,CCU_r5_c2,CCU,Kolkata,104.07,135,False,SYNTHETIC DATA — PIPELINE/CONSTRAINT VERIFICATION ONLY
1,CCU_r5_c3,CCU,Kolkata,109.03,141,False,SYNTHETIC DATA — PIPELINE/CONSTRAINT VERIFICATION ONLY
1,CCU_r5_c4,CCU,Kolkata,98.75,128,False,SYNTHETIC DATA — PIPELINE/CONSTRAINT VERIFICATION ONLY
1,CCU_r5_c5,CCU,Kolkata,92.74,120,False,SYNTHETIC DATA — PIPELINE/CONSTRAINT VERIFICATION ONLY
1,CCU_r5_c6,CCU,Kolkata,90.88,118,False,SYNTHETIC DATA — PIPELINE/CONSTRAINT VERIFICATION ONLY
1,CCU_r6_c0,CCU,Kolkata,85.06,110,False,SYNTHETIC DATA — PIPELINE/CONSTRAINT VERIFICATION ONLY
1,CCU_r6_c1,CCU,Kolkata,84.95,110,False,SYNTHETIC DATA — PIPELINE/CONSTRAINT VERIFICATION ONLY
1,CCU_r6_c2,CCU,Kolkata,89.57,116,False,SYNTHETIC DATA — PIPELINE/CONSTRAINT VERIFICATION ONLY
1,CCU_r6_c3,CCU,Kolkata,91.56,119,False,SYNTHETIC DATA — PIPELINE/CONSTRAINT VERIFICATION ONLY
1,CCU_r6_c4,CCU,Kolkata,86.8,112,False,SYNTHETIC DATA — PIPELINE/CONSTRAINT VERIFICATION ONLY
1,CCU_r6_c5,CCU,Kolkata,83.76,108,False,SYNTHETIC DATA — PIPELINE/CONSTRAINT VERIFICATION ONLY
1,CCU_r6_c6,CCU,Kolkata,77.31,100,False,SYNTHETIC DATA — PIPELINE/CONSTRAINT VERIFICATION ONLY
1,HYD_r0_c0,HYD,Hyderabad,44.04,57,False,SYNTHETIC DATA — PIPELINE/CONSTRAINT VERIFICATION ONLY
1,HYD_r0_c1,HYD,Hyderabad,49.81,64,False,SYNTHETIC DATA — PIPELINE/CONSTRAINT VERIFICATION ONLY
1,HYD_r0_c2,HYD,Hyderabad,53.1,69,False,SYNTHETIC DATA — PIPELINE/CONSTRAINT VERIFICATION ONLY
1,HYD_r0_c3,HYD,Hyderabad,57.96,75,False,SYNTHETIC DATA — PIPELINE/CONSTRAINT VERIFICATION ONLY
1,HYD_r0_c4,HYD,Hyderabad,49.41,64,False,SYNTHETIC DATA — PIPELINE/CONSTRAINT VERIFICATION ONLY
1,HYD_r0_c5,HYD,Hyderabad,52.87,68,False,SYNTHETIC DATA — PIPELINE/CONSTRAINT VERIFICATION ONLY
1,HYD_r0_c6,HYD,Hyderabad,45.7,59,False,SYNTHETIC DATA — PIPELINE/CONSTRAINT VERIFICATION ONLY
1,HYD_r1_c0,HYD,Hyderabad,49.77,64,False,SYNTHETIC DATA — PIPELINE/CONSTRAINT VERIFICATION ONLY
1,HYD_r1_c1,HYD,Hyderabad,56.3,73,False,SYNTHETIC DATA — PIPELINE/CONSTRAINT VERIFICATION ONLY
1,HYD_r1_c2,HYD,Hyderabad,54.23,70,False,SYNTHETIC DATA — PIPELINE/CONSTRAINT VERIFICATION ONLY
1,HYD_r1_c3,HYD,Hyderabad,60.07,78,False,SYNTHETIC DATA — PIPELINE/CONSTRAINT VERIFICATION ONLY
1,HYD_r1_c4,HYD,Hyderabad,58.1,75,False,SYNTHETIC DATA — PIPELINE/CONSTRAINT VERIFICATION ONLY
1,HYD_r1_c5,HYD,Hyderabad,55.75,72,False,SYNTHETIC DATA — PIPELINE/CONSTRAINT VERIFICATION ONLY
1,HYD_r1_c6,HYD,Hyderabad,50.78,66,False,SYNTHETIC DATA — PIPELINE/CONSTRAINT VERIFICATION ONLY
1,HYD_r2_c0,HYD,Hyderabad,59.77,77,False,SYNTHETIC DATA — PIPELINE/CONSTRAINT VERIFICATION ONLY
1,HYD_r2_c1,HYD,Hyderabad,55.69,72,False,SYNTHETIC DATA — PIPELINE/CONSTRAINT VERIFICATION ONLY
1,HYD_r2_c2,HYD,Hyderabad,60.62,78,False,SYNTHETIC DATA — PIPELINE/CONSTRAINT VERIFICATION ONLY
1,HYD_r2_c3,HYD,Hyderabad,62.67,81,False,SYNTHETIC DATA — PIPELINE/CONSTRAINT VERIFICATION ONLY
1,HYD_r2_c4,HYD,Hyderabad,60.54,78,False,SYNTHETIC DATA — PIPELINE/CONSTRAINT VERIFICATION ONLY
1,HYD_r2_c5,HYD,Hyderabad,55.69,72,False,SYNTHETIC DATA — PIPELINE/CONSTRAINT VERIFICATION ONLY
1,HYD_r2_c6,HYD,Hyderabad,55.97,72,False,SYNTHETIC DATA — PIPELINE/CONSTRAINT VERIFICATION ONLY
1,HYD_r3_c0,HYD,Hyderabad,57.57,74,False,SYNTHETIC DATA — PIPELINE/CONSTRAINT VERIFICATION ONLY
1,HYD_r3_c1,HYD,Hyderabad,57.21,74,False,SYNTHETIC DATA — PIPELINE/CONSTRAINT VERIFICATION ONLY
1,HYD_r3_c2,HYD,Hyderabad,62.04,80,False,SYNTHETIC DATA — PIPELINE/CONSTRAINT VERIFICATION ONLY
1,HYD_r3_c3,HYD,Hyderabad,71.56,93,True,SYNTHETIC DATA — PIPELINE/CONSTRAINT VERIFICATION ONLY
1,HYD_r3_c4,HYD,Hyderabad,62.88,81,False,SYNTHETIC DATA — PIPELINE/CONSTRAINT VERIFICATION ONLY
1,HYD_r3_c5,HYD,Hyderabad,60.82,79,False,SYNTHETIC DATA — PIPELINE/CONSTRAINT VERIFICATION ONLY
1,HYD_r3_c6,HYD,Hyderabad,53.92,70,False,SYNTHETIC DATA — PIPELINE/CONSTRAINT VERIFICATION ONLY
1,HYD_r4_c0,HYD,Hyderabad,47.85,62,False,SYNTHETIC DATA — PIPELINE/CONSTRAINT VERIFICATION ONLY
1,HYD_r4_c1,HYD,Hyderabad,62.24,80,False,SYNTHETIC DATA — PIPELINE/CONSTRAINT VERIFICATION ONLY
1,HYD_r4_c2,HYD,Hyderabad,67.6,87,False,SYNTHETIC DATA — PIPELINE/CONSTRAINT VERIFICATION ONLY
1,HYD_r4_c3,HYD,Hyderabad,62.7,81,False,SYNTHETIC DATA — PIPELINE/CONSTRAINT VERIFICATION ONLY
1,HYD_r4_c4,HYD,Hyderabad,61.05,79,False,SYNTHETIC DATA — PIPELINE/CONSTRAINT VERIFICATION ONLY
1,HYD_r4_c5,HYD,Hyderabad,58.46,75,False,SYNTHETIC DATA — PIPELINE/CONSTRAINT VERIFICATION ONLY
1,HYD_r4_c6,HYD,Hyderabad,53.4,69,False,SYNTHETIC DATA — PIPELINE/CONSTRAINT VERIFICATION ONLY
1,HYD_r5_c0,HYD,Hyderabad,51.89,67,False,SYNTHETIC DATA — PIPELINE/CONSTRAINT VERIFICATION ONLY
1,HYD_r5_c1,HYD,Hyderabad,60.31,78,False,SYNTHETIC DATA — PIPELINE/CONSTRAINT VERIFICATION ONLY
1,HYD_r5_c2,HYD,Hyderabad,57.07,74,False,SYNTHETIC DATA — PIPELINE/CONSTRAINT VERIFICATION ONLY
1,HYD_r5_c3,HYD,Hyderabad,56.53,73,False,SYNTHETIC DATA — PIPELINE/CONSTRAINT VERIFICATION ONLY
1,HYD_r5_c4,HYD,Hyderabad,53.46,69,False,SYNTHETIC DATA — PIPELINE/CONSTRAINT VERIFICATION ONLY
1,HYD_r5_c5,HYD,Hyderabad,52.08,67,False,SYNTHETIC DATA — PIPELINE/CONSTRAINT VERIFICATION ONLY
1,HYD_r5_c6,HYD,Hyderabad,49.81,64,False,SYNTHETIC DATA — PIPELINE/CONSTRAINT VERIFICATION ONLY
1,HYD_r6_c0,HYD,Hyderabad,51.72,67,False,SYNTHETIC DATA — PIPELINE/CONSTRAINT VERIFICATION ONLY
1,HYD_r6_c1,HYD,Hyderabad,48.36,62,False,SYNTHETIC DATA — PIPELINE/CONSTRAINT VERIFICATION ONLY
1,HYD_r6_c2,HYD,Hyderabad,53.07,68,False,SYNTHETIC DATA — PIPELINE/CONSTRAINT VERIFICATION ONLY
1,HYD_r6_c3,HYD,Hyderabad,53.26,69,False,SYNTHETIC DATA — PIPELINE/CONSTRAINT VERIFICATION ONLY
1,HYD_r6_c4,HYD,Hyderabad,55.97,72,False,SYNTHETIC DATA — PIPELINE/CONSTRAINT VERIFICATION ONLY
1,HYD_r6_c5,HYD,Hyderabad,57.49,74,False,SYNTHETIC DATA — PIPELINE/CONSTRAINT VERIFICATION ONLY
1,HYD_r6_c6,HYD,Hyderabad,44.75,58,False,SYNTHETIC DATA — PIPELINE/CONSTRAINT VERIFICATION ONLY
1,BLR_r0_c0,BLR,Bengaluru,26.33,34,False,SYNTHETIC DATA — PIPELINE/CONSTRAINT VERIFICATION ONLY
1,BLR_r0_c1,BLR,Bengaluru,33.08,43,False,SYNTHETIC DATA — PIPELINE/CONSTRAINT VERIFICATION ONLY
1,BLR_r0_c2,BLR,Bengaluru,33.49,43,False,SYNTHETIC DATA — PIPELINE/CONSTRAINT VERIFICATION ONLY
1,BLR_r0_c3,BLR,Bengaluru,37.53,48,False,SYNTHETIC DATA — PIPELINE/CONSTRAINT VERIFICATION ONLY
1,BLR_r0_c4,BLR,Bengaluru,33.19,43,False,SYNTHETIC DATA — PIPELINE/CONSTRAINT VERIFICATION ONLY
1,BLR_r0_c5,BLR,Bengaluru,28.87,37,False,SYNTHETIC DATA — PIPELINE/CONSTRAINT VERIFICATION ONLY
1,BLR_r0_c6,BLR,Bengaluru,29.58,38,False,SYNTHETIC DATA — PIPELINE/CONSTRAINT VERIFICATION ONLY
1,BLR_r1_c0,BLR,Bengaluru,33.27,43,False,SYNTHETIC DATA — PIPELINE/CONSTRAINT VERIFICATION ONLY
1,BLR_r1_c1,BLR,Bengaluru,35.03,45,False,SYNTHETIC DATA — PIPELINE/CONSTRAINT VERIFICATION ONLY
1,BLR_r1_c2,BLR,Bengaluru,36.08,46,False,SYNTHETIC DATA — PIPELINE/CONSTRAINT VERIFICATION ONLY
1,BLR_r1_c3,BLR,Bengaluru,38.55,50,False,SYNTHETIC DATA — PIPELINE/CONSTRAINT VERIFICATION ONLY
1,BLR_r1_c4,BLR,Bengaluru,38.07,49,False,SYNTHETIC DATA — PIPELINE/CONSTRAINT VERIFICATION ONLY
1,BLR_r1_c5,BLR,Bengaluru,36.71,47,False,SYNTHETIC DATA — PIPELINE/CONSTRAINT VERIFICATION ONLY
1,BLR_r1_c6,BLR,Bengaluru,31.89,41,False,SYNTHETIC DATA — PIPELINE/CONSTRAINT VERIFICATION ONLY
1,BLR_r2_c0,BLR,Bengaluru,30.94,40,False,SYNTHETIC DATA — PIPELINE/CONSTRAINT VERIFICATION ONLY
1,BLR_r2_c1,BLR,Bengaluru,35.0,45,False,SYNTHETIC DATA — PIPELINE/CONSTRAINT VERIFICATION ONLY
1,BLR_r2_c2,BLR,Bengaluru,40.95,53,False,SYNTHETIC DATA — PIPELINE/CONSTRAINT VERIFICATION ONLY
1,BLR_r2_c3,BLR,Bengaluru,36.27,47,False,SYNTHETIC DATA — PIPELINE/CONSTRAINT VERIFICATION ONLY
1,BLR_r2_c4,BLR,Bengaluru,38.43,49,False,SYNTHETIC DATA — PIPELINE/CONSTRAINT VERIFICATION ONLY
1,BLR_r2_c5,BLR,Bengaluru,33.38,43,False,SYNTHETIC DATA — PIPELINE/CONSTRAINT VERIFICATION ONLY
1,BLR_r2_c6,BLR,Bengaluru,31.53,40,False,SYNTHETIC DATA — PIPELINE/CONSTRAINT VERIFICATION ONLY
1,BLR_r3_c0,BLR,Bengaluru,35.82,46,False,SYNTHETIC DATA — PIPELINE/CONSTRAINT VERIFICATION ONLY
1,BLR_r3_c1,BLR,Bengaluru,35.93,46,False,SYNTHETIC DATA — PIPELINE/CONSTRAINT VERIFICATION ONLY
1,BLR_r3_c2,BLR,Bengaluru,38.86,50,False,SYNTHETIC DATA — PIPELINE/CONSTRAINT VERIFICATION ONLY
1,BLR_r3_c3,BLR,Bengaluru,38.01,49,True,SYNTHETIC DATA — PIPELINE/CONSTRAINT VERIFICATION ONLY
1,BLR_r3_c4,BLR,Bengaluru,40.96,53,False,SYNTHETIC DATA — PIPELINE/CONSTRAINT VERIFICATION ONLY
1,BLR_r3_c5,BLR,Bengaluru,37.29,48,False,SYNTHETIC DATA — PIPELINE/CONSTRAINT VERIFICATION ONLY
1,BLR_r3_c6,BLR,Bengaluru,38.48,50,False,SYNTHETIC DATA — PIPELINE/CONSTRAINT VERIFICATION ONLY
1,BLR_r4_c0,BLR,Bengaluru,30.52,39,False,SYNTHETIC DATA — PIPELINE/CONSTRAINT VERIFICATION ONLY
1,BLR_r4_c1,BLR,Bengaluru,35.22,45,False,SYNTHETIC DATA — PIPELINE/CONSTRAINT VERIFICATION ONLY
1,BLR_r4_c2,BLR,Bengaluru,38.07,49,False,SYNTHETIC DATA — PIPELINE/CONSTRAINT VERIFICATION ONLY
1,BLR_r4_c3,BLR,Bengaluru,43.45,56,False,SYNTHETIC DATA — PIPELINE/CONSTRAINT VERIFICATION ONLY
1,BLR_r4_c4,BLR,Bengaluru,37.04,48,False,SYNTHETIC DATA — PIPELINE/CONSTRAINT VERIFICATION ONLY
1,BLR_r4_c5,BLR,Bengaluru,35.4,46,False,SYNTHETIC DATA — PIPELINE/CONSTRAINT VERIFICATION ONLY
1,BLR_r4_c6,BLR,Bengaluru,33.26,43,False,SYNTHETIC DATA — PIPELINE/CONSTRAINT VERIFICATION ONLY
1,BLR_r5_c0,BLR,Bengaluru,30.51,39,False,SYNTHETIC DATA — PIPELINE/CONSTRAINT VERIFICATION ONLY
1,BLR_r5_c1,BLR,Bengaluru,31.23,40,False,SYNTHETIC DATA — PIPELINE/CONSTRAINT VERIFICATION ONLY
1,BLR_r5_c2,BLR,Bengaluru,35.14,45,False,SYNTHETIC DATA — PIPELINE/CONSTRAINT VERIFICATION ONLY
1,BLR_r5_c3,BLR,Bengaluru,38.58,50,False,SYNTHETIC DATA — PIPELINE/CONSTRAINT VERIFICATION ONLY
1,BLR_r5_c4,BLR,Bengaluru,31.48,40,False,SYNTHETIC DATA — PIPELINE/CONSTRAINT VERIFICATION ONLY
1,BLR_r5_c5,BLR,Bengaluru,32.96,42,False,SYNTHETIC DATA — PIPELINE/CONSTRAINT VERIFICATION ONLY
1,BLR_r5_c6,BLR,Bengaluru,27.85,36,False,SYNTHETIC DATA — PIPELINE/CONSTRAINT VERIFICATION ONLY
1,BLR_r6_c0,BLR,Bengaluru,31.39,40,False,SYNTHETIC DATA — PIPELINE/CONSTRAINT VERIFICATION ONLY
1,BLR_r6_c1,BLR,Bengaluru,25.38,32,False,SYNTHETIC DATA — PIPELINE/CONSTRAINT VERIFICATION ONLY
1,BLR_r6_c2,BLR,Bengaluru,29.76,38,False,SYNTHETIC DATA — PIPELINE/CONSTRAINT VERIFICATION ONLY
1,BLR_r6_c3,BLR,Bengaluru,33.12,43,False,SYNTHETIC DATA — PIPELINE/CONSTRAINT VERIFICATION ONLY
1,BLR_r6_c4,BLR,Bengaluru,36.14,46,False,SYNTHETIC DATA — PIPELINE/CONSTRAINT VERIFICATION ONLY
1,BLR_r6_c5,BLR,Bengaluru,29.75,38,False,SYNTHETIC DATA — PIPELINE/CONSTRAINT VERIFICATION ONLY
1,BLR_r6_c6,BLR,Bengaluru,26.14,33,False,SYNTHETIC DATA — PIPELINE/CONSTRAINT VERIFICATION ONLY
1,MAA_r0_c0,MAA,Chennai,39.62,51,False,SYNTHETIC DATA — PIPELINE/CONSTRAINT VERIFICATION ONLY
1,MAA_r0_c1,MAA,Chennai,32.26,41,False,SYNTHETIC DATA — PIPELINE/CONSTRAINT VERIFICATION ONLY
1,MAA_r0_c2,MAA,Chennai,31.83,41,False,SYNTHETIC DATA — PIPELINE/CONSTRAINT VERIFICATION ONLY
1,MAA_r0_c3,MAA,Chennai,40.42,52,False,SYNTHETIC DATA — PIPELINE/CONSTRAINT VERIFICATION ONLY
1,MAA_r0_c4,MAA,Chennai,36.92,47,False,SYNTHETIC DATA — PIPELINE/CONSTRAINT VERIFICATION ONLY
1,MAA_r0_c5,MAA,Chennai,33.54,43,False,SYNTHETIC DATA — PIPELINE/CONSTRAINT VERIFICATION ONLY
1,MAA_r0_c6,MAA,Chennai,36.11,46,False,SYNTHETIC DATA — PIPELINE/CONSTRAINT VERIFICATION ONLY
1,MAA_r1_c0,MAA,Chennai,37.33,48,False,SYNTHETIC DATA — PIPELINE/CONSTRAINT VERIFICATION ONLY
1,MAA_r1_c1,MAA,Chennai,38.11,49,False,SYNTHETIC DATA — PIPELINE/CONSTRAINT VERIFICATION ONLY
1,MAA_r1_c2,MAA,Chennai,38.4,49,False,SYNTHETIC DATA — PIPELINE/CONSTRAINT VERIFICATION ONLY
1,MAA_r1_c3,MAA,Chennai,45.83,59,False,SYNTHETIC DATA — PIPELINE/CONSTRAINT VERIFICATION ONLY
1,MAA_r1_c4,MAA,Chennai,44.19,57,False,SYNTHETIC DATA — PIPELINE/CONSTRAINT VERIFICATION ONLY
1,MAA_r1_c5,MAA,Chennai,39.5,51,False,SYNTHETIC DATA — PIPELINE/CONSTRAINT VERIFICATION ONLY
1,MAA_r1_c6,MAA,Chennai,42.14,54,False,SYNTHETIC DATA — PIPELINE/CONSTRAINT VERIFICATION ONLY
1,MAA_r2_c0,MAA,Chennai,35.22,45,False,SYNTHETIC DATA — PIPELINE/CONSTRAINT VERIFICATION ONLY
1,MAA_r2_c1,MAA,Chennai,37.66,48,False,SYNTHETIC DATA — PIPELINE/CONSTRAINT VERIFICATION ONLY
1,MAA_r2_c2,MAA,Chennai,43.55,56,False,SYNTHETIC DATA — PIPELINE/CONSTRAINT VERIFICATION ONLY
1,MAA_r2_c3,MAA,Chennai,47.19,61,False,SYNTHETIC DATA — PIPELINE/CONSTRAINT VERIFICATION ONLY
1,MAA_r2_c4,MAA,Chennai,46.35,60,False,SYNTHETIC DATA — PIPELINE/CONSTRAINT VERIFICATION ONLY
1,MAA_r2_c5,MAA,Chennai,41.52,53,False,SYNTHETIC DATA — PIPELINE/CONSTRAINT VERIFICATION ONLY
1,MAA_r2_c6,MAA,Chennai,39.48,51,False,SYNTHETIC DATA — PIPELINE/CONSTRAINT VERIFICATION ONLY
1,MAA_r3_c0,MAA,Chennai,35.34,45,False,SYNTHETIC DATA — PIPELINE/CONSTRAINT VERIFICATION ONLY
1,MAA_r3_c1,MAA,Chennai,47.54,61,False,SYNTHETIC DATA — PIPELINE/CONSTRAINT VERIFICATION ONLY
1,MAA_r3_c2,MAA,Chennai,47.08,61,False,SYNTHETIC DATA — PIPELINE/CONSTRAINT VERIFICATION ONLY
1,MAA_r3_c3,MAA,Chennai,54.79,71,True,SYNTHETIC DATA — PIPELINE/CONSTRAINT VERIFICATION ONLY
1,MAA_r3_c4,MAA,Chennai,48.35,62,False,SYNTHETIC DATA — PIPELINE/CONSTRAINT VERIFICATION ONLY
1,MAA_r3_c5,MAA,Chennai,44.58,57,False,SYNTHETIC DATA — PIPELINE/CONSTRAINT VERIFICATION ONLY
1,MAA_r3_c6,MAA,Chennai,40.8,53,False,SYNTHETIC DATA — PIPELINE/CONSTRAINT VERIFICATION ONLY
1,MAA_r4_c0,MAA,Chennai,39.77,51,False,SYNTHETIC DATA — PIPELINE/CONSTRAINT VERIFICATION ONLY
1,MAA_r4_c1,MAA,Chennai,44.17,57,False,SYNTHETIC DATA — PIPELINE/CONSTRAINT VERIFICATION ONLY
1,MAA_r4_c2,MAA,Chennai,49.61,64,False,SYNTHETIC DATA — PIPELINE/CONSTRAINT VERIFICATION ONLY
1,MAA_r4_c3,MAA,Chennai,47.92,62,False,SYNTHETIC DATA — PIPELINE/CONSTRAINT VERIFICATION ONLY
1,MAA_r4_c4,MAA,Chennai,47.75,62,False,SYNTHETIC DATA — PIPELINE/CONSTRAINT VERIFICATION ONLY
1,MAA_r4_c5,MAA,Chennai,41.97,54,False,SYNTHETIC DATA — PIPELINE/CONSTRAINT VERIFICATION ONLY
1,MAA_r4_c6,MAA,Chennai,42.75,55,False,SYNTHETIC DATA — PIPELINE/CONSTRAINT VERIFICATION ONLY
1,MAA_r5_c0,MAA,Chennai,34.57,44,False,SYNTHETIC DATA — PIPELINE/CONSTRAINT VERIFICATION ONLY
1,MAA_r5_c1,MAA,Chennai,45.2,58,False,SYNTHETIC DATA — PIPELINE/CONSTRAINT VERIFICATION ONLY
1,MAA_r5_c2,MAA,Chennai,42.12,54,False,SYNTHETIC DATA — PIPELINE/CONSTRAINT VERIFICATION ONLY
1,MAA_r5_c3,MAA,Chennai,38.92,50,False,SYNTHETIC DATA — PIPELINE/CONSTRAINT VERIFICATION ONLY
1,MAA_r5_c4,MAA,Chennai,42.62,55,False,SYNTHETIC DATA — PIPELINE/CONSTRAINT VERIFICATION ONLY
1,MAA_r5_c5,MAA,Chennai,37.76,49,False,SYNTHETIC DATA — PIPELINE/CONSTRAINT VERIFICATION ONLY
1,MAA_r5_c6,MAA,Chennai,39.13,50,False,SYNTHETIC DATA — PIPELINE/CONSTRAINT VERIFICATION ONLY
1,MAA_r6_c0,MAA,Chennai,32.02,41,False,SYNTHETIC DATA — PIPELINE/CONSTRAINT VERIFICATION ONLY
1,MAA_r6_c1,MAA,Chennai,35.26,45,False,SYNTHETIC DATA — PIPELINE/CONSTRAINT VERIFICATION ONLY
1,MAA_r6_c2,MAA,Chennai,32.76,42,False,SYNTHETIC DATA — PIPELINE/CONSTRAINT VERIFICATION ONLY
1,MAA_r6_c3,MAA,Chennai,37.74,49,False,SYNTHETIC DATA — PIPELINE/CONSTRAINT VERIFICATION ONLY
1,MAA_r6_c4,MAA,Chennai,31.16,40,False,SYNTHETIC DATA — PIPELINE/CONSTRAINT VERIFICATION ONLY
1,MAA_r6_c5,MAA,Chennai,31.85,41,False,SYNTHETIC DATA — PIPELINE/CONSTRAINT VERIFICATION ONLY
1,MAA_r6_c6,MAA,Chennai,36.26,47,False,SYNTHETIC DATA — PIPELINE/CONSTRAINT VERIFICATION ONLY
2,DEL_r0_c0,DEL,Delhi,121.26,157,False,SYNTHETIC DATA — PIPELINE/CONSTRAINT VERIFICATION ONLY
2,DEL_r0_c1,DEL,Delhi,129.36,168,False,SYNTHETIC DATA — PIPELINE/CONSTRAINT VERIFICATION ONLY
2,DEL_r0_c2,DEL,Delhi,131.56,171,False,SYNTHETIC DATA — PIPELINE/CONSTRAINT VERIFICATION ONLY
2,DEL_r0_c3,DEL,Delhi,136.66,177,False,SYNTHETIC DATA — PIPELINE/CONSTRAINT VERIFICATION ONLY
2,DEL_r0_c4,DEL,Delhi,134.45,174,False,SYNTHETIC DATA — PIPELINE/CONSTRAINT VERIFICATION ONLY
2,DEL_r0_c5,DEL,Delhi,124.6,161,False,SYNTHETIC DATA — PIPELINE/CONSTRAINT VERIFICATION ONLY
2,DEL_r0_c6,DEL,Delhi,123.42,160,False,SYNTHETIC DATA — PIPELINE/CONSTRAINT VERIFICATION ONLY
2,DEL_r1_c0,DEL,Delhi,130.71,169,False,SYNTHETIC DATA — PIPELINE/CONSTRAINT VERIFICATION ONLY
2,DEL_r1_c1,DEL,Delhi,138.61,180,False,SYNTHETIC DATA — PIPELINE/CONSTRAINT VERIFICATION ONLY
2,DEL_r1_c2,DEL,Delhi,147.88,192,False,SYNTHETIC DATA — PIPELINE/CONSTRAINT VERIFICATION ONLY
2,DEL_r1_c3,DEL,Delhi,151.83,197,False,SYNTHETIC DATA — PIPELINE/CONSTRAINT VERIFICATION ONLY
2,DEL_r1_c4,DEL,Delhi,141.68,184,False,SYNTHETIC DATA — PIPELINE/CONSTRAINT VERIFICATION ONLY
2,DEL_r1_c5,DEL,Delhi,138.53,180,False,SYNTHETIC DATA — PIPELINE/CONSTRAINT VERIFICATION ONLY
2,DEL_r1_c6,DEL,Delhi,126.03,163,False,SYNTHETIC DATA — PIPELINE/CONSTRAINT VERIFICATION ONLY
2,DEL_r2_c0,DEL,Delhi,131.46,170,False,SYNTHETIC DATA — PIPELINE/CONSTRAINT VERIFICATION ONLY
2,DEL_r2_c1,DEL,Delhi,146.96,191,False,SYNTHETIC DATA — PIPELINE/CONSTRAINT VERIFICATION ONLY
2,DEL_r2_c2,DEL,Delhi,165.03,214,False,SYNTHETIC DATA — PIPELINE/CONSTRAINT VERIFICATION ONLY
2,DEL_r2_c3,DEL,Delhi,167.52,217,False,SYNTHETIC DATA — PIPELINE/CONSTRAINT VERIFICATION ONLY
2,DEL_r2_c4,DEL,Delhi,157.92,205,False,SYNTHETIC DATA — PIPELINE/CONSTRAINT VERIFICATION ONLY
2,DEL_r2_c5,DEL,Delhi,149.52,194,False,SYNTHETIC DATA — PIPELINE/CONSTRAINT VERIFICATION ONLY
2,DEL_r2_c6,DEL,Delhi,138.66,180,False,SYNTHETIC DATA — PIPELINE/CONSTRAINT VERIFICATION ONLY
2,DEL_r3_c0,DEL,Delhi,139.57,181,False,SYNTHETIC DATA — PIPELINE/CONSTRAINT VERIFICATION ONLY
2,DEL_r3_c1,DEL,Delhi,151.38,196,False,SYNTHETIC DATA — PIPELINE/CONSTRAINT VERIFICATION ONLY
2,DEL_r3_c2,DEL,Delhi,163.66,212,False,SYNTHETIC DATA — PIPELINE/CONSTRAINT VERIFICATION ONLY
2,DEL_r3_c3,DEL,Delhi,182.09,236,True,SYNTHETIC DATA — PIPELINE/CONSTRAINT VERIFICATION ONLY
2,DEL_r3_c4,DEL,Delhi,166.78,216,False,SYNTHETIC DATA — PIPELINE/CONSTRAINT VERIFICATION ONLY
2,DEL_r3_c5,DEL,Delhi,153.89,200,False,SYNTHETIC DATA — PIPELINE/CONSTRAINT VERIFICATION ONLY
2,DEL_r3_c6,DEL,Delhi,138.71,180,False,SYNTHETIC DATA — PIPELINE/CONSTRAINT VERIFICATION ONLY
2,DEL_r4_c0,DEL,Delhi,137.61,178,False,SYNTHETIC DATA — PIPELINE/CONSTRAINT VERIFICATION ONLY
2,DEL_r4_c1,DEL,Delhi,146.19,190,False,SYNTHETIC DATA — PIPELINE/CONSTRAINT VERIFICATION ONLY
2,DEL_r4_c2,DEL,Delhi,163.59,212,False,SYNTHETIC DATA — PIPELINE/CONSTRAINT VERIFICATION ONLY
2,DEL_r4_c3,DEL,Delhi,166.19,216,False,SYNTHETIC DATA — PIPELINE/CONSTRAINT VERIFICATION ONLY
2,DEL_r4_c4,DEL,Delhi,165.86,215,False,SYNTHETIC DATA — PIPELINE/CONSTRAINT VERIFICATION ONLY
2,DEL_r4_c5,DEL,Delhi,145.73,189,False,SYNTHETIC DATA — PIPELINE/CONSTRAINT VERIFICATION ONLY
2,DEL_r4_c6,DEL,Delhi,139.67,181,False,SYNTHETIC DATA — PIPELINE/CONSTRAINT VERIFICATION ONLY
2,DEL_r5_c0,DEL,Delhi,128.67,167,False,SYNTHETIC DATA — PIPELINE/CONSTRAINT VERIFICATION ONLY
2,DEL_r5_c1,DEL,Delhi,137.32,178,False,SYNTHETIC DATA — PIPELINE/CONSTRAINT VERIFICATION ONLY
2,DEL_r5_c2,DEL,Delhi,146.35,190,False,SYNTHETIC DATA — PIPELINE/CONSTRAINT VERIFICATION ONLY
2,DEL_r5_c3,DEL,Delhi,150.24,195,False,SYNTHETIC DATA — PIPELINE/CONSTRAINT VERIFICATION ONLY
2,DEL_r5_c4,DEL,Delhi,149.07,193,False,SYNTHETIC DATA — PIPELINE/CONSTRAINT VERIFICATION ONLY
2,DEL_r5_c5,DEL,Delhi,140.84,183,False,SYNTHETIC DATA — PIPELINE/CONSTRAINT VERIFICATION ONLY
2,DEL_r5_c6,DEL,Delhi,126.36,164,False,SYNTHETIC DATA — PIPELINE/CONSTRAINT VERIFICATION ONLY
2,DEL_r6_c0,DEL,Delhi,118.83,154,False,SYNTHETIC DATA — PIPELINE/CONSTRAINT VERIFICATION ONLY
2,DEL_r6_c1,DEL,Delhi,134.51,174,False,SYNTHETIC DATA — PIPELINE/CONSTRAINT VERIFICATION ONLY
2,DEL_r6_c2,DEL,Delhi,139.65,181,False,SYNTHETIC DATA — PIPELINE/CONSTRAINT VERIFICATION ONLY
2,DEL_r6_c3,DEL,Delhi,138.11,179,False,SYNTHETIC DATA — PIPELINE/CONSTRAINT VERIFICATION ONLY
2,DEL_r6_c4,DEL,Delhi,134.58,174,False,SYNTHETIC DATA — PIPELINE/CONSTRAINT VERIFICATION ONLY
2,DEL_r6_c5,DEL,Delhi,128.44,166,False,SYNTHETIC DATA — PIPELINE/CONSTRAINT VERIFICATION ONLY
2,DEL_r6_c6,DEL,Delhi,120.75,156,False,SYNTHETIC DATA — PIPELINE/CONSTRAINT VERIFICATION ONLY
2,BOM_r0_c0,BOM,Mumbai,56.38,73,False,SYNTHETIC DATA — PIPELINE/CONSTRAINT VERIFICATION ONLY
2,BOM_r0_c1,BOM,Mumbai,63.27,82,False,SYNTHETIC DATA — PIPELINE/CONSTRAINT VERIFICATION ONLY
2,BOM_r0_c2,BOM,Mumbai,62.23,80,False,SYNTHETIC DATA — PIPELINE/CONSTRAINT VERIFICATION ONLY
2,BOM_r0_c3,BOM,Mumbai,69.6,90,False,SYNTHETIC DATA — PIPELINE/CONSTRAINT VERIFICATION ONLY
2,BOM_r0_c4,BOM,Mumbai,69.17,89,False,SYNTHETIC DATA — PIPELINE/CONSTRAINT VERIFICATION ONLY
2,BOM_r0_c5,BOM,Mumbai,62.59,81,False,SYNTHETIC DATA — PIPELINE/CONSTRAINT VERIFICATION ONLY
2,BOM_r0_c6,BOM,Mumbai,64.17,83,False,SYNTHETIC DATA — PIPELINE/CONSTRAINT VERIFICATION ONLY
2,BOM_r1_c0,BOM,Mumbai,60.36,78,False,SYNTHETIC DATA — PIPELINE/CONSTRAINT VERIFICATION ONLY
2,BOM_r1_c1,BOM,Mumbai,65.24,84,False,SYNTHETIC DATA — PIPELINE/CONSTRAINT VERIFICATION ONLY
2,BOM_r1_c2,BOM,Mumbai,74.57,96,False,SYNTHETIC DATA — PIPELINE/CONSTRAINT VERIFICATION ONLY
2,BOM_r1_c3,BOM,Mumbai,78.74,102,False,SYNTHETIC DATA — PIPELINE/CONSTRAINT VERIFICATION ONLY
2,BOM_r1_c4,BOM,Mumbai,78.95,102,False,SYNTHETIC DATA — PIPELINE/CONSTRAINT VERIFICATION ONLY
2,BOM_r1_c5,BOM,Mumbai,68.26,88,False,SYNTHETIC DATA — PIPELINE/CONSTRAINT VERIFICATION ONLY
2,BOM_r1_c6,BOM,Mumbai,67.28,87,False,SYNTHETIC DATA — PIPELINE/CONSTRAINT VERIFICATION ONLY
2,BOM_r2_c0,BOM,Mumbai,67.12,87,False,SYNTHETIC DATA — PIPELINE/CONSTRAINT VERIFICATION ONLY
2,BOM_r2_c1,BOM,Mumbai,73.38,95,False,SYNTHETIC DATA — PIPELINE/CONSTRAINT VERIFICATION ONLY
2,BOM_r2_c2,BOM,Mumbai,82.47,107,False,SYNTHETIC DATA — PIPELINE/CONSTRAINT VERIFICATION ONLY
2,BOM_r2_c3,BOM,Mumbai,84.76,110,False,SYNTHETIC DATA — PIPELINE/CONSTRAINT VERIFICATION ONLY
2,BOM_r2_c4,BOM,Mumbai,75.09,97,False,SYNTHETIC DATA — PIPELINE/CONSTRAINT VERIFICATION ONLY
2,BOM_r2_c5,BOM,Mumbai,78.33,101,False,SYNTHETIC DATA — PIPELINE/CONSTRAINT VERIFICATION ONLY
2,BOM_r2_c6,BOM,Mumbai,71.37,92,False,SYNTHETIC DATA — PIPELINE/CONSTRAINT VERIFICATION ONLY
2,BOM_r3_c0,BOM,Mumbai,66.52,86,False,SYNTHETIC DATA — PIPELINE/CONSTRAINT VERIFICATION ONLY
2,BOM_r3_c1,BOM,Mumbai,76.79,99,False,SYNTHETIC DATA — PIPELINE/CONSTRAINT VERIFICATION ONLY
2,BOM_r3_c2,BOM,Mumbai,84.28,109,False,SYNTHETIC DATA — PIPELINE/CONSTRAINT VERIFICATION ONLY
2,BOM_r3_c3,BOM,Mumbai,90.78,118,True,SYNTHETIC DATA — PIPELINE/CONSTRAINT VERIFICATION ONLY
2,BOM_r3_c4,BOM,Mumbai,81.15,105,False,SYNTHETIC DATA — PIPELINE/CONSTRAINT VERIFICATION ONLY
2,BOM_r3_c5,BOM,Mumbai,73.59,95,False,SYNTHETIC DATA — PIPELINE/CONSTRAINT VERIFICATION ONLY
2,BOM_r3_c6,BOM,Mumbai,68.32,88,False,SYNTHETIC DATA — PIPELINE/CONSTRAINT VERIFICATION ONLY
2,BOM_r4_c0,BOM,Mumbai,70.75,91,False,SYNTHETIC DATA — PIPELINE/CONSTRAINT VERIFICATION ONLY
2,BOM_r4_c1,BOM,Mumbai,75.53,98,False,SYNTHETIC DATA — PIPELINE/CONSTRAINT VERIFICATION ONLY
2,BOM_r4_c2,BOM,Mumbai,78.71,102,False,SYNTHETIC DATA — PIPELINE/CONSTRAINT VERIFICATION ONLY
2,BOM_r4_c3,BOM,Mumbai,85.12,110,False,SYNTHETIC DATA — PIPELINE/CONSTRAINT VERIFICATION ONLY
2,BOM_r4_c4,BOM,Mumbai,71.27,92,False,SYNTHETIC DATA — PIPELINE/CONSTRAINT VERIFICATION ONLY
2,BOM_r4_c5,BOM,Mumbai,77.35,100,False,SYNTHETIC DATA — PIPELINE/CONSTRAINT VERIFICATION ONLY
2,BOM_r4_c6,BOM,Mumbai,62.01,80,False,SYNTHETIC DATA — PIPELINE/CONSTRAINT VERIFICATION ONLY
2,BOM_r5_c0,BOM,Mumbai,62.95,81,False,SYNTHETIC DATA — PIPELINE/CONSTRAINT VERIFICATION ONLY
2,BOM_r5_c1,BOM,Mumbai,66.28,86,False,SYNTHETIC DATA — PIPELINE/CONSTRAINT VERIFICATION ONLY
2,BOM_r5_c2,BOM,Mumbai,70.02,91,False,SYNTHETIC DATA — PIPELINE/CONSTRAINT VERIFICATION ONLY
2,BOM_r5_c3,BOM,Mumbai,79.08,102,False,SYNTHETIC DATA — PIPELINE/CONSTRAINT VERIFICATION ONLY
2,BOM_r5_c4,BOM,Mumbai,72.5,94,False,SYNTHETIC DATA — PIPELINE/CONSTRAINT VERIFICATION ONLY
2,BOM_r5_c5,BOM,Mumbai,70.67,91,False,SYNTHETIC DATA — PIPELINE/CONSTRAINT VERIFICATION ONLY
2,BOM_r5_c6,BOM,Mumbai,63.9,83,False,SYNTHETIC DATA — PIPELINE/CONSTRAINT VERIFICATION ONLY
2,BOM_r6_c0,BOM,Mumbai,60.88,79,False,SYNTHETIC DATA — PIPELINE/CONSTRAINT VERIFICATION ONLY
2,BOM_r6_c1,BOM,Mumbai,64.27,83,False,SYNTHETIC DATA — PIPELINE/CONSTRAINT VERIFICATION ONLY
2,BOM_r6_c2,BOM,Mumbai,63.38,82,False,SYNTHETIC DATA — PIPELINE/CONSTRAINT VERIFICATION ONLY
2,BOM_r6_c3,BOM,Mumbai,71.39,92,False,SYNTHETIC DATA — PIPELINE/CONSTRAINT VERIFICATION ONLY
2,BOM_r6_c4,BOM,Mumbai,65.75,85,False,SYNTHETIC DATA — PIPELINE/CONSTRAINT VERIFICATION ONLY
2,BOM_r6_c5,BOM,Mumbai,59.37,77,False,SYNTHETIC DATA — PIPELINE/CONSTRAINT VERIFICATION ONLY
2,BOM_r6_c6,BOM,Mumbai,58.17,75,False,SYNTHETIC DATA — PIPELINE/CONSTRAINT VERIFICATION ONLY
2,LKO_r0_c0,LKO,Lucknow,110.2,143,False,SYNTHETIC DATA — PIPELINE/CONSTRAINT VERIFICATION ONLY
2,LKO_r0_c1,LKO,Lucknow,116.4,151,False,SYNTHETIC DATA — PIPELINE/CONSTRAINT VERIFICATION ONLY
2,LKO_r0_c2,LKO,Lucknow,118.48,154,False,SYNTHETIC DATA — PIPELINE/CONSTRAINT VERIFICATION ONLY
2,LKO_r0_c3,LKO,Lucknow,120.55,156,False,SYNTHETIC DATA — PIPELINE/CONSTRAINT VERIFICATION ONLY
2,LKO_r0_c4,LKO,Lucknow,118.56,154,False,SYNTHETIC DATA — PIPELINE/CONSTRAINT VERIFICATION ONLY
2,LKO_r0_c5,LKO,Lucknow,120.08,156,False,SYNTHETIC DATA — PIPELINE/CONSTRAINT VERIFICATION ONLY
2,LKO_r0_c6,LKO,Lucknow,106.84,138,False,SYNTHETIC DATA — PIPELINE/CONSTRAINT VERIFICATION ONLY
2,LKO_r1_c0,LKO,Lucknow,115.14,149,False,SYNTHETIC DATA — PIPELINE/CONSTRAINT VERIFICATION ONLY
2,LKO_r1_c1,LKO,Lucknow,126.89,164,False,SYNTHETIC DATA — PIPELINE/CONSTRAINT VERIFICATION ONLY
2,LKO_r1_c2,LKO,Lucknow,132.09,171,False,SYNTHETIC DATA — PIPELINE/CONSTRAINT VERIFICATION ONLY
2,LKO_r1_c3,LKO,Lucknow,133.62,173,False,SYNTHETIC DATA — PIPELINE/CONSTRAINT VERIFICATION ONLY
2,LKO_r1_c4,LKO,Lucknow,130.79,170,False,SYNTHETIC DATA — PIPELINE/CONSTRAINT VERIFICATION ONLY
2,LKO_r1_c5,LKO,Lucknow,123.58,160,False,SYNTHETIC DATA — PIPELINE/CONSTRAINT VERIFICATION ONLY
2,LKO_r1_c6,LKO,Lucknow,113.74,147,False,SYNTHETIC DATA — PIPELINE/CONSTRAINT VERIFICATION ONLY
2,LKO_r2_c0,LKO,Lucknow,121.71,158,False,SYNTHETIC DATA — PIPELINE/CONSTRAINT VERIFICATION ONLY
2,LKO_r2_c1,LKO,Lucknow,131.53,170,False,SYNTHETIC DATA — PIPELINE/CONSTRAINT VERIFICATION ONLY
2,LKO_r2_c2,LKO,Lucknow,144.1,187,False,SYNTHETIC DATA — PIPELINE/CONSTRAINT VERIFICATION ONLY
2,LKO_r2_c3,LKO,Lucknow,146.96,191,False,SYNTHETIC DATA — PIPELINE/CONSTRAINT VERIFICATION ONLY
2,LKO_r2_c4,LKO,Lucknow,142.13,184,False,SYNTHETIC DATA — PIPELINE/CONSTRAINT VERIFICATION ONLY
2,LKO_r2_c5,LKO,Lucknow,125.38,162,False,SYNTHETIC DATA — PIPELINE/CONSTRAINT VERIFICATION ONLY
2,LKO_r2_c6,LKO,Lucknow,122.27,158,False,SYNTHETIC DATA — PIPELINE/CONSTRAINT VERIFICATION ONLY
2,LKO_r3_c0,LKO,Lucknow,122.64,159,False,SYNTHETIC DATA — PIPELINE/CONSTRAINT VERIFICATION ONLY
2,LKO_r3_c1,LKO,Lucknow,137.39,178,False,SYNTHETIC DATA — PIPELINE/CONSTRAINT VERIFICATION ONLY
2,LKO_r3_c2,LKO,Lucknow,138.51,180,False,SYNTHETIC DATA — PIPELINE/CONSTRAINT VERIFICATION ONLY
2,LKO_r3_c3,LKO,Lucknow,166.27,216,True,SYNTHETIC DATA — PIPELINE/CONSTRAINT VERIFICATION ONLY
2,LKO_r3_c4,LKO,Lucknow,146.78,190,False,SYNTHETIC DATA — PIPELINE/CONSTRAINT VERIFICATION ONLY
2,LKO_r3_c5,LKO,Lucknow,137.72,179,False,SYNTHETIC DATA — PIPELINE/CONSTRAINT VERIFICATION ONLY
2,LKO_r3_c6,LKO,Lucknow,118.48,154,False,SYNTHETIC DATA — PIPELINE/CONSTRAINT VERIFICATION ONLY
2,LKO_r4_c0,LKO,Lucknow,121.36,157,False,SYNTHETIC DATA — PIPELINE/CONSTRAINT VERIFICATION ONLY
2,LKO_r4_c1,LKO,Lucknow,128.22,166,False,SYNTHETIC DATA — PIPELINE/CONSTRAINT VERIFICATION ONLY
2,LKO_r4_c2,LKO,Lucknow,140.03,182,False,SYNTHETIC DATA — PIPELINE/CONSTRAINT VERIFICATION ONLY
2,LKO_r4_c3,LKO,Lucknow,152.94,198,False,SYNTHETIC DATA — PIPELINE/CONSTRAINT VERIFICATION ONLY
2,LKO_r4_c4,LKO,Lucknow,141.33,183,False,SYNTHETIC DATA — PIPELINE/CONSTRAINT VERIFICATION ONLY
2,LKO_r4_c5,LKO,Lucknow,132.03,171,False,SYNTHETIC DATA — PIPELINE/CONSTRAINT VERIFICATION ONLY
2,LKO_r4_c6,LKO,Lucknow,122.13,158,False,SYNTHETIC DATA — PIPELINE/CONSTRAINT VERIFICATION ONLY
2,LKO_r5_c0,LKO,Lucknow,115.34,149,False,SYNTHETIC DATA — PIPELINE/CONSTRAINT VERIFICATION ONLY
2,LKO_r5_c1,LKO,Lucknow,124.25,161,False,SYNTHETIC DATA — PIPELINE/CONSTRAINT VERIFICATION ONLY
2,LKO_r5_c2,LKO,Lucknow,132.47,172,False,SYNTHETIC DATA — PIPELINE/CONSTRAINT VERIFICATION ONLY
2,LKO_r5_c3,LKO,Lucknow,141.61,184,False,SYNTHETIC DATA — PIPELINE/CONSTRAINT VERIFICATION ONLY
2,LKO_r5_c4,LKO,Lucknow,131.21,170,False,SYNTHETIC DATA — PIPELINE/CONSTRAINT VERIFICATION ONLY
2,LKO_r5_c5,LKO,Lucknow,124.4,161,False,SYNTHETIC DATA — PIPELINE/CONSTRAINT VERIFICATION ONLY
2,LKO_r5_c6,LKO,Lucknow,117.0,152,False,SYNTHETIC DATA — PIPELINE/CONSTRAINT VERIFICATION ONLY
2,LKO_r6_c0,LKO,Lucknow,109.01,141,False,SYNTHETIC DATA — PIPELINE/CONSTRAINT VERIFICATION ONLY
2,LKO_r6_c1,LKO,Lucknow,117.41,152,False,SYNTHETIC DATA — PIPELINE/CONSTRAINT VERIFICATION ONLY
2,LKO_r6_c2,LKO,Lucknow,121.44,157,False,SYNTHETIC DATA — PIPELINE/CONSTRAINT VERIFICATION ONLY
2,LKO_r6_c3,LKO,Lucknow,118.17,153,False,SYNTHETIC DATA — PIPELINE/CONSTRAINT VERIFICATION ONLY
2,LKO_r6_c4,LKO,Lucknow,124.42,161,False,SYNTHETIC DATA — PIPELINE/CONSTRAINT VERIFICATION ONLY
2,LKO_r6_c5,LKO,Lucknow,110.41,143,False,SYNTHETIC DATA — PIPELINE/CONSTRAINT VERIFICATION ONLY
2,LKO_r6_c6,LKO,Lucknow,106.6,138,False,SYNTHETIC DATA — PIPELINE/CONSTRAINT VERIFICATION ONLY
2,VNS_r0_c0,VNS,Varanasi,96.83,125,False,SYNTHETIC DATA — PIPELINE/CONSTRAINT VERIFICATION ONLY
2,VNS_r0_c1,VNS,Varanasi,106.54,138,False,SYNTHETIC DATA — PIPELINE/CONSTRAINT VERIFICATION ONLY
2,VNS_r0_c2,VNS,Varanasi,113.04,146,False,SYNTHETIC DATA — PIPELINE/CONSTRAINT VERIFICATION ONLY
2,VNS_r0_c3,VNS,Varanasi,114.96,149,False,SYNTHETIC DATA — PIPELINE/CONSTRAINT VERIFICATION ONLY
2,VNS_r0_c4,VNS,Varanasi,113.32,147,False,SYNTHETIC DATA — PIPELINE/CONSTRAINT VERIFICATION ONLY
2,VNS_r0_c5,VNS,Varanasi,111.57,145,False,SYNTHETIC DATA — PIPELINE/CONSTRAINT VERIFICATION ONLY
2,VNS_r0_c6,VNS,Varanasi,100.45,130,False,SYNTHETIC DATA — PIPELINE/CONSTRAINT VERIFICATION ONLY
2,VNS_r1_c0,VNS,Varanasi,106.0,137,False,SYNTHETIC DATA — PIPELINE/CONSTRAINT VERIFICATION ONLY
2,VNS_r1_c1,VNS,Varanasi,118.95,154,False,SYNTHETIC DATA — PIPELINE/CONSTRAINT VERIFICATION ONLY
2,VNS_r1_c2,VNS,Varanasi,126.74,164,False,SYNTHETIC DATA — PIPELINE/CONSTRAINT VERIFICATION ONLY
2,VNS_r1_c3,VNS,Varanasi,122.32,159,False,SYNTHETIC DATA — PIPELINE/CONSTRAINT VERIFICATION ONLY
2,VNS_r1_c4,VNS,Varanasi,124.96,162,False,SYNTHETIC DATA — PIPELINE/CONSTRAINT VERIFICATION ONLY
2,VNS_r1_c5,VNS,Varanasi,118.16,153,False,SYNTHETIC DATA — PIPELINE/CONSTRAINT VERIFICATION ONLY
2,VNS_r1_c6,VNS,Varanasi,105.84,137,False,SYNTHETIC DATA — PIPELINE/CONSTRAINT VERIFICATION ONLY
2,VNS_r2_c0,VNS,Varanasi,116.18,151,False,SYNTHETIC DATA — PIPELINE/CONSTRAINT VERIFICATION ONLY
2,VNS_r2_c1,VNS,Varanasi,122.72,159,False,SYNTHETIC DATA — PIPELINE/CONSTRAINT VERIFICATION ONLY
2,VNS_r2_c2,VNS,Varanasi,133.41,173,False,SYNTHETIC DATA — PIPELINE/CONSTRAINT VERIFICATION ONLY
2,VNS_r2_c3,VNS,Varanasi,137.48,178,False,SYNTHETIC DATA — PIPELINE/CONSTRAINT VERIFICATION ONLY
2,VNS_r2_c4,VNS,Varanasi,133.08,173,False,SYNTHETIC DATA — PIPELINE/CONSTRAINT VERIFICATION ONLY
2,VNS_r2_c5,VNS,Varanasi,119.88,155,False,SYNTHETIC DATA — PIPELINE/CONSTRAINT VERIFICATION ONLY
2,VNS_r2_c6,VNS,Varanasi,107.73,140,False,SYNTHETIC DATA — PIPELINE/CONSTRAINT VERIFICATION ONLY
2,VNS_r3_c0,VNS,Varanasi,118.78,154,False,SYNTHETIC DATA — PIPELINE/CONSTRAINT VERIFICATION ONLY
2,VNS_r3_c1,VNS,Varanasi,123.46,160,False,SYNTHETIC DATA — PIPELINE/CONSTRAINT VERIFICATION ONLY
2,VNS_r3_c2,VNS,Varanasi,135.03,175,False,SYNTHETIC DATA — PIPELINE/CONSTRAINT VERIFICATION ONLY
2,VNS_r3_c3,VNS,Varanasi,143.54,186,True,SYNTHETIC DATA — PIPELINE/CONSTRAINT VERIFICATION ONLY
2,VNS_r3_c4,VNS,Varanasi,136.08,176,False,SYNTHETIC DATA — PIPELINE/CONSTRAINT VERIFICATION ONLY
2,VNS_r3_c5,VNS,Varanasi,122.03,158,False,SYNTHETIC DATA — PIPELINE/CONSTRAINT VERIFICATION ONLY
2,VNS_r3_c6,VNS,Varanasi,118.93,154,False,SYNTHETIC DATA — PIPELINE/CONSTRAINT VERIFICATION ONLY
2,VNS_r4_c0,VNS,Varanasi,115.08,149,False,SYNTHETIC DATA — PIPELINE/CONSTRAINT VERIFICATION ONLY
2,VNS_r4_c1,VNS,Varanasi,121.1,157,False,SYNTHETIC DATA — PIPELINE/CONSTRAINT VERIFICATION ONLY
2,VNS_r4_c2,VNS,Varanasi,139.79,181,False,SYNTHETIC DATA — PIPELINE/CONSTRAINT VERIFICATION ONLY
2,VNS_r4_c3,VNS,Varanasi,140.95,183,False,SYNTHETIC DATA — PIPELINE/CONSTRAINT VERIFICATION ONLY
2,VNS_r4_c4,VNS,Varanasi,132.05,171,False,SYNTHETIC DATA — PIPELINE/CONSTRAINT VERIFICATION ONLY
2,VNS_r4_c5,VNS,Varanasi,115.67,150,False,SYNTHETIC DATA — PIPELINE/CONSTRAINT VERIFICATION ONLY
2,VNS_r4_c6,VNS,Varanasi,118.93,154,False,SYNTHETIC DATA — PIPELINE/CONSTRAINT VERIFICATION ONLY
2,VNS_r5_c0,VNS,Varanasi,102.56,133,False,SYNTHETIC DATA — PIPELINE/CONSTRAINT VERIFICATION ONLY
2,VNS_r5_c1,VNS,Varanasi,111.12,144,False,SYNTHETIC DATA — PIPELINE/CONSTRAINT VERIFICATION ONLY
2,VNS_r5_c2,VNS,Varanasi,126.23,164,False,SYNTHETIC DATA — PIPELINE/CONSTRAINT VERIFICATION ONLY
2,VNS_r5_c3,VNS,Varanasi,133.32,173,False,SYNTHETIC DATA — PIPELINE/CONSTRAINT VERIFICATION ONLY
2,VNS_r5_c4,VNS,Varanasi,127.32,165,False,SYNTHETIC DATA — PIPELINE/CONSTRAINT VERIFICATION ONLY
2,VNS_r5_c5,VNS,Varanasi,117.75,153,False,SYNTHETIC DATA — PIPELINE/CONSTRAINT VERIFICATION ONLY
2,VNS_r5_c6,VNS,Varanasi,108.52,141,False,SYNTHETIC DATA — PIPELINE/CONSTRAINT VERIFICATION ONLY
2,VNS_r6_c0,VNS,Varanasi,101.65,132,False,SYNTHETIC DATA — PIPELINE/CONSTRAINT VERIFICATION ONLY
2,VNS_r6_c1,VNS,Varanasi,109.01,141,False,SYNTHETIC DATA — PIPELINE/CONSTRAINT VERIFICATION ONLY
2,VNS_r6_c2,VNS,Varanasi,112.9,146,False,SYNTHETIC DATA — PIPELINE/CONSTRAINT VERIFICATION ONLY
2,VNS_r6_c3,VNS,Varanasi,114.31,148,False,SYNTHETIC DATA — PIPELINE/CONSTRAINT VERIFICATION ONLY
2,VNS_r6_c4,VNS,Varanasi,111.86,145,False,SYNTHETIC DATA — PIPELINE/CONSTRAINT VERIFICATION ONLY
2,VNS_r6_c5,VNS,Varanasi,104.47,135,False,SYNTHETIC DATA — PIPELINE/CONSTRAINT VERIFICATION ONLY
2,VNS_r6_c6,VNS,Varanasi,98.25,127,False,SYNTHETIC DATA — PIPELINE/CONSTRAINT VERIFICATION ONLY
2,JAI_r0_c0,JAI,Jaipur,67.59,87,False,SYNTHETIC DATA — PIPELINE/CONSTRAINT VERIFICATION ONLY
2,JAI_r0_c1,JAI,Jaipur,77.98,101,False,SYNTHETIC DATA — PIPELINE/CONSTRAINT VERIFICATION ONLY
2,JAI_r0_c2,JAI,Jaipur,79.21,102,False,SYNTHETIC DATA — PIPELINE/CONSTRAINT VERIFICATION ONLY
2,JAI_r0_c3,JAI,Jaipur,80.29,104,False,SYNTHETIC DATA — PIPELINE/CONSTRAINT VERIFICATION ONLY
2,JAI_r0_c4,JAI,Jaipur,82.71,107,False,SYNTHETIC DATA — PIPELINE/CONSTRAINT VERIFICATION ONLY
2,JAI_r0_c5,JAI,Jaipur,82.45,107,False,SYNTHETIC DATA — PIPELINE/CONSTRAINT VERIFICATION ONLY
2,JAI_r0_c6,JAI,Jaipur,75.42,98,False,SYNTHETIC DATA — PIPELINE/CONSTRAINT VERIFICATION ONLY
2,JAI_r1_c0,JAI,Jaipur,73.56,95,False,SYNTHETIC DATA — PIPELINE/CONSTRAINT VERIFICATION ONLY
2,JAI_r1_c1,JAI,Jaipur,82.14,106,False,SYNTHETIC DATA — PIPELINE/CONSTRAINT VERIFICATION ONLY
2,JAI_r1_c2,JAI,Jaipur,93.14,121,False,SYNTHETIC DATA — PIPELINE/CONSTRAINT VERIFICATION ONLY
2,JAI_r1_c3,JAI,Jaipur,89.45,116,False,SYNTHETIC DATA — PIPELINE/CONSTRAINT VERIFICATION ONLY
2,JAI_r1_c4,JAI,Jaipur,89.65,116,False,SYNTHETIC DATA — PIPELINE/CONSTRAINT VERIFICATION ONLY
2,JAI_r1_c5,JAI,Jaipur,86.76,112,False,SYNTHETIC DATA — PIPELINE/CONSTRAINT VERIFICATION ONLY
2,JAI_r1_c6,JAI,Jaipur,75.37,97,False,SYNTHETIC DATA — PIPELINE/CONSTRAINT VERIFICATION ONLY
2,JAI_r2_c0,JAI,Jaipur,82.49,107,False,SYNTHETIC DATA — PIPELINE/CONSTRAINT VERIFICATION ONLY
2,JAI_r2_c1,JAI,Jaipur,86.32,112,False,SYNTHETIC DATA — PIPELINE/CONSTRAINT VERIFICATION ONLY
2,JAI_r2_c2,JAI,Jaipur,95.75,124,False,SYNTHETIC DATA — PIPELINE/CONSTRAINT VERIFICATION ONLY
2,JAI_r2_c3,JAI,Jaipur,102.16,132,False,SYNTHETIC DATA — PIPELINE/CONSTRAINT VERIFICATION ONLY
2,JAI_r2_c4,JAI,Jaipur,92.78,120,False,SYNTHETIC DATA — PIPELINE/CONSTRAINT VERIFICATION ONLY
2,JAI_r2_c5,JAI,Jaipur,91.64,119,False,SYNTHETIC DATA — PIPELINE/CONSTRAINT VERIFICATION ONLY
2,JAI_r2_c6,JAI,Jaipur,82.11,106,False,SYNTHETIC DATA — PIPELINE/CONSTRAINT VERIFICATION ONLY
2,JAI_r3_c0,JAI,Jaipur,85.26,110,False,SYNTHETIC DATA — PIPELINE/CONSTRAINT VERIFICATION ONLY
2,JAI_r3_c1,JAI,Jaipur,93.07,120,False,SYNTHETIC DATA — PIPELINE/CONSTRAINT VERIFICATION ONLY
2,JAI_r3_c2,JAI,Jaipur,105.29,136,False,SYNTHETIC DATA — PIPELINE/CONSTRAINT VERIFICATION ONLY
2,JAI_r3_c3,JAI,Jaipur,110.38,143,True,SYNTHETIC DATA — PIPELINE/CONSTRAINT VERIFICATION ONLY
2,JAI_r3_c4,JAI,Jaipur,99.91,129,False,SYNTHETIC DATA — PIPELINE/CONSTRAINT VERIFICATION ONLY
2,JAI_r3_c5,JAI,Jaipur,92.77,120,False,SYNTHETIC DATA — PIPELINE/CONSTRAINT VERIFICATION ONLY
2,JAI_r3_c6,JAI,Jaipur,85.23,110,False,SYNTHETIC DATA — PIPELINE/CONSTRAINT VERIFICATION ONLY
2,JAI_r4_c0,JAI,Jaipur,82.32,107,False,SYNTHETIC DATA — PIPELINE/CONSTRAINT VERIFICATION ONLY
2,JAI_r4_c1,JAI,Jaipur,90.44,117,False,SYNTHETIC DATA — PIPELINE/CONSTRAINT VERIFICATION ONLY
2,JAI_r4_c2,JAI,Jaipur,95.45,124,False,SYNTHETIC DATA — PIPELINE/CONSTRAINT VERIFICATION ONLY
2,JAI_r4_c3,JAI,Jaipur,99.21,128,False,SYNTHETIC DATA — PIPELINE/CONSTRAINT VERIFICATION ONLY
2,JAI_r4_c4,JAI,Jaipur,93.35,121,False,SYNTHETIC DATA — PIPELINE/CONSTRAINT VERIFICATION ONLY
2,JAI_r4_c5,JAI,Jaipur,95.57,124,False,SYNTHETIC DATA — PIPELINE/CONSTRAINT VERIFICATION ONLY
2,JAI_r4_c6,JAI,Jaipur,78.44,101,False,SYNTHETIC DATA — PIPELINE/CONSTRAINT VERIFICATION ONLY
2,JAI_r5_c0,JAI,Jaipur,76.19,99,False,SYNTHETIC DATA — PIPELINE/CONSTRAINT VERIFICATION ONLY
2,JAI_r5_c1,JAI,Jaipur,82.95,107,False,SYNTHETIC DATA — PIPELINE/CONSTRAINT VERIFICATION ONLY
2,JAI_r5_c2,JAI,Jaipur,93.01,120,False,SYNTHETIC DATA — PIPELINE/CONSTRAINT VERIFICATION ONLY
2,JAI_r5_c3,JAI,Jaipur,91.52,118,False,SYNTHETIC DATA — PIPELINE/CONSTRAINT VERIFICATION ONLY
2,JAI_r5_c4,JAI,Jaipur,94.07,122,False,SYNTHETIC DATA — PIPELINE/CONSTRAINT VERIFICATION ONLY
2,JAI_r5_c5,JAI,Jaipur,83.09,108,False,SYNTHETIC DATA — PIPELINE/CONSTRAINT VERIFICATION ONLY
2,JAI_r5_c6,JAI,Jaipur,79.11,102,False,SYNTHETIC DATA — PIPELINE/CONSTRAINT VERIFICATION ONLY
2,JAI_r6_c0,JAI,Jaipur,70.16,91,False,SYNTHETIC DATA — PIPELINE/CONSTRAINT VERIFICATION ONLY
2,JAI_r6_c1,JAI,Jaipur,84.71,110,False,SYNTHETIC DATA — PIPELINE/CONSTRAINT VERIFICATION ONLY
2,JAI_r6_c2,JAI,Jaipur,78.61,102,False,SYNTHETIC DATA — PIPELINE/CONSTRAINT VERIFICATION ONLY
2,JAI_r6_c3,JAI,Jaipur,84.53,109,False,SYNTHETIC DATA — PIPELINE/CONSTRAINT VERIFICATION ONLY
2,JAI_r6_c4,JAI,Jaipur,84.07,109,False,SYNTHETIC DATA — PIPELINE/CONSTRAINT VERIFICATION ONLY
2,JAI_r6_c5,JAI,Jaipur,79.51,103,False,SYNTHETIC DATA — PIPELINE/CONSTRAINT VERIFICATION ONLY
2,JAI_r6_c6,JAI,Jaipur,72.11,93,False,SYNTHETIC DATA — PIPELINE/CONSTRAINT VERIFICATION ONLY
2,AMD_r0_c0,AMD,Ahmedabad,68.97,89,False,SYNTHETIC DATA — PIPELINE/CONSTRAINT VERIFICATION ONLY
2,AMD_r0_c1,AMD,Ahmedabad,74.84,97,False,SYNTHETIC DATA — PIPELINE/CONSTRAINT VERIFICATION ONLY
2,AMD_r0_c2,AMD,Ahmedabad,78.0,101,False,SYNTHETIC DATA — PIPELINE/CONSTRAINT VERIFICATION ONLY
2,AMD_r0_c3,AMD,Ahmedabad,82.69,107,False,SYNTHETIC DATA — PIPELINE/CONSTRAINT VERIFICATION ONLY
2,AMD_r0_c4,AMD,Ahmedabad,85.07,110,False,SYNTHETIC DATA — PIPELINE/CONSTRAINT VERIFICATION ONLY
2,AMD_r0_c5,AMD,Ahmedabad,73.04,94,False,SYNTHETIC DATA — PIPELINE/CONSTRAINT VERIFICATION ONLY
2,AMD_r0_c6,AMD,Ahmedabad,65.25,84,False,SYNTHETIC DATA — PIPELINE/CONSTRAINT VERIFICATION ONLY
2,AMD_r1_c0,AMD,Ahmedabad,74.45,96,False,SYNTHETIC DATA — PIPELINE/CONSTRAINT VERIFICATION ONLY
2,AMD_r1_c1,AMD,Ahmedabad,88.98,115,False,SYNTHETIC DATA — PIPELINE/CONSTRAINT VERIFICATION ONLY
2,AMD_r1_c2,AMD,Ahmedabad,83.81,108,False,SYNTHETIC DATA — PIPELINE/CONSTRAINT VERIFICATION ONLY
2,AMD_r1_c3,AMD,Ahmedabad,93.12,121,False,SYNTHETIC DATA — PIPELINE/CONSTRAINT VERIFICATION ONLY
2,AMD_r1_c4,AMD,Ahmedabad,91.25,118,False,SYNTHETIC DATA — PIPELINE/CONSTRAINT VERIFICATION ONLY
2,AMD_r1_c5,AMD,Ahmedabad,79.58,103,False,SYNTHETIC DATA — PIPELINE/CONSTRAINT VERIFICATION ONLY
2,AMD_r1_c6,AMD,Ahmedabad,76.42,99,False,SYNTHETIC DATA — PIPELINE/CONSTRAINT VERIFICATION ONLY
2,AMD_r2_c0,AMD,Ahmedabad,83.32,108,False,SYNTHETIC DATA — PIPELINE/CONSTRAINT VERIFICATION ONLY
2,AMD_r2_c1,AMD,Ahmedabad,85.08,110,False,SYNTHETIC DATA — PIPELINE/CONSTRAINT VERIFICATION ONLY
2,AMD_r2_c2,AMD,Ahmedabad,92.51,120,False,SYNTHETIC DATA — PIPELINE/CONSTRAINT VERIFICATION ONLY
2,AMD_r2_c3,AMD,Ahmedabad,94.85,123,False,SYNTHETIC DATA — PIPELINE/CONSTRAINT VERIFICATION ONLY
2,AMD_r2_c4,AMD,Ahmedabad,90.08,117,False,SYNTHETIC DATA — PIPELINE/CONSTRAINT VERIFICATION ONLY
2,AMD_r2_c5,AMD,Ahmedabad,84.27,109,False,SYNTHETIC DATA — PIPELINE/CONSTRAINT VERIFICATION ONLY
2,AMD_r2_c6,AMD,Ahmedabad,74.77,97,False,SYNTHETIC DATA — PIPELINE/CONSTRAINT VERIFICATION ONLY
2,AMD_r3_c0,AMD,Ahmedabad,79.9,103,False,SYNTHETIC DATA — PIPELINE/CONSTRAINT VERIFICATION ONLY
2,AMD_r3_c1,AMD,Ahmedabad,85.89,111,False,SYNTHETIC DATA — PIPELINE/CONSTRAINT VERIFICATION ONLY
2,AMD_r3_c2,AMD,Ahmedabad,97.3,126,False,SYNTHETIC DATA — PIPELINE/CONSTRAINT VERIFICATION ONLY
2,AMD_r3_c3,AMD,Ahmedabad,100.33,130,True,SYNTHETIC DATA — PIPELINE/CONSTRAINT VERIFICATION ONLY
2,AMD_r3_c4,AMD,Ahmedabad,97.59,126,False,SYNTHETIC DATA — PIPELINE/CONSTRAINT VERIFICATION ONLY
2,AMD_r3_c5,AMD,Ahmedabad,90.7,117,False,SYNTHETIC DATA — PIPELINE/CONSTRAINT VERIFICATION ONLY
2,AMD_r3_c6,AMD,Ahmedabad,73.82,95,False,SYNTHETIC DATA — PIPELINE/CONSTRAINT VERIFICATION ONLY
2,AMD_r4_c0,AMD,Ahmedabad,79.56,103,False,SYNTHETIC DATA — PIPELINE/CONSTRAINT VERIFICATION ONLY
2,AMD_r4_c1,AMD,Ahmedabad,89.9,116,False,SYNTHETIC DATA — PIPELINE/CONSTRAINT VERIFICATION ONLY
2,AMD_r4_c2,AMD,Ahmedabad,89.49,116,False,SYNTHETIC DATA — PIPELINE/CONSTRAINT VERIFICATION ONLY
2,AMD_r4_c3,AMD,Ahmedabad,101.62,132,False,SYNTHETIC DATA — PIPELINE/CONSTRAINT VERIFICATION ONLY
2,AMD_r4_c4,AMD,Ahmedabad,94.38,122,False,SYNTHETIC DATA — PIPELINE/CONSTRAINT VERIFICATION ONLY
2,AMD_r4_c5,AMD,Ahmedabad,84.1,109,False,SYNTHETIC DATA — PIPELINE/CONSTRAINT VERIFICATION ONLY
2,AMD_r4_c6,AMD,Ahmedabad,78.27,101,False,SYNTHETIC DATA — PIPELINE/CONSTRAINT VERIFICATION ONLY
2,AMD_r5_c0,AMD,Ahmedabad,76.39,99,False,SYNTHETIC DATA — PIPELINE/CONSTRAINT VERIFICATION ONLY
2,AMD_r5_c1,AMD,Ahmedabad,81.47,105,False,SYNTHETIC DATA — PIPELINE/CONSTRAINT VERIFICATION ONLY
2,AMD_r5_c2,AMD,Ahmedabad,87.83,114,False,SYNTHETIC DATA — PIPELINE/CONSTRAINT VERIFICATION ONLY
2,AMD_r5_c3,AMD,Ahmedabad,85.44,111,False,SYNTHETIC DATA — PIPELINE/CONSTRAINT VERIFICATION ONLY
2,AMD_r5_c4,AMD,Ahmedabad,86.73,112,False,SYNTHETIC DATA — PIPELINE/CONSTRAINT VERIFICATION ONLY
2,AMD_r5_c5,AMD,Ahmedabad,77.0,100,False,SYNTHETIC DATA — PIPELINE/CONSTRAINT VERIFICATION ONLY
2,AMD_r5_c6,AMD,Ahmedabad,74.38,96,False,SYNTHETIC DATA — PIPELINE/CONSTRAINT VERIFICATION ONLY
2,AMD_r6_c0,AMD,Ahmedabad,66.65,86,False,SYNTHETIC DATA — PIPELINE/CONSTRAINT VERIFICATION ONLY
2,AMD_r6_c1,AMD,Ahmedabad,72.51,94,False,SYNTHETIC DATA — PIPELINE/CONSTRAINT VERIFICATION ONLY
2,AMD_r6_c2,AMD,Ahmedabad,82.15,106,False,SYNTHETIC DATA — PIPELINE/CONSTRAINT VERIFICATION ONLY
2,AMD_r6_c3,AMD,Ahmedabad,83.07,107,False,SYNTHETIC DATA — PIPELINE/CONSTRAINT VERIFICATION ONLY
2,AMD_r6_c4,AMD,Ahmedabad,80.26,104,False,SYNTHETIC DATA — PIPELINE/CONSTRAINT VERIFICATION ONLY
2,AMD_r6_c5,AMD,Ahmedabad,71.44,92,False,SYNTHETIC DATA — PIPELINE/CONSTRAINT VERIFICATION ONLY
2,AMD_r6_c6,AMD,Ahmedabad,68.41,88,False,SYNTHETIC DATA — PIPELINE/CONSTRAINT VERIFICATION ONLY
2,CCU_r0_c0,CCU,Kolkata,89.52,116,False,SYNTHETIC DATA — PIPELINE/CONSTRAINT VERIFICATION ONLY
2,CCU_r0_c1,CCU,Kolkata,92.93,120,False,SYNTHETIC DATA — PIPELINE/CONSTRAINT VERIFICATION ONLY
2,CCU_r0_c2,CCU,Kolkata,104.07,135,False,SYNTHETIC DATA — PIPELINE/CONSTRAINT VERIFICATION ONLY
2,CCU_r0_c3,CCU,Kolkata,99.98,129,False,SYNTHETIC DATA — PIPELINE/CONSTRAINT VERIFICATION ONLY
2,CCU_r0_c4,CCU,Kolkata,97.69,126,False,SYNTHETIC DATA — PIPELINE/CONSTRAINT VERIFICATION ONLY
2,CCU_r0_c5,CCU,Kolkata,91.57,119,False,SYNTHETIC DATA — PIPELINE/CONSTRAINT VERIFICATION ONLY
2,CCU_r0_c6,CCU,Kolkata,86.28,112,False,SYNTHETIC DATA — PIPELINE/CONSTRAINT VERIFICATION ONLY
2,CCU_r1_c0,CCU,Kolkata,92.04,119,False,SYNTHETIC DATA — PIPELINE/CONSTRAINT VERIFICATION ONLY
2,CCU_r1_c1,CCU,Kolkata,102.71,133,False,SYNTHETIC DATA — PIPELINE/CONSTRAINT VERIFICATION ONLY
2,CCU_r1_c2,CCU,Kolkata,109.61,142,False,SYNTHETIC DATA — PIPELINE/CONSTRAINT VERIFICATION ONLY
2,CCU_r1_c3,CCU,Kolkata,106.84,138,False,SYNTHETIC DATA — PIPELINE/CONSTRAINT VERIFICATION ONLY
2,CCU_r1_c4,CCU,Kolkata,102.75,133,False,SYNTHETIC DATA — PIPELINE/CONSTRAINT VERIFICATION ONLY
2,CCU_r1_c5,CCU,Kolkata,95.08,123,False,SYNTHETIC DATA — PIPELINE/CONSTRAINT VERIFICATION ONLY
2,CCU_r1_c6,CCU,Kolkata,94.03,122,False,SYNTHETIC DATA — PIPELINE/CONSTRAINT VERIFICATION ONLY
2,CCU_r2_c0,CCU,Kolkata,93.8,121,False,SYNTHETIC DATA — PIPELINE/CONSTRAINT VERIFICATION ONLY
2,CCU_r2_c1,CCU,Kolkata,100.29,130,False,SYNTHETIC DATA — PIPELINE/CONSTRAINT VERIFICATION ONLY
2,CCU_r2_c2,CCU,Kolkata,116.46,151,False,SYNTHETIC DATA — PIPELINE/CONSTRAINT VERIFICATION ONLY
2,CCU_r2_c3,CCU,Kolkata,127.08,165,False,SYNTHETIC DATA — PIPELINE/CONSTRAINT VERIFICATION ONLY
2,CCU_r2_c4,CCU,Kolkata,115.27,149,False,SYNTHETIC DATA — PIPELINE/CONSTRAINT VERIFICATION ONLY
2,CCU_r2_c5,CCU,Kolkata,109.26,142,False,SYNTHETIC DATA — PIPELINE/CONSTRAINT VERIFICATION ONLY
2,CCU_r2_c6,CCU,Kolkata,97.36,126,False,SYNTHETIC DATA — PIPELINE/CONSTRAINT VERIFICATION ONLY
2,CCU_r3_c0,CCU,Kolkata,98.5,128,False,SYNTHETIC DATA — PIPELINE/CONSTRAINT VERIFICATION ONLY
2,CCU_r3_c1,CCU,Kolkata,111.96,145,False,SYNTHETIC DATA — PIPELINE/CONSTRAINT VERIFICATION ONLY
2,CCU_r3_c2,CCU,Kolkata,118.73,154,False,SYNTHETIC DATA — PIPELINE/CONSTRAINT VERIFICATION ONLY
2,CCU_r3_c3,CCU,Kolkata,130.8,170,True,SYNTHETIC DATA — PIPELINE/CONSTRAINT VERIFICATION ONLY
2,CCU_r3_c4,CCU,Kolkata,120.57,156,False,SYNTHETIC DATA — PIPELINE/CONSTRAINT VERIFICATION ONLY
2,CCU_r3_c5,CCU,Kolkata,107.2,139,False,SYNTHETIC DATA — PIPELINE/CONSTRAINT VERIFICATION ONLY
2,CCU_r3_c6,CCU,Kolkata,101.78,132,False,SYNTHETIC DATA — PIPELINE/CONSTRAINT VERIFICATION ONLY
2,CCU_r4_c0,CCU,Kolkata,96.59,125,False,SYNTHETIC DATA — PIPELINE/CONSTRAINT VERIFICATION ONLY
2,CCU_r4_c1,CCU,Kolkata,104.48,135,False,SYNTHETIC DATA — PIPELINE/CONSTRAINT VERIFICATION ONLY
2,CCU_r4_c2,CCU,Kolkata,116.9,151,False,SYNTHETIC DATA — PIPELINE/CONSTRAINT VERIFICATION ONLY
2,CCU_r4_c3,CCU,Kolkata,116.9,151,False,SYNTHETIC DATA — PIPELINE/CONSTRAINT VERIFICATION ONLY
2,CCU_r4_c4,CCU,Kolkata,115.38,149,False,SYNTHETIC DATA — PIPELINE/CONSTRAINT VERIFICATION ONLY
2,CCU_r4_c5,CCU,Kolkata,106.72,138,False,SYNTHETIC DATA — PIPELINE/CONSTRAINT VERIFICATION ONLY
2,CCU_r4_c6,CCU,Kolkata,100.37,130,False,SYNTHETIC DATA — PIPELINE/CONSTRAINT VERIFICATION ONLY
2,CCU_r5_c0,CCU,Kolkata,93.93,122,False,SYNTHETIC DATA — PIPELINE/CONSTRAINT VERIFICATION ONLY
2,CCU_r5_c1,CCU,Kolkata,100.51,130,False,SYNTHETIC DATA — PIPELINE/CONSTRAINT VERIFICATION ONLY
2,CCU_r5_c2,CCU,Kolkata,109.2,141,False,SYNTHETIC DATA — PIPELINE/CONSTRAINT VERIFICATION ONLY
2,CCU_r5_c3,CCU,Kolkata,113.37,147,False,SYNTHETIC DATA — PIPELINE/CONSTRAINT VERIFICATION ONLY
2,CCU_r5_c4,CCU,Kolkata,108.42,140,False,SYNTHETIC DATA — PIPELINE/CONSTRAINT VERIFICATION ONLY
2,CCU_r5_c5,CCU,Kolkata,100.62,130,False,SYNTHETIC DATA — PIPELINE/CONSTRAINT VERIFICATION ONLY
2,CCU_r5_c6,CCU,Kolkata,88.57,115,False,SYNTHETIC DATA — PIPELINE/CONSTRAINT VERIFICATION ONLY
2,CCU_r6_c0,CCU,Kolkata,82.68,107,False,SYNTHETIC DATA — PIPELINE/CONSTRAINT VERIFICATION ONLY
2,CCU_r6_c1,CCU,Kolkata,91.59,119,False,SYNTHETIC DATA — PIPELINE/CONSTRAINT VERIFICATION ONLY
2,CCU_r6_c2,CCU,Kolkata,95.28,123,False,SYNTHETIC DATA — PIPELINE/CONSTRAINT VERIFICATION ONLY
2,CCU_r6_c3,CCU,Kolkata,98.24,127,False,SYNTHETIC DATA — PIPELINE/CONSTRAINT VERIFICATION ONLY
2,CCU_r6_c4,CCU,Kolkata,97.28,126,False,SYNTHETIC DATA — PIPELINE/CONSTRAINT VERIFICATION ONLY
2,CCU_r6_c5,CCU,Kolkata,94.09,122,False,SYNTHETIC DATA — PIPELINE/CONSTRAINT VERIFICATION ONLY
2,CCU_r6_c6,CCU,Kolkata,85.67,111,False,SYNTHETIC DATA — PIPELINE/CONSTRAINT VERIFICATION ONLY
2,HYD_r0_c0,HYD,Hyderabad,51.0,66,False,SYNTHETIC DATA — PIPELINE/CONSTRAINT VERIFICATION ONLY
2,HYD_r0_c1,HYD,Hyderabad,53.56,69,False,SYNTHETIC DATA — PIPELINE/CONSTRAINT VERIFICATION ONLY
2,HYD_r0_c2,HYD,Hyderabad,50.1,65,False,SYNTHETIC DATA — PIPELINE/CONSTRAINT VERIFICATION ONLY
2,HYD_r0_c3,HYD,Hyderabad,54.18,70,False,SYNTHETIC DATA — PIPELINE/CONSTRAINT VERIFICATION ONLY
2,HYD_r0_c4,HYD,Hyderabad,55.59,72,False,SYNTHETIC DATA — PIPELINE/CONSTRAINT VERIFICATION ONLY
2,HYD_r0_c5,HYD,Hyderabad,49.74,64,False,SYNTHETIC DATA — PIPELINE/CONSTRAINT VERIFICATION ONLY
2,HYD_r0_c6,HYD,Hyderabad,51.34,66,False,SYNTHETIC DATA — PIPELINE/CONSTRAINT VERIFICATION ONLY
2,HYD_r1_c0,HYD,Hyderabad,57.96,75,False,SYNTHETIC DATA — PIPELINE/CONSTRAINT VERIFICATION ONLY
2,HYD_r1_c1,HYD,Hyderabad,61.69,80,False,SYNTHETIC DATA — PIPELINE/CONSTRAINT VERIFICATION ONLY
2,HYD_r1_c2,HYD,Hyderabad,60.94,79,False,SYNTHETIC DATA — PIPELINE/CONSTRAINT VERIFICATION ONLY
2,HYD_r1_c3,HYD,Hyderabad,67.47,87,False,SYNTHETIC DATA — PIPELINE/CONSTRAINT VERIFICATION ONLY
2,HYD_r1_c4,HYD,Hyderabad,62.03,80,False,SYNTHETIC DATA — PIPELINE/CONSTRAINT VERIFICATION ONLY
2,HYD_r1_c5,HYD,Hyderabad,57.02,74,False,SYNTHETIC DATA — PIPELINE/CONSTRAINT VERIFICATION ONLY
2,HYD_r1_c6,HYD,Hyderabad,51.53,66,False,SYNTHETIC DATA — PIPELINE/CONSTRAINT VERIFICATION ONLY
2,HYD_r2_c0,HYD,Hyderabad,55.12,71,False,SYNTHETIC DATA — PIPELINE/CONSTRAINT VERIFICATION ONLY
2,HYD_r2_c1,HYD,Hyderabad,60.42,78,False,SYNTHETIC DATA — PIPELINE/CONSTRAINT VERIFICATION ONLY
2,HYD_r2_c2,HYD,Hyderabad,67.03,87,False,SYNTHETIC DATA — PIPELINE/CONSTRAINT VERIFICATION ONLY
2,HYD_r2_c3,HYD,Hyderabad,69.48,90,False,SYNTHETIC DATA — PIPELINE/CONSTRAINT VERIFICATION ONLY
2,HYD_r2_c4,HYD,Hyderabad,66.52,86,False,SYNTHETIC DATA — PIPELINE/CONSTRAINT VERIFICATION ONLY
2,HYD_r2_c5,HYD,Hyderabad,62.89,81,False,SYNTHETIC DATA — PIPELINE/CONSTRAINT VERIFICATION ONLY
2,HYD_r2_c6,HYD,Hyderabad,59.6,77,False,SYNTHETIC DATA — PIPELINE/CONSTRAINT VERIFICATION ONLY
2,HYD_r3_c0,HYD,Hyderabad,59.85,77,False,SYNTHETIC DATA — PIPELINE/CONSTRAINT VERIFICATION ONLY
2,HYD_r3_c1,HYD,Hyderabad,58.55,76,False,SYNTHETIC DATA — PIPELINE/CONSTRAINT VERIFICATION ONLY
2,HYD_r3_c2,HYD,Hyderabad,61.34,79,False,SYNTHETIC DATA — PIPELINE/CONSTRAINT VERIFICATION ONLY
2,HYD_r3_c3,HYD,Hyderabad,77.8,101,True,SYNTHETIC DATA — PIPELINE/CONSTRAINT VERIFICATION ONLY
2,HYD_r3_c4,HYD,Hyderabad,64.9,84,False,SYNTHETIC DATA — PIPELINE/CONSTRAINT VERIFICATION ONLY
2,HYD_r3_c5,HYD,Hyderabad,62.33,81,False,SYNTHETIC DATA — PIPELINE/CONSTRAINT VERIFICATION ONLY
2,HYD_r3_c6,HYD,Hyderabad,53.49,69,False,SYNTHETIC DATA — PIPELINE/CONSTRAINT VERIFICATION ONLY
2,HYD_r4_c0,HYD,Hyderabad,50.62,65,False,SYNTHETIC DATA — PIPELINE/CONSTRAINT VERIFICATION ONLY
2,HYD_r4_c1,HYD,Hyderabad,63.21,82,False,SYNTHETIC DATA — PIPELINE/CONSTRAINT VERIFICATION ONLY
2,HYD_r4_c2,HYD,Hyderabad,68.79,89,False,SYNTHETIC DATA — PIPELINE/CONSTRAINT VERIFICATION ONLY
2,HYD_r4_c3,HYD,Hyderabad,67.27,87,False,SYNTHETIC DATA — PIPELINE/CONSTRAINT VERIFICATION ONLY
2,HYD_r4_c4,HYD,Hyderabad,58.74,76,False,SYNTHETIC DATA — PIPELINE/CONSTRAINT VERIFICATION ONLY
2,HYD_r4_c5,HYD,Hyderabad,59.94,77,False,SYNTHETIC DATA — PIPELINE/CONSTRAINT VERIFICATION ONLY
2,HYD_r4_c6,HYD,Hyderabad,57.2,74,False,SYNTHETIC DATA — PIPELINE/CONSTRAINT VERIFICATION ONLY
2,HYD_r5_c0,HYD,Hyderabad,48.93,63,False,SYNTHETIC DATA — PIPELINE/CONSTRAINT VERIFICATION ONLY
2,HYD_r5_c1,HYD,Hyderabad,58.58,76,False,SYNTHETIC DATA — PIPELINE/CONSTRAINT VERIFICATION ONLY
2,HYD_r5_c2,HYD,Hyderabad,61.54,80,False,SYNTHETIC DATA — PIPELINE/CONSTRAINT VERIFICATION ONLY
2,HYD_r5_c3,HYD,Hyderabad,64.74,84,False,SYNTHETIC DATA — PIPELINE/CONSTRAINT VERIFICATION ONLY
2,HYD_r5_c4,HYD,Hyderabad,61.94,80,False,SYNTHETIC DATA — PIPELINE/CONSTRAINT VERIFICATION ONLY
2,HYD_r5_c5,HYD,Hyderabad,55.11,71,False,SYNTHETIC DATA — PIPELINE/CONSTRAINT VERIFICATION ONLY
2,HYD_r5_c6,HYD,Hyderabad,56.96,74,False,SYNTHETIC DATA — PIPELINE/CONSTRAINT VERIFICATION ONLY
2,HYD_r6_c0,HYD,Hyderabad,49.07,63,False,SYNTHETIC DATA — PIPELINE/CONSTRAINT VERIFICATION ONLY
2,HYD_r6_c1,HYD,Hyderabad,53.28,69,False,SYNTHETIC DATA — PIPELINE/CONSTRAINT VERIFICATION ONLY
2,HYD_r6_c2,HYD,Hyderabad,53.23,69,False,SYNTHETIC DATA — PIPELINE/CONSTRAINT VERIFICATION ONLY
2,HYD_r6_c3,HYD,Hyderabad,55.67,72,False,SYNTHETIC DATA — PIPELINE/CONSTRAINT VERIFICATION ONLY
2,HYD_r6_c4,HYD,Hyderabad,53.37,69,False,SYNTHETIC DATA — PIPELINE/CONSTRAINT VERIFICATION ONLY
2,HYD_r6_c5,HYD,Hyderabad,52.85,68,False,SYNTHETIC DATA — PIPELINE/CONSTRAINT VERIFICATION ONLY
2,HYD_r6_c6,HYD,Hyderabad,54.68,71,False,SYNTHETIC DATA — PIPELINE/CONSTRAINT VERIFICATION ONLY
2,BLR_r0_c0,BLR,Bengaluru,25.61,33,False,SYNTHETIC DATA — PIPELINE/CONSTRAINT VERIFICATION ONLY
2,BLR_r0_c1,BLR,Bengaluru,27.18,35,False,SYNTHETIC DATA — PIPELINE/CONSTRAINT VERIFICATION ONLY
2,BLR_r0_c2,BLR,Bengaluru,38.03,49,False,SYNTHETIC DATA — PIPELINE/CONSTRAINT VERIFICATION ONLY
2,BLR_r0_c3,BLR,Bengaluru,33.57,43,False,SYNTHETIC DATA — PIPELINE/CONSTRAINT VERIFICATION ONLY
2,BLR_r0_c4,BLR,Bengaluru,31.61,41,False,SYNTHETIC DATA — PIPELINE/CONSTRAINT VERIFICATION ONLY
2,BLR_r0_c5,BLR,Bengaluru,35.14,45,False,SYNTHETIC DATA — PIPELINE/CONSTRAINT VERIFICATION ONLY
2,BLR_r0_c6,BLR,Bengaluru,27.91,36,False,SYNTHETIC DATA — PIPELINE/CONSTRAINT VERIFICATION ONLY
2,BLR_r1_c0,BLR,Bengaluru,37.5,48,False,SYNTHETIC DATA — PIPELINE/CONSTRAINT VERIFICATION ONLY
2,BLR_r1_c1,BLR,Bengaluru,36.85,47,False,SYNTHETIC DATA — PIPELINE/CONSTRAINT VERIFICATION ONLY
2,BLR_r1_c2,BLR,Bengaluru,35.49,46,False,SYNTHETIC DATA — PIPELINE/CONSTRAINT VERIFICATION ONLY
2,BLR_r1_c3,BLR,Bengaluru,44.27,57,False,SYNTHETIC DATA — PIPELINE/CONSTRAINT VERIFICATION ONLY
2,BLR_r1_c4,BLR,Bengaluru,35.13,45,False,SYNTHETIC DATA — PIPELINE/CONSTRAINT VERIFICATION ONLY
2,BLR_r1_c5,BLR,Bengaluru,37.04,48,False,SYNTHETIC DATA — PIPELINE/CONSTRAINT VERIFICATION ONLY
2,BLR_r1_c6,BLR,Bengaluru,32.92,42,False,SYNTHETIC DATA — PIPELINE/CONSTRAINT VERIFICATION ONLY
2,BLR_r2_c0,BLR,Bengaluru,37.52,48,False,SYNTHETIC DATA — PIPELINE/CONSTRAINT VERIFICATION ONLY
2,BLR_r2_c1,BLR,Bengaluru,41.63,54,False,SYNTHETIC DATA — PIPELINE/CONSTRAINT VERIFICATION ONLY
2,BLR_r2_c2,BLR,Bengaluru,40.0,52,False,SYNTHETIC DATA — PIPELINE/CONSTRAINT VERIFICATION ONLY
2,BLR_r2_c3,BLR,Bengaluru,39.14,50,False,SYNTHETIC DATA — PIPELINE/CONSTRAINT VERIFICATION ONLY
2,BLR_r2_c4,BLR,Bengaluru,41.29,53,False,SYNTHETIC DATA — PIPELINE/CONSTRAINT VERIFICATION ONLY
2,BLR_r2_c5,BLR,Bengaluru,34.92,45,False,SYNTHETIC DATA — PIPELINE/CONSTRAINT VERIFICATION ONLY
2,BLR_r2_c6,BLR,Bengaluru,39.66,51,False,SYNTHETIC DATA — PIPELINE/CONSTRAINT VERIFICATION ONLY
2,BLR_r3_c0,BLR,Bengaluru,34.61,44,False,SYNTHETIC DATA — PIPELINE/CONSTRAINT VERIFICATION ONLY
2,BLR_r3_c1,BLR,Bengaluru,36.7,47,False,SYNTHETIC DATA — PIPELINE/CONSTRAINT VERIFICATION ONLY
2,BLR_r3_c2,BLR,Bengaluru,41.95,54,False,SYNTHETIC DATA — PIPELINE/CONSTRAINT VERIFICATION ONLY
2,BLR_r3_c3,BLR,Bengaluru,40.96,53,True,SYNTHETIC DATA — PIPELINE/CONSTRAINT VERIFICATION ONLY
2,BLR_r3_c4,BLR,Bengaluru,38.49,50,False,SYNTHETIC DATA — PIPELINE/CONSTRAINT VERIFICATION ONLY
2,BLR_r3_c5,BLR,Bengaluru,41.4,53,False,SYNTHETIC DATA — PIPELINE/CONSTRAINT VERIFICATION ONLY
2,BLR_r3_c6,BLR,Bengaluru,32.23,41,False,SYNTHETIC DATA — PIPELINE/CONSTRAINT VERIFICATION ONLY
2,BLR_r4_c0,BLR,Bengaluru,30.48,39,False,SYNTHETIC DATA — PIPELINE/CONSTRAINT VERIFICATION ONLY
2,BLR_r4_c1,BLR,Bengaluru,38.56,50,False,SYNTHETIC DATA — PIPELINE/CONSTRAINT VERIFICATION ONLY
2,BLR_r4_c2,BLR,Bengaluru,43.47,56,False,SYNTHETIC DATA — PIPELINE/CONSTRAINT VERIFICATION ONLY
2,BLR_r4_c3,BLR,Bengaluru,43.56,56,False,SYNTHETIC DATA — PIPELINE/CONSTRAINT VERIFICATION ONLY
2,BLR_r4_c4,BLR,Bengaluru,42.9,55,False,SYNTHETIC DATA — PIPELINE/CONSTRAINT VERIFICATION ONLY
2,BLR_r4_c5,BLR,Bengaluru,34.68,45,False,SYNTHETIC DATA — PIPELINE/CONSTRAINT VERIFICATION ONLY
2,BLR_r4_c6,BLR,Bengaluru,29.35,38,False,SYNTHETIC DATA — PIPELINE/CONSTRAINT VERIFICATION ONLY
2,BLR_r5_c0,BLR,Bengaluru,36.52,47,False,SYNTHETIC DATA — PIPELINE/CONSTRAINT VERIFICATION ONLY
2,BLR_r5_c1,BLR,Bengaluru,33.85,44,False,SYNTHETIC DATA — PIPELINE/CONSTRAINT VERIFICATION ONLY
2,BLR_r5_c2,BLR,Bengaluru,36.2,47,False,SYNTHETIC DATA — PIPELINE/CONSTRAINT VERIFICATION ONLY
2,BLR_r5_c3,BLR,Bengaluru,41.78,54,False,SYNTHETIC DATA — PIPELINE/CONSTRAINT VERIFICATION ONLY
2,BLR_r5_c4,BLR,Bengaluru,38.62,50,False,SYNTHETIC DATA — PIPELINE/CONSTRAINT VERIFICATION ONLY
2,BLR_r5_c5,BLR,Bengaluru,36.19,47,False,SYNTHETIC DATA — PIPELINE/CONSTRAINT VERIFICATION ONLY
2,BLR_r5_c6,BLR,Bengaluru,38.52,50,False,SYNTHETIC DATA — PIPELINE/CONSTRAINT VERIFICATION ONLY
2,BLR_r6_c0,BLR,Bengaluru,27.8,36,False,SYNTHETIC DATA — PIPELINE/CONSTRAINT VERIFICATION ONLY
2,BLR_r6_c1,BLR,Bengaluru,34.8,45,False,SYNTHETIC DATA — PIPELINE/CONSTRAINT VERIFICATION ONLY
2,BLR_r6_c2,BLR,Bengaluru,33.79,43,False,SYNTHETIC DATA — PIPELINE/CONSTRAINT VERIFICATION ONLY
2,BLR_r6_c3,BLR,Bengaluru,35.01,45,False,SYNTHETIC DATA — PIPELINE/CONSTRAINT VERIFICATION ONLY
2,BLR_r6_c4,BLR,Bengaluru,38.2,49,False,SYNTHETIC DATA — PIPELINE/CONSTRAINT VERIFICATION ONLY
2,BLR_r6_c5,BLR,Bengaluru,33.54,43,False,SYNTHETIC DATA — PIPELINE/CONSTRAINT VERIFICATION ONLY
2,BLR_r6_c6,BLR,Bengaluru,31.34,40,False,SYNTHETIC DATA — PIPELINE/CONSTRAINT VERIFICATION ONLY
2,MAA_r0_c0,MAA,Chennai,39.55,51,False,SYNTHETIC DATA — PIPELINE/CONSTRAINT VERIFICATION ONLY
2,MAA_r0_c1,MAA,Chennai,38.04,49,False,SYNTHETIC DATA — PIPELINE/CONSTRAINT VERIFICATION ONLY
2,MAA_r0_c2,MAA,Chennai,38.57,50,False,SYNTHETIC DATA — PIPELINE/CONSTRAINT VERIFICATION ONLY
2,MAA_r0_c3,MAA,Chennai,38.67,50,False,SYNTHETIC DATA — PIPELINE/CONSTRAINT VERIFICATION ONLY
2,MAA_r0_c4,MAA,Chennai,35.19,45,False,SYNTHETIC DATA — PIPELINE/CONSTRAINT VERIFICATION ONLY
2,MAA_r0_c5,MAA,Chennai,45.3,58,False,SYNTHETIC DATA — PIPELINE/CONSTRAINT VERIFICATION ONLY
2,MAA_r0_c6,MAA,Chennai,33.02,42,False,SYNTHETIC DATA — PIPELINE/CONSTRAINT VERIFICATION ONLY
2,MAA_r1_c0,MAA,Chennai,38.47,50,False,SYNTHETIC DATA — PIPELINE/CONSTRAINT VERIFICATION ONLY
2,MAA_r1_c1,MAA,Chennai,41.72,54,False,SYNTHETIC DATA — PIPELINE/CONSTRAINT VERIFICATION ONLY
2,MAA_r1_c2,MAA,Chennai,46.08,59,False,SYNTHETIC DATA — PIPELINE/CONSTRAINT VERIFICATION ONLY
2,MAA_r1_c3,MAA,Chennai,48.65,63,False,SYNTHETIC DATA — PIPELINE/CONSTRAINT VERIFICATION ONLY
2,MAA_r1_c4,MAA,Chennai,47.74,62,False,SYNTHETIC DATA — PIPELINE/CONSTRAINT VERIFICATION ONLY
2,MAA_r1_c5,MAA,Chennai,40.81,53,False,SYNTHETIC DATA — PIPELINE/CONSTRAINT VERIFICATION ONLY
2,MAA_r1_c6,MAA,Chennai,38.63,50,False,SYNTHETIC DATA — PIPELINE/CONSTRAINT VERIFICATION ONLY
2,MAA_r2_c0,MAA,Chennai,41.93,54,False,SYNTHETIC DATA — PIPELINE/CONSTRAINT VERIFICATION ONLY
2,MAA_r2_c1,MAA,Chennai,44.42,57,False,SYNTHETIC DATA — PIPELINE/CONSTRAINT VERIFICATION ONLY
2,MAA_r2_c2,MAA,Chennai,53.6,69,False,SYNTHETIC DATA — PIPELINE/CONSTRAINT VERIFICATION ONLY
2,MAA_r2_c3,MAA,Chennai,52.07,67,False,SYNTHETIC DATA — PIPELINE/CONSTRAINT VERIFICATION ONLY
2,MAA_r2_c4,MAA,Chennai,50.98,66,False,SYNTHETIC DATA — PIPELINE/CONSTRAINT VERIFICATION ONLY
2,MAA_r2_c5,MAA,Chennai,47.15,61,False,SYNTHETIC DATA — PIPELINE/CONSTRAINT VERIFICATION ONLY
2,MAA_r2_c6,MAA,Chennai,44.61,57,False,SYNTHETIC DATA — PIPELINE/CONSTRAINT VERIFICATION ONLY
2,MAA_r3_c0,MAA,Chennai,42.34,55,False,SYNTHETIC DATA — PIPELINE/CONSTRAINT VERIFICATION ONLY
2,MAA_r3_c1,MAA,Chennai,42.31,55,False,SYNTHETIC DATA — PIPELINE/CONSTRAINT VERIFICATION ONLY
2,MAA_r3_c2,MAA,Chennai,51.8,67,False,SYNTHETIC DATA — PIPELINE/CONSTRAINT VERIFICATION ONLY
2,MAA_r3_c3,MAA,Chennai,53.05,68,True,SYNTHETIC DATA — PIPELINE/CONSTRAINT VERIFICATION ONLY
2,MAA_r3_c4,MAA,Chennai,49.01,63,False,SYNTHETIC DATA — PIPELINE/CONSTRAINT VERIFICATION ONLY
2,MAA_r3_c5,MAA,Chennai,47.96,62,False,SYNTHETIC DATA — PIPELINE/CONSTRAINT VERIFICATION ONLY
2,MAA_r3_c6,MAA,Chennai,45.51,59,False,SYNTHETIC DATA — PIPELINE/CONSTRAINT VERIFICATION ONLY
2,MAA_r4_c0,MAA,Chennai,41.15,53,False,SYNTHETIC DATA — PIPELINE/CONSTRAINT VERIFICATION ONLY
2,MAA_r4_c1,MAA,Chennai,46.09,59,False,SYNTHETIC DATA — PIPELINE/CONSTRAINT VERIFICATION ONLY
2,MAA_r4_c2,MAA,Chennai,53.88,70,False,SYNTHETIC DATA — PIPELINE/CONSTRAINT VERIFICATION ONLY
2,MAA_r4_c3,MAA,Chennai,51.32,66,False,SYNTHETIC DATA — PIPELINE/CONSTRAINT VERIFICATION ONLY
2,MAA_r4_c4,MAA,Chennai,56.58,73,False,SYNTHETIC DATA — PIPELINE/CONSTRAINT VERIFICATION ONLY
2,MAA_r4_c5,MAA,Chennai,46.86,60,False,SYNTHETIC DATA — PIPELINE/CONSTRAINT VERIFICATION ONLY
2,MAA_r4_c6,MAA,Chennai,35.8,46,False,SYNTHETIC DATA — PIPELINE/CONSTRAINT VERIFICATION ONLY
2,MAA_r5_c0,MAA,Chennai,41.4,53,False,SYNTHETIC DATA — PIPELINE/CONSTRAINT VERIFICATION ONLY
2,MAA_r5_c1,MAA,Chennai,43.7,56,False,SYNTHETIC DATA — PIPELINE/CONSTRAINT VERIFICATION ONLY
2,MAA_r5_c2,MAA,Chennai,49.03,63,False,SYNTHETIC DATA — PIPELINE/CONSTRAINT VERIFICATION ONLY
2,MAA_r5_c3,MAA,Chennai,48.22,62,False,SYNTHETIC DATA — PIPELINE/CONSTRAINT VERIFICATION ONLY
2,MAA_r5_c4,MAA,Chennai,44.75,58,False,SYNTHETIC DATA — PIPELINE/CONSTRAINT VERIFICATION ONLY
2,MAA_r5_c5,MAA,Chennai,38.88,50,False,SYNTHETIC DATA — PIPELINE/CONSTRAINT VERIFICATION ONLY
2,MAA_r5_c6,MAA,Chennai,38.51,50,False,SYNTHETIC DATA — PIPELINE/CONSTRAINT VERIFICATION ONLY
2,MAA_r6_c0,MAA,Chennai,33.78,43,False,SYNTHETIC DATA — PIPELINE/CONSTRAINT VERIFICATION ONLY
2,MAA_r6_c1,MAA,Chennai,37.39,48,False,SYNTHETIC DATA — PIPELINE/CONSTRAINT VERIFICATION ONLY
2,MAA_r6_c2,MAA,Chennai,42.85,55,False,SYNTHETIC DATA — PIPELINE/CONSTRAINT VERIFICATION ONLY
2,MAA_r6_c3,MAA,Chennai,46.81,60,False,SYNTHETIC DATA — PIPELINE/CONSTRAINT VERIFICATION ONLY
2,MAA_r6_c4,MAA,Chennai,42.27,54,False,SYNTHETIC DATA — PIPELINE/CONSTRAINT VERIFICATION ONLY
2,MAA_r6_c5,MAA,Chennai,35.55,46,False,SYNTHETIC DATA — PIPELINE/CONSTRAINT VERIFICATION ONLY
2,MAA_r6_c6,MAA,Chennai,37.67,48,False,SYNTHETIC DATA — PIPELINE/CONSTRAINT VERIFICATION ONLY
3,DEL_r0_c0,DEL,Delhi,130.19,169,False,SYNTHETIC DATA — PIPELINE/CONSTRAINT VERIFICATION ONLY
3,DEL_r0_c1,DEL,Delhi,134.54,174,False,SYNTHETIC DATA — PIPELINE/CONSTRAINT VERIFICATION ONLY
3,DEL_r0_c2,DEL,Delhi,142.76,185,False,SYNTHETIC DATA — PIPELINE/CONSTRAINT VERIFICATION ONLY
3,DEL_r0_c3,DEL,Delhi,145.7,189,False,SYNTHETIC DATA — PIPELINE/CONSTRAINT VERIFICATION ONLY
3,DEL_r0_c4,DEL,Delhi,140.81,183,False,SYNTHETIC DATA — PIPELINE/CONSTRAINT VERIFICATION ONLY
3,DEL_r0_c5,DEL,Delhi,138.31,179,False,SYNTHETIC DATA — PIPELINE/CONSTRAINT VERIFICATION ONLY
3,DEL_r0_c6,DEL,Delhi,126.24,164,False,SYNTHETIC DATA — PIPELINE/CONSTRAINT VERIFICATION ONLY
3,DEL_r1_c0,DEL,Delhi,137.63,178,False,SYNTHETIC DATA — PIPELINE/CONSTRAINT VERIFICATION ONLY
3,DEL_r1_c1,DEL,Delhi,145.62,189,False,SYNTHETIC DATA — PIPELINE/CONSTRAINT VERIFICATION ONLY
3,DEL_r1_c2,DEL,Delhi,156.05,202,False,SYNTHETIC DATA — PIPELINE/CONSTRAINT VERIFICATION ONLY
3,DEL_r1_c3,DEL,Delhi,163.15,212,False,SYNTHETIC DATA — PIPELINE/CONSTRAINT VERIFICATION ONLY
3,DEL_r1_c4,DEL,Delhi,156.25,203,False,SYNTHETIC DATA — PIPELINE/CONSTRAINT VERIFICATION ONLY
3,DEL_r1_c5,DEL,Delhi,153.46,199,False,SYNTHETIC DATA — PIPELINE/CONSTRAINT VERIFICATION ONLY
3,DEL_r1_c6,DEL,Delhi,135.17,175,False,SYNTHETIC DATA — PIPELINE/CONSTRAINT VERIFICATION ONLY
3,DEL_r2_c0,DEL,Delhi,143.84,186,False,SYNTHETIC DATA — PIPELINE/CONSTRAINT VERIFICATION ONLY
3,DEL_r2_c1,DEL,Delhi,160.16,208,False,SYNTHETIC DATA — PIPELINE/CONSTRAINT VERIFICATION ONLY
3,DEL_r2_c2,DEL,Delhi,165.71,215,False,SYNTHETIC DATA — PIPELINE/CONSTRAINT VERIFICATION ONLY
3,DEL_r2_c3,DEL,Delhi,171.03,222,False,SYNTHETIC DATA — PIPELINE/CONSTRAINT VERIFICATION ONLY
3,DEL_r2_c4,DEL,Delhi,165.39,215,False,SYNTHETIC DATA — PIPELINE/CONSTRAINT VERIFICATION ONLY
3,DEL_r2_c5,DEL,Delhi,161.15,209,False,SYNTHETIC DATA — PIPELINE/CONSTRAINT VERIFICATION ONLY
3,DEL_r2_c6,DEL,Delhi,141.51,183,False,SYNTHETIC DATA — PIPELINE/CONSTRAINT VERIFICATION ONLY
3,DEL_r3_c0,DEL,Delhi,153.33,199,False,SYNTHETIC DATA — PIPELINE/CONSTRAINT VERIFICATION ONLY
3,DEL_r3_c1,DEL,Delhi,159.29,207,False,SYNTHETIC DATA — PIPELINE/CONSTRAINT VERIFICATION ONLY
3,DEL_r3_c2,DEL,Delhi,176.87,229,False,SYNTHETIC DATA — PIPELINE/CONSTRAINT VERIFICATION ONLY
3,DEL_r3_c3,DEL,Delhi,196.27,255,True,SYNTHETIC DATA — PIPELINE/CONSTRAINT VERIFICATION ONLY
3,DEL_r3_c4,DEL,Delhi,182.33,237,False,SYNTHETIC DATA — PIPELINE/CONSTRAINT VERIFICATION ONLY
3,DEL_r3_c5,DEL,Delhi,167.17,217,False,SYNTHETIC DATA — PIPELINE/CONSTRAINT VERIFICATION ONLY
3,DEL_r3_c6,DEL,Delhi,149.28,194,False,SYNTHETIC DATA — PIPELINE/CONSTRAINT VERIFICATION ONLY
3,DEL_r4_c0,DEL,Delhi,146.24,190,False,SYNTHETIC DATA — PIPELINE/CONSTRAINT VERIFICATION ONLY
3,DEL_r4_c1,DEL,Delhi,159.14,206,False,SYNTHETIC DATA — PIPELINE/CONSTRAINT VERIFICATION ONLY
3,DEL_r4_c2,DEL,Delhi,172.3,223,False,SYNTHETIC DATA — PIPELINE/CONSTRAINT VERIFICATION ONLY
3,DEL_r4_c3,DEL,Delhi,174.66,227,False,SYNTHETIC DATA — PIPELINE/CONSTRAINT VERIFICATION ONLY
3,DEL_r4_c4,DEL,Delhi,167.51,217,False,SYNTHETIC DATA — PIPELINE/CONSTRAINT VERIFICATION ONLY
3,DEL_r4_c5,DEL,Delhi,157.35,204,False,SYNTHETIC DATA — PIPELINE/CONSTRAINT VERIFICATION ONLY
3,DEL_r4_c6,DEL,Delhi,142.65,185,False,SYNTHETIC DATA — PIPELINE/CONSTRAINT VERIFICATION ONLY
3,DEL_r5_c0,DEL,Delhi,135.01,175,False,SYNTHETIC DATA — PIPELINE/CONSTRAINT VERIFICATION ONLY
3,DEL_r5_c1,DEL,Delhi,150.37,195,False,SYNTHETIC DATA — PIPELINE/CONSTRAINT VERIFICATION ONLY
3,DEL_r5_c2,DEL,Delhi,160.23,208,False,SYNTHETIC DATA — PIPELINE/CONSTRAINT VERIFICATION ONLY
3,DEL_r5_c3,DEL,Delhi,161.25,209,False,SYNTHETIC DATA — PIPELINE/CONSTRAINT VERIFICATION ONLY
3,DEL_r5_c4,DEL,Delhi,161.8,210,False,SYNTHETIC DATA — PIPELINE/CONSTRAINT VERIFICATION ONLY
3,DEL_r5_c5,DEL,Delhi,144.86,188,False,SYNTHETIC DATA — PIPELINE/CONSTRAINT VERIFICATION ONLY
3,DEL_r5_c6,DEL,Delhi,135.79,176,False,SYNTHETIC DATA — PIPELINE/CONSTRAINT VERIFICATION ONLY
3,DEL_r6_c0,DEL,Delhi,124.45,161,False,SYNTHETIC DATA — PIPELINE/CONSTRAINT VERIFICATION ONLY
3,DEL_r6_c1,DEL,Delhi,130.77,170,False,SYNTHETIC DATA — PIPELINE/CONSTRAINT VERIFICATION ONLY
3,DEL_r6_c2,DEL,Delhi,142.92,185,False,SYNTHETIC DATA — PIPELINE/CONSTRAINT VERIFICATION ONLY
3,DEL_r6_c3,DEL,Delhi,145.29,188,False,SYNTHETIC DATA — PIPELINE/CONSTRAINT VERIFICATION ONLY
3,DEL_r6_c4,DEL,Delhi,147.7,192,False,SYNTHETIC DATA — PIPELINE/CONSTRAINT VERIFICATION ONLY
3,DEL_r6_c5,DEL,Delhi,138.26,179,False,SYNTHETIC DATA — PIPELINE/CONSTRAINT VERIFICATION ONLY
3,DEL_r6_c6,DEL,Delhi,123.53,160,False,SYNTHETIC DATA — PIPELINE/CONSTRAINT VERIFICATION ONLY
3,BOM_r0_c0,BOM,Mumbai,68.86,89,False,SYNTHETIC DATA — PIPELINE/CONSTRAINT VERIFICATION ONLY
3,BOM_r0_c1,BOM,Mumbai,71.85,93,False,SYNTHETIC DATA — PIPELINE/CONSTRAINT VERIFICATION ONLY
3,BOM_r0_c2,BOM,Mumbai,73.33,95,False,SYNTHETIC DATA — PIPELINE/CONSTRAINT VERIFICATION ONLY
3,BOM_r0_c3,BOM,Mumbai,72.15,93,False,SYNTHETIC DATA — PIPELINE/CONSTRAINT VERIFICATION ONLY
3,BOM_r0_c4,BOM,Mumbai,68.7,89,False,SYNTHETIC DATA — PIPELINE/CONSTRAINT VERIFICATION ONLY
3,BOM_r0_c5,BOM,Mumbai,67.07,87,False,SYNTHETIC DATA — PIPELINE/CONSTRAINT VERIFICATION ONLY
3,BOM_r0_c6,BOM,Mumbai,66.57,86,False,SYNTHETIC DATA — PIPELINE/CONSTRAINT VERIFICATION ONLY
3,BOM_r1_c0,BOM,Mumbai,73.84,95,False,SYNTHETIC DATA — PIPELINE/CONSTRAINT VERIFICATION ONLY
3,BOM_r1_c1,BOM,Mumbai,78.77,102,False,SYNTHETIC DATA — PIPELINE/CONSTRAINT VERIFICATION ONLY
3,BOM_r1_c2,BOM,Mumbai,77.22,100,False,SYNTHETIC DATA — PIPELINE/CONSTRAINT VERIFICATION ONLY
3,BOM_r1_c3,BOM,Mumbai,77.13,100,False,SYNTHETIC DATA — PIPELINE/CONSTRAINT VERIFICATION ONLY
3,BOM_r1_c4,BOM,Mumbai,79.1,102,False,SYNTHETIC DATA — PIPELINE/CONSTRAINT VERIFICATION ONLY
3,BOM_r1_c5,BOM,Mumbai,68.84,89,False,SYNTHETIC DATA — PIPELINE/CONSTRAINT VERIFICATION ONLY
3,BOM_r1_c6,BOM,Mumbai,69.15,89,False,SYNTHETIC DATA — PIPELINE/CONSTRAINT VERIFICATION ONLY
3,BOM_r2_c0,BOM,Mumbai,71.14,92,False,SYNTHETIC DATA — PIPELINE/CONSTRAINT VERIFICATION ONLY
3,BOM_r2_c1,BOM,Mumbai,77.28,100,False,SYNTHETIC DATA — PIPELINE/CONSTRAINT VERIFICATION ONLY
3,BOM_r2_c2,BOM,Mumbai,80.2,104,False,SYNTHETIC DATA — PIPELINE/CONSTRAINT VERIFICATION ONLY
3,BOM_r2_c3,BOM,Mumbai,89.7,116,False,SYNTHETIC DATA — PIPELINE/CONSTRAINT VERIFICATION ONLY
3,BOM_r2_c4,BOM,Mumbai,83.38,108,False,SYNTHETIC DATA — PIPELINE/CONSTRAINT VERIFICATION ONLY
3,BOM_r2_c5,BOM,Mumbai,75.17,97,False,SYNTHETIC DATA — PIPELINE/CONSTRAINT VERIFICATION ONLY
3,BOM_r2_c6,BOM,Mumbai,62.97,81,False,SYNTHETIC DATA — PIPELINE/CONSTRAINT VERIFICATION ONLY
3,BOM_r3_c0,BOM,Mumbai,72.74,94,False,SYNTHETIC DATA — PIPELINE/CONSTRAINT VERIFICATION ONLY
3,BOM_r3_c1,BOM,Mumbai,85.81,111,False,SYNTHETIC DATA — PIPELINE/CONSTRAINT VERIFICATION ONLY
3,BOM_r3_c2,BOM,Mumbai,93.14,121,False,SYNTHETIC DATA — PIPELINE/CONSTRAINT VERIFICATION ONLY
3,BOM_r3_c3,BOM,Mumbai,94.45,122,True,SYNTHETIC DATA — PIPELINE/CONSTRAINT VERIFICATION ONLY
3,BOM_r3_c4,BOM,Mumbai,86.35,112,False,SYNTHETIC DATA — PIPELINE/CONSTRAINT VERIFICATION ONLY
3,BOM_r3_c5,BOM,Mumbai,81.9,106,False,SYNTHETIC DATA — PIPELINE/CONSTRAINT VERIFICATION ONLY
3,BOM_r3_c6,BOM,Mumbai,69.83,90,False,SYNTHETIC DATA — PIPELINE/CONSTRAINT VERIFICATION ONLY
3,BOM_r4_c0,BOM,Mumbai,72.49,94,False,SYNTHETIC DATA — PIPELINE/CONSTRAINT VERIFICATION ONLY
3,BOM_r4_c1,BOM,Mumbai,80.98,105,False,SYNTHETIC DATA — PIPELINE/CONSTRAINT VERIFICATION ONLY
3,BOM_r4_c2,BOM,Mumbai,88.66,115,False,SYNTHETIC DATA — PIPELINE/CONSTRAINT VERIFICATION ONLY
3,BOM_r4_c3,BOM,Mumbai,87.86,114,False,SYNTHETIC DATA — PIPELINE/CONSTRAINT VERIFICATION ONLY
3,BOM_r4_c4,BOM,Mumbai,84.37,109,False,SYNTHETIC DATA — PIPELINE/CONSTRAINT VERIFICATION ONLY
3,BOM_r4_c5,BOM,Mumbai,76.05,98,False,SYNTHETIC DATA — PIPELINE/CONSTRAINT VERIFICATION ONLY
3,BOM_r4_c6,BOM,Mumbai,69.1,89,False,SYNTHETIC DATA — PIPELINE/CONSTRAINT VERIFICATION ONLY
3,BOM_r5_c0,BOM,Mumbai,67.5,87,False,SYNTHETIC DATA — PIPELINE/CONSTRAINT VERIFICATION ONLY
3,BOM_r5_c1,BOM,Mumbai,75.24,97,False,SYNTHETIC DATA — PIPELINE/CONSTRAINT VERIFICATION ONLY
3,BOM_r5_c2,BOM,Mumbai,81.42,105,False,SYNTHETIC DATA — PIPELINE/CONSTRAINT VERIFICATION ONLY
3,BOM_r5_c3,BOM,Mumbai,78.08,101,False,SYNTHETIC DATA — PIPELINE/CONSTRAINT VERIFICATION ONLY
3,BOM_r5_c4,BOM,Mumbai,83.16,108,False,SYNTHETIC DATA — PIPELINE/CONSTRAINT VERIFICATION ONLY
3,BOM_r5_c5,BOM,Mumbai,73.33,95,False,SYNTHETIC DATA — PIPELINE/CONSTRAINT VERIFICATION ONLY
3,BOM_r5_c6,BOM,Mumbai,68.12,88,False,SYNTHETIC DATA — PIPELINE/CONSTRAINT VERIFICATION ONLY
3,BOM_r6_c0,BOM,Mumbai,61.06,79,False,SYNTHETIC DATA — PIPELINE/CONSTRAINT VERIFICATION ONLY
3,BOM_r6_c1,BOM,Mumbai,60.91,79,False,SYNTHETIC DATA — PIPELINE/CONSTRAINT VERIFICATION ONLY
3,BOM_r6_c2,BOM,Mumbai,74.23,96,False,SYNTHETIC DATA — PIPELINE/CONSTRAINT VERIFICATION ONLY
3,BOM_r6_c3,BOM,Mumbai,75.04,97,False,SYNTHETIC DATA — PIPELINE/CONSTRAINT VERIFICATION ONLY
3,BOM_r6_c4,BOM,Mumbai,70.74,91,False,SYNTHETIC DATA — PIPELINE/CONSTRAINT VERIFICATION ONLY
3,BOM_r6_c5,BOM,Mumbai,68.38,88,False,SYNTHETIC DATA — PIPELINE/CONSTRAINT VERIFICATION ONLY
3,BOM_r6_c6,BOM,Mumbai,64.85,84,False,SYNTHETIC DATA — PIPELINE/CONSTRAINT VERIFICATION ONLY
3,LKO_r0_c0,LKO,Lucknow,107.85,140,False,SYNTHETIC DATA — PIPELINE/CONSTRAINT VERIFICATION ONLY
3,LKO_r0_c1,LKO,Lucknow,119.63,155,False,SYNTHETIC DATA — PIPELINE/CONSTRAINT VERIFICATION ONLY
3,LKO_r0_c2,LKO,Lucknow,129.64,168,False,SYNTHETIC DATA — PIPELINE/CONSTRAINT VERIFICATION ONLY
3,LKO_r0_c3,LKO,Lucknow,125.71,163,False,SYNTHETIC DATA — PIPELINE/CONSTRAINT VERIFICATION ONLY
3,LKO_r0_c4,LKO,Lucknow,128.14,166,False,SYNTHETIC DATA — PIPELINE/CONSTRAINT VERIFICATION ONLY
3,LKO_r0_c5,LKO,Lucknow,117.15,152,False,SYNTHETIC DATA — PIPELINE/CONSTRAINT VERIFICATION ONLY
3,LKO_r0_c6,LKO,Lucknow,113.93,148,False,SYNTHETIC DATA — PIPELINE/CONSTRAINT VERIFICATION ONLY
3,LKO_r1_c0,LKO,Lucknow,121.11,157,False,SYNTHETIC DATA — PIPELINE/CONSTRAINT VERIFICATION ONLY
3,LKO_r1_c1,LKO,Lucknow,126.96,165,False,SYNTHETIC DATA — PIPELINE/CONSTRAINT VERIFICATION ONLY
3,LKO_r1_c2,LKO,Lucknow,143.37,186,False,SYNTHETIC DATA — PIPELINE/CONSTRAINT VERIFICATION ONLY
3,LKO_r1_c3,LKO,Lucknow,140.89,183,False,SYNTHETIC DATA — PIPELINE/CONSTRAINT VERIFICATION ONLY
3,LKO_r1_c4,LKO,Lucknow,137.45,178,False,SYNTHETIC DATA — PIPELINE/CONSTRAINT VERIFICATION ONLY
3,LKO_r1_c5,LKO,Lucknow,132.41,172,False,SYNTHETIC DATA — PIPELINE/CONSTRAINT VERIFICATION ONLY
3,LKO_r1_c6,LKO,Lucknow,124.66,162,False,SYNTHETIC DATA — PIPELINE/CONSTRAINT VERIFICATION ONLY
3,LKO_r2_c0,LKO,Lucknow,124.21,161,False,SYNTHETIC DATA — PIPELINE/CONSTRAINT VERIFICATION ONLY
3,LKO_r2_c1,LKO,Lucknow,140.06,182,False,SYNTHETIC DATA — PIPELINE/CONSTRAINT VERIFICATION ONLY
3,LKO_r2_c2,LKO,Lucknow,152.37,198,False,SYNTHETIC DATA — PIPELINE/CONSTRAINT VERIFICATION ONLY
3,LKO_r2_c3,LKO,Lucknow,158.8,206,False,SYNTHETIC DATA — PIPELINE/CONSTRAINT VERIFICATION ONLY
3,LKO_r2_c4,LKO,Lucknow,151.61,197,False,SYNTHETIC DATA — PIPELINE/CONSTRAINT VERIFICATION ONLY
3,LKO_r2_c5,LKO,Lucknow,138.78,180,False,SYNTHETIC DATA — PIPELINE/CONSTRAINT VERIFICATION ONLY
3,LKO_r2_c6,LKO,Lucknow,124.77,162,False,SYNTHETIC DATA — PIPELINE/CONSTRAINT VERIFICATION ONLY
3,LKO_r3_c0,LKO,Lucknow,129.73,168,False,SYNTHETIC DATA — PIPELINE/CONSTRAINT VERIFICATION ONLY
3,LKO_r3_c1,LKO,Lucknow,139.88,181,False,SYNTHETIC DATA — PIPELINE/CONSTRAINT VERIFICATION ONLY
3,LKO_r3_c2,LKO,Lucknow,147.96,192,False,SYNTHETIC DATA — PIPELINE/CONSTRAINT VERIFICATION ONLY
3,LKO_r3_c3,LKO,Lucknow,171.66,223,True,SYNTHETIC DATA — PIPELINE/CONSTRAINT VERIFICATION ONLY
3,LKO_r3_c4,LKO,Lucknow,159.44,207,False,SYNTHETIC DATA — PIPELINE/CONSTRAINT VERIFICATION ONLY
3,LKO_r3_c5,LKO,Lucknow,136.01,176,False,SYNTHETIC DATA — PIPELINE/CONSTRAINT VERIFICATION ONLY
3,LKO_r3_c6,LKO,Lucknow,126.44,164,False,SYNTHETIC DATA — PIPELINE/CONSTRAINT VERIFICATION ONLY
3,LKO_r4_c0,LKO,Lucknow,129.11,167,False,SYNTHETIC DATA — PIPELINE/CONSTRAINT VERIFICATION ONLY
3,LKO_r4_c1,LKO,Lucknow,146.05,189,False,SYNTHETIC DATA — PIPELINE/CONSTRAINT VERIFICATION ONLY
3,LKO_r4_c2,LKO,Lucknow,151.14,196,False,SYNTHETIC DATA — PIPELINE/CONSTRAINT VERIFICATION ONLY
3,LKO_r4_c3,LKO,Lucknow,154.54,200,False,SYNTHETIC DATA — PIPELINE/CONSTRAINT VERIFICATION ONLY
3,LKO_r4_c4,LKO,Lucknow,150.53,195,False,SYNTHETIC DATA — PIPELINE/CONSTRAINT VERIFICATION ONLY
3,LKO_r4_c5,LKO,Lucknow,144.0,187,False,SYNTHETIC DATA — PIPELINE/CONSTRAINT VERIFICATION ONLY
3,LKO_r4_c6,LKO,Lucknow,125.32,162,False,SYNTHETIC DATA — PIPELINE/CONSTRAINT VERIFICATION ONLY
3,LKO_r5_c0,LKO,Lucknow,118.82,154,False,SYNTHETIC DATA — PIPELINE/CONSTRAINT VERIFICATION ONLY
3,LKO_r5_c1,LKO,Lucknow,130.36,169,False,SYNTHETIC DATA — PIPELINE/CONSTRAINT VERIFICATION ONLY
3,LKO_r5_c2,LKO,Lucknow,137.02,178,False,SYNTHETIC DATA — PIPELINE/CONSTRAINT VERIFICATION ONLY
3,LKO_r5_c3,LKO,Lucknow,143.46,186,False,SYNTHETIC DATA — PIPELINE/CONSTRAINT VERIFICATION ONLY
3,LKO_r5_c4,LKO,Lucknow,144.75,188,False,SYNTHETIC DATA — PIPELINE/CONSTRAINT VERIFICATION ONLY
3,LKO_r5_c5,LKO,Lucknow,132.78,172,False,SYNTHETIC DATA — PIPELINE/CONSTRAINT VERIFICATION ONLY
3,LKO_r5_c6,LKO,Lucknow,120.46,156,False,SYNTHETIC DATA — PIPELINE/CONSTRAINT VERIFICATION ONLY
3,LKO_r6_c0,LKO,Lucknow,111.66,145,False,SYNTHETIC DATA — PIPELINE/CONSTRAINT VERIFICATION ONLY
3,LKO_r6_c1,LKO,Lucknow,116.53,151,False,SYNTHETIC DATA — PIPELINE/CONSTRAINT VERIFICATION ONLY
3,LKO_r6_c2,LKO,Lucknow,129.91,168,False,SYNTHETIC DATA — PIPELINE/CONSTRAINT VERIFICATION ONLY
3,LKO_r6_c3,LKO,Lucknow,129.23,167,False,SYNTHETIC DATA — PIPELINE/CONSTRAINT VERIFICATION ONLY
3,LKO_r6_c4,LKO,Lucknow,126.72,164,False,SYNTHETIC DATA — PIPELINE/CONSTRAINT VERIFICATION ONLY
3,LKO_r6_c5,LKO,Lucknow,130.79,170,False,SYNTHETIC DATA — PIPELINE/CONSTRAINT VERIFICATION ONLY
3,LKO_r6_c6,LKO,Lucknow,113.43,147,False,SYNTHETIC DATA — PIPELINE/CONSTRAINT VERIFICATION ONLY
3,VNS_r0_c0,VNS,Varanasi,103.24,134,False,SYNTHETIC DATA — PIPELINE/CONSTRAINT VERIFICATION ONLY
3,VNS_r0_c1,VNS,Varanasi,112.36,146,False,SYNTHETIC DATA — PIPELINE/CONSTRAINT VERIFICATION ONLY
3,VNS_r0_c2,VNS,Varanasi,122.75,159,False,SYNTHETIC DATA — PIPELINE/CONSTRAINT VERIFICATION ONLY
3,VNS_r0_c3,VNS,Varanasi,121.72,158,False,SYNTHETIC DATA — PIPELINE/CONSTRAINT VERIFICATION ONLY
3,VNS_r0_c4,VNS,Varanasi,114.99,149,False,SYNTHETIC DATA — PIPELINE/CONSTRAINT VERIFICATION ONLY
3,VNS_r0_c5,VNS,Varanasi,116.4,151,False,SYNTHETIC DATA — PIPELINE/CONSTRAINT VERIFICATION ONLY
3,VNS_r0_c6,VNS,Varanasi,103.5,134,False,SYNTHETIC DATA — PIPELINE/CONSTRAINT VERIFICATION ONLY
3,VNS_r1_c0,VNS,Varanasi,119.26,155,False,SYNTHETIC DATA — PIPELINE/CONSTRAINT VERIFICATION ONLY
3,VNS_r1_c1,VNS,Varanasi,126.81,164,False,SYNTHETIC DATA — PIPELINE/CONSTRAINT VERIFICATION ONLY
3,VNS_r1_c2,VNS,Varanasi,129.79,168,False,SYNTHETIC DATA — PIPELINE/CONSTRAINT VERIFICATION ONLY
3,VNS_r1_c3,VNS,Varanasi,138.0,179,False,SYNTHETIC DATA — PIPELINE/CONSTRAINT VERIFICATION ONLY
3,VNS_r1_c4,VNS,Varanasi,131.34,170,False,SYNTHETIC DATA — PIPELINE/CONSTRAINT VERIFICATION ONLY
3,VNS_r1_c5,VNS,Varanasi,126.13,163,False,SYNTHETIC DATA — PIPELINE/CONSTRAINT VERIFICATION ONLY
3,VNS_r1_c6,VNS,Varanasi,115.09,149,False,SYNTHETIC DATA — PIPELINE/CONSTRAINT VERIFICATION ONLY
3,VNS_r2_c0,VNS,Varanasi,116.76,151,False,SYNTHETIC DATA — PIPELINE/CONSTRAINT VERIFICATION ONLY
3,VNS_r2_c1,VNS,Varanasi,129.21,167,False,SYNTHETIC DATA — PIPELINE/CONSTRAINT VERIFICATION ONLY
3,VNS_r2_c2,VNS,Varanasi,144.73,188,False,SYNTHETIC DATA — PIPELINE/CONSTRAINT VERIFICATION ONLY
3,VNS_r2_c3,VNS,Varanasi,145.92,189,False,SYNTHETIC DATA — PIPELINE/CONSTRAINT VERIFICATION ONLY
3,VNS_r2_c4,VNS,Varanasi,140.43,182,False,SYNTHETIC DATA — PIPELINE/CONSTRAINT VERIFICATION ONLY
3,VNS_r2_c5,VNS,Varanasi,128.27,166,False,SYNTHETIC DATA — PIPELINE/CONSTRAINT VERIFICATION ONLY
3,VNS_r2_c6,VNS,Varanasi,120.57,156,False,SYNTHETIC DATA — PIPELINE/CONSTRAINT VERIFICATION ONLY
3,VNS_r3_c0,VNS,Varanasi,127.56,165,False,SYNTHETIC DATA — PIPELINE/CONSTRAINT VERIFICATION ONLY
3,VNS_r3_c1,VNS,Varanasi,130.95,170,False,SYNTHETIC DATA — PIPELINE/CONSTRAINT VERIFICATION ONLY
3,VNS_r3_c2,VNS,Varanasi,147.0,191,False,SYNTHETIC DATA — PIPELINE/CONSTRAINT VERIFICATION ONLY
3,VNS_r3_c3,VNS,Varanasi,163.94,213,True,SYNTHETIC DATA — PIPELINE/CONSTRAINT VERIFICATION ONLY
3,VNS_r3_c4,VNS,Varanasi,146.69,190,False,SYNTHETIC DATA — PIPELINE/CONSTRAINT VERIFICATION ONLY
3,VNS_r3_c5,VNS,Varanasi,135.51,176,False,SYNTHETIC DATA — PIPELINE/CONSTRAINT VERIFICATION ONLY
3,VNS_r3_c6,VNS,Varanasi,118.19,153,False,SYNTHETIC DATA — PIPELINE/CONSTRAINT VERIFICATION ONLY
3,VNS_r4_c0,VNS,Varanasi,120.59,156,False,SYNTHETIC DATA — PIPELINE/CONSTRAINT VERIFICATION ONLY
3,VNS_r4_c1,VNS,Varanasi,130.58,169,False,SYNTHETIC DATA — PIPELINE/CONSTRAINT VERIFICATION ONLY
3,VNS_r4_c2,VNS,Varanasi,144.59,187,False,SYNTHETIC DATA — PIPELINE/CONSTRAINT VERIFICATION ONLY
3,VNS_r4_c3,VNS,Varanasi,150.49,195,False,SYNTHETIC DATA — PIPELINE/CONSTRAINT VERIFICATION ONLY
3,VNS_r4_c4,VNS,Varanasi,149.41,194,False,SYNTHETIC DATA — PIPELINE/CONSTRAINT VERIFICATION ONLY
3,VNS_r4_c5,VNS,Varanasi,132.88,172,False,SYNTHETIC DATA — PIPELINE/CONSTRAINT VERIFICATION ONLY
3,VNS_r4_c6,VNS,Varanasi,120.28,156,False,SYNTHETIC DATA — PIPELINE/CONSTRAINT VERIFICATION ONLY
3,VNS_r5_c0,VNS,Varanasi,114.22,148,False,SYNTHETIC DATA — PIPELINE/CONSTRAINT VERIFICATION ONLY
3,VNS_r5_c1,VNS,Varanasi,122.51,159,False,SYNTHETIC DATA — PIPELINE/CONSTRAINT VERIFICATION ONLY
3,VNS_r5_c2,VNS,Varanasi,132.15,171,False,SYNTHETIC DATA — PIPELINE/CONSTRAINT VERIFICATION ONLY
3,VNS_r5_c3,VNS,Varanasi,133.27,173,False,SYNTHETIC DATA — PIPELINE/CONSTRAINT VERIFICATION ONLY
3,VNS_r5_c4,VNS,Varanasi,131.64,171,False,SYNTHETIC DATA — PIPELINE/CONSTRAINT VERIFICATION ONLY
3,VNS_r5_c5,VNS,Varanasi,127.52,165,False,SYNTHETIC DATA — PIPELINE/CONSTRAINT VERIFICATION ONLY
3,VNS_r5_c6,VNS,Varanasi,110.62,143,False,SYNTHETIC DATA — PIPELINE/CONSTRAINT VERIFICATION ONLY
3,VNS_r6_c0,VNS,Varanasi,108.92,141,False,SYNTHETIC DATA — PIPELINE/CONSTRAINT VERIFICATION ONLY
3,VNS_r6_c1,VNS,Varanasi,117.59,152,False,SYNTHETIC DATA — PIPELINE/CONSTRAINT VERIFICATION ONLY
3,VNS_r6_c2,VNS,Varanasi,118.95,154,False,SYNTHETIC DATA — PIPELINE/CONSTRAINT VERIFICATION ONLY
3,VNS_r6_c3,VNS,Varanasi,115.01,149,False,SYNTHETIC DATA — PIPELINE/CONSTRAINT VERIFICATION ONLY
3,VNS_r6_c4,VNS,Varanasi,117.48,152,False,SYNTHETIC DATA — PIPELINE/CONSTRAINT VERIFICATION ONLY
3,VNS_r6_c5,VNS,Varanasi,117.53,152,False,SYNTHETIC DATA — PIPELINE/CONSTRAINT VERIFICATION ONLY
3,VNS_r6_c6,VNS,Varanasi,105.43,137,False,SYNTHETIC DATA — PIPELINE/CONSTRAINT VERIFICATION ONLY
3,JAI_r0_c0,JAI,Jaipur,74.37,96,False,SYNTHETIC DATA — PIPELINE/CONSTRAINT VERIFICATION ONLY
3,JAI_r0_c1,JAI,Jaipur,81.82,106,False,SYNTHETIC DATA — PIPELINE/CONSTRAINT VERIFICATION ONLY
3,JAI_r0_c2,JAI,Jaipur,90.01,117,False,SYNTHETIC DATA — PIPELINE/CONSTRAINT VERIFICATION ONLY
3,JAI_r0_c3,JAI,Jaipur,90.65,117,False,SYNTHETIC DATA — PIPELINE/CONSTRAINT VERIFICATION ONLY
3,JAI_r0_c4,JAI,Jaipur,86.77,112,False,SYNTHETIC DATA — PIPELINE/CONSTRAINT VERIFICATION ONLY
3,JAI_r0_c5,JAI,Jaipur,82.24,106,False,SYNTHETIC DATA — PIPELINE/CONSTRAINT VERIFICATION ONLY
3,JAI_r0_c6,JAI,Jaipur,76.19,99,False,SYNTHETIC DATA — PIPELINE/CONSTRAINT VERIFICATION ONLY
3,JAI_r1_c0,JAI,Jaipur,80.57,104,False,SYNTHETIC DATA — PIPELINE/CONSTRAINT VERIFICATION ONLY
3,JAI_r1_c1,JAI,Jaipur,95.46,124,False,SYNTHETIC DATA — PIPELINE/CONSTRAINT VERIFICATION ONLY
3,JAI_r1_c2,JAI,Jaipur,95.2,123,False,SYNTHETIC DATA — PIPELINE/CONSTRAINT VERIFICATION ONLY
3,JAI_r1_c3,JAI,Jaipur,102.03,132,False,SYNTHETIC DATA — PIPELINE/CONSTRAINT VERIFICATION ONLY
3,JAI_r1_c4,JAI,Jaipur,100.73,130,False,SYNTHETIC DATA — PIPELINE/CONSTRAINT VERIFICATION ONLY
3,JAI_r1_c5,JAI,Jaipur,93.61,121,False,SYNTHETIC DATA — PIPELINE/CONSTRAINT VERIFICATION ONLY
3,JAI_r1_c6,JAI,Jaipur,82.04,106,False,SYNTHETIC DATA — PIPELINE/CONSTRAINT VERIFICATION ONLY
3,JAI_r2_c0,JAI,Jaipur,88.7,115,False,SYNTHETIC DATA — PIPELINE/CONSTRAINT VERIFICATION ONLY
3,JAI_r2_c1,JAI,Jaipur,96.09,124,False,SYNTHETIC DATA — PIPELINE/CONSTRAINT VERIFICATION ONLY
3,JAI_r2_c2,JAI,Jaipur,101.16,131,False,SYNTHETIC DATA — PIPELINE/CONSTRAINT VERIFICATION ONLY
3,JAI_r2_c3,JAI,Jaipur,108.72,141,False,SYNTHETIC DATA — PIPELINE/CONSTRAINT VERIFICATION ONLY
3,JAI_r2_c4,JAI,Jaipur,100.33,130,False,SYNTHETIC DATA — PIPELINE/CONSTRAINT VERIFICATION ONLY
3,JAI_r2_c5,JAI,Jaipur,99.73,129,False,SYNTHETIC DATA — PIPELINE/CONSTRAINT VERIFICATION ONLY
3,JAI_r2_c6,JAI,Jaipur,86.1,111,False,SYNTHETIC DATA — PIPELINE/CONSTRAINT VERIFICATION ONLY
3,JAI_r3_c0,JAI,Jaipur,89.61,116,False,SYNTHETIC DATA — PIPELINE/CONSTRAINT VERIFICATION ONLY
3,JAI_r3_c1,JAI,Jaipur,99.23,128,False,SYNTHETIC DATA — PIPELINE/CONSTRAINT VERIFICATION ONLY
3,JAI_r3_c2,JAI,Jaipur,106.97,139,False,SYNTHETIC DATA — PIPELINE/CONSTRAINT VERIFICATION ONLY
3,JAI_r3_c3,JAI,Jaipur,118.88,154,True,SYNTHETIC DATA — PIPELINE/CONSTRAINT VERIFICATION ONLY
3,JAI_r3_c4,JAI,Jaipur,106.32,138,False,SYNTHETIC DATA — PIPELINE/CONSTRAINT VERIFICATION ONLY
3,JAI_r3_c5,JAI,Jaipur,100.99,131,False,SYNTHETIC DATA — PIPELINE/CONSTRAINT VERIFICATION ONLY
3,JAI_r3_c6,JAI,Jaipur,84.97,110,False,SYNTHETIC DATA — PIPELINE/CONSTRAINT VERIFICATION ONLY
3,JAI_r4_c0,JAI,Jaipur,87.87,114,False,SYNTHETIC DATA — PIPELINE/CONSTRAINT VERIFICATION ONLY
3,JAI_r4_c1,JAI,Jaipur,101.98,132,False,SYNTHETIC DATA — PIPELINE/CONSTRAINT VERIFICATION ONLY
3,JAI_r4_c2,JAI,Jaipur,100.87,131,False,SYNTHETIC DATA — PIPELINE/CONSTRAINT VERIFICATION ONLY
3,JAI_r4_c3,JAI,Jaipur,105.71,137,False,SYNTHETIC DATA — PIPELINE/CONSTRAINT VERIFICATION ONLY
3,JAI_r4_c4,JAI,Jaipur,105.41,137,False,SYNTHETIC DATA — PIPELINE/CONSTRAINT VERIFICATION ONLY
3,JAI_r4_c5,JAI,Jaipur,96.71,125,False,SYNTHETIC DATA — PIPELINE/CONSTRAINT VERIFICATION ONLY
3,JAI_r4_c6,JAI,Jaipur,88.54,115,False,SYNTHETIC DATA — PIPELINE/CONSTRAINT VERIFICATION ONLY
3,JAI_r5_c0,JAI,Jaipur,84.8,110,False,SYNTHETIC DATA — PIPELINE/CONSTRAINT VERIFICATION ONLY
3,JAI_r5_c1,JAI,Jaipur,92.52,120,False,SYNTHETIC DATA — PIPELINE/CONSTRAINT VERIFICATION ONLY
3,JAI_r5_c2,JAI,Jaipur,99.5,129,False,SYNTHETIC DATA — PIPELINE/CONSTRAINT VERIFICATION ONLY
3,JAI_r5_c3,JAI,Jaipur,99.61,129,False,SYNTHETIC DATA — PIPELINE/CONSTRAINT VERIFICATION ONLY
3,JAI_r5_c4,JAI,Jaipur,95.44,124,False,SYNTHETIC DATA — PIPELINE/CONSTRAINT VERIFICATION ONLY
3,JAI_r5_c5,JAI,Jaipur,92.63,120,False,SYNTHETIC DATA — PIPELINE/CONSTRAINT VERIFICATION ONLY
3,JAI_r5_c6,JAI,Jaipur,89.04,115,False,SYNTHETIC DATA — PIPELINE/CONSTRAINT VERIFICATION ONLY
3,JAI_r6_c0,JAI,Jaipur,76.97,100,False,SYNTHETIC DATA — PIPELINE/CONSTRAINT VERIFICATION ONLY
3,JAI_r6_c1,JAI,Jaipur,80.41,104,False,SYNTHETIC DATA — PIPELINE/CONSTRAINT VERIFICATION ONLY
3,JAI_r6_c2,JAI,Jaipur,90.81,118,False,SYNTHETIC DATA — PIPELINE/CONSTRAINT VERIFICATION ONLY
3,JAI_r6_c3,JAI,Jaipur,88.65,115,False,SYNTHETIC DATA — PIPELINE/CONSTRAINT VERIFICATION ONLY
3,JAI_r6_c4,JAI,Jaipur,80.97,105,False,SYNTHETIC DATA — PIPELINE/CONSTRAINT VERIFICATION ONLY
3,JAI_r6_c5,JAI,Jaipur,85.88,111,False,SYNTHETIC DATA — PIPELINE/CONSTRAINT VERIFICATION ONLY
3,JAI_r6_c6,JAI,Jaipur,75.76,98,False,SYNTHETIC DATA — PIPELINE/CONSTRAINT VERIFICATION ONLY
3,AMD_r0_c0,AMD,Ahmedabad,73.58,95,False,SYNTHETIC DATA — PIPELINE/CONSTRAINT VERIFICATION ONLY
3,AMD_r0_c1,AMD,Ahmedabad,80.54,104,False,SYNTHETIC DATA — PIPELINE/CONSTRAINT VERIFICATION ONLY
3,AMD_r0_c2,AMD,Ahmedabad,84.08,109,False,SYNTHETIC DATA — PIPELINE/CONSTRAINT VERIFICATION ONLY
3,AMD_r0_c3,AMD,Ahmedabad,87.09,113,False,SYNTHETIC DATA — PIPELINE/CONSTRAINT VERIFICATION ONLY
3,AMD_r0_c4,AMD,Ahmedabad,82.21,106,False,SYNTHETIC DATA — PIPELINE/CONSTRAINT VERIFICATION ONLY
3,AMD_r0_c5,AMD,Ahmedabad,81.09,105,False,SYNTHETIC DATA — PIPELINE/CONSTRAINT VERIFICATION ONLY
3,AMD_r0_c6,AMD,Ahmedabad,73.07,94,False,SYNTHETIC DATA — PIPELINE/CONSTRAINT VERIFICATION ONLY
3,AMD_r1_c0,AMD,Ahmedabad,81.76,106,False,SYNTHETIC DATA — PIPELINE/CONSTRAINT VERIFICATION ONLY
3,AMD_r1_c1,AMD,Ahmedabad,88.34,114,False,SYNTHETIC DATA — PIPELINE/CONSTRAINT VERIFICATION ONLY
3,AMD_r1_c2,AMD,Ahmedabad,88.99,115,False,SYNTHETIC DATA — PIPELINE/CONSTRAINT VERIFICATION ONLY
3,AMD_r1_c3,AMD,Ahmedabad,97.16,126,False,SYNTHETIC DATA — PIPELINE/CONSTRAINT VERIFICATION ONLY
3,AMD_r1_c4,AMD,Ahmedabad,90.19,117,False,SYNTHETIC DATA — PIPELINE/CONSTRAINT VERIFICATION ONLY
3,AMD_r1_c5,AMD,Ahmedabad,88.92,115,False,SYNTHETIC DATA — PIPELINE/CONSTRAINT VERIFICATION ONLY
3,AMD_r1_c6,AMD,Ahmedabad,80.65,104,False,SYNTHETIC DATA — PIPELINE/CONSTRAINT VERIFICATION ONLY
3,AMD_r2_c0,AMD,Ahmedabad,89.03,115,False,SYNTHETIC DATA — PIPELINE/CONSTRAINT VERIFICATION ONLY
3,AMD_r2_c1,AMD,Ahmedabad,91.13,118,False,SYNTHETIC DATA — PIPELINE/CONSTRAINT VERIFICATION ONLY
3,AMD_r2_c2,AMD,Ahmedabad,98.1,127,False,SYNTHETIC DATA — PIPELINE/CONSTRAINT VERIFICATION ONLY
3,AMD_r2_c3,AMD,Ahmedabad,102.79,133,False,SYNTHETIC DATA — PIPELINE/CONSTRAINT VERIFICATION ONLY
3,AMD_r2_c4,AMD,Ahmedabad,98.24,127,False,SYNTHETIC DATA — PIPELINE/CONSTRAINT VERIFICATION ONLY
3,AMD_r2_c5,AMD,Ahmedabad,94.2,122,False,SYNTHETIC DATA — PIPELINE/CONSTRAINT VERIFICATION ONLY
3,AMD_r2_c6,AMD,Ahmedabad,78.66,102,False,SYNTHETIC DATA — PIPELINE/CONSTRAINT VERIFICATION ONLY
3,AMD_r3_c0,AMD,Ahmedabad,81.8,106,False,SYNTHETIC DATA — PIPELINE/CONSTRAINT VERIFICATION ONLY
3,AMD_r3_c1,AMD,Ahmedabad,90.7,117,False,SYNTHETIC DATA — PIPELINE/CONSTRAINT VERIFICATION ONLY
3,AMD_r3_c2,AMD,Ahmedabad,105.7,137,False,SYNTHETIC DATA — PIPELINE/CONSTRAINT VERIFICATION ONLY
3,AMD_r3_c3,AMD,Ahmedabad,116.93,152,True,SYNTHETIC DATA — PIPELINE/CONSTRAINT VERIFICATION ONLY
3,AMD_r3_c4,AMD,Ahmedabad,102.54,133,False,SYNTHETIC DATA — PIPELINE/CONSTRAINT VERIFICATION ONLY
3,AMD_r3_c5,AMD,Ahmedabad,93.4,121,False,SYNTHETIC DATA — PIPELINE/CONSTRAINT VERIFICATION ONLY
3,AMD_r3_c6,AMD,Ahmedabad,85.17,110,False,SYNTHETIC DATA — PIPELINE/CONSTRAINT VERIFICATION ONLY
3,AMD_r4_c0,AMD,Ahmedabad,87.0,113,False,SYNTHETIC DATA — PIPELINE/CONSTRAINT VERIFICATION ONLY
3,AMD_r4_c1,AMD,Ahmedabad,89.01,115,False,SYNTHETIC DATA — PIPELINE/CONSTRAINT VERIFICATION ONLY
3,AMD_r4_c2,AMD,Ahmedabad,99.86,129,False,SYNTHETIC DATA — PIPELINE/CONSTRAINT VERIFICATION ONLY
3,AMD_r4_c3,AMD,Ahmedabad,105.78,137,False,SYNTHETIC DATA — PIPELINE/CONSTRAINT VERIFICATION ONLY
3,AMD_r4_c4,AMD,Ahmedabad,100.65,130,False,SYNTHETIC DATA — PIPELINE/CONSTRAINT VERIFICATION ONLY
3,AMD_r4_c5,AMD,Ahmedabad,92.36,120,False,SYNTHETIC DATA — PIPELINE/CONSTRAINT VERIFICATION ONLY
3,AMD_r4_c6,AMD,Ahmedabad,86.52,112,False,SYNTHETIC DATA — PIPELINE/CONSTRAINT VERIFICATION ONLY
3,AMD_r5_c0,AMD,Ahmedabad,71.44,92,False,SYNTHETIC DATA — PIPELINE/CONSTRAINT VERIFICATION ONLY
3,AMD_r5_c1,AMD,Ahmedabad,88.53,115,False,SYNTHETIC DATA — PIPELINE/CONSTRAINT VERIFICATION ONLY
3,AMD_r5_c2,AMD,Ahmedabad,89.83,116,False,SYNTHETIC DATA — PIPELINE/CONSTRAINT VERIFICATION ONLY
3,AMD_r5_c3,AMD,Ahmedabad,88.42,114,False,SYNTHETIC DATA — PIPELINE/CONSTRAINT VERIFICATION ONLY
3,AMD_r5_c4,AMD,Ahmedabad,93.33,121,False,SYNTHETIC DATA — PIPELINE/CONSTRAINT VERIFICATION ONLY
3,AMD_r5_c5,AMD,Ahmedabad,90.62,117,False,SYNTHETIC DATA — PIPELINE/CONSTRAINT VERIFICATION ONLY
3,AMD_r5_c6,AMD,Ahmedabad,79.14,102,False,SYNTHETIC DATA — PIPELINE/CONSTRAINT VERIFICATION ONLY
3,AMD_r6_c0,AMD,Ahmedabad,76.71,99,False,SYNTHETIC DATA — PIPELINE/CONSTRAINT VERIFICATION ONLY
3,AMD_r6_c1,AMD,Ahmedabad,84.38,109,False,SYNTHETIC DATA — PIPELINE/CONSTRAINT VERIFICATION ONLY
3,AMD_r6_c2,AMD,Ahmedabad,87.46,113,False,SYNTHETIC DATA — PIPELINE/CONSTRAINT VERIFICATION ONLY
3,AMD_r6_c3,AMD,Ahmedabad,89.88,116,False,SYNTHETIC DATA — PIPELINE/CONSTRAINT VERIFICATION ONLY
3,AMD_r6_c4,AMD,Ahmedabad,85.74,111,False,SYNTHETIC DATA — PIPELINE/CONSTRAINT VERIFICATION ONLY
3,AMD_r6_c5,AMD,Ahmedabad,79.77,103,False,SYNTHETIC DATA — PIPELINE/CONSTRAINT VERIFICATION ONLY
3,AMD_r6_c6,AMD,Ahmedabad,69.04,89,False,SYNTHETIC DATA — PIPELINE/CONSTRAINT VERIFICATION ONLY
3,CCU_r0_c0,CCU,Kolkata,90.69,117,False,SYNTHETIC DATA — PIPELINE/CONSTRAINT VERIFICATION ONLY
3,CCU_r0_c1,CCU,Kolkata,95.96,124,False,SYNTHETIC DATA — PIPELINE/CONSTRAINT VERIFICATION ONLY
3,CCU_r0_c2,CCU,Kolkata,109.91,142,False,SYNTHETIC DATA — PIPELINE/CONSTRAINT VERIFICATION ONLY
3,CCU_r0_c3,CCU,Kolkata,104.67,136,False,SYNTHETIC DATA — PIPELINE/CONSTRAINT VERIFICATION ONLY
3,CCU_r0_c4,CCU,Kolkata,103.77,134,False,SYNTHETIC DATA — PIPELINE/CONSTRAINT VERIFICATION ONLY
3,CCU_r0_c5,CCU,Kolkata,100.14,130,False,SYNTHETIC DATA — PIPELINE/CONSTRAINT VERIFICATION ONLY
3,CCU_r0_c6,CCU,Kolkata,91.56,119,False,SYNTHETIC DATA — PIPELINE/CONSTRAINT VERIFICATION ONLY
3,CCU_r1_c0,CCU,Kolkata,103.57,134,False,SYNTHETIC DATA — PIPELINE/CONSTRAINT VERIFICATION ONLY
3,CCU_r1_c1,CCU,Kolkata,105.22,136,False,SYNTHETIC DATA — PIPELINE/CONSTRAINT VERIFICATION ONLY
3,CCU_r1_c2,CCU,Kolkata,114.24,148,False,SYNTHETIC DATA — PIPELINE/CONSTRAINT VERIFICATION ONLY
3,CCU_r1_c3,CCU,Kolkata,114.04,148,False,SYNTHETIC DATA — PIPELINE/CONSTRAINT VERIFICATION ONLY
3,CCU_r1_c4,CCU,Kolkata,109.69,142,False,SYNTHETIC DATA — PIPELINE/CONSTRAINT VERIFICATION ONLY
3,CCU_r1_c5,CCU,Kolkata,105.26,136,False,SYNTHETIC DATA — PIPELINE/CONSTRAINT VERIFICATION ONLY
3,CCU_r1_c6,CCU,Kolkata,98.38,127,False,SYNTHETIC DATA — PIPELINE/CONSTRAINT VERIFICATION ONLY
3,CCU_r2_c0,CCU,Kolkata,102.11,132,False,SYNTHETIC DATA — PIPELINE/CONSTRAINT VERIFICATION ONLY
3,CCU_r2_c1,CCU,Kolkata,111.57,145,False,SYNTHETIC DATA — PIPELINE/CONSTRAINT VERIFICATION ONLY
3,CCU_r2_c2,CCU,Kolkata,118.53,154,False,SYNTHETIC DATA — PIPELINE/CONSTRAINT VERIFICATION ONLY
3,CCU_r2_c3,CCU,Kolkata,127.09,165,False,SYNTHETIC DATA — PIPELINE/CONSTRAINT VERIFICATION ONLY
3,CCU_r2_c4,CCU,Kolkata,118.24,153,False,SYNTHETIC DATA — PIPELINE/CONSTRAINT VERIFICATION ONLY
3,CCU_r2_c5,CCU,Kolkata,115.93,150,False,SYNTHETIC DATA — PIPELINE/CONSTRAINT VERIFICATION ONLY
3,CCU_r2_c6,CCU,Kolkata,103.64,134,False,SYNTHETIC DATA — PIPELINE/CONSTRAINT VERIFICATION ONLY
3,CCU_r3_c0,CCU,Kolkata,100.82,131,False,SYNTHETIC DATA — PIPELINE/CONSTRAINT VERIFICATION ONLY
3,CCU_r3_c1,CCU,Kolkata,115.34,149,False,SYNTHETIC DATA — PIPELINE/CONSTRAINT VERIFICATION ONLY
3,CCU_r3_c2,CCU,Kolkata,125.08,162,False,SYNTHETIC DATA — PIPELINE/CONSTRAINT VERIFICATION ONLY
3,CCU_r3_c3,CCU,Kolkata,139.37,181,True,SYNTHETIC DATA — PIPELINE/CONSTRAINT VERIFICATION ONLY
3,CCU_r3_c4,CCU,Kolkata,131.36,170,False,SYNTHETIC DATA — PIPELINE/CONSTRAINT VERIFICATION ONLY
3,CCU_r3_c5,CCU,Kolkata,110.64,143,False,SYNTHETIC DATA — PIPELINE/CONSTRAINT VERIFICATION ONLY
3,CCU_r3_c6,CCU,Kolkata,105.54,137,False,SYNTHETIC DATA — PIPELINE/CONSTRAINT VERIFICATION ONLY
3,CCU_r4_c0,CCU,Kolkata,102.92,133,False,SYNTHETIC DATA — PIPELINE/CONSTRAINT VERIFICATION ONLY
3,CCU_r4_c1,CCU,Kolkata,115.67,150,False,SYNTHETIC DATA — PIPELINE/CONSTRAINT VERIFICATION ONLY
3,CCU_r4_c2,CCU,Kolkata,123.39,160,False,SYNTHETIC DATA — PIPELINE/CONSTRAINT VERIFICATION ONLY
3,CCU_r4_c3,CCU,Kolkata,125.08,162,False,SYNTHETIC DATA — PIPELINE/CONSTRAINT VERIFICATION ONLY
3,CCU_r4_c4,CCU,Kolkata,121.79,158,False,SYNTHETIC DATA — PIPELINE/CONSTRAINT VERIFICATION ONLY
3,CCU_r4_c5,CCU,Kolkata,111.26,144,False,SYNTHETIC DATA — PIPELINE/CONSTRAINT VERIFICATION ONLY
3,CCU_r4_c6,CCU,Kolkata,106.62,138,False,SYNTHETIC DATA — PIPELINE/CONSTRAINT VERIFICATION ONLY
3,CCU_r5_c0,CCU,Kolkata,98.55,128,False,SYNTHETIC DATA — PIPELINE/CONSTRAINT VERIFICATION ONLY
3,CCU_r5_c1,CCU,Kolkata,112.8,146,False,SYNTHETIC DATA — PIPELINE/CONSTRAINT VERIFICATION ONLY
3,CCU_r5_c2,CCU,Kolkata,113.47,147,False,SYNTHETIC DATA — PIPELINE/CONSTRAINT VERIFICATION ONLY
3,CCU_r5_c3,CCU,Kolkata,114.14,148,False,SYNTHETIC DATA — PIPELINE/CONSTRAINT VERIFICATION ONLY
3,CCU_r5_c4,CCU,Kolkata,109.11,141,False,SYNTHETIC DATA — PIPELINE/CONSTRAINT VERIFICATION ONLY
3,CCU_r5_c5,CCU,Kolkata,101.68,132,False,SYNTHETIC DATA — PIPELINE/CONSTRAINT VERIFICATION ONLY
3,CCU_r5_c6,CCU,Kolkata,93.74,121,False,SYNTHETIC DATA — PIPELINE/CONSTRAINT VERIFICATION ONLY
3,CCU_r6_c0,CCU,Kolkata,92.23,119,False,SYNTHETIC DATA — PIPELINE/CONSTRAINT VERIFICATION ONLY
3,CCU_r6_c1,CCU,Kolkata,100.01,130,False,SYNTHETIC DATA — PIPELINE/CONSTRAINT VERIFICATION ONLY
3,CCU_r6_c2,CCU,Kolkata,98.65,128,False,SYNTHETIC DATA — PIPELINE/CONSTRAINT VERIFICATION ONLY
3,CCU_r6_c3,CCU,Kolkata,107.88,140,False,SYNTHETIC DATA — PIPELINE/CONSTRAINT VERIFICATION ONLY
3,CCU_r6_c4,CCU,Kolkata,101.95,132,False,SYNTHETIC DATA — PIPELINE/CONSTRAINT VERIFICATION ONLY
3,CCU_r6_c5,CCU,Kolkata,98.93,128,False,SYNTHETIC DATA — PIPELINE/CONSTRAINT VERIFICATION ONLY
3,CCU_r6_c6,CCU,Kolkata,96.27,125,False,SYNTHETIC DATA — PIPELINE/CONSTRAINT VERIFICATION ONLY
3,HYD_r0_c0,HYD,Hyderabad,55.44,72,False,SYNTHETIC DATA — PIPELINE/CONSTRAINT VERIFICATION ONLY
3,HYD_r0_c1,HYD,Hyderabad,56.01,72,False,SYNTHETIC DATA — PIPELINE/CONSTRAINT VERIFICATION ONLY
3,HYD_r0_c2,HYD,Hyderabad,56.98,74,False,SYNTHETIC DATA — PIPELINE/CONSTRAINT VERIFICATION ONLY
3,HYD_r0_c3,HYD,Hyderabad,54.23,70,False,SYNTHETIC DATA — PIPELINE/CONSTRAINT VERIFICATION ONLY
3,HYD_r0_c4,HYD,Hyderabad,57.49,74,False,SYNTHETIC DATA — PIPELINE/CONSTRAINT VERIFICATION ONLY
3,HYD_r0_c5,HYD,Hyderabad,56.19,73,False,SYNTHETIC DATA — PIPELINE/CONSTRAINT VERIFICATION ONLY
3,HYD_r0_c6,HYD,Hyderabad,49.79,64,False,SYNTHETIC DATA — PIPELINE/CONSTRAINT VERIFICATION ONLY
3,HYD_r1_c0,HYD,Hyderabad,56.43,73,False,SYNTHETIC DATA — PIPELINE/CONSTRAINT VERIFICATION ONLY
3,HYD_r1_c1,HYD,Hyderabad,62.01,80,False,SYNTHETIC DATA — PIPELINE/CONSTRAINT VERIFICATION ONLY
3,HYD_r1_c2,HYD,Hyderabad,64.89,84,False,SYNTHETIC DATA — PIPELINE/CONSTRAINT VERIFICATION ONLY
3,HYD_r1_c3,HYD,Hyderabad,65.13,84,False,SYNTHETIC DATA — PIPELINE/CONSTRAINT VERIFICATION ONLY
3,HYD_r1_c4,HYD,Hyderabad,66.07,85,False,SYNTHETIC DATA — PIPELINE/CONSTRAINT VERIFICATION ONLY
3,HYD_r1_c5,HYD,Hyderabad,63.11,82,False,SYNTHETIC DATA — PIPELINE/CONSTRAINT VERIFICATION ONLY
3,HYD_r1_c6,HYD,Hyderabad,53.55,69,False,SYNTHETIC DATA — PIPELINE/CONSTRAINT VERIFICATION ONLY
3,HYD_r2_c0,HYD,Hyderabad,63.88,83,False,SYNTHETIC DATA — PIPELINE/CONSTRAINT VERIFICATION ONLY
3,HYD_r2_c1,HYD,Hyderabad,65.27,84,False,SYNTHETIC DATA — PIPELINE/CONSTRAINT VERIFICATION ONLY
3,HYD_r2_c2,HYD,Hyderabad,70.88,92,False,SYNTHETIC DATA — PIPELINE/CONSTRAINT VERIFICATION ONLY
3,HYD_r2_c3,HYD,Hyderabad,75.59,98,False,SYNTHETIC DATA — PIPELINE/CONSTRAINT VERIFICATION ONLY
3,HYD_r2_c4,HYD,Hyderabad,71.52,92,False,SYNTHETIC DATA — PIPELINE/CONSTRAINT VERIFICATION ONLY
3,HYD_r2_c5,HYD,Hyderabad,68.43,88,False,SYNTHETIC DATA — PIPELINE/CONSTRAINT VERIFICATION ONLY
3,HYD_r2_c6,HYD,Hyderabad,60.51,78,False,SYNTHETIC DATA — PIPELINE/CONSTRAINT VERIFICATION ONLY
3,HYD_r3_c0,HYD,Hyderabad,58.85,76,False,SYNTHETIC DATA — PIPELINE/CONSTRAINT VERIFICATION ONLY
3,HYD_r3_c1,HYD,Hyderabad,68.16,88,False,SYNTHETIC DATA — PIPELINE/CONSTRAINT VERIFICATION ONLY
3,HYD_r3_c2,HYD,Hyderabad,70.03,91,False,SYNTHETIC DATA — PIPELINE/CONSTRAINT VERIFICATION ONLY
3,HYD_r3_c3,HYD,Hyderabad,80.18,104,True,SYNTHETIC DATA — PIPELINE/CONSTRAINT VERIFICATION ONLY
3,HYD_r3_c4,HYD,Hyderabad,73.36,95,False,SYNTHETIC DATA — PIPELINE/CONSTRAINT VERIFICATION ONLY
3,HYD_r3_c5,HYD,Hyderabad,66.45,86,False,SYNTHETIC DATA — PIPELINE/CONSTRAINT VERIFICATION ONLY
3,HYD_r3_c6,HYD,Hyderabad,60.3,78,False,SYNTHETIC DATA — PIPELINE/CONSTRAINT VERIFICATION ONLY
3,HYD_r4_c0,HYD,Hyderabad,54.01,70,False,SYNTHETIC DATA — PIPELINE/CONSTRAINT VERIFICATION ONLY
3,HYD_r4_c1,HYD,Hyderabad,63.92,83,False,SYNTHETIC DATA — PIPELINE/CONSTRAINT VERIFICATION ONLY
3,HYD_r4_c2,HYD,Hyderabad,71.1,92,False,SYNTHETIC DATA — PIPELINE/CONSTRAINT VERIFICATION ONLY
3,HYD_r4_c3,HYD,Hyderabad,73.94,96,False,SYNTHETIC DATA — PIPELINE/CONSTRAINT VERIFICATION ONLY
3,HYD_r4_c4,HYD,Hyderabad,67.74,88,False,SYNTHETIC DATA — PIPELINE/CONSTRAINT VERIFICATION ONLY
3,HYD_r4_c5,HYD,Hyderabad,69.37,90,False,SYNTHETIC DATA — PIPELINE/CONSTRAINT VERIFICATION ONLY
3,HYD_r4_c6,HYD,Hyderabad,57.05,74,False,SYNTHETIC DATA — PIPELINE/CONSTRAINT VERIFICATION ONLY
3,HYD_r5_c0,HYD,Hyderabad,59.73,77,False,SYNTHETIC DATA — PIPELINE/CONSTRAINT VERIFICATION ONLY
3,HYD_r5_c1,HYD,Hyderabad,63.07,81,False,SYNTHETIC DATA — PIPELINE/CONSTRAINT VERIFICATION ONLY
3,HYD_r5_c2,HYD,Hyderabad,63.63,82,False,SYNTHETIC DATA — PIPELINE/CONSTRAINT VERIFICATION ONLY
3,HYD_r5_c3,HYD,Hyderabad,72.4,94,False,SYNTHETIC DATA — PIPELINE/CONSTRAINT VERIFICATION ONLY
3,HYD_r5_c4,HYD,Hyderabad,61.99,80,False,SYNTHETIC DATA — PIPELINE/CONSTRAINT VERIFICATION ONLY
3,HYD_r5_c5,HYD,Hyderabad,64.54,83,False,SYNTHETIC DATA — PIPELINE/CONSTRAINT VERIFICATION ONLY
3,HYD_r5_c6,HYD,Hyderabad,59.82,77,False,SYNTHETIC DATA — PIPELINE/CONSTRAINT VERIFICATION ONLY
3,HYD_r6_c0,HYD,Hyderabad,50.74,65,False,SYNTHETIC DATA — PIPELINE/CONSTRAINT VERIFICATION ONLY
3,HYD_r6_c1,HYD,Hyderabad,61.0,79,False,SYNTHETIC DATA — PIPELINE/CONSTRAINT VERIFICATION ONLY
3,HYD_r6_c2,HYD,Hyderabad,58.9,76,False,SYNTHETIC DATA — PIPELINE/CONSTRAINT VERIFICATION ONLY
3,HYD_r6_c3,HYD,Hyderabad,61.55,80,False,SYNTHETIC DATA — PIPELINE/CONSTRAINT VERIFICATION ONLY
3,HYD_r6_c4,HYD,Hyderabad,60.43,78,False,SYNTHETIC DATA — PIPELINE/CONSTRAINT VERIFICATION ONLY
3,HYD_r6_c5,HYD,Hyderabad,56.42,73,False,SYNTHETIC DATA — PIPELINE/CONSTRAINT VERIFICATION ONLY
3,HYD_r6_c6,HYD,Hyderabad,55.18,71,False,SYNTHETIC DATA — PIPELINE/CONSTRAINT VERIFICATION ONLY
3,BLR_r0_c0,BLR,Bengaluru,34.03,44,False,SYNTHETIC DATA — PIPELINE/CONSTRAINT VERIFICATION ONLY
3,BLR_r0_c1,BLR,Bengaluru,28.85,37,False,SYNTHETIC DATA — PIPELINE/CONSTRAINT VERIFICATION ONLY
3,BLR_r0_c2,BLR,Bengaluru,39.7,51,False,SYNTHETIC DATA — PIPELINE/CONSTRAINT VERIFICATION ONLY
3,BLR_r0_c3,BLR,Bengaluru,31.43,40,False,SYNTHETIC DATA — PIPELINE/CONSTRAINT VERIFICATION ONLY
3,BLR_r0_c4,BLR,Bengaluru,38.89,50,False,SYNTHETIC DATA — PIPELINE/CONSTRAINT VERIFICATION ONLY
3,BLR_r0_c5,BLR,Bengaluru,37.47,48,False,SYNTHETIC DATA — PIPELINE/CONSTRAINT VERIFICATION ONLY
3,BLR_r0_c6,BLR,Bengaluru,28.38,36,False,SYNTHETIC DATA — PIPELINE/CONSTRAINT VERIFICATION ONLY
3,BLR_r1_c0,BLR,Bengaluru,32.86,42,False,SYNTHETIC DATA — PIPELINE/CONSTRAINT VERIFICATION ONLY
3,BLR_r1_c1,BLR,Bengaluru,33.75,43,False,SYNTHETIC DATA — PIPELINE/CONSTRAINT VERIFICATION ONLY
3,BLR_r1_c2,BLR,Bengaluru,38.7,50,False,SYNTHETIC DATA — PIPELINE/CONSTRAINT VERIFICATION ONLY
3,BLR_r1_c3,BLR,Bengaluru,39.32,51,False,SYNTHETIC DATA — PIPELINE/CONSTRAINT VERIFICATION ONLY
3,BLR_r1_c4,BLR,Bengaluru,41.68,54,False,SYNTHETIC DATA — PIPELINE/CONSTRAINT VERIFICATION ONLY
3,BLR_r1_c5,BLR,Bengaluru,41.0,53,False,SYNTHETIC DATA — PIPELINE/CONSTRAINT VERIFICATION ONLY
3,BLR_r1_c6,BLR,Bengaluru,38.28,49,False,SYNTHETIC DATA — PIPELINE/CONSTRAINT VERIFICATION ONLY
3,BLR_r2_c0,BLR,Bengaluru,34.1,44,False,SYNTHETIC DATA — PIPELINE/CONSTRAINT VERIFICATION ONLY
3,BLR_r2_c1,BLR,Bengaluru,38.71,50,False,SYNTHETIC DATA — PIPELINE/CONSTRAINT VERIFICATION ONLY
3,BLR_r2_c2,BLR,Bengaluru,37.44,48,False,SYNTHETIC DATA — PIPELINE/CONSTRAINT VERIFICATION ONLY
3,BLR_r2_c3,BLR,Bengaluru,41.66,54,False,SYNTHETIC DATA — PIPELINE/CONSTRAINT VERIFICATION ONLY
3,BLR_r2_c4,BLR,Bengaluru,45.39,59,False,SYNTHETIC DATA — PIPELINE/CONSTRAINT VERIFICATION ONLY
3,BLR_r2_c5,BLR,Bengaluru,44.19,57,False,SYNTHETIC DATA — PIPELINE/CONSTRAINT VERIFICATION ONLY
3,BLR_r2_c6,BLR,Bengaluru,32.09,41,False,SYNTHETIC DATA — PIPELINE/CONSTRAINT VERIFICATION ONLY
3,BLR_r3_c0,BLR,Bengaluru,34.64,45,False,SYNTHETIC DATA — PIPELINE/CONSTRAINT VERIFICATION ONLY
3,BLR_r3_c1,BLR,Bengaluru,40.17,52,False,SYNTHETIC DATA — PIPELINE/CONSTRAINT VERIFICATION ONLY
3,BLR_r3_c2,BLR,Bengaluru,44.92,58,False,SYNTHETIC DATA — PIPELINE/CONSTRAINT VERIFICATION ONLY
3,BLR_r3_c3,BLR,Bengaluru,45.48,59,True,SYNTHETIC DATA — PIPELINE/CONSTRAINT VERIFICATION ONLY
3,BLR_r3_c4,BLR,Bengaluru,45.35,58,False,SYNTHETIC DATA — PIPELINE/CONSTRAINT VERIFICATION ONLY
3,BLR_r3_c5,BLR,Bengaluru,38.82,50,False,SYNTHETIC DATA — PIPELINE/CONSTRAINT VERIFICATION ONLY
3,BLR_r3_c6,BLR,Bengaluru,36.37,47,False,SYNTHETIC DATA — PIPELINE/CONSTRAINT VERIFICATION ONLY
3,BLR_r4_c0,BLR,Bengaluru,37.43,48,False,SYNTHETIC DATA — PIPELINE/CONSTRAINT VERIFICATION ONLY
3,BLR_r4_c1,BLR,Bengaluru,39.36,51,False,SYNTHETIC DATA — PIPELINE/CONSTRAINT VERIFICATION ONLY
3,BLR_r4_c2,BLR,Bengaluru,41.18,53,False,SYNTHETIC DATA — PIPELINE/CONSTRAINT VERIFICATION ONLY
3,BLR_r4_c3,BLR,Bengaluru,43.75,56,False,SYNTHETIC DATA — PIPELINE/CONSTRAINT VERIFICATION ONLY
3,BLR_r4_c4,BLR,Bengaluru,42.23,54,False,SYNTHETIC DATA — PIPELINE/CONSTRAINT VERIFICATION ONLY
3,BLR_r4_c5,BLR,Bengaluru,38.23,49,False,SYNTHETIC DATA — PIPELINE/CONSTRAINT VERIFICATION ONLY
3,BLR_r4_c6,BLR,Bengaluru,35.01,45,False,SYNTHETIC DATA — PIPELINE/CONSTRAINT VERIFICATION ONLY
3,BLR_r5_c0,BLR,Bengaluru,38.89,50,False,SYNTHETIC DATA — PIPELINE/CONSTRAINT VERIFICATION ONLY
3,BLR_r5_c1,BLR,Bengaluru,38.75,50,False,SYNTHETIC DATA — PIPELINE/CONSTRAINT VERIFICATION ONLY
3,BLR_r5_c2,BLR,Bengaluru,38.45,49,False,SYNTHETIC DATA — PIPELINE/CONSTRAINT VERIFICATION ONLY
3,BLR_r5_c3,BLR,Bengaluru,42.34,55,False,SYNTHETIC DATA — PIPELINE/CONSTRAINT VERIFICATION ONLY
3,BLR_r5_c4,BLR,Bengaluru,38.34,49,False,SYNTHETIC DATA — PIPELINE/CONSTRAINT VERIFICATION ONLY
3,BLR_r5_c5,BLR,Bengaluru,40.59,52,False,SYNTHETIC DATA — PIPELINE/CONSTRAINT VERIFICATION ONLY
3,BLR_r5_c6,BLR,Bengaluru,35.2,45,False,SYNTHETIC DATA — PIPELINE/CONSTRAINT VERIFICATION ONLY
3,BLR_r6_c0,BLR,Bengaluru,31.33,40,False,SYNTHETIC DATA — PIPELINE/CONSTRAINT VERIFICATION ONLY
3,BLR_r6_c1,BLR,Bengaluru,35.44,46,False,SYNTHETIC DATA — PIPELINE/CONSTRAINT VERIFICATION ONLY
3,BLR_r6_c2,BLR,Bengaluru,31.08,40,False,SYNTHETIC DATA — PIPELINE/CONSTRAINT VERIFICATION ONLY
3,BLR_r6_c3,BLR,Bengaluru,33.03,42,False,SYNTHETIC DATA — PIPELINE/CONSTRAINT VERIFICATION ONLY
3,BLR_r6_c4,BLR,Bengaluru,32.21,41,False,SYNTHETIC DATA — PIPELINE/CONSTRAINT VERIFICATION ONLY
3,BLR_r6_c5,BLR,Bengaluru,34.52,44,False,SYNTHETIC DATA — PIPELINE/CONSTRAINT VERIFICATION ONLY
3,BLR_r6_c6,BLR,Bengaluru,36.85,47,False,SYNTHETIC DATA — PIPELINE/CONSTRAINT VERIFICATION ONLY
3,MAA_r0_c0,MAA,Chennai,45.38,58,False,SYNTHETIC DATA — PIPELINE/CONSTRAINT VERIFICATION ONLY
3,MAA_r0_c1,MAA,Chennai,43.58,56,False,SYNTHETIC DATA — PIPELINE/CONSTRAINT VERIFICATION ONLY
3,MAA_r0_c2,MAA,Chennai,45.25,58,False,SYNTHETIC DATA — PIPELINE/CONSTRAINT VERIFICATION ONLY
3,MAA_r0_c3,MAA,Chennai,39.1,50,False,SYNTHETIC DATA — PIPELINE/CONSTRAINT VERIFICATION ONLY
3,MAA_r0_c4,MAA,Chennai,42.12,54,False,SYNTHETIC DATA — PIPELINE/CONSTRAINT VERIFICATION ONLY
3,MAA_r0_c5,MAA,Chennai,39.3,51,False,SYNTHETIC DATA — PIPELINE/CONSTRAINT VERIFICATION ONLY
3,MAA_r0_c6,MAA,Chennai,36.82,47,False,SYNTHETIC DATA — PIPELINE/CONSTRAINT VERIFICATION ONLY
3,MAA_r1_c0,MAA,Chennai,41.16,53,False,SYNTHETIC DATA — PIPELINE/CONSTRAINT VERIFICATION ONLY
3,MAA_r1_c1,MAA,Chennai,43.89,57,False,SYNTHETIC DATA — PIPELINE/CONSTRAINT VERIFICATION ONLY
3,MAA_r1_c2,MAA,Chennai,42.15,54,False,SYNTHETIC DATA — PIPELINE/CONSTRAINT VERIFICATION ONLY
3,MAA_r1_c3,MAA,Chennai,51.43,66,False,SYNTHETIC DATA — PIPELINE/CONSTRAINT VERIFICATION ONLY
3,MAA_r1_c4,MAA,Chennai,44.87,58,False,SYNTHETIC DATA — PIPELINE/CONSTRAINT VERIFICATION ONLY
3,MAA_r1_c5,MAA,Chennai,46.03,59,False,SYNTHETIC DATA — PIPELINE/CONSTRAINT VERIFICATION ONLY
3,MAA_r1_c6,MAA,Chennai,47.89,62,False,SYNTHETIC DATA — PIPELINE/CONSTRAINT VERIFICATION ONLY
3,MAA_r2_c0,MAA,Chennai,40.99,53,False,SYNTHETIC DATA — PIPELINE/CONSTRAINT VERIFICATION ONLY
3,MAA_r2_c1,MAA,Chennai,40.49,52,False,SYNTHETIC DATA — PIPELINE/CONSTRAINT VERIFICATION ONLY
3,MAA_r2_c2,MAA,Chennai,51.08,66,False,SYNTHETIC DATA — PIPELINE/CONSTRAINT VERIFICATION ONLY
3,MAA_r2_c3,MAA,Chennai,57.18,74,False,SYNTHETIC DATA — PIPELINE/CONSTRAINT VERIFICATION ONLY
3,MAA_r2_c4,MAA,Chennai,57.81,75,False,SYNTHETIC DATA — PIPELINE/CONSTRAINT VERIFICATION ONLY
3,MAA_r2_c5,MAA,Chennai,44.39,57,False,SYNTHETIC DATA — PIPELINE/CONSTRAINT VERIFICATION ONLY
3,MAA_r2_c6,MAA,Chennai,45.23,58,False,SYNTHETIC DATA — PIPELINE/CONSTRAINT VERIFICATION ONLY
3,MAA_r3_c0,MAA,Chennai,43.11,56,False,SYNTHETIC DATA — PIPELINE/CONSTRAINT VERIFICATION ONLY
3,MAA_r3_c1,MAA,Chennai,48.87,63,False,SYNTHETIC DATA — PIPELINE/CONSTRAINT VERIFICATION ONLY
3,MAA_r3_c2,MAA,Chennai,61.81,80,False,SYNTHETIC DATA — PIPELINE/CONSTRAINT VERIFICATION ONLY
3,MAA_r3_c3,MAA,Chennai,54.05,70,True,SYNTHETIC DATA — PIPELINE/CONSTRAINT VERIFICATION ONLY
3,MAA_r3_c4,MAA,Chennai,54.64,71,False,SYNTHETIC DATA — PIPELINE/CONSTRAINT VERIFICATION ONLY
3,MAA_r3_c5,MAA,Chennai,50.59,65,False,SYNTHETIC DATA — PIPELINE/CONSTRAINT VERIFICATION ONLY
3,MAA_r3_c6,MAA,Chennai,47.76,62,False,SYNTHETIC DATA — PIPELINE/CONSTRAINT VERIFICATION ONLY
3,MAA_r4_c0,MAA,Chennai,44.04,57,False,SYNTHETIC DATA — PIPELINE/CONSTRAINT VERIFICATION ONLY
3,MAA_r4_c1,MAA,Chennai,49.01,63,False,SYNTHETIC DATA — PIPELINE/CONSTRAINT VERIFICATION ONLY
3,MAA_r4_c2,MAA,Chennai,50.76,65,False,SYNTHETIC DATA — PIPELINE/CONSTRAINT VERIFICATION ONLY
3,MAA_r4_c3,MAA,Chennai,54.68,71,False,SYNTHETIC DATA — PIPELINE/CONSTRAINT VERIFICATION ONLY
3,MAA_r4_c4,MAA,Chennai,50.9,66,False,SYNTHETIC DATA — PIPELINE/CONSTRAINT VERIFICATION ONLY
3,MAA_r4_c5,MAA,Chennai,49.95,64,False,SYNTHETIC DATA — PIPELINE/CONSTRAINT VERIFICATION ONLY
3,MAA_r4_c6,MAA,Chennai,42.64,55,False,SYNTHETIC DATA — PIPELINE/CONSTRAINT VERIFICATION ONLY
3,MAA_r5_c0,MAA,Chennai,42.8,55,False,SYNTHETIC DATA — PIPELINE/CONSTRAINT VERIFICATION ONLY
3,MAA_r5_c1,MAA,Chennai,45.22,58,False,SYNTHETIC DATA — PIPELINE/CONSTRAINT VERIFICATION ONLY
3,MAA_r5_c2,MAA,Chennai,51.46,66,False,SYNTHETIC DATA — PIPELINE/CONSTRAINT VERIFICATION ONLY
3,MAA_r5_c3,MAA,Chennai,49.04,63,False,SYNTHETIC DATA — PIPELINE/CONSTRAINT VERIFICATION ONLY
3,MAA_r5_c4,MAA,Chennai,42.76,55,False,SYNTHETIC DATA — PIPELINE/CONSTRAINT VERIFICATION ONLY
3,MAA_r5_c5,MAA,Chennai,49.09,63,False,SYNTHETIC DATA — PIPELINE/CONSTRAINT VERIFICATION ONLY
3,MAA_r5_c6,MAA,Chennai,38.95,50,False,SYNTHETIC DATA — PIPELINE/CONSTRAINT VERIFICATION ONLY
3,MAA_r6_c0,MAA,Chennai,36.72,47,False,SYNTHETIC DATA — PIPELINE/CONSTRAINT VERIFICATION ONLY
3,MAA_r6_c1,MAA,Chennai,39.88,51,False,SYNTHETIC DATA — PIPELINE/CONSTRAINT VERIFICATION ONLY
3,MAA_r6_c2,MAA,Chennai,47.87,62,False,SYNTHETIC DATA — PIPELINE/CONSTRAINT VERIFICATION ONLY
3,MAA_r6_c3,MAA,Chennai,38.1,49,False,SYNTHETIC DATA — PIPELINE/CONSTRAINT VERIFICATION ONLY
3,MAA_r6_c4,MAA,Chennai,53.16,69,False,SYNTHETIC DATA — PIPELINE/CONSTRAINT VERIFICATION ONLY
3,MAA_r6_c5,MAA,Chennai,44.84,58,False,SYNTHETIC DATA — PIPELINE/CONSTRAINT VERIFICATION ONLY
3,MAA_r6_c6,MAA,Chennai,39.35,51,False,SYNTHETIC DATA — PIPELINE/CONSTRAINT VERIFICATION ONLY
4,DEL_r0_c0,DEL,Delhi,133.6,173,False,SYNTHETIC DATA — PIPELINE/CONSTRAINT VERIFICATION ONLY
4,DEL_r0_c1,DEL,Delhi,144.95,188,False,SYNTHETIC DATA — PIPELINE/CONSTRAINT VERIFICATION ONLY
4,DEL_r0_c2,DEL,Delhi,152.83,198,False,SYNTHETIC DATA — PIPELINE/CONSTRAINT VERIFICATION ONLY
4,DEL_r0_c3,DEL,Delhi,155.84,202,False,SYNTHETIC DATA — PIPELINE/CONSTRAINT VERIFICATION ONLY
4,DEL_r0_c4,DEL,Delhi,152.94,198,False,SYNTHETIC DATA — PIPELINE/CONSTRAINT VERIFICATION ONLY
4,DEL_r0_c5,DEL,Delhi,144.36,187,False,SYNTHETIC DATA — PIPELINE/CONSTRAINT VERIFICATION ONLY
4,DEL_r0_c6,DEL,Delhi,133.18,173,False,SYNTHETIC DATA — PIPELINE/CONSTRAINT VERIFICATION ONLY
4,DEL_r1_c0,DEL,Delhi,143.64,186,False,SYNTHETIC DATA — PIPELINE/CONSTRAINT VERIFICATION ONLY
4,DEL_r1_c1,DEL,Delhi,156.09,202,False,SYNTHETIC DATA — PIPELINE/CONSTRAINT VERIFICATION ONLY
4,DEL_r1_c2,DEL,Delhi,169.68,220,False,SYNTHETIC DATA — PIPELINE/CONSTRAINT VERIFICATION ONLY
4,DEL_r1_c3,DEL,Delhi,171.88,223,False,SYNTHETIC DATA — PIPELINE/CONSTRAINT VERIFICATION ONLY
4,DEL_r1_c4,DEL,Delhi,157.45,204,False,SYNTHETIC DATA — PIPELINE/CONSTRAINT VERIFICATION ONLY
4,DEL_r1_c5,DEL,Delhi,158.65,206,False,SYNTHETIC DATA — PIPELINE/CONSTRAINT VERIFICATION ONLY
4,DEL_r1_c6,DEL,Delhi,144.67,188,False,SYNTHETIC DATA — PIPELINE/CONSTRAINT VERIFICATION ONLY
4,DEL_r2_c0,DEL,Delhi,151.21,196,False,SYNTHETIC DATA — PIPELINE/CONSTRAINT VERIFICATION ONLY
4,DEL_r2_c1,DEL,Delhi,165.11,214,False,SYNTHETIC DATA — PIPELINE/CONSTRAINT VERIFICATION ONLY
4,DEL_r2_c2,DEL,Delhi,182.96,237,False,SYNTHETIC DATA — PIPELINE/CONSTRAINT VERIFICATION ONLY
4,DEL_r2_c3,DEL,Delhi,189.14,245,False,SYNTHETIC DATA — PIPELINE/CONSTRAINT VERIFICATION ONLY
4,DEL_r2_c4,DEL,Delhi,177.27,230,False,SYNTHETIC DATA — PIPELINE/CONSTRAINT VERIFICATION ONLY
4,DEL_r2_c5,DEL,Delhi,167.5,217,False,SYNTHETIC DATA — PIPELINE/CONSTRAINT VERIFICATION ONLY
4,DEL_r2_c6,DEL,Delhi,148.36,192,False,SYNTHETIC DATA — PIPELINE/CONSTRAINT VERIFICATION ONLY
4,DEL_r3_c0,DEL,Delhi,149.76,194,False,SYNTHETIC DATA — PIPELINE/CONSTRAINT VERIFICATION ONLY
4,DEL_r3_c1,DEL,Delhi,168.22,218,False,SYNTHETIC DATA — PIPELINE/CONSTRAINT VERIFICATION ONLY
4,DEL_r3_c2,DEL,Delhi,188.89,245,False,SYNTHETIC DATA — PIPELINE/CONSTRAINT VERIFICATION ONLY
4,DEL_r3_c3,DEL,Delhi,205.36,266,True,SYNTHETIC DATA — PIPELINE/CONSTRAINT VERIFICATION ONLY
4,DEL_r3_c4,DEL,Delhi,187.84,244,False,SYNTHETIC DATA — PIPELINE/CONSTRAINT VERIFICATION ONLY
4,DEL_r3_c5,DEL,Delhi,172.28,223,False,SYNTHETIC DATA — PIPELINE/CONSTRAINT VERIFICATION ONLY
4,DEL_r3_c6,DEL,Delhi,155.45,202,False,SYNTHETIC DATA — PIPELINE/CONSTRAINT VERIFICATION ONLY
4,DEL_r4_c0,DEL,Delhi,149.35,194,False,SYNTHETIC DATA — PIPELINE/CONSTRAINT VERIFICATION ONLY
4,DEL_r4_c1,DEL,Delhi,167.57,217,False,SYNTHETIC DATA — PIPELINE/CONSTRAINT VERIFICATION ONLY
4,DEL_r4_c2,DEL,Delhi,181.99,236,False,SYNTHETIC DATA — PIPELINE/CONSTRAINT VERIFICATION ONLY
4,DEL_r4_c3,DEL,Delhi,188.56,245,False,SYNTHETIC DATA — PIPELINE/CONSTRAINT VERIFICATION ONLY
4,DEL_r4_c4,DEL,Delhi,183.16,238,False,SYNTHETIC DATA — PIPELINE/CONSTRAINT VERIFICATION ONLY
4,DEL_r4_c5,DEL,Delhi,168.4,218,False,SYNTHETIC DATA — PIPELINE/CONSTRAINT VERIFICATION ONLY
4,DEL_r4_c6,DEL,Delhi,152.33,198,False,SYNTHETIC DATA — PIPELINE/CONSTRAINT VERIFICATION ONLY
4,DEL_r5_c0,DEL,Delhi,147.3,191,False,SYNTHETIC DATA — PIPELINE/CONSTRAINT VERIFICATION ONLY
4,DEL_r5_c1,DEL,Delhi,156.6,203,False,SYNTHETIC DATA — PIPELINE/CONSTRAINT VERIFICATION ONLY
4,DEL_r5_c2,DEL,Delhi,163.63,212,False,SYNTHETIC DATA — PIPELINE/CONSTRAINT VERIFICATION ONLY
4,DEL_r5_c3,DEL,Delhi,169.61,220,False,SYNTHETIC DATA — PIPELINE/CONSTRAINT VERIFICATION ONLY
4,DEL_r5_c4,DEL,Delhi,164.04,213,False,SYNTHETIC DATA — PIPELINE/CONSTRAINT VERIFICATION ONLY
4,DEL_r5_c5,DEL,Delhi,154.65,201,False,SYNTHETIC DATA — PIPELINE/CONSTRAINT VERIFICATION ONLY
4,DEL_r5_c6,DEL,Delhi,143.66,186,False,SYNTHETIC DATA — PIPELINE/CONSTRAINT VERIFICATION ONLY
4,DEL_r6_c0,DEL,Delhi,131.39,170,False,SYNTHETIC DATA — PIPELINE/CONSTRAINT VERIFICATION ONLY
4,DEL_r6_c1,DEL,Delhi,143.17,186,False,SYNTHETIC DATA — PIPELINE/CONSTRAINT VERIFICATION ONLY
4,DEL_r6_c2,DEL,Delhi,145.59,189,False,SYNTHETIC DATA — PIPELINE/CONSTRAINT VERIFICATION ONLY
4,DEL_r6_c3,DEL,Delhi,154.54,200,False,SYNTHETIC DATA — PIPELINE/CONSTRAINT VERIFICATION ONLY
4,DEL_r6_c4,DEL,Delhi,151.27,196,False,SYNTHETIC DATA — PIPELINE/CONSTRAINT VERIFICATION ONLY
4,DEL_r6_c5,DEL,Delhi,141.64,184,False,SYNTHETIC DATA — PIPELINE/CONSTRAINT VERIFICATION ONLY
4,DEL_r6_c6,DEL,Delhi,135.75,176,False,SYNTHETIC DATA — PIPELINE/CONSTRAINT VERIFICATION ONLY
4,BOM_r0_c0,BOM,Mumbai,69.7,90,False,SYNTHETIC DATA — PIPELINE/CONSTRAINT VERIFICATION ONLY
4,BOM_r0_c1,BOM,Mumbai,67.22,87,False,SYNTHETIC DATA — PIPELINE/CONSTRAINT VERIFICATION ONLY
4,BOM_r0_c2,BOM,Mumbai,73.35,95,False,SYNTHETIC DATA — PIPELINE/CONSTRAINT VERIFICATION ONLY
4,BOM_r0_c3,BOM,Mumbai,74.64,97,False,SYNTHETIC DATA — PIPELINE/CONSTRAINT VERIFICATION ONLY
4,BOM_r0_c4,BOM,Mumbai,72.82,94,False,SYNTHETIC DATA — PIPELINE/CONSTRAINT VERIFICATION ONLY
4,BOM_r0_c5,BOM,Mumbai,74.53,96,False,SYNTHETIC DATA — PIPELINE/CONSTRAINT VERIFICATION ONLY
4,BOM_r0_c6,BOM,Mumbai,66.3,86,False,SYNTHETIC DATA — PIPELINE/CONSTRAINT VERIFICATION ONLY
4,BOM_r1_c0,BOM,Mumbai,71.25,92,False,SYNTHETIC DATA — PIPELINE/CONSTRAINT VERIFICATION ONLY
4,BOM_r1_c1,BOM,Mumbai,72.33,94,False,SYNTHETIC DATA — PIPELINE/CONSTRAINT VERIFICATION ONLY
4,BOM_r1_c2,BOM,Mumbai,85.04,110,False,SYNTHETIC DATA — PIPELINE/CONSTRAINT VERIFICATION ONLY
4,BOM_r1_c3,BOM,Mumbai,81.33,105,False,SYNTHETIC DATA — PIPELINE/CONSTRAINT VERIFICATION ONLY
4,BOM_r1_c4,BOM,Mumbai,83.32,108,False,SYNTHETIC DATA — PIPELINE/CONSTRAINT VERIFICATION ONLY
4,BOM_r1_c5,BOM,Mumbai,79.17,102,False,SYNTHETIC DATA — PIPELINE/CONSTRAINT VERIFICATION ONLY
4,BOM_r1_c6,BOM,Mumbai,76.13,98,False,SYNTHETIC DATA — PIPELINE/CONSTRAINT VERIFICATION ONLY
4,BOM_r2_c0,BOM,Mumbai,71.71,93,False,SYNTHETIC DATA — PIPELINE/CONSTRAINT VERIFICATION ONLY
4,BOM_r2_c1,BOM,Mumbai,74.08,96,False,SYNTHETIC DATA — PIPELINE/CONSTRAINT VERIFICATION ONLY
4,BOM_r2_c2,BOM,Mumbai,90.35,117,False,SYNTHETIC DATA — PIPELINE/CONSTRAINT VERIFICATION ONLY
4,BOM_r2_c3,BOM,Mumbai,98.55,128,False,SYNTHETIC DATA — PIPELINE/CONSTRAINT VERIFICATION ONLY
4,BOM_r2_c4,BOM,Mumbai,93.51,121,False,SYNTHETIC DATA — PIPELINE/CONSTRAINT VERIFICATION ONLY
4,BOM_r2_c5,BOM,Mumbai,83.77,108,False,SYNTHETIC DATA — PIPELINE/CONSTRAINT VERIFICATION ONLY
4,BOM_r2_c6,BOM,Mumbai,74.16,96,False,SYNTHETIC DATA — PIPELINE/CONSTRAINT VERIFICATION ONLY
4,BOM_r3_c0,BOM,Mumbai,79.37,103,False,SYNTHETIC DATA — PIPELINE/CONSTRAINT VERIFICATION ONLY
4,BOM_r3_c1,BOM,Mumbai,82.13,106,False,SYNTHETIC DATA — PIPELINE/CONSTRAINT VERIFICATION ONLY
4,BOM_r3_c2,BOM,Mumbai,94.58,122,False,SYNTHETIC DATA — PIPELINE/CONSTRAINT VERIFICATION ONLY
4,BOM_r3_c3,BOM,Mumbai,102.77,133,True,SYNTHETIC DATA — PIPELINE/CONSTRAINT VERIFICATION ONLY
4,BOM_r3_c4,BOM,Mumbai,96.33,125,False,SYNTHETIC DATA — PIPELINE/CONSTRAINT VERIFICATION ONLY
4,BOM_r3_c5,BOM,Mumbai,93.33,121,False,SYNTHETIC DATA — PIPELINE/CONSTRAINT VERIFICATION ONLY
4,BOM_r3_c6,BOM,Mumbai,78.13,101,False,SYNTHETIC DATA — PIPELINE/CONSTRAINT VERIFICATION ONLY
4,BOM_r4_c0,BOM,Mumbai,74.11,96,False,SYNTHETIC DATA — PIPELINE/CONSTRAINT VERIFICATION ONLY
4,BOM_r4_c1,BOM,Mumbai,83.06,107,False,SYNTHETIC DATA — PIPELINE/CONSTRAINT VERIFICATION ONLY
4,BOM_r4_c2,BOM,Mumbai,84.49,109,False,SYNTHETIC DATA — PIPELINE/CONSTRAINT VERIFICATION ONLY
4,BOM_r4_c3,BOM,Mumbai,91.07,118,False,SYNTHETIC DATA — PIPELINE/CONSTRAINT VERIFICATION ONLY
4,BOM_r4_c4,BOM,Mumbai,88.57,115,False,SYNTHETIC DATA — PIPELINE/CONSTRAINT VERIFICATION ONLY
4,BOM_r4_c5,BOM,Mumbai,81.57,106,False,SYNTHETIC DATA — PIPELINE/CONSTRAINT VERIFICATION ONLY
4,BOM_r4_c6,BOM,Mumbai,76.09,98,False,SYNTHETIC DATA — PIPELINE/CONSTRAINT VERIFICATION ONLY
4,BOM_r5_c0,BOM,Mumbai,69.58,90,False,SYNTHETIC DATA — PIPELINE/CONSTRAINT VERIFICATION ONLY
4,BOM_r5_c1,BOM,Mumbai,81.7,106,False,SYNTHETIC DATA — PIPELINE/CONSTRAINT VERIFICATION ONLY
4,BOM_r5_c2,BOM,Mumbai,83.14,108,False,SYNTHETIC DATA — PIPELINE/CONSTRAINT VERIFICATION ONLY
4,BOM_r5_c3,BOM,Mumbai,85.02,110,False,SYNTHETIC DATA — PIPELINE/CONSTRAINT VERIFICATION ONLY
4,BOM_r5_c4,BOM,Mumbai,82.15,106,False,SYNTHETIC DATA — PIPELINE/CONSTRAINT VERIFICATION ONLY
4,BOM_r5_c5,BOM,Mumbai,78.81,102,False,SYNTHETIC DATA — PIPELINE/CONSTRAINT VERIFICATION ONLY
4,BOM_r5_c6,BOM,Mumbai,74.52,96,False,SYNTHETIC DATA — PIPELINE/CONSTRAINT VERIFICATION ONLY
4,BOM_r6_c0,BOM,Mumbai,64.28,83,False,SYNTHETIC DATA — PIPELINE/CONSTRAINT VERIFICATION ONLY
4,BOM_r6_c1,BOM,Mumbai,70.07,91,False,SYNTHETIC DATA — PIPELINE/CONSTRAINT VERIFICATION ONLY
4,BOM_r6_c2,BOM,Mumbai,74.72,97,False,SYNTHETIC DATA — PIPELINE/CONSTRAINT VERIFICATION ONLY
4,BOM_r6_c3,BOM,Mumbai,72.91,94,False,SYNTHETIC DATA — PIPELINE/CONSTRAINT VERIFICATION ONLY
4,BOM_r6_c4,BOM,Mumbai,73.18,95,False,SYNTHETIC DATA — PIPELINE/CONSTRAINT VERIFICATION ONLY
4,BOM_r6_c5,BOM,Mumbai,70.62,91,False,SYNTHETIC DATA — PIPELINE/CONSTRAINT VERIFICATION ONLY
4,BOM_r6_c6,BOM,Mumbai,69.51,90,False,SYNTHETIC DATA — PIPELINE/CONSTRAINT VERIFICATION ONLY
4,LKO_r0_c0,LKO,Lucknow,119.69,155,False,SYNTHETIC DATA — PIPELINE/CONSTRAINT VERIFICATION ONLY
4,LKO_r0_c1,LKO,Lucknow,128.66,167,False,SYNTHETIC DATA — PIPELINE/CONSTRAINT VERIFICATION ONLY
4,LKO_r0_c2,LKO,Lucknow,137.02,178,False,SYNTHETIC DATA — PIPELINE/CONSTRAINT VERIFICATION ONLY
4,LKO_r0_c3,LKO,Lucknow,136.39,177,False,SYNTHETIC DATA — PIPELINE/CONSTRAINT VERIFICATION ONLY
4,LKO_r0_c4,LKO,Lucknow,135.63,176,False,SYNTHETIC DATA — PIPELINE/CONSTRAINT VERIFICATION ONLY
4,LKO_r0_c5,LKO,Lucknow,127.77,166,False,SYNTHETIC DATA — PIPELINE/CONSTRAINT VERIFICATION ONLY
4,LKO_r0_c6,LKO,Lucknow,119.7,155,False,SYNTHETIC DATA — PIPELINE/CONSTRAINT VERIFICATION ONLY
4,LKO_r1_c0,LKO,Lucknow,126.33,164,False,SYNTHETIC DATA — PIPELINE/CONSTRAINT VERIFICATION ONLY
4,LKO_r1_c1,LKO,Lucknow,131.95,171,False,SYNTHETIC DATA — PIPELINE/CONSTRAINT VERIFICATION ONLY
4,LKO_r1_c2,LKO,Lucknow,147.4,191,False,SYNTHETIC DATA — PIPELINE/CONSTRAINT VERIFICATION ONLY
4,LKO_r1_c3,LKO,Lucknow,155.47,202,False,SYNTHETIC DATA — PIPELINE/CONSTRAINT VERIFICATION ONLY
4,LKO_r1_c4,LKO,Lucknow,150.58,195,False,SYNTHETIC DATA — PIPELINE/CONSTRAINT VERIFICATION ONLY
4,LKO_r1_c5,LKO,Lucknow,142.17,184,False,SYNTHETIC DATA — PIPELINE/CONSTRAINT VERIFICATION ONLY
4,LKO_r1_c6,LKO,Lucknow,131.79,171,False,SYNTHETIC DATA — PIPELINE/CONSTRAINT VERIFICATION ONLY
4,LKO_r2_c0,LKO,Lucknow,134.73,175,False,SYNTHETIC DATA — PIPELINE/CONSTRAINT VERIFICATION ONLY
4,LKO_r2_c1,LKO,Lucknow,148.39,192,False,SYNTHETIC DATA — PIPELINE/CONSTRAINT VERIFICATION ONLY
4,LKO_r2_c2,LKO,Lucknow,157.78,205,False,SYNTHETIC DATA — PIPELINE/CONSTRAINT VERIFICATION ONLY
4,LKO_r2_c3,LKO,Lucknow,164.65,214,False,SYNTHETIC DATA — PIPELINE/CONSTRAINT VERIFICATION ONLY
4,LKO_r2_c4,LKO,Lucknow,161.48,209,False,SYNTHETIC DATA — PIPELINE/CONSTRAINT VERIFICATION ONLY
4,LKO_r2_c5,LKO,Lucknow,151.41,196,False,SYNTHETIC DATA — PIPELINE/CONSTRAINT VERIFICATION ONLY
4,LKO_r2_c6,LKO,Lucknow,134.04,174,False,SYNTHETIC DATA — PIPELINE/CONSTRAINT VERIFICATION ONLY
4,LKO_r3_c0,LKO,Lucknow,135.45,176,False,SYNTHETIC DATA — PIPELINE/CONSTRAINT VERIFICATION ONLY
4,LKO_r3_c1,LKO,Lucknow,151.2,196,False,SYNTHETIC DATA — PIPELINE/CONSTRAINT VERIFICATION ONLY
4,LKO_r3_c2,LKO,Lucknow,167.4,217,False,SYNTHETIC DATA — PIPELINE/CONSTRAINT VERIFICATION ONLY
4,LKO_r3_c3,LKO,Lucknow,175.67,228,True,SYNTHETIC DATA — PIPELINE/CONSTRAINT VERIFICATION ONLY
4,LKO_r3_c4,LKO,Lucknow,158.71,206,False,SYNTHETIC DATA — PIPELINE/CONSTRAINT VERIFICATION ONLY
4,LKO_r3_c5,LKO,Lucknow,149.55,194,False,SYNTHETIC DATA — PIPELINE/CONSTRAINT VERIFICATION ONLY
4,LKO_r3_c6,LKO,Lucknow,133.14,173,False,SYNTHETIC DATA — PIPELINE/CONSTRAINT VERIFICATION ONLY
4,LKO_r4_c0,LKO,Lucknow,132.94,172,False,SYNTHETIC DATA — PIPELINE/CONSTRAINT VERIFICATION ONLY
4,LKO_r4_c1,LKO,Lucknow,147.36,191,False,SYNTHETIC DATA — PIPELINE/CONSTRAINT VERIFICATION ONLY
4,LKO_r4_c2,LKO,Lucknow,158.28,205,False,SYNTHETIC DATA — PIPELINE/CONSTRAINT VERIFICATION ONLY
4,LKO_r4_c3,LKO,Lucknow,169.96,220,False,SYNTHETIC DATA — PIPELINE/CONSTRAINT VERIFICATION ONLY
4,LKO_r4_c4,LKO,Lucknow,160.62,208,False,SYNTHETIC DATA — PIPELINE/CONSTRAINT VERIFICATION ONLY
4,LKO_r4_c5,LKO,Lucknow,148.7,193,False,SYNTHETIC DATA — PIPELINE/CONSTRAINT VERIFICATION ONLY
4,LKO_r4_c6,LKO,Lucknow,136.33,177,False,SYNTHETIC DATA — PIPELINE/CONSTRAINT VERIFICATION ONLY
4,LKO_r5_c0,LKO,Lucknow,124.66,162,False,SYNTHETIC DATA — PIPELINE/CONSTRAINT VERIFICATION ONLY
4,LKO_r5_c1,LKO,Lucknow,142.39,185,False,SYNTHETIC DATA — PIPELINE/CONSTRAINT VERIFICATION ONLY
4,LKO_r5_c2,LKO,Lucknow,147.57,191,False,SYNTHETIC DATA — PIPELINE/CONSTRAINT VERIFICATION ONLY
4,LKO_r5_c3,LKO,Lucknow,153.21,199,False,SYNTHETIC DATA — PIPELINE/CONSTRAINT VERIFICATION ONLY
4,LKO_r5_c4,LKO,Lucknow,144.59,187,False,SYNTHETIC DATA — PIPELINE/CONSTRAINT VERIFICATION ONLY
4,LKO_r5_c5,LKO,Lucknow,134.61,174,False,SYNTHETIC DATA — PIPELINE/CONSTRAINT VERIFICATION ONLY
4,LKO_r5_c6,LKO,Lucknow,130.53,169,False,SYNTHETIC DATA — PIPELINE/CONSTRAINT VERIFICATION ONLY
4,LKO_r6_c0,LKO,Lucknow,120.04,156,False,SYNTHETIC DATA — PIPELINE/CONSTRAINT VERIFICATION ONLY
4,LKO_r6_c1,LKO,Lucknow,125.37,162,False,SYNTHETIC DATA — PIPELINE/CONSTRAINT VERIFICATION ONLY
4,LKO_r6_c2,LKO,Lucknow,131.85,171,False,SYNTHETIC DATA — PIPELINE/CONSTRAINT VERIFICATION ONLY
4,LKO_r6_c3,LKO,Lucknow,140.18,182,False,SYNTHETIC DATA — PIPELINE/CONSTRAINT VERIFICATION ONLY
4,LKO_r6_c4,LKO,Lucknow,130.89,170,False,SYNTHETIC DATA — PIPELINE/CONSTRAINT VERIFICATION ONLY
4,LKO_r6_c5,LKO,Lucknow,133.01,172,False,SYNTHETIC DATA — PIPELINE/CONSTRAINT VERIFICATION ONLY
4,LKO_r6_c6,LKO,Lucknow,116.2,151,False,SYNTHETIC DATA — PIPELINE/CONSTRAINT VERIFICATION ONLY
4,VNS_r0_c0,VNS,Varanasi,113.39,147,False,SYNTHETIC DATA — PIPELINE/CONSTRAINT VERIFICATION ONLY
4,VNS_r0_c1,VNS,Varanasi,119.09,154,False,SYNTHETIC DATA — PIPELINE/CONSTRAINT VERIFICATION ONLY
4,VNS_r0_c2,VNS,Varanasi,127.87,166,False,SYNTHETIC DATA — PIPELINE/CONSTRAINT VERIFICATION ONLY
4,VNS_r0_c3,VNS,Varanasi,126.62,164,False,SYNTHETIC DATA — PIPELINE/CONSTRAINT VERIFICATION ONLY
4,VNS_r0_c4,VNS,Varanasi,125.57,163,False,SYNTHETIC DATA — PIPELINE/CONSTRAINT VERIFICATION ONLY
4,VNS_r0_c5,VNS,Varanasi,120.2,156,False,SYNTHETIC DATA — PIPELINE/CONSTRAINT VERIFICATION ONLY
4,VNS_r0_c6,VNS,Varanasi,108.47,141,False,SYNTHETIC DATA — PIPELINE/CONSTRAINT VERIFICATION ONLY
4,VNS_r1_c0,VNS,Varanasi,122.3,158,False,SYNTHETIC DATA — PIPELINE/CONSTRAINT VERIFICATION ONLY
4,VNS_r1_c1,VNS,Varanasi,129.03,167,False,SYNTHETIC DATA — PIPELINE/CONSTRAINT VERIFICATION ONLY
4,VNS_r1_c2,VNS,Varanasi,137.88,179,False,SYNTHETIC DATA — PIPELINE/CONSTRAINT VERIFICATION ONLY
4,VNS_r1_c3,VNS,Varanasi,138.77,180,False,SYNTHETIC DATA — PIPELINE/CONSTRAINT VERIFICATION ONLY
4,VNS_r1_c4,VNS,Varanasi,130.88,170,False,SYNTHETIC DATA — PIPELINE/CONSTRAINT VERIFICATION ONLY
4,VNS_r1_c5,VNS,Varanasi,129.99,168,False,SYNTHETIC DATA — PIPELINE/CONSTRAINT VERIFICATION ONLY
4,VNS_r1_c6,VNS,Varanasi,127.31,165,False,SYNTHETIC DATA — PIPELINE/CONSTRAINT VERIFICATION ONLY
4,VNS_r2_c0,VNS,Varanasi,128.41,166,False,SYNTHETIC DATA — PIPELINE/CONSTRAINT VERIFICATION ONLY
4,VNS_r2_c1,VNS,Varanasi,138.51,180,False,SYNTHETIC DATA — PIPELINE/CONSTRAINT VERIFICATION ONLY
4,VNS_r2_c2,VNS,Varanasi,148.87,193,False,SYNTHETIC DATA — PIPELINE/CONSTRAINT VERIFICATION ONLY
4,VNS_r2_c3,VNS,Varanasi,155.32,201,False,SYNTHETIC DATA — PIPELINE/CONSTRAINT VERIFICATION ONLY
4,VNS_r2_c4,VNS,Varanasi,151.3,196,False,SYNTHETIC DATA — PIPELINE/CONSTRAINT VERIFICATION ONLY
4,VNS_r2_c5,VNS,Varanasi,135.02,175,False,SYNTHETIC DATA — PIPELINE/CONSTRAINT VERIFICATION ONLY
4,VNS_r2_c6,VNS,Varanasi,129.4,168,False,SYNTHETIC DATA — PIPELINE/CONSTRAINT VERIFICATION ONLY
4,VNS_r3_c0,VNS,Varanasi,130.4,169,False,SYNTHETIC DATA — PIPELINE/CONSTRAINT VERIFICATION ONLY
4,VNS_r3_c1,VNS,Varanasi,143.9,187,False,SYNTHETIC DATA — PIPELINE/CONSTRAINT VERIFICATION ONLY
4,VNS_r3_c2,VNS,Varanasi,156.57,203,False,SYNTHETIC DATA — PIPELINE/CONSTRAINT VERIFICATION ONLY
4,VNS_r3_c3,VNS,Varanasi,168.81,219,True,SYNTHETIC DATA — PIPELINE/CONSTRAINT VERIFICATION ONLY
4,VNS_r3_c4,VNS,Varanasi,157.27,204,False,SYNTHETIC DATA — PIPELINE/CONSTRAINT VERIFICATION ONLY
4,VNS_r3_c5,VNS,Varanasi,143.53,186,False,SYNTHETIC DATA — PIPELINE/CONSTRAINT VERIFICATION ONLY
4,VNS_r3_c6,VNS,Varanasi,127.19,165,False,SYNTHETIC DATA — PIPELINE/CONSTRAINT VERIFICATION ONLY
4,VNS_r4_c0,VNS,Varanasi,124.34,161,False,SYNTHETIC DATA — PIPELINE/CONSTRAINT VERIFICATION ONLY
4,VNS_r4_c1,VNS,Varanasi,138.87,180,False,SYNTHETIC DATA — PIPELINE/CONSTRAINT VERIFICATION ONLY
4,VNS_r4_c2,VNS,Varanasi,154.31,200,False,SYNTHETIC DATA — PIPELINE/CONSTRAINT VERIFICATION ONLY
4,VNS_r4_c3,VNS,Varanasi,151.53,196,False,SYNTHETIC DATA — PIPELINE/CONSTRAINT VERIFICATION ONLY
4,VNS_r4_c4,VNS,Varanasi,145.26,188,False,SYNTHETIC DATA — PIPELINE/CONSTRAINT VERIFICATION ONLY
4,VNS_r4_c5,VNS,Varanasi,139.06,180,False,SYNTHETIC DATA — PIPELINE/CONSTRAINT VERIFICATION ONLY
4,VNS_r4_c6,VNS,Varanasi,126.21,164,False,SYNTHETIC DATA — PIPELINE/CONSTRAINT VERIFICATION ONLY
4,VNS_r5_c0,VNS,Varanasi,120.6,156,False,SYNTHETIC DATA — PIPELINE/CONSTRAINT VERIFICATION ONLY
4,VNS_r5_c1,VNS,Varanasi,131.3,170,False,SYNTHETIC DATA — PIPELINE/CONSTRAINT VERIFICATION ONLY
4,VNS_r5_c2,VNS,Varanasi,137.89,179,False,SYNTHETIC DATA — PIPELINE/CONSTRAINT VERIFICATION ONLY
4,VNS_r5_c3,VNS,Varanasi,146.22,190,False,SYNTHETIC DATA — PIPELINE/CONSTRAINT VERIFICATION ONLY
4,VNS_r5_c4,VNS,Varanasi,133.76,173,False,SYNTHETIC DATA — PIPELINE/CONSTRAINT VERIFICATION ONLY
4,VNS_r5_c5,VNS,Varanasi,128.08,166,False,SYNTHETIC DATA — PIPELINE/CONSTRAINT VERIFICATION ONLY
4,VNS_r5_c6,VNS,Varanasi,119.77,155,False,SYNTHETIC DATA — PIPELINE/CONSTRAINT VERIFICATION ONLY
4,VNS_r6_c0,VNS,Varanasi,106.54,138,False,SYNTHETIC DATA — PIPELINE/CONSTRAINT VERIFICATION ONLY
4,VNS_r6_c1,VNS,Varanasi,119.55,155,False,SYNTHETIC DATA — PIPELINE/CONSTRAINT VERIFICATION ONLY
4,VNS_r6_c2,VNS,Varanasi,131.04,170,False,SYNTHETIC DATA — PIPELINE/CONSTRAINT VERIFICATION ONLY
4,VNS_r6_c3,VNS,Varanasi,128.31,166,False,SYNTHETIC DATA — PIPELINE/CONSTRAINT VERIFICATION ONLY
4,VNS_r6_c4,VNS,Varanasi,126.75,164,False,SYNTHETIC DATA — PIPELINE/CONSTRAINT VERIFICATION ONLY
4,VNS_r6_c5,VNS,Varanasi,116.29,151,False,SYNTHETIC DATA — PIPELINE/CONSTRAINT VERIFICATION ONLY
4,VNS_r6_c6,VNS,Varanasi,109.63,142,False,SYNTHETIC DATA — PIPELINE/CONSTRAINT VERIFICATION ONLY
4,JAI_r0_c0,JAI,Jaipur,80.62,104,False,SYNTHETIC DATA — PIPELINE/CONSTRAINT VERIFICATION ONLY
4,JAI_r0_c1,JAI,Jaipur,87.1,113,False,SYNTHETIC DATA — PIPELINE/CONSTRAINT VERIFICATION ONLY
4,JAI_r0_c2,JAI,Jaipur,96.29,125,False,SYNTHETIC DATA — PIPELINE/CONSTRAINT VERIFICATION ONLY
4,JAI_r0_c3,JAI,Jaipur,95.72,124,False,SYNTHETIC DATA — PIPELINE/CONSTRAINT VERIFICATION ONLY
4,JAI_r0_c4,JAI,Jaipur,89.11,115,False,SYNTHETIC DATA — PIPELINE/CONSTRAINT VERIFICATION ONLY
4,JAI_r0_c5,JAI,Jaipur,88.79,115,False,SYNTHETIC DATA — PIPELINE/CONSTRAINT VERIFICATION ONLY
4,JAI_r0_c6,JAI,Jaipur,83.24,108,False,SYNTHETIC DATA — PIPELINE/CONSTRAINT VERIFICATION ONLY
4,JAI_r1_c0,JAI,Jaipur,91.48,118,False,SYNTHETIC DATA — PIPELINE/CONSTRAINT VERIFICATION ONLY
4,JAI_r1_c1,JAI,Jaipur,100.49,130,False,SYNTHETIC DATA — PIPELINE/CONSTRAINT VERIFICATION ONLY
4,JAI_r1_c2,JAI,Jaipur,98.57,128,False,SYNTHETIC DATA — PIPELINE/CONSTRAINT VERIFICATION ONLY
4,JAI_r1_c3,JAI,Jaipur,101.52,131,False,SYNTHETIC DATA — PIPELINE/CONSTRAINT VERIFICATION ONLY
4,JAI_r1_c4,JAI,Jaipur,97.84,127,False,SYNTHETIC DATA — PIPELINE/CONSTRAINT VERIFICATION ONLY
4,JAI_r1_c5,JAI,Jaipur,95.05,123,False,SYNTHETIC DATA — PIPELINE/CONSTRAINT VERIFICATION ONLY
4,JAI_r1_c6,JAI,Jaipur,89.45,116,False,SYNTHETIC DATA — PIPELINE/CONSTRAINT VERIFICATION ONLY
4,JAI_r2_c0,JAI,Jaipur,95.41,124,False,SYNTHETIC DATA — PIPELINE/CONSTRAINT VERIFICATION ONLY
4,JAI_r2_c1,JAI,Jaipur,101.39,131,False,SYNTHETIC DATA — PIPELINE/CONSTRAINT VERIFICATION ONLY
4,JAI_r2_c2,JAI,Jaipur,108.79,141,False,SYNTHETIC DATA — PIPELINE/CONSTRAINT VERIFICATION ONLY
4,JAI_r2_c3,JAI,Jaipur,114.31,148,False,SYNTHETIC DATA — PIPELINE/CONSTRAINT VERIFICATION ONLY
4,JAI_r2_c4,JAI,Jaipur,107.24,139,False,SYNTHETIC DATA — PIPELINE/CONSTRAINT VERIFICATION ONLY
4,JAI_r2_c5,JAI,Jaipur,107.88,140,False,SYNTHETIC DATA — PIPELINE/CONSTRAINT VERIFICATION ONLY
4,JAI_r2_c6,JAI,Jaipur,87.62,113,False,SYNTHETIC DATA — PIPELINE/CONSTRAINT VERIFICATION ONLY
4,JAI_r3_c0,JAI,Jaipur,94.6,122,False,SYNTHETIC DATA — PIPELINE/CONSTRAINT VERIFICATION ONLY
4,JAI_r3_c1,JAI,Jaipur,110.02,143,False,SYNTHETIC DATA — PIPELINE/CONSTRAINT VERIFICATION ONLY
4,JAI_r3_c2,JAI,Jaipur,113.87,148,False,SYNTHETIC DATA — PIPELINE/CONSTRAINT VERIFICATION ONLY
4,JAI_r3_c3,JAI,Jaipur,123.18,160,True,SYNTHETIC DATA — PIPELINE/CONSTRAINT VERIFICATION ONLY
4,JAI_r3_c4,JAI,Jaipur,112.78,146,False,SYNTHETIC DATA — PIPELINE/CONSTRAINT VERIFICATION ONLY
4,JAI_r3_c5,JAI,Jaipur,103.41,134,False,SYNTHETIC DATA — PIPELINE/CONSTRAINT VERIFICATION ONLY
4,JAI_r3_c6,JAI,Jaipur,98.17,127,False,SYNTHETIC DATA — PIPELINE/CONSTRAINT VERIFICATION ONLY
4,JAI_r4_c0,JAI,Jaipur,85.81,111,False,SYNTHETIC DATA — PIPELINE/CONSTRAINT VERIFICATION ONLY
4,JAI_r4_c1,JAI,Jaipur,106.21,138,False,SYNTHETIC DATA — PIPELINE/CONSTRAINT VERIFICATION ONLY
4,JAI_r4_c2,JAI,Jaipur,105.48,137,False,SYNTHETIC DATA — PIPELINE/CONSTRAINT VERIFICATION ONLY
4,JAI_r4_c3,JAI,Jaipur,113.05,146,False,SYNTHETIC DATA — PIPELINE/CONSTRAINT VERIFICATION ONLY
4,JAI_r4_c4,JAI,Jaipur,108.46,140,False,SYNTHETIC DATA — PIPELINE/CONSTRAINT VERIFICATION ONLY
4,JAI_r4_c5,JAI,Jaipur,103.38,134,False,SYNTHETIC DATA — PIPELINE/CONSTRAINT VERIFICATION ONLY
4,JAI_r4_c6,JAI,Jaipur,87.65,113,False,SYNTHETIC DATA — PIPELINE/CONSTRAINT VERIFICATION ONLY
4,JAI_r5_c0,JAI,Jaipur,89.44,116,False,SYNTHETIC DATA — PIPELINE/CONSTRAINT VERIFICATION ONLY
4,JAI_r5_c1,JAI,Jaipur,101.82,132,False,SYNTHETIC DATA — PIPELINE/CONSTRAINT VERIFICATION ONLY
4,JAI_r5_c2,JAI,Jaipur,97.52,126,False,SYNTHETIC DATA — PIPELINE/CONSTRAINT VERIFICATION ONLY
4,JAI_r5_c3,JAI,Jaipur,104.52,135,False,SYNTHETIC DATA — PIPELINE/CONSTRAINT VERIFICATION ONLY
4,JAI_r5_c4,JAI,Jaipur,99.63,129,False,SYNTHETIC DATA — PIPELINE/CONSTRAINT VERIFICATION ONLY
4,JAI_r5_c5,JAI,Jaipur,97.03,126,False,SYNTHETIC DATA — PIPELINE/CONSTRAINT VERIFICATION ONLY
4,JAI_r5_c6,JAI,Jaipur,88.11,114,False,SYNTHETIC DATA — PIPELINE/CONSTRAINT VERIFICATION ONLY
4,JAI_r6_c0,JAI,Jaipur,79.82,103,False,SYNTHETIC DATA — PIPELINE/CONSTRAINT VERIFICATION ONLY
4,JAI_r6_c1,JAI,Jaipur,89.52,116,False,SYNTHETIC DATA — PIPELINE/CONSTRAINT VERIFICATION ONLY
4,JAI_r6_c2,JAI,Jaipur,97.86,127,False,SYNTHETIC DATA — PIPELINE/CONSTRAINT VERIFICATION ONLY
4,JAI_r6_c3,JAI,Jaipur,93.48,121,False,SYNTHETIC DATA — PIPELINE/CONSTRAINT VERIFICATION ONLY
4,JAI_r6_c4,JAI,Jaipur,94.6,122,False,SYNTHETIC DATA — PIPELINE/CONSTRAINT VERIFICATION ONLY
4,JAI_r6_c5,JAI,Jaipur,84.18,109,False,SYNTHETIC DATA — PIPELINE/CONSTRAINT VERIFICATION ONLY
4,JAI_r6_c6,JAI,Jaipur,78.88,102,False,SYNTHETIC DATA — PIPELINE/CONSTRAINT VERIFICATION ONLY
4,AMD_r0_c0,AMD,Ahmedabad,79.45,103,False,SYNTHETIC DATA — PIPELINE/CONSTRAINT VERIFICATION ONLY
4,AMD_r0_c1,AMD,Ahmedabad,88.5,115,False,SYNTHETIC DATA — PIPELINE/CONSTRAINT VERIFICATION ONLY
4,AMD_r0_c2,AMD,Ahmedabad,89.31,116,False,SYNTHETIC DATA — PIPELINE/CONSTRAINT VERIFICATION ONLY
4,AMD_r0_c3,AMD,Ahmedabad,88.84,115,False,SYNTHETIC DATA — PIPELINE/CONSTRAINT VERIFICATION ONLY
4,AMD_r0_c4,AMD,Ahmedabad,88.24,114,False,SYNTHETIC DATA — PIPELINE/CONSTRAINT VERIFICATION ONLY
4,AMD_r0_c5,AMD,Ahmedabad,80.3,104,False,SYNTHETIC DATA — PIPELINE/CONSTRAINT VERIFICATION ONLY
4,AMD_r0_c6,AMD,Ahmedabad,79.85,103,False,SYNTHETIC DATA — PIPELINE/CONSTRAINT VERIFICATION ONLY
4,AMD_r1_c0,AMD,Ahmedabad,86.7,112,False,SYNTHETIC DATA — PIPELINE/CONSTRAINT VERIFICATION ONLY
4,AMD_r1_c1,AMD,Ahmedabad,90.04,117,False,SYNTHETIC DATA — PIPELINE/CONSTRAINT VERIFICATION ONLY
4,AMD_r1_c2,AMD,Ahmedabad,95.58,124,False,SYNTHETIC DATA — PIPELINE/CONSTRAINT VERIFICATION ONLY
4,AMD_r1_c3,AMD,Ahmedabad,100.02,130,False,SYNTHETIC DATA — PIPELINE/CONSTRAINT VERIFICATION ONLY
4,AMD_r1_c4,AMD,Ahmedabad,95.68,124,False,SYNTHETIC DATA — PIPELINE/CONSTRAINT VERIFICATION ONLY
4,AMD_r1_c5,AMD,Ahmedabad,91.2,118,False,SYNTHETIC DATA — PIPELINE/CONSTRAINT VERIFICATION ONLY
4,AMD_r1_c6,AMD,Ahmedabad,90.35,117,False,SYNTHETIC DATA — PIPELINE/CONSTRAINT VERIFICATION ONLY
4,AMD_r2_c0,AMD,Ahmedabad,87.5,113,False,SYNTHETIC DATA — PIPELINE/CONSTRAINT VERIFICATION ONLY
4,AMD_r2_c1,AMD,Ahmedabad,95.92,124,False,SYNTHETIC DATA — PIPELINE/CONSTRAINT VERIFICATION ONLY
4,AMD_r2_c2,AMD,Ahmedabad,102.82,133,False,SYNTHETIC DATA — PIPELINE/CONSTRAINT VERIFICATION ONLY
4,AMD_r2_c3,AMD,Ahmedabad,110.91,144,False,SYNTHETIC DATA — PIPELINE/CONSTRAINT VERIFICATION ONLY
4,AMD_r2_c4,AMD,Ahmedabad,104.22,135,False,SYNTHETIC DATA — PIPELINE/CONSTRAINT VERIFICATION ONLY
4,AMD_r2_c5,AMD,Ahmedabad,95.05,123,False,SYNTHETIC DATA — PIPELINE/CONSTRAINT VERIFICATION ONLY
4,AMD_r2_c6,AMD,Ahmedabad,92.21,119,False,SYNTHETIC DATA — PIPELINE/CONSTRAINT VERIFICATION ONLY
4,AMD_r3_c0,AMD,Ahmedabad,94.03,122,False,SYNTHETIC DATA — PIPELINE/CONSTRAINT VERIFICATION ONLY
4,AMD_r3_c1,AMD,Ahmedabad,97.42,126,False,SYNTHETIC DATA — PIPELINE/CONSTRAINT VERIFICATION ONLY
4,AMD_r3_c2,AMD,Ahmedabad,103.08,134,False,SYNTHETIC DATA — PIPELINE/CONSTRAINT VERIFICATION ONLY
4,AMD_r3_c3,AMD,Ahmedabad,121.15,157,True,SYNTHETIC DATA — PIPELINE/CONSTRAINT VERIFICATION ONLY
4,AMD_r3_c4,AMD,Ahmedabad,106.62,138,False,SYNTHETIC DATA — PIPELINE/CONSTRAINT VERIFICATION ONLY
4,AMD_r3_c5,AMD,Ahmedabad,101.6,132,False,SYNTHETIC DATA — PIPELINE/CONSTRAINT VERIFICATION ONLY
4,AMD_r3_c6,AMD,Ahmedabad,83.86,109,False,SYNTHETIC DATA — PIPELINE/CONSTRAINT VERIFICATION ONLY
4,AMD_r4_c0,AMD,Ahmedabad,90.92,118,False,SYNTHETIC DATA — PIPELINE/CONSTRAINT VERIFICATION ONLY
4,AMD_r4_c1,AMD,Ahmedabad,93.36,121,False,SYNTHETIC DATA — PIPELINE/CONSTRAINT VERIFICATION ONLY
4,AMD_r4_c2,AMD,Ahmedabad,106.95,139,False,SYNTHETIC DATA — PIPELINE/CONSTRAINT VERIFICATION ONLY
4,AMD_r4_c3,AMD,Ahmedabad,108.72,141,False,SYNTHETIC DATA — PIPELINE/CONSTRAINT VERIFICATION ONLY
4,AMD_r4_c4,AMD,Ahmedabad,101.9,132,False,SYNTHETIC DATA — PIPELINE/CONSTRAINT VERIFICATION ONLY
4,AMD_r4_c5,AMD,Ahmedabad,95.77,124,False,SYNTHETIC DATA — PIPELINE/CONSTRAINT VERIFICATION ONLY
4,AMD_r4_c6,AMD,Ahmedabad,90.3,117,False,SYNTHETIC DATA — PIPELINE/CONSTRAINT VERIFICATION ONLY
4,AMD_r5_c0,AMD,Ahmedabad,84.37,109,False,SYNTHETIC DATA — PIPELINE/CONSTRAINT VERIFICATION ONLY
4,AMD_r5_c1,AMD,Ahmedabad,93.15,121,False,SYNTHETIC DATA — PIPELINE/CONSTRAINT VERIFICATION ONLY
4,AMD_r5_c2,AMD,Ahmedabad,102.92,133,False,SYNTHETIC DATA — PIPELINE/CONSTRAINT VERIFICATION ONLY
4,AMD_r5_c3,AMD,Ahmedabad,94.53,122,False,SYNTHETIC DATA — PIPELINE/CONSTRAINT VERIFICATION ONLY
4,AMD_r5_c4,AMD,Ahmedabad,101.85,132,False,SYNTHETIC DATA — PIPELINE/CONSTRAINT VERIFICATION ONLY
4,AMD_r5_c5,AMD,Ahmedabad,91.71,119,False,SYNTHETIC DATA — PIPELINE/CONSTRAINT VERIFICATION ONLY
4,AMD_r5_c6,AMD,Ahmedabad,81.36,105,False,SYNTHETIC DATA — PIPELINE/CONSTRAINT VERIFICATION ONLY
4,AMD_r6_c0,AMD,Ahmedabad,74.04,96,False,SYNTHETIC DATA — PIPELINE/CONSTRAINT VERIFICATION ONLY
4,AMD_r6_c1,AMD,Ahmedabad,83.49,108,False,SYNTHETIC DATA — PIPELINE/CONSTRAINT VERIFICATION ONLY
4,AMD_r6_c2,AMD,Ahmedabad,91.01,118,False,SYNTHETIC DATA — PIPELINE/CONSTRAINT VERIFICATION ONLY
4,AMD_r6_c3,AMD,Ahmedabad,89.39,116,False,SYNTHETIC DATA — PIPELINE/CONSTRAINT VERIFICATION ONLY
4,AMD_r6_c4,AMD,Ahmedabad,92.77,120,False,SYNTHETIC DATA — PIPELINE/CONSTRAINT VERIFICATION ONLY
4,AMD_r6_c5,AMD,Ahmedabad,79.7,103,False,SYNTHETIC DATA — PIPELINE/CONSTRAINT VERIFICATION ONLY
4,AMD_r6_c6,AMD,Ahmedabad,78.0,101,False,SYNTHETIC DATA — PIPELINE/CONSTRAINT VERIFICATION ONLY
4,CCU_r0_c0,CCU,Kolkata,92.85,120,False,SYNTHETIC DATA — PIPELINE/CONSTRAINT VERIFICATION ONLY
4,CCU_r0_c1,CCU,Kolkata,105.16,136,False,SYNTHETIC DATA — PIPELINE/CONSTRAINT VERIFICATION ONLY
4,CCU_r0_c2,CCU,Kolkata,111.91,145,False,SYNTHETIC DATA — PIPELINE/CONSTRAINT VERIFICATION ONLY
4,CCU_r0_c3,CCU,Kolkata,109.89,142,False,SYNTHETIC DATA — PIPELINE/CONSTRAINT VERIFICATION ONLY
4,CCU_r0_c4,CCU,Kolkata,101.44,131,False,SYNTHETIC DATA — PIPELINE/CONSTRAINT VERIFICATION ONLY
4,CCU_r0_c5,CCU,Kolkata,104.66,136,False,SYNTHETIC DATA — PIPELINE/CONSTRAINT VERIFICATION ONLY
4,CCU_r0_c6,CCU,Kolkata,97.92,127,False,SYNTHETIC DATA — PIPELINE/CONSTRAINT VERIFICATION ONLY
4,CCU_r1_c0,CCU,Kolkata,105.28,136,False,SYNTHETIC DATA — PIPELINE/CONSTRAINT VERIFICATION ONLY
4,CCU_r1_c1,CCU,Kolkata,116.86,151,False,SYNTHETIC DATA — PIPELINE/CONSTRAINT VERIFICATION ONLY
4,CCU_r1_c2,CCU,Kolkata,116.87,151,False,SYNTHETIC DATA — PIPELINE/CONSTRAINT VERIFICATION ONLY
4,CCU_r1_c3,CCU,Kolkata,124.89,162,False,SYNTHETIC DATA — PIPELINE/CONSTRAINT VERIFICATION ONLY
4,CCU_r1_c4,CCU,Kolkata,123.67,160,False,SYNTHETIC DATA — PIPELINE/CONSTRAINT VERIFICATION ONLY
4,CCU_r1_c5,CCU,Kolkata,107.82,140,False,SYNTHETIC DATA — PIPELINE/CONSTRAINT VERIFICATION ONLY
4,CCU_r1_c6,CCU,Kolkata,105.02,136,False,SYNTHETIC DATA — PIPELINE/CONSTRAINT VERIFICATION ONLY
4,CCU_r2_c0,CCU,Kolkata,107.74,140,False,SYNTHETIC DATA — PIPELINE/CONSTRAINT VERIFICATION ONLY
4,CCU_r2_c1,CCU,Kolkata,119.84,155,False,SYNTHETIC DATA — PIPELINE/CONSTRAINT VERIFICATION ONLY
4,CCU_r2_c2,CCU,Kolkata,130.75,169,False,SYNTHETIC DATA — PIPELINE/CONSTRAINT VERIFICATION ONLY
4,CCU_r2_c3,CCU,Kolkata,133.09,173,False,SYNTHETIC DATA — PIPELINE/CONSTRAINT VERIFICATION ONLY
4,CCU_r2_c4,CCU,Kolkata,127.68,165,False,SYNTHETIC DATA — PIPELINE/CONSTRAINT VERIFICATION ONLY
4,CCU_r2_c5,CCU,Kolkata,120.19,156,False,SYNTHETIC DATA — PIPELINE/CONSTRAINT VERIFICATION ONLY
4,CCU_r2_c6,CCU,Kolkata,105.99,137,False,SYNTHETIC DATA — PIPELINE/CONSTRAINT VERIFICATION ONLY
4,CCU_r3_c0,CCU,Kolkata,107.89,140,False,SYNTHETIC DATA — PIPELINE/CONSTRAINT VERIFICATION ONLY
4,CCU_r3_c1,CCU,Kolkata,124.89,162,False,SYNTHETIC DATA — PIPELINE/CONSTRAINT VERIFICATION ONLY
4,CCU_r3_c2,CCU,Kolkata,131.1,170,False,SYNTHETIC DATA — PIPELINE/CONSTRAINT VERIFICATION ONLY
4,CCU_r3_c3,CCU,Kolkata,148.25,192,True,SYNTHETIC DATA — PIPELINE/CONSTRAINT VERIFICATION ONLY
4,CCU_r3_c4,CCU,Kolkata,135.94,176,False,SYNTHETIC DATA — PIPELINE/CONSTRAINT VERIFICATION ONLY
4,CCU_r3_c5,CCU,Kolkata,117.67,152,False,SYNTHETIC DATA — PIPELINE/CONSTRAINT VERIFICATION ONLY
4,CCU_r3_c6,CCU,Kolkata,109.12,141,False,SYNTHETIC DATA — PIPELINE/CONSTRAINT VERIFICATION ONLY
4,CCU_r4_c0,CCU,Kolkata,112.83,146,False,SYNTHETIC DATA — PIPELINE/CONSTRAINT VERIFICATION ONLY
4,CCU_r4_c1,CCU,Kolkata,117.14,152,False,SYNTHETIC DATA — PIPELINE/CONSTRAINT VERIFICATION ONLY
4,CCU_r4_c2,CCU,Kolkata,128.31,166,False,SYNTHETIC DATA — PIPELINE/CONSTRAINT VERIFICATION ONLY
4,CCU_r4_c3,CCU,Kolkata,135.94,176,False,SYNTHETIC DATA — PIPELINE/CONSTRAINT VERIFICATION ONLY
4,CCU_r4_c4,CCU,Kolkata,132.05,171,False,SYNTHETIC DATA — PIPELINE/CONSTRAINT VERIFICATION ONLY
4,CCU_r4_c5,CCU,Kolkata,119.33,155,False,SYNTHETIC DATA — PIPELINE/CONSTRAINT VERIFICATION ONLY
4,CCU_r4_c6,CCU,Kolkata,107.46,139,False,SYNTHETIC DATA — PIPELINE/CONSTRAINT VERIFICATION ONLY
4,CCU_r5_c0,CCU,Kolkata,108.33,140,False,SYNTHETIC DATA — PIPELINE/CONSTRAINT VERIFICATION ONLY
4,CCU_r5_c1,CCU,Kolkata,118.37,153,False,SYNTHETIC DATA — PIPELINE/CONSTRAINT VERIFICATION ONLY
4,CCU_r5_c2,CCU,Kolkata,123.02,159,False,SYNTHETIC DATA — PIPELINE/CONSTRAINT VERIFICATION ONLY
4,CCU_r5_c3,CCU,Kolkata,123.11,160,False,SYNTHETIC DATA — PIPELINE/CONSTRAINT VERIFICATION ONLY
4,CCU_r5_c4,CCU,Kolkata,117.66,152,False,SYNTHETIC DATA — PIPELINE/CONSTRAINT VERIFICATION ONLY
4,CCU_r5_c5,CCU,Kolkata,110.67,143,False,SYNTHETIC DATA — PIPELINE/CONSTRAINT VERIFICATION ONLY
4,CCU_r5_c6,CCU,Kolkata,105.63,137,False,SYNTHETIC DATA — PIPELINE/CONSTRAINT VERIFICATION ONLY
4,CCU_r6_c0,CCU,Kolkata,97.87,127,False,SYNTHETIC DATA — PIPELINE/CONSTRAINT VERIFICATION ONLY
4,CCU_r6_c1,CCU,Kolkata,108.27,140,False,SYNTHETIC DATA — PIPELINE/CONSTRAINT VERIFICATION ONLY
4,CCU_r6_c2,CCU,Kolkata,111.2,144,False,SYNTHETIC DATA — PIPELINE/CONSTRAINT VERIFICATION ONLY
4,CCU_r6_c3,CCU,Kolkata,106.64,138,False,SYNTHETIC DATA — PIPELINE/CONSTRAINT VERIFICATION ONLY
4,CCU_r6_c4,CCU,Kolkata,112.41,146,False,SYNTHETIC DATA — PIPELINE/CONSTRAINT VERIFICATION ONLY
4,CCU_r6_c5,CCU,Kolkata,101.07,131,False,SYNTHETIC DATA — PIPELINE/CONSTRAINT VERIFICATION ONLY
4,CCU_r6_c6,CCU,Kolkata,95.46,124,False,SYNTHETIC DATA — PIPELINE/CONSTRAINT VERIFICATION ONLY
4,HYD_r0_c0,HYD,Hyderabad,56.49,73,False,SYNTHETIC DATA — PIPELINE/CONSTRAINT VERIFICATION ONLY
4,HYD_r0_c1,HYD,Hyderabad,66.02,85,False,SYNTHETIC DATA — PIPELINE/CONSTRAINT VERIFICATION ONLY
4,HYD_r0_c2,HYD,Hyderabad,72.36,94,False,SYNTHETIC DATA — PIPELINE/CONSTRAINT VERIFICATION ONLY
4,HYD_r0_c3,HYD,Hyderabad,65.95,85,False,SYNTHETIC DATA — PIPELINE/CONSTRAINT VERIFICATION ONLY
4,HYD_r0_c4,HYD,Hyderabad,62.48,81,False,SYNTHETIC DATA — PIPELINE/CONSTRAINT VERIFICATION ONLY
4,HYD_r0_c5,HYD,Hyderabad,61.64,80,False,SYNTHETIC DATA — PIPELINE/CONSTRAINT VERIFICATION ONLY
4,HYD_r0_c6,HYD,Hyderabad,58.4,75,False,SYNTHETIC DATA — PIPELINE/CONSTRAINT VERIFICATION ONLY
4,HYD_r1_c0,HYD,Hyderabad,59.08,76,False,SYNTHETIC DATA — PIPELINE/CONSTRAINT VERIFICATION ONLY
4,HYD_r1_c1,HYD,Hyderabad,70.67,91,False,SYNTHETIC DATA — PIPELINE/CONSTRAINT VERIFICATION ONLY
4,HYD_r1_c2,HYD,Hyderabad,69.97,90,False,SYNTHETIC DATA — PIPELINE/CONSTRAINT VERIFICATION ONLY
4,HYD_r1_c3,HYD,Hyderabad,72.37,94,False,SYNTHETIC DATA — PIPELINE/CONSTRAINT VERIFICATION ONLY
4,HYD_r1_c4,HYD,Hyderabad,71.28,92,False,SYNTHETIC DATA — PIPELINE/CONSTRAINT VERIFICATION ONLY
4,HYD_r1_c5,HYD,Hyderabad,66.55,86,False,SYNTHETIC DATA — PIPELINE/CONSTRAINT VERIFICATION ONLY
4,HYD_r1_c6,HYD,Hyderabad,62.55,81,False,SYNTHETIC DATA — PIPELINE/CONSTRAINT VERIFICATION ONLY
4,HYD_r2_c0,HYD,Hyderabad,61.18,79,False,SYNTHETIC DATA — PIPELINE/CONSTRAINT VERIFICATION ONLY
4,HYD_r2_c1,HYD,Hyderabad,67.61,87,False,SYNTHETIC DATA — PIPELINE/CONSTRAINT VERIFICATION ONLY
4,HYD_r2_c2,HYD,Hyderabad,71.53,92,False,SYNTHETIC DATA — PIPELINE/CONSTRAINT VERIFICATION ONLY
4,HYD_r2_c3,HYD,Hyderabad,78.94,102,False,SYNTHETIC DATA — PIPELINE/CONSTRAINT VERIFICATION ONLY
4,HYD_r2_c4,HYD,Hyderabad,77.17,100,False,SYNTHETIC DATA — PIPELINE/CONSTRAINT VERIFICATION ONLY
4,HYD_r2_c5,HYD,Hyderabad,70.65,91,False,SYNTHETIC DATA — PIPELINE/CONSTRAINT VERIFICATION ONLY
4,HYD_r2_c6,HYD,Hyderabad,68.05,88,False,SYNTHETIC DATA — PIPELINE/CONSTRAINT VERIFICATION ONLY
4,HYD_r3_c0,HYD,Hyderabad,64.11,83,False,SYNTHETIC DATA — PIPELINE/CONSTRAINT VERIFICATION ONLY
4,HYD_r3_c1,HYD,Hyderabad,72.88,94,False,SYNTHETIC DATA — PIPELINE/CONSTRAINT VERIFICATION ONLY
4,HYD_r3_c2,HYD,Hyderabad,74.35,96,False,SYNTHETIC DATA — PIPELINE/CONSTRAINT VERIFICATION ONLY
4,HYD_r3_c3,HYD,Hyderabad,83.21,108,True,SYNTHETIC DATA — PIPELINE/CONSTRAINT VERIFICATION ONLY
4,HYD_r3_c4,HYD,Hyderabad,79.71,103,False,SYNTHETIC DATA — PIPELINE/CONSTRAINT VERIFICATION ONLY
4,HYD_r3_c5,HYD,Hyderabad,73.42,95,False,SYNTHETIC DATA — PIPELINE/CONSTRAINT VERIFICATION ONLY
4,HYD_r3_c6,HYD,Hyderabad,63.24,82,False,SYNTHETIC DATA — PIPELINE/CONSTRAINT VERIFICATION ONLY
4,HYD_r4_c0,HYD,Hyderabad,62.81,81,False,SYNTHETIC DATA — PIPELINE/CONSTRAINT VERIFICATION ONLY
4,HYD_r4_c1,HYD,Hyderabad,64.73,84,False,SYNTHETIC DATA — PIPELINE/CONSTRAINT VERIFICATION ONLY
4,HYD_r4_c2,HYD,Hyderabad,73.76,95,False,SYNTHETIC DATA — PIPELINE/CONSTRAINT VERIFICATION ONLY
4,HYD_r4_c3,HYD,Hyderabad,80.3,104,False,SYNTHETIC DATA — PIPELINE/CONSTRAINT VERIFICATION ONLY
4,HYD_r4_c4,HYD,Hyderabad,76.55,99,False,SYNTHETIC DATA — PIPELINE/CONSTRAINT VERIFICATION ONLY
4,HYD_r4_c5,HYD,Hyderabad,70.78,92,False,SYNTHETIC DATA — PIPELINE/CONSTRAINT VERIFICATION ONLY
4,HYD_r4_c6,HYD,Hyderabad,63.18,82,False,SYNTHETIC DATA — PIPELINE/CONSTRAINT VERIFICATION ONLY
4,HYD_r5_c0,HYD,Hyderabad,60.06,78,False,SYNTHETIC DATA — PIPELINE/CONSTRAINT VERIFICATION ONLY
4,HYD_r5_c1,HYD,Hyderabad,63.3,82,False,SYNTHETIC DATA — PIPELINE/CONSTRAINT VERIFICATION ONLY
4,HYD_r5_c2,HYD,Hyderabad,71.38,92,False,SYNTHETIC DATA — PIPELINE/CONSTRAINT VERIFICATION ONLY
4,HYD_r5_c3,HYD,Hyderabad,72.14,93,False,SYNTHETIC DATA — PIPELINE/CONSTRAINT VERIFICATION ONLY
4,HYD_r5_c4,HYD,Hyderabad,70.76,91,False,SYNTHETIC DATA — PIPELINE/CONSTRAINT VERIFICATION ONLY
4,HYD_r5_c5,HYD,Hyderabad,63.71,82,False,SYNTHETIC DATA — PIPELINE/CONSTRAINT VERIFICATION ONLY
4,HYD_r5_c6,HYD,Hyderabad,53.58,69,False,SYNTHETIC DATA — PIPELINE/CONSTRAINT VERIFICATION ONLY
4,HYD_r6_c0,HYD,Hyderabad,59.03,76,False,SYNTHETIC DATA — PIPELINE/CONSTRAINT VERIFICATION ONLY
4,HYD_r6_c1,HYD,Hyderabad,58.6,76,False,SYNTHETIC DATA — PIPELINE/CONSTRAINT VERIFICATION ONLY
4,HYD_r6_c2,HYD,Hyderabad,60.44,78,False,SYNTHETIC DATA — PIPELINE/CONSTRAINT VERIFICATION ONLY
4,HYD_r6_c3,HYD,Hyderabad,66.21,86,False,SYNTHETIC DATA — PIPELINE/CONSTRAINT VERIFICATION ONLY
4,HYD_r6_c4,HYD,Hyderabad,61.85,80,False,SYNTHETIC DATA — PIPELINE/CONSTRAINT VERIFICATION ONLY
4,HYD_r6_c5,HYD,Hyderabad,63.22,82,False,SYNTHETIC DATA — PIPELINE/CONSTRAINT VERIFICATION ONLY
4,HYD_r6_c6,HYD,Hyderabad,57.59,74,False,SYNTHETIC DATA — PIPELINE/CONSTRAINT VERIFICATION ONLY
4,BLR_r0_c0,BLR,Bengaluru,35.49,46,False,SYNTHETIC DATA — PIPELINE/CONSTRAINT VERIFICATION ONLY
4,BLR_r0_c1,BLR,Bengaluru,31.92,41,False,SYNTHETIC DATA — PIPELINE/CONSTRAINT VERIFICATION ONLY
4,BLR_r0_c2,BLR,Bengaluru,41.45,53,False,SYNTHETIC DATA — PIPELINE/CONSTRAINT VERIFICATION ONLY
4,BLR_r0_c3,BLR,Bengaluru,39.26,51,False,SYNTHETIC DATA — PIPELINE/CONSTRAINT VERIFICATION ONLY
4,BLR_r0_c4,BLR,Bengaluru,36.71,47,False,SYNTHETIC DATA — PIPELINE/CONSTRAINT VERIFICATION ONLY
4,BLR_r0_c5,BLR,Bengaluru,36.45,47,False,SYNTHETIC DATA — PIPELINE/CONSTRAINT VERIFICATION ONLY
4,BLR_r0_c6,BLR,Bengaluru,28.11,36,False,SYNTHETIC DATA — PIPELINE/CONSTRAINT VERIFICATION ONLY
4,BLR_r1_c0,BLR,Bengaluru,37.25,48,False,SYNTHETIC DATA — PIPELINE/CONSTRAINT VERIFICATION ONLY
4,BLR_r1_c1,BLR,Bengaluru,36.08,46,False,SYNTHETIC DATA — PIPELINE/CONSTRAINT VERIFICATION ONLY
4,BLR_r1_c2,BLR,Bengaluru,37.51,48,False,SYNTHETIC DATA — PIPELINE/CONSTRAINT VERIFICATION ONLY
4,BLR_r1_c3,BLR,Bengaluru,37.96,49,False,SYNTHETIC DATA — PIPELINE/CONSTRAINT VERIFICATION ONLY
4,BLR_r1_c4,BLR,Bengaluru,44.91,58,False,SYNTHETIC DATA — PIPELINE/CONSTRAINT VERIFICATION ONLY
4,BLR_r1_c5,BLR,Bengaluru,37.28,48,False,SYNTHETIC DATA — PIPELINE/CONSTRAINT VERIFICATION ONLY
4,BLR_r1_c6,BLR,Bengaluru,40.62,52,False,SYNTHETIC DATA — PIPELINE/CONSTRAINT VERIFICATION ONLY
4,BLR_r2_c0,BLR,Bengaluru,36.21,47,False,SYNTHETIC DATA — PIPELINE/CONSTRAINT VERIFICATION ONLY
4,BLR_r2_c1,BLR,Bengaluru,36.45,47,False,SYNTHETIC DATA — PIPELINE/CONSTRAINT VERIFICATION ONLY
4,BLR_r2_c2,BLR,Bengaluru,41.55,54,False,SYNTHETIC DATA — PIPELINE/CONSTRAINT VERIFICATION ONLY
4,BLR_r2_c3,BLR,Bengaluru,50.28,65,False,SYNTHETIC DATA — PIPELINE/CONSTRAINT VERIFICATION ONLY
4,BLR_r2_c4,BLR,Bengaluru,44.43,57,False,SYNTHETIC DATA — PIPELINE/CONSTRAINT VERIFICATION ONLY
4,BLR_r2_c5,BLR,Bengaluru,39.92,51,False,SYNTHETIC DATA — PIPELINE/CONSTRAINT VERIFICATION ONLY
4,BLR_r2_c6,BLR,Bengaluru,38.3,49,False,SYNTHETIC DATA — PIPELINE/CONSTRAINT VERIFICATION ONLY
4,BLR_r3_c0,BLR,Bengaluru,39.98,51,False,SYNTHETIC DATA — PIPELINE/CONSTRAINT VERIFICATION ONLY
4,BLR_r3_c1,BLR,Bengaluru,45.88,59,False,SYNTHETIC DATA — PIPELINE/CONSTRAINT VERIFICATION ONLY
4,BLR_r3_c2,BLR,Bengaluru,50.92,66,False,SYNTHETIC DATA — PIPELINE/CONSTRAINT VERIFICATION ONLY
4,BLR_r3_c3,BLR,Bengaluru,49.55,64,True,SYNTHETIC DATA — PIPELINE/CONSTRAINT VERIFICATION ONLY
4,BLR_r3_c4,BLR,Bengaluru,42.6,55,False,SYNTHETIC DATA — PIPELINE/CONSTRAINT VERIFICATION ONLY
4,BLR_r3_c5,BLR,Bengaluru,41.28,53,False,SYNTHETIC DATA — PIPELINE/CONSTRAINT VERIFICATION ONLY
4,BLR_r3_c6,BLR,Bengaluru,39.26,51,False,SYNTHETIC DATA — PIPELINE/CONSTRAINT VERIFICATION ONLY
4,BLR_r4_c0,BLR,Bengaluru,34.93,45,False,SYNTHETIC DATA — PIPELINE/CONSTRAINT VERIFICATION ONLY
4,BLR_r4_c1,BLR,Bengaluru,38.7,50,False,SYNTHETIC DATA — PIPELINE/CONSTRAINT VERIFICATION ONLY
4,BLR_r4_c2,BLR,Bengaluru,45.93,59,False,SYNTHETIC DATA — PIPELINE/CONSTRAINT VERIFICATION ONLY
4,BLR_r4_c3,BLR,Bengaluru,46.43,60,False,SYNTHETIC DATA — PIPELINE/CONSTRAINT VERIFICATION ONLY
4,BLR_r4_c4,BLR,Bengaluru,45.0,58,False,SYNTHETIC DATA — PIPELINE/CONSTRAINT VERIFICATION ONLY
4,BLR_r4_c5,BLR,Bengaluru,39.29,51,False,SYNTHETIC DATA — PIPELINE/CONSTRAINT VERIFICATION ONLY
4,BLR_r4_c6,BLR,Bengaluru,37.13,48,False,SYNTHETIC DATA — PIPELINE/CONSTRAINT VERIFICATION ONLY
4,BLR_r5_c0,BLR,Bengaluru,33.25,43,False,SYNTHETIC DATA — PIPELINE/CONSTRAINT VERIFICATION ONLY
4,BLR_r5_c1,BLR,Bengaluru,41.84,54,False,SYNTHETIC DATA — PIPELINE/CONSTRAINT VERIFICATION ONLY
4,BLR_r5_c2,BLR,Bengaluru,44.67,58,False,SYNTHETIC DATA — PIPELINE/CONSTRAINT VERIFICATION ONLY
4,BLR_r5_c3,BLR,Bengaluru,36.99,48,False,SYNTHETIC DATA — PIPELINE/CONSTRAINT VERIFICATION ONLY
4,BLR_r5_c4,BLR,Bengaluru,38.78,50,False,SYNTHETIC DATA — PIPELINE/CONSTRAINT VERIFICATION ONLY
4,BLR_r5_c5,BLR,Bengaluru,34.68,45,False,SYNTHETIC DATA — PIPELINE/CONSTRAINT VERIFICATION ONLY
4,BLR_r5_c6,BLR,Bengaluru,34.07,44,False,SYNTHETIC DATA — PIPELINE/CONSTRAINT VERIFICATION ONLY
4,BLR_r6_c0,BLR,Bengaluru,33.19,43,False,SYNTHETIC DATA — PIPELINE/CONSTRAINT VERIFICATION ONLY
4,BLR_r6_c1,BLR,Bengaluru,31.67,41,False,SYNTHETIC DATA — PIPELINE/CONSTRAINT VERIFICATION ONLY
4,BLR_r6_c2,BLR,Bengaluru,35.05,45,False,SYNTHETIC DATA — PIPELINE/CONSTRAINT VERIFICATION ONLY
4,BLR_r6_c3,BLR,Bengaluru,35.46,46,False,SYNTHETIC DATA — PIPELINE/CONSTRAINT VERIFICATION ONLY
4,BLR_r6_c4,BLR,Bengaluru,38.44,49,False,SYNTHETIC DATA — PIPELINE/CONSTRAINT VERIFICATION ONLY
4,BLR_r6_c5,BLR,Bengaluru,36.23,47,False,SYNTHETIC DATA — PIPELINE/CONSTRAINT VERIFICATION ONLY
4,BLR_r6_c6,BLR,Bengaluru,31.28,40,False,SYNTHETIC DATA — PIPELINE/CONSTRAINT VERIFICATION ONLY
4,MAA_r0_c0,MAA,Chennai,41.4,53,False,SYNTHETIC DATA — PIPELINE/CONSTRAINT VERIFICATION ONLY
4,MAA_r0_c1,MAA,Chennai,42.39,55,False,SYNTHETIC DATA — PIPELINE/CONSTRAINT VERIFICATION ONLY
4,MAA_r0_c2,MAA,Chennai,45.41,59,False,SYNTHETIC DATA — PIPELINE/CONSTRAINT VERIFICATION ONLY
4,MAA_r0_c3,MAA,Chennai,52.05,67,False,SYNTHETIC DATA — PIPELINE/CONSTRAINT VERIFICATION ONLY
4,MAA_r0_c4,MAA,Chennai,50.24,65,False,SYNTHETIC DATA — PIPELINE/CONSTRAINT VERIFICATION ONLY
4,MAA_r0_c5,MAA,Chennai,40.13,52,False,SYNTHETIC DATA — PIPELINE/CONSTRAINT VERIFICATION ONLY
4,MAA_r0_c6,MAA,Chennai,43.36,56,False,SYNTHETIC DATA — PIPELINE/CONSTRAINT VERIFICATION ONLY
4,MAA_r1_c0,MAA,Chennai,46.46,60,False,SYNTHETIC DATA — PIPELINE/CONSTRAINT VERIFICATION ONLY
4,MAA_r1_c1,MAA,Chennai,44.43,57,False,SYNTHETIC DATA — PIPELINE/CONSTRAINT VERIFICATION ONLY
4,MAA_r1_c2,MAA,Chennai,53.26,69,False,SYNTHETIC DATA — PIPELINE/CONSTRAINT VERIFICATION ONLY
4,MAA_r1_c3,MAA,Chennai,56.59,73,False,SYNTHETIC DATA — PIPELINE/CONSTRAINT VERIFICATION ONLY
4,MAA_r1_c4,MAA,Chennai,47.44,61,False,SYNTHETIC DATA — PIPELINE/CONSTRAINT VERIFICATION ONLY
4,MAA_r1_c5,MAA,Chennai,45.12,58,False,SYNTHETIC DATA — PIPELINE/CONSTRAINT VERIFICATION ONLY
4,MAA_r1_c6,MAA,Chennai,47.08,61,False,SYNTHETIC DATA — PIPELINE/CONSTRAINT VERIFICATION ONLY
4,MAA_r2_c0,MAA,Chennai,47.04,61,False,SYNTHETIC DATA — PIPELINE/CONSTRAINT VERIFICATION ONLY
4,MAA_r2_c1,MAA,Chennai,52.46,68,False,SYNTHETIC DATA — PIPELINE/CONSTRAINT VERIFICATION ONLY
4,MAA_r2_c2,MAA,Chennai,55.9,72,False,SYNTHETIC DATA — PIPELINE/CONSTRAINT VERIFICATION ONLY
4,MAA_r2_c3,MAA,Chennai,58.1,75,False,SYNTHETIC DATA — PIPELINE/CONSTRAINT VERIFICATION ONLY
4,MAA_r2_c4,MAA,Chennai,50.9,66,False,SYNTHETIC DATA — PIPELINE/CONSTRAINT VERIFICATION ONLY
4,MAA_r2_c5,MAA,Chennai,53.95,70,False,SYNTHETIC DATA — PIPELINE/CONSTRAINT VERIFICATION ONLY
4,MAA_r2_c6,MAA,Chennai,49.73,64,False,SYNTHETIC DATA — PIPELINE/CONSTRAINT VERIFICATION ONLY
4,MAA_r3_c0,MAA,Chennai,46.34,60,False,SYNTHETIC DATA — PIPELINE/CONSTRAINT VERIFICATION ONLY
4,MAA_r3_c1,MAA,Chennai,51.84,67,False,SYNTHETIC DATA — PIPELINE/CONSTRAINT VERIFICATION ONLY
4,MAA_r3_c2,MAA,Chennai,52.33,68,False,SYNTHETIC DATA — PIPELINE/CONSTRAINT VERIFICATION ONLY
4,MAA_r3_c3,MAA,Chennai,63.42,82,True,SYNTHETIC DATA — PIPELINE/CONSTRAINT VERIFICATION ONLY
4,MAA_r3_c4,MAA,Chennai,58.64,76,False,SYNTHETIC DATA — PIPELINE/CONSTRAINT VERIFICATION ONLY
4,MAA_r3_c5,MAA,Chennai,51.79,67,False,SYNTHETIC DATA — PIPELINE/CONSTRAINT VERIFICATION ONLY
4,MAA_r3_c6,MAA,Chennai,50.4,65,False,SYNTHETIC DATA — PIPELINE/CONSTRAINT VERIFICATION ONLY
4,MAA_r4_c0,MAA,Chennai,45.22,58,False,SYNTHETIC DATA — PIPELINE/CONSTRAINT VERIFICATION ONLY
4,MAA_r4_c1,MAA,Chennai,52.5,68,False,SYNTHETIC DATA — PIPELINE/CONSTRAINT VERIFICATION ONLY
4,MAA_r4_c2,MAA,Chennai,51.82,67,False,SYNTHETIC DATA — PIPELINE/CONSTRAINT VERIFICATION ONLY
4,MAA_r4_c3,MAA,Chennai,56.85,73,False,SYNTHETIC DATA — PIPELINE/CONSTRAINT VERIFICATION ONLY
4,MAA_r4_c4,MAA,Chennai,54.35,70,False,SYNTHETIC DATA — PIPELINE/CONSTRAINT VERIFICATION ONLY
4,MAA_r4_c5,MAA,Chennai,51.48,66,False,SYNTHETIC DATA — PIPELINE/CONSTRAINT VERIFICATION ONLY
4,MAA_r4_c6,MAA,Chennai,45.11,58,False,SYNTHETIC DATA — PIPELINE/CONSTRAINT VERIFICATION ONLY
4,MAA_r5_c0,MAA,Chennai,43.63,56,False,SYNTHETIC DATA — PIPELINE/CONSTRAINT VERIFICATION ONLY
4,MAA_r5_c1,MAA,Chennai,50.35,65,False,SYNTHETIC DATA — PIPELINE/CONSTRAINT VERIFICATION ONLY
4,MAA_r5_c2,MAA,Chennai,49.5,64,False,SYNTHETIC DATA — PIPELINE/CONSTRAINT VERIFICATION ONLY
4,MAA_r5_c3,MAA,Chennai,47.16,61,False,SYNTHETIC DATA — PIPELINE/CONSTRAINT VERIFICATION ONLY
4,MAA_r5_c4,MAA,Chennai,56.06,72,False,SYNTHETIC DATA — PIPELINE/CONSTRAINT VERIFICATION ONLY
4,MAA_r5_c5,MAA,Chennai,52.02,67,False,SYNTHETIC DATA — PIPELINE/CONSTRAINT VERIFICATION ONLY
4,MAA_r5_c6,MAA,Chennai,40.15,52,False,SYNTHETIC DATA — PIPELINE/CONSTRAINT VERIFICATION ONLY
4,MAA_r6_c0,MAA,Chennai,42.94,55,False,SYNTHETIC DATA — PIPELINE/CONSTRAINT VERIFICATION ONLY
4,MAA_r6_c1,MAA,Chennai,42.52,55,False,SYNTHETIC DATA — PIPELINE/CONSTRAINT VERIFICATION ONLY
4,MAA_r6_c2,MAA,Chennai,47.01,61,False,SYNTHETIC DATA — PIPELINE/CONSTRAINT VERIFICATION ONLY
4,MAA_r6_c3,MAA,Chennai,47.91,62,False,SYNTHETIC DATA — PIPELINE/CONSTRAINT VERIFICATION ONLY
4,MAA_r6_c4,MAA,Chennai,45.52,59,False,SYNTHETIC DATA — PIPELINE/CONSTRAINT VERIFICATION ONLY
4,MAA_r6_c5,MAA,Chennai,41.68,54,False,SYNTHETIC DATA — PIPELINE/CONSTRAINT VERIFICATION ONLY
4,MAA_r6_c6,MAA,Chennai,38.8,50,False,SYNTHETIC DATA — PIPELINE/CONSTRAINT VERIFICATION ONLY
5,DEL_r0_c0,DEL,Delhi,137.18,178,False,SYNTHETIC DATA — PIPELINE/CONSTRAINT VERIFICATION ONLY
5,DEL_r0_c1,DEL,Delhi,148.23,192,False,SYNTHETIC DATA — PIPELINE/CONSTRAINT VERIFICATION ONLY
5,DEL_r0_c2,DEL,Delhi,158.03,205,False,SYNTHETIC DATA — PIPELINE/CONSTRAINT VERIFICATION ONLY
5,DEL_r0_c3,DEL,Delhi,158.84,206,False,SYNTHETIC DATA — PIPELINE/CONSTRAINT VERIFICATION ONLY
5,DEL_r0_c4,DEL,Delhi,160.28,208,False,SYNTHETIC DATA — PIPELINE/CONSTRAINT VERIFICATION ONLY
5,DEL_r0_c5,DEL,Delhi,155.18,201,False,SYNTHETIC DATA — PIPELINE/CONSTRAINT VERIFICATION ONLY
5,DEL_r0_c6,DEL,Delhi,138.19,179,False,SYNTHETIC DATA — PIPELINE/CONSTRAINT VERIFICATION ONLY
5,DEL_r1_c0,DEL,Delhi,151.44,196,False,SYNTHETIC DATA — PIPELINE/CONSTRAINT VERIFICATION ONLY
5,DEL_r1_c1,DEL,Delhi,165.39,215,False,SYNTHETIC DATA — PIPELINE/CONSTRAINT VERIFICATION ONLY
5,DEL_r1_c2,DEL,Delhi,175.34,227,False,SYNTHETIC DATA — PIPELINE/CONSTRAINT VERIFICATION ONLY
5,DEL_r1_c3,DEL,Delhi,178.16,231,False,SYNTHETIC DATA — PIPELINE/CONSTRAINT VERIFICATION ONLY
5,DEL_r1_c4,DEL,Delhi,176.16,229,False,SYNTHETIC DATA — PIPELINE/CONSTRAINT VERIFICATION ONLY
5,DEL_r1_c5,DEL,Delhi,165.34,214,False,SYNTHETIC DATA — PIPELINE/CONSTRAINT VERIFICATION ONLY
5,DEL_r1_c6,DEL,Delhi,147.01,191,False,SYNTHETIC DATA — PIPELINE/CONSTRAINT VERIFICATION ONLY
5,DEL_r2_c0,DEL,Delhi,160.84,209,False,SYNTHETIC DATA — PIPELINE/CONSTRAINT VERIFICATION ONLY
5,DEL_r2_c1,DEL,Delhi,176.59,229,False,SYNTHETIC DATA — PIPELINE/CONSTRAINT VERIFICATION ONLY
5,DEL_r2_c2,DEL,Delhi,185.57,241,False,SYNTHETIC DATA — PIPELINE/CONSTRAINT VERIFICATION ONLY
5,DEL_r2_c3,DEL,Delhi,194.99,253,False,SYNTHETIC DATA — PIPELINE/CONSTRAINT VERIFICATION ONLY
5,DEL_r2_c4,DEL,Delhi,189.91,246,False,SYNTHETIC DATA — PIPELINE/CONSTRAINT VERIFICATION ONLY
5,DEL_r2_c5,DEL,Delhi,173.3,225,False,SYNTHETIC DATA — PIPELINE/CONSTRAINT VERIFICATION ONLY
5,DEL_r2_c6,DEL,Delhi,161.45,209,False,SYNTHETIC DATA — PIPELINE/CONSTRAINT VERIFICATION ONLY
5,DEL_r3_c0,DEL,Delhi,168.07,218,False,SYNTHETIC DATA — PIPELINE/CONSTRAINT VERIFICATION ONLY
5,DEL_r3_c1,DEL,Delhi,175.57,228,False,SYNTHETIC DATA — PIPELINE/CONSTRAINT VERIFICATION ONLY
5,DEL_r3_c2,DEL,Delhi,190.73,247,False,SYNTHETIC DATA — PIPELINE/CONSTRAINT VERIFICATION ONLY
5,DEL_r3_c3,DEL,Delhi,212.73,276,True,SYNTHETIC DATA — PIPELINE/CONSTRAINT VERIFICATION ONLY
5,DEL_r3_c4,DEL,Delhi,197.04,256,False,SYNTHETIC DATA — PIPELINE/CONSTRAINT VERIFICATION ONLY
5,DEL_r3_c5,DEL,Delhi,177.24,230,False,SYNTHETIC DATA — PIPELINE/CONSTRAINT VERIFICATION ONLY
5,DEL_r3_c6,DEL,Delhi,165.34,214,False,SYNTHETIC DATA — PIPELINE/CONSTRAINT VERIFICATION ONLY
5,DEL_r4_c0,DEL,Delhi,154.22,200,False,SYNTHETIC DATA — PIPELINE/CONSTRAINT VERIFICATION ONLY
5,DEL_r4_c1,DEL,Delhi,176.01,228,False,SYNTHETIC DATA — PIPELINE/CONSTRAINT VERIFICATION ONLY
5,DEL_r4_c2,DEL,Delhi,186.04,241,False,SYNTHETIC DATA — PIPELINE/CONSTRAINT VERIFICATION ONLY
5,DEL_r4_c3,DEL,Delhi,200.03,260,False,SYNTHETIC DATA — PIPELINE/CONSTRAINT VERIFICATION ONLY
5,DEL_r4_c4,DEL,Delhi,193.83,251,False,SYNTHETIC DATA — PIPELINE/CONSTRAINT VERIFICATION ONLY
5,DEL_r4_c5,DEL,Delhi,171.63,223,False,SYNTHETIC DATA — PIPELINE/CONSTRAINT VERIFICATION ONLY
5,DEL_r4_c6,DEL,Delhi,156.58,203,False,SYNTHETIC DATA — PIPELINE/CONSTRAINT VERIFICATION ONLY
5,DEL_r5_c0,DEL,Delhi,153.3,199,False,SYNTHETIC DATA — PIPELINE/CONSTRAINT VERIFICATION ONLY
5,DEL_r5_c1,DEL,Delhi,162.73,211,False,SYNTHETIC DATA — PIPELINE/CONSTRAINT VERIFICATION ONLY
5,DEL_r5_c2,DEL,Delhi,173.79,225,False,SYNTHETIC DATA — PIPELINE/CONSTRAINT VERIFICATION ONLY
5,DEL_r5_c3,DEL,Delhi,178.0,231,False,SYNTHETIC DATA — PIPELINE/CONSTRAINT VERIFICATION ONLY
5,DEL_r5_c4,DEL,Delhi,168.17,218,False,SYNTHETIC DATA — PIPELINE/CONSTRAINT VERIFICATION ONLY
5,DEL_r5_c5,DEL,Delhi,163.85,213,False,SYNTHETIC DATA — PIPELINE/CONSTRAINT VERIFICATION ONLY
5,DEL_r5_c6,DEL,Delhi,148.65,193,False,SYNTHETIC DATA — PIPELINE/CONSTRAINT VERIFICATION ONLY
5,DEL_r6_c0,DEL,Delhi,138.45,179,False,SYNTHETIC DATA — PIPELINE/CONSTRAINT VERIFICATION ONLY
5,DEL_r6_c1,DEL,Delhi,155.05,201,False,SYNTHETIC DATA — PIPELINE/CONSTRAINT VERIFICATION ONLY
5,DEL_r6_c2,DEL,Delhi,154.46,200,False,SYNTHETIC DATA — PIPELINE/CONSTRAINT VERIFICATION ONLY
5,DEL_r6_c3,DEL,Delhi,163.42,212,False,SYNTHETIC DATA — PIPELINE/CONSTRAINT VERIFICATION ONLY
5,DEL_r6_c4,DEL,Delhi,157.4,204,False,SYNTHETIC DATA — PIPELINE/CONSTRAINT VERIFICATION ONLY
5,DEL_r6_c5,DEL,Delhi,149.88,194,False,SYNTHETIC DATA — PIPELINE/CONSTRAINT VERIFICATION ONLY
5,DEL_r6_c6,DEL,Delhi,142.3,184,False,SYNTHETIC DATA — PIPELINE/CONSTRAINT VERIFICATION ONLY
5,BOM_r0_c0,BOM,Mumbai,70.98,92,False,SYNTHETIC DATA — PIPELINE/CONSTRAINT VERIFICATION ONLY
5,BOM_r0_c1,BOM,Mumbai,77.07,100,False,SYNTHETIC DATA — PIPELINE/CONSTRAINT VERIFICATION ONLY
5,BOM_r0_c2,BOM,Mumbai,82.02,106,False,SYNTHETIC DATA — PIPELINE/CONSTRAINT VERIFICATION ONLY
5,BOM_r0_c3,BOM,Mumbai,79.5,103,False,SYNTHETIC DATA — PIPELINE/CONSTRAINT VERIFICATION ONLY
5,BOM_r0_c4,BOM,Mumbai,77.28,100,False,SYNTHETIC DATA — PIPELINE/CONSTRAINT VERIFICATION ONLY
5,BOM_r0_c5,BOM,Mumbai,72.11,93,False,SYNTHETIC DATA — PIPELINE/CONSTRAINT VERIFICATION ONLY
5,BOM_r0_c6,BOM,Mumbai,67.49,87,False,SYNTHETIC DATA — PIPELINE/CONSTRAINT VERIFICATION ONLY
5,BOM_r1_c0,BOM,Mumbai,84.21,109,False,SYNTHETIC DATA — PIPELINE/CONSTRAINT VERIFICATION ONLY
5,BOM_r1_c1,BOM,Mumbai,85.68,111,False,SYNTHETIC DATA — PIPELINE/CONSTRAINT VERIFICATION ONLY
5,BOM_r1_c2,BOM,Mumbai,82.91,107,False,SYNTHETIC DATA — PIPELINE/CONSTRAINT VERIFICATION ONLY
5,BOM_r1_c3,BOM,Mumbai,85.0,110,False,SYNTHETIC DATA — PIPELINE/CONSTRAINT VERIFICATION ONLY
5,BOM_r1_c4,BOM,Mumbai,88.41,114,False,SYNTHETIC DATA — PIPELINE/CONSTRAINT VERIFICATION ONLY
5,BOM_r1_c5,BOM,Mumbai,83.59,108,False,SYNTHETIC DATA — PIPELINE/CONSTRAINT VERIFICATION ONLY
5,BOM_r1_c6,BOM,Mumbai,77.01,100,False,SYNTHETIC DATA — PIPELINE/CONSTRAINT VERIFICATION ONLY
5,BOM_r2_c0,BOM,Mumbai,78.35,101,False,SYNTHETIC DATA — PIPELINE/CONSTRAINT VERIFICATION ONLY
5,BOM_r2_c1,BOM,Mumbai,86.59,112,False,SYNTHETIC DATA — PIPELINE/CONSTRAINT VERIFICATION ONLY
5,BOM_r2_c2,BOM,Mumbai,94.91,123,False,SYNTHETIC DATA — PIPELINE/CONSTRAINT VERIFICATION ONLY
5,BOM_r2_c3,BOM,Mumbai,97.69,126,False,SYNTHETIC DATA — PIPELINE/CONSTRAINT VERIFICATION ONLY
5,BOM_r2_c4,BOM,Mumbai,87.27,113,False,SYNTHETIC DATA — PIPELINE/CONSTRAINT VERIFICATION ONLY
5,BOM_r2_c5,BOM,Mumbai,86.27,112,False,SYNTHETIC DATA — PIPELINE/CONSTRAINT VERIFICATION ONLY
5,BOM_r2_c6,BOM,Mumbai,76.56,99,False,SYNTHETIC DATA — PIPELINE/CONSTRAINT VERIFICATION ONLY
5,BOM_r3_c0,BOM,Mumbai,81.02,105,False,SYNTHETIC DATA — PIPELINE/CONSTRAINT VERIFICATION ONLY
5,BOM_r3_c1,BOM,Mumbai,97.92,127,False,SYNTHETIC DATA — PIPELINE/CONSTRAINT VERIFICATION ONLY
5,BOM_r3_c2,BOM,Mumbai,98.54,128,False,SYNTHETIC DATA — PIPELINE/CONSTRAINT VERIFICATION ONLY
5,BOM_r3_c3,BOM,Mumbai,104.97,136,True,SYNTHETIC DATA — PIPELINE/CONSTRAINT VERIFICATION ONLY
5,BOM_r3_c4,BOM,Mumbai,100.2,130,False,SYNTHETIC DATA — PIPELINE/CONSTRAINT VERIFICATION ONLY
5,BOM_r3_c5,BOM,Mumbai,90.41,117,False,SYNTHETIC DATA — PIPELINE/CONSTRAINT VERIFICATION ONLY
5,BOM_r3_c6,BOM,Mumbai,81.75,106,False,SYNTHETIC DATA — PIPELINE/CONSTRAINT VERIFICATION ONLY
5,BOM_r4_c0,BOM,Mumbai,80.94,105,False,SYNTHETIC DATA — PIPELINE/CONSTRAINT VERIFICATION ONLY
5,BOM_r4_c1,BOM,Mumbai,93.13,121,False,SYNTHETIC DATA — PIPELINE/CONSTRAINT VERIFICATION ONLY
5,BOM_r4_c2,BOM,Mumbai,90.53,117,False,SYNTHETIC DATA — PIPELINE/CONSTRAINT VERIFICATION ONLY
5,BOM_r4_c3,BOM,Mumbai,98.86,128,False,SYNTHETIC DATA — PIPELINE/CONSTRAINT VERIFICATION ONLY
5,BOM_r4_c4,BOM,Mumbai,91.15,118,False,SYNTHETIC DATA — PIPELINE/CONSTRAINT VERIFICATION ONLY
5,BOM_r4_c5,BOM,Mumbai,88.63,115,False,SYNTHETIC DATA — PIPELINE/CONSTRAINT VERIFICATION ONLY
5,BOM_r4_c6,BOM,Mumbai,76.36,99,False,SYNTHETIC DATA — PIPELINE/CONSTRAINT VERIFICATION ONLY
5,BOM_r5_c0,BOM,Mumbai,74.11,96,False,SYNTHETIC DATA — PIPELINE/CONSTRAINT VERIFICATION ONLY
5,BOM_r5_c1,BOM,Mumbai,81.06,105,False,SYNTHETIC DATA — PIPELINE/CONSTRAINT VERIFICATION ONLY
5,BOM_r5_c2,BOM,Mumbai,89.89,116,False,SYNTHETIC DATA — PIPELINE/CONSTRAINT VERIFICATION ONLY
5,BOM_r5_c3,BOM,Mumbai,91.72,119,False,SYNTHETIC DATA — PIPELINE/CONSTRAINT VERIFICATION ONLY
5,BOM_r5_c4,BOM,Mumbai,83.23,108,False,SYNTHETIC DATA — PIPELINE/CONSTRAINT VERIFICATION ONLY
5,BOM_r5_c5,BOM,Mumbai,82.11,106,False,SYNTHETIC DATA — PIPELINE/CONSTRAINT VERIFICATION ONLY
5,BOM_r5_c6,BOM,Mumbai,73.23,95,False,SYNTHETIC DATA — PIPELINE/CONSTRAINT VERIFICATION ONLY
5,BOM_r6_c0,BOM,Mumbai,66.19,86,False,SYNTHETIC DATA — PIPELINE/CONSTRAINT VERIFICATION ONLY
5,BOM_r6_c1,BOM,Mumbai,74.71,97,False,SYNTHETIC DATA — PIPELINE/CONSTRAINT VERIFICATION ONLY
5,BOM_r6_c2,BOM,Mumbai,78.19,101,False,SYNTHETIC DATA — PIPELINE/CONSTRAINT VERIFICATION ONLY
5,BOM_r6_c3,BOM,Mumbai,87.77,114,False,SYNTHETIC DATA — PIPELINE/CONSTRAINT VERIFICATION ONLY
5,BOM_r6_c4,BOM,Mumbai,80.42,104,False,SYNTHETIC DATA — PIPELINE/CONSTRAINT VERIFICATION ONLY
5,BOM_r6_c5,BOM,Mumbai,71.23,92,False,SYNTHETIC DATA — PIPELINE/CONSTRAINT VERIFICATION ONLY
5,BOM_r6_c6,BOM,Mumbai,68.27,88,False,SYNTHETIC DATA — PIPELINE/CONSTRAINT VERIFICATION ONLY
5,LKO_r0_c0,LKO,Lucknow,127.44,165,False,SYNTHETIC DATA — PIPELINE/CONSTRAINT VERIFICATION ONLY
5,LKO_r0_c1,LKO,Lucknow,140.24,182,False,SYNTHETIC DATA — PIPELINE/CONSTRAINT VERIFICATION ONLY
5,LKO_r0_c2,LKO,Lucknow,135.89,176,False,SYNTHETIC DATA — PIPELINE/CONSTRAINT VERIFICATION ONLY
5,LKO_r0_c3,LKO,Lucknow,137.46,178,False,SYNTHETIC DATA — PIPELINE/CONSTRAINT VERIFICATION ONLY
5,LKO_r0_c4,LKO,Lucknow,146.26,190,False,SYNTHETIC DATA — PIPELINE/CONSTRAINT VERIFICATION ONLY
5,LKO_r0_c5,LKO,Lucknow,135.14,175,False,SYNTHETIC DATA — PIPELINE/CONSTRAINT VERIFICATION ONLY
5,LKO_r0_c6,LKO,Lucknow,121.77,158,False,SYNTHETIC DATA — PIPELINE/CONSTRAINT VERIFICATION ONLY
5,LKO_r1_c0,LKO,Lucknow,135.58,176,False,SYNTHETIC DATA — PIPELINE/CONSTRAINT VERIFICATION ONLY
5,LKO_r1_c1,LKO,Lucknow,137.77,179,False,SYNTHETIC DATA — PIPELINE/CONSTRAINT VERIFICATION ONLY
5,LKO_r1_c2,LKO,Lucknow,154.61,200,False,SYNTHETIC DATA — PIPELINE/CONSTRAINT VERIFICATION ONLY
5,LKO_r1_c3,LKO,Lucknow,159.14,206,False,SYNTHETIC DATA — PIPELINE/CONSTRAINT VERIFICATION ONLY
5,LKO_r1_c4,LKO,Lucknow,157.38,204,False,SYNTHETIC DATA — PIPELINE/CONSTRAINT VERIFICATION ONLY
5,LKO_r1_c5,LKO,Lucknow,142.64,185,False,SYNTHETIC DATA — PIPELINE/CONSTRAINT VERIFICATION ONLY
5,LKO_r1_c6,LKO,Lucknow,134.23,174,False,SYNTHETIC DATA — PIPELINE/CONSTRAINT VERIFICATION ONLY
5,LKO_r2_c0,LKO,Lucknow,137.88,179,False,SYNTHETIC DATA — PIPELINE/CONSTRAINT VERIFICATION ONLY
5,LKO_r2_c1,LKO,Lucknow,155.37,201,False,SYNTHETIC DATA — PIPELINE/CONSTRAINT VERIFICATION ONLY
5,LKO_r2_c2,LKO,Lucknow,164.3,213,False,SYNTHETIC DATA — PIPELINE/CONSTRAINT VERIFICATION ONLY
5,LKO_r2_c3,LKO,Lucknow,172.0,223,False,SYNTHETIC DATA — PIPELINE/CONSTRAINT VERIFICATION ONLY
5,LKO_r2_c4,LKO,Lucknow,163.99,213,False,SYNTHETIC DATA — PIPELINE/CONSTRAINT VERIFICATION ONLY
5,LKO_r2_c5,LKO,Lucknow,156.56,203,False,SYNTHETIC DATA — PIPELINE/CONSTRAINT VERIFICATION ONLY
5,LKO_r2_c6,LKO,Lucknow,143.23,186,False,SYNTHETIC DATA — PIPELINE/CONSTRAINT VERIFICATION ONLY
5,LKO_r3_c0,LKO,Lucknow,142.39,185,False,SYNTHETIC DATA — PIPELINE/CONSTRAINT VERIFICATION ONLY
5,LKO_r3_c1,LKO,Lucknow,158.27,205,False,SYNTHETIC DATA — PIPELINE/CONSTRAINT VERIFICATION ONLY
5,LKO_r3_c2,LKO,Lucknow,168.88,219,False,SYNTHETIC DATA — PIPELINE/CONSTRAINT VERIFICATION ONLY
5,LKO_r3_c3,LKO,Lucknow,187.39,243,True,SYNTHETIC DATA — PIPELINE/CONSTRAINT VERIFICATION ONLY
5,LKO_r3_c4,LKO,Lucknow,173.07,224,False,SYNTHETIC DATA — PIPELINE/CONSTRAINT VERIFICATION ONLY
5,LKO_r3_c5,LKO,Lucknow,166.02,215,False,SYNTHETIC DATA — PIPELINE/CONSTRAINT VERIFICATION ONLY
5,LKO_r3_c6,LKO,Lucknow,139.76,181,False,SYNTHETIC DATA — PIPELINE/CONSTRAINT VERIFICATION ONLY
5,LKO_r4_c0,LKO,Lucknow,145.04,188,False,SYNTHETIC DATA — PIPELINE/CONSTRAINT VERIFICATION ONLY
5,LKO_r4_c1,LKO,Lucknow,157.59,204,False,SYNTHETIC DATA — PIPELINE/CONSTRAINT VERIFICATION ONLY
5,LKO_r4_c2,LKO,Lucknow,167.82,218,False,SYNTHETIC DATA — PIPELINE/CONSTRAINT VERIFICATION ONLY
5,LKO_r4_c3,LKO,Lucknow,178.5,232,False,SYNTHETIC DATA — PIPELINE/CONSTRAINT VERIFICATION ONLY
5,LKO_r4_c4,LKO,Lucknow,168.1,218,False,SYNTHETIC DATA — PIPELINE/CONSTRAINT VERIFICATION ONLY
5,LKO_r4_c5,LKO,Lucknow,155.77,202,False,SYNTHETIC DATA — PIPELINE/CONSTRAINT VERIFICATION ONLY
5,LKO_r4_c6,LKO,Lucknow,140.49,182,False,SYNTHETIC DATA — PIPELINE/CONSTRAINT VERIFICATION ONLY
5,LKO_r5_c0,LKO,Lucknow,137.65,178,False,SYNTHETIC DATA — PIPELINE/CONSTRAINT VERIFICATION ONLY
5,LKO_r5_c1,LKO,Lucknow,148.97,193,False,SYNTHETIC DATA — PIPELINE/CONSTRAINT VERIFICATION ONLY
5,LKO_r5_c2,LKO,Lucknow,152.73,198,False,SYNTHETIC DATA — PIPELINE/CONSTRAINT VERIFICATION ONLY
5,LKO_r5_c3,LKO,Lucknow,154.2,200,False,SYNTHETIC DATA — PIPELINE/CONSTRAINT VERIFICATION ONLY
5,LKO_r5_c4,LKO,Lucknow,153.99,200,False,SYNTHETIC DATA — PIPELINE/CONSTRAINT VERIFICATION ONLY
5,LKO_r5_c5,LKO,Lucknow,143.28,186,False,SYNTHETIC DATA — PIPELINE/CONSTRAINT VERIFICATION ONLY
5,LKO_r5_c6,LKO,Lucknow,133.78,173,False,SYNTHETIC DATA — PIPELINE/CONSTRAINT VERIFICATION ONLY
5,LKO_r6_c0,LKO,Lucknow,128.09,166,False,SYNTHETIC DATA — PIPELINE/CONSTRAINT VERIFICATION ONLY
5,LKO_r6_c1,LKO,Lucknow,132.6,172,False,SYNTHETIC DATA — PIPELINE/CONSTRAINT VERIFICATION ONLY
5,LKO_r6_c2,LKO,Lucknow,140.52,182,False,SYNTHETIC DATA — PIPELINE/CONSTRAINT VERIFICATION ONLY
5,LKO_r6_c3,LKO,Lucknow,143.27,186,False,SYNTHETIC DATA — PIPELINE/CONSTRAINT VERIFICATION ONLY
5,LKO_r6_c4,LKO,Lucknow,143.2,186,False,SYNTHETIC DATA — PIPELINE/CONSTRAINT VERIFICATION ONLY
5,LKO_r6_c5,LKO,Lucknow,127.23,165,False,SYNTHETIC DATA — PIPELINE/CONSTRAINT VERIFICATION ONLY
5,LKO_r6_c6,LKO,Lucknow,122.56,159,False,SYNTHETIC DATA — PIPELINE/CONSTRAINT VERIFICATION ONLY
5,VNS_r0_c0,VNS,Varanasi,117.24,152,False,SYNTHETIC DATA — PIPELINE/CONSTRAINT VERIFICATION ONLY
5,VNS_r0_c1,VNS,Varanasi,129.2,167,False,SYNTHETIC DATA — PIPELINE/CONSTRAINT VERIFICATION ONLY
5,VNS_r0_c2,VNS,Varanasi,130.39,169,False,SYNTHETIC DATA — PIPELINE/CONSTRAINT VERIFICATION ONLY
5,VNS_r0_c3,VNS,Varanasi,128.52,167,False,SYNTHETIC DATA — PIPELINE/CONSTRAINT VERIFICATION ONLY
5,VNS_r0_c4,VNS,Varanasi,133.72,173,False,SYNTHETIC DATA — PIPELINE/CONSTRAINT VERIFICATION ONLY
5,VNS_r0_c5,VNS,Varanasi,123.7,160,False,SYNTHETIC DATA — PIPELINE/CONSTRAINT VERIFICATION ONLY
5,VNS_r0_c6,VNS,Varanasi,113.04,146,False,SYNTHETIC DATA — PIPELINE/CONSTRAINT VERIFICATION ONLY
5,VNS_r1_c0,VNS,Varanasi,123.73,160,False,SYNTHETIC DATA — PIPELINE/CONSTRAINT VERIFICATION ONLY
5,VNS_r1_c1,VNS,Varanasi,136.02,176,False,SYNTHETIC DATA — PIPELINE/CONSTRAINT VERIFICATION ONLY
5,VNS_r1_c2,VNS,Varanasi,143.13,186,False,SYNTHETIC DATA — PIPELINE/CONSTRAINT VERIFICATION ONLY
5,VNS_r1_c3,VNS,Varanasi,141.66,184,False,SYNTHETIC DATA — PIPELINE/CONSTRAINT VERIFICATION ONLY
5,VNS_r1_c4,VNS,Varanasi,147.63,191,False,SYNTHETIC DATA — PIPELINE/CONSTRAINT VERIFICATION ONLY
5,VNS_r1_c5,VNS,Varanasi,140.4,182,False,SYNTHETIC DATA — PIPELINE/CONSTRAINT VERIFICATION ONLY
5,VNS_r1_c6,VNS,Varanasi,127.56,165,False,SYNTHETIC DATA — PIPELINE/CONSTRAINT VERIFICATION ONLY
5,VNS_r2_c0,VNS,Varanasi,128.45,166,False,SYNTHETIC DATA — PIPELINE/CONSTRAINT VERIFICATION ONLY
5,VNS_r2_c1,VNS,Varanasi,144.34,187,False,SYNTHETIC DATA — PIPELINE/CONSTRAINT VERIFICATION ONLY
5,VNS_r2_c2,VNS,Varanasi,156.53,203,False,SYNTHETIC DATA — PIPELINE/CONSTRAINT VERIFICATION ONLY
5,VNS_r2_c3,VNS,Varanasi,164.19,213,False,SYNTHETIC DATA — PIPELINE/CONSTRAINT VERIFICATION ONLY
5,VNS_r2_c4,VNS,Varanasi,158.55,206,False,SYNTHETIC DATA — PIPELINE/CONSTRAINT VERIFICATION ONLY
5,VNS_r2_c5,VNS,Varanasi,142.74,185,False,SYNTHETIC DATA — PIPELINE/CONSTRAINT VERIFICATION ONLY
5,VNS_r2_c6,VNS,Varanasi,132.11,171,False,SYNTHETIC DATA — PIPELINE/CONSTRAINT VERIFICATION ONLY
5,VNS_r3_c0,VNS,Varanasi,135.52,176,False,SYNTHETIC DATA — PIPELINE/CONSTRAINT VERIFICATION ONLY
5,VNS_r3_c1,VNS,Varanasi,152.64,198,False,SYNTHETIC DATA — PIPELINE/CONSTRAINT VERIFICATION ONLY
5,VNS_r3_c2,VNS,Varanasi,164.51,213,False,SYNTHETIC DATA — PIPELINE/CONSTRAINT VERIFICATION ONLY
5,VNS_r3_c3,VNS,Varanasi,178.88,232,True,SYNTHETIC DATA — PIPELINE/CONSTRAINT VERIFICATION ONLY
5,VNS_r3_c4,VNS,Varanasi,162.65,211,False,SYNTHETIC DATA — PIPELINE/CONSTRAINT VERIFICATION ONLY
5,VNS_r3_c5,VNS,Varanasi,152.51,198,False,SYNTHETIC DATA — PIPELINE/CONSTRAINT VERIFICATION ONLY
5,VNS_r3_c6,VNS,Varanasi,135.38,175,False,SYNTHETIC DATA — PIPELINE/CONSTRAINT VERIFICATION ONLY
5,VNS_r4_c0,VNS,Varanasi,129.28,168,False,SYNTHETIC DATA — PIPELINE/CONSTRAINT VERIFICATION ONLY
5,VNS_r4_c1,VNS,Varanasi,149.15,193,False,SYNTHETIC DATA — PIPELINE/CONSTRAINT VERIFICATION ONLY
5,VNS_r4_c2,VNS,Varanasi,158.64,206,False,SYNTHETIC DATA — PIPELINE/CONSTRAINT VERIFICATION ONLY
5,VNS_r4_c3,VNS,Varanasi,161.07,209,False,SYNTHETIC DATA — PIPELINE/CONSTRAINT VERIFICATION ONLY
5,VNS_r4_c4,VNS,Varanasi,155.11,201,False,SYNTHETIC DATA — PIPELINE/CONSTRAINT VERIFICATION ONLY
5,VNS_r4_c5,VNS,Varanasi,145.83,189,False,SYNTHETIC DATA — PIPELINE/CONSTRAINT VERIFICATION ONLY
5,VNS_r4_c6,VNS,Varanasi,133.25,173,False,SYNTHETIC DATA — PIPELINE/CONSTRAINT VERIFICATION ONLY
5,VNS_r5_c0,VNS,Varanasi,126.19,164,False,SYNTHETIC DATA — PIPELINE/CONSTRAINT VERIFICATION ONLY
5,VNS_r5_c1,VNS,Varanasi,137.51,178,False,SYNTHETIC DATA — PIPELINE/CONSTRAINT VERIFICATION ONLY
5,VNS_r5_c2,VNS,Varanasi,150.04,195,False,SYNTHETIC DATA — PIPELINE/CONSTRAINT VERIFICATION ONLY
5,VNS_r5_c3,VNS,Varanasi,151.49,196,False,SYNTHETIC DATA — PIPELINE/CONSTRAINT VERIFICATION ONLY
5,VNS_r5_c4,VNS,Varanasi,145.51,189,False,SYNTHETIC DATA — PIPELINE/CONSTRAINT VERIFICATION ONLY
5,VNS_r5_c5,VNS,Varanasi,139.4,181,False,SYNTHETIC DATA — PIPELINE/CONSTRAINT VERIFICATION ONLY
5,VNS_r5_c6,VNS,Varanasi,122.5,159,False,SYNTHETIC DATA — PIPELINE/CONSTRAINT VERIFICATION ONLY
5,VNS_r6_c0,VNS,Varanasi,117.8,153,False,SYNTHETIC DATA — PIPELINE/CONSTRAINT VERIFICATION ONLY
5,VNS_r6_c1,VNS,Varanasi,131.03,170,False,SYNTHETIC DATA — PIPELINE/CONSTRAINT VERIFICATION ONLY
5,VNS_r6_c2,VNS,Varanasi,131.21,170,False,SYNTHETIC DATA — PIPELINE/CONSTRAINT VERIFICATION ONLY
5,VNS_r6_c3,VNS,Varanasi,131.61,171,False,SYNTHETIC DATA — PIPELINE/CONSTRAINT VERIFICATION ONLY
5,VNS_r6_c4,VNS,Varanasi,129.9,168,False,SYNTHETIC DATA — PIPELINE/CONSTRAINT VERIFICATION ONLY
5,VNS_r6_c5,VNS,Varanasi,122.33,159,False,SYNTHETIC DATA — PIPELINE/CONSTRAINT VERIFICATION ONLY
5,VNS_r6_c6,VNS,Varanasi,114.25,148,False,SYNTHETIC DATA — PIPELINE/CONSTRAINT VERIFICATION ONLY
5,JAI_r0_c0,JAI,Jaipur,84.4,109,False,SYNTHETIC DATA — PIPELINE/CONSTRAINT VERIFICATION ONLY
5,JAI_r0_c1,JAI,Jaipur,87.89,114,False,SYNTHETIC DATA — PIPELINE/CONSTRAINT VERIFICATION ONLY
5,JAI_r0_c2,JAI,Jaipur,96.74,125,False,SYNTHETIC DATA — PIPELINE/CONSTRAINT VERIFICATION ONLY
5,JAI_r0_c3,JAI,Jaipur,101.09,131,False,SYNTHETIC DATA — PIPELINE/CONSTRAINT VERIFICATION ONLY
5,JAI_r0_c4,JAI,Jaipur,93.97,122,False,SYNTHETIC DATA — PIPELINE/CONSTRAINT VERIFICATION ONLY
5,JAI_r0_c5,JAI,Jaipur,96.67,125,False,SYNTHETIC DATA — PIPELINE/CONSTRAINT VERIFICATION ONLY
5,JAI_r0_c6,JAI,Jaipur,87.04,113,False,SYNTHETIC DATA — PIPELINE/CONSTRAINT VERIFICATION ONLY
5,JAI_r1_c0,JAI,Jaipur,95.2,123,False,SYNTHETIC DATA — PIPELINE/CONSTRAINT VERIFICATION ONLY
5,JAI_r1_c1,JAI,Jaipur,98.18,127,False,SYNTHETIC DATA — PIPELINE/CONSTRAINT VERIFICATION ONLY
5,JAI_r1_c2,JAI,Jaipur,108.85,141,False,SYNTHETIC DATA — PIPELINE/CONSTRAINT VERIFICATION ONLY
5,JAI_r1_c3,JAI,Jaipur,105.46,137,False,SYNTHETIC DATA — PIPELINE/CONSTRAINT VERIFICATION ONLY
5,JAI_r1_c4,JAI,Jaipur,108.96,141,False,SYNTHETIC DATA — PIPELINE/CONSTRAINT VERIFICATION ONLY
5,JAI_r1_c5,JAI,Jaipur,100.67,130,False,SYNTHETIC DATA — PIPELINE/CONSTRAINT VERIFICATION ONLY
5,JAI_r1_c6,JAI,Jaipur,93.77,121,False,SYNTHETIC DATA — PIPELINE/CONSTRAINT VERIFICATION ONLY
5,JAI_r2_c0,JAI,Jaipur,93.17,121,False,SYNTHETIC DATA — PIPELINE/CONSTRAINT VERIFICATION ONLY
5,JAI_r2_c1,JAI,Jaipur,103.6,134,False,SYNTHETIC DATA — PIPELINE/CONSTRAINT VERIFICATION ONLY
5,JAI_r2_c2,JAI,Jaipur,116.59,151,False,SYNTHETIC DATA — PIPELINE/CONSTRAINT VERIFICATION ONLY
5,JAI_r2_c3,JAI,Jaipur,116.24,151,False,SYNTHETIC DATA — PIPELINE/CONSTRAINT VERIFICATION ONLY
5,JAI_r2_c4,JAI,Jaipur,116.19,151,False,SYNTHETIC DATA — PIPELINE/CONSTRAINT VERIFICATION ONLY
5,JAI_r2_c5,JAI,Jaipur,102.19,132,False,SYNTHETIC DATA — PIPELINE/CONSTRAINT VERIFICATION ONLY
5,JAI_r2_c6,JAI,Jaipur,99.24,129,False,SYNTHETIC DATA — PIPELINE/CONSTRAINT VERIFICATION ONLY
5,JAI_r3_c0,JAI,Jaipur,94.68,123,False,SYNTHETIC DATA — PIPELINE/CONSTRAINT VERIFICATION ONLY
5,JAI_r3_c1,JAI,Jaipur,110.39,143,False,SYNTHETIC DATA — PIPELINE/CONSTRAINT VERIFICATION ONLY
5,JAI_r3_c2,JAI,Jaipur,120.97,157,False,SYNTHETIC DATA — PIPELINE/CONSTRAINT VERIFICATION ONLY
5,JAI_r3_c3,JAI,Jaipur,127.36,165,True,SYNTHETIC DATA — PIPELINE/CONSTRAINT VERIFICATION ONLY
5,JAI_r3_c4,JAI,Jaipur,120.84,157,False,SYNTHETIC DATA — PIPELINE/CONSTRAINT VERIFICATION ONLY
5,JAI_r3_c5,JAI,Jaipur,109.52,142,False,SYNTHETIC DATA — PIPELINE/CONSTRAINT VERIFICATION ONLY
5,JAI_r3_c6,JAI,Jaipur,96.76,125,False,SYNTHETIC DATA — PIPELINE/CONSTRAINT VERIFICATION ONLY
5,JAI_r4_c0,JAI,Jaipur,93.67,121,False,SYNTHETIC DATA — PIPELINE/CONSTRAINT VERIFICATION ONLY
5,JAI_r4_c1,JAI,Jaipur,100.4,130,False,SYNTHETIC DATA — PIPELINE/CONSTRAINT VERIFICATION ONLY
5,JAI_r4_c2,JAI,Jaipur,115.85,150,False,SYNTHETIC DATA — PIPELINE/CONSTRAINT VERIFICATION ONLY
5,JAI_r4_c3,JAI,Jaipur,114.4,148,False,SYNTHETIC DATA — PIPELINE/CONSTRAINT VERIFICATION ONLY
5,JAI_r4_c4,JAI,Jaipur,115.09,149,False,SYNTHETIC DATA — PIPELINE/CONSTRAINT VERIFICATION ONLY
5,JAI_r4_c5,JAI,Jaipur,105.5,137,False,SYNTHETIC DATA — PIPELINE/CONSTRAINT VERIFICATION ONLY
5,JAI_r4_c6,JAI,Jaipur,98.74,128,False,SYNTHETIC DATA — PIPELINE/CONSTRAINT VERIFICATION ONLY
5,JAI_r5_c0,JAI,Jaipur,91.2,118,False,SYNTHETIC DATA — PIPELINE/CONSTRAINT VERIFICATION ONLY
5,JAI_r5_c1,JAI,Jaipur,99.17,128,False,SYNTHETIC DATA — PIPELINE/CONSTRAINT VERIFICATION ONLY
5,JAI_r5_c2,JAI,Jaipur,108.49,141,False,SYNTHETIC DATA — PIPELINE/CONSTRAINT VERIFICATION ONLY
5,JAI_r5_c3,JAI,Jaipur,109.74,142,False,SYNTHETIC DATA — PIPELINE/CONSTRAINT VERIFICATION ONLY
5,JAI_r5_c4,JAI,Jaipur,107.24,139,False,SYNTHETIC DATA — PIPELINE/CONSTRAINT VERIFICATION ONLY
5,JAI_r5_c5,JAI,Jaipur,101.56,132,False,SYNTHETIC DATA — PIPELINE/CONSTRAINT VERIFICATION ONLY
5,JAI_r5_c6,JAI,Jaipur,87.5,113,False,SYNTHETIC DATA — PIPELINE/CONSTRAINT VERIFICATION ONLY
5,JAI_r6_c0,JAI,Jaipur,87.78,114,False,SYNTHETIC DATA — PIPELINE/CONSTRAINT VERIFICATION ONLY
5,JAI_r6_c1,JAI,Jaipur,93.95,122,False,SYNTHETIC DATA — PIPELINE/CONSTRAINT VERIFICATION ONLY
5,JAI_r6_c2,JAI,Jaipur,93.65,121,False,SYNTHETIC DATA — PIPELINE/CONSTRAINT VERIFICATION ONLY
5,JAI_r6_c3,JAI,Jaipur,97.65,126,False,SYNTHETIC DATA — PIPELINE/CONSTRAINT VERIFICATION ONLY
5,JAI_r6_c4,JAI,Jaipur,96.58,125,False,SYNTHETIC DATA — PIPELINE/CONSTRAINT VERIFICATION ONLY
5,JAI_r6_c5,JAI,Jaipur,91.7,119,False,SYNTHETIC DATA — PIPELINE/CONSTRAINT VERIFICATION ONLY
5,JAI_r6_c6,JAI,Jaipur,86.51,112,False,SYNTHETIC DATA — PIPELINE/CONSTRAINT VERIFICATION ONLY
5,AMD_r0_c0,AMD,Ahmedabad,85.92,111,False,SYNTHETIC DATA — PIPELINE/CONSTRAINT VERIFICATION ONLY
5,AMD_r0_c1,AMD,Ahmedabad,91.17,118,False,SYNTHETIC DATA — PIPELINE/CONSTRAINT VERIFICATION ONLY
5,AMD_r0_c2,AMD,Ahmedabad,88.37,114,False,SYNTHETIC DATA — PIPELINE/CONSTRAINT VERIFICATION ONLY
5,AMD_r0_c3,AMD,Ahmedabad,95.77,124,False,SYNTHETIC DATA — PIPELINE/CONSTRAINT VERIFICATION ONLY
5,AMD_r0_c4,AMD,Ahmedabad,96.29,125,False,SYNTHETIC DATA — PIPELINE/CONSTRAINT VERIFICATION ONLY
5,AMD_r0_c5,AMD,Ahmedabad,89.08,115,False,SYNTHETIC DATA — PIPELINE/CONSTRAINT VERIFICATION ONLY
5,AMD_r0_c6,AMD,Ahmedabad,84.9,110,False,SYNTHETIC DATA — PIPELINE/CONSTRAINT VERIFICATION ONLY
5,AMD_r1_c0,AMD,Ahmedabad,93.96,122,False,SYNTHETIC DATA — PIPELINE/CONSTRAINT VERIFICATION ONLY
5,AMD_r1_c1,AMD,Ahmedabad,98.67,128,False,SYNTHETIC DATA — PIPELINE/CONSTRAINT VERIFICATION ONLY
5,AMD_r1_c2,AMD,Ahmedabad,102.21,132,False,SYNTHETIC DATA — PIPELINE/CONSTRAINT VERIFICATION ONLY
5,AMD_r1_c3,AMD,Ahmedabad,106.93,139,False,SYNTHETIC DATA — PIPELINE/CONSTRAINT VERIFICATION ONLY
5,AMD_r1_c4,AMD,Ahmedabad,101.89,132,False,SYNTHETIC DATA — PIPELINE/CONSTRAINT VERIFICATION ONLY
5,AMD_r1_c5,AMD,Ahmedabad,95.67,124,False,SYNTHETIC DATA — PIPELINE/CONSTRAINT VERIFICATION ONLY
5,AMD_r1_c6,AMD,Ahmedabad,86.87,112,False,SYNTHETIC DATA — PIPELINE/CONSTRAINT VERIFICATION ONLY
5,AMD_r2_c0,AMD,Ahmedabad,96.99,126,False,SYNTHETIC DATA — PIPELINE/CONSTRAINT VERIFICATION ONLY
5,AMD_r2_c1,AMD,Ahmedabad,99.0,128,False,SYNTHETIC DATA — PIPELINE/CONSTRAINT VERIFICATION ONLY
5,AMD_r2_c2,AMD,Ahmedabad,114.18,148,False,SYNTHETIC DATA — PIPELINE/CONSTRAINT VERIFICATION ONLY
5,AMD_r2_c3,AMD,Ahmedabad,115.18,149,False,SYNTHETIC DATA — PIPELINE/CONSTRAINT VERIFICATION ONLY
5,AMD_r2_c4,AMD,Ahmedabad,105.38,136,False,SYNTHETIC DATA — PIPELINE/CONSTRAINT VERIFICATION ONLY
5,AMD_r2_c5,AMD,Ahmedabad,102.56,133,False,SYNTHETIC DATA — PIPELINE/CONSTRAINT VERIFICATION ONLY
5,AMD_r2_c6,AMD,Ahmedabad,86.0,111,False,SYNTHETIC DATA — PIPELINE/CONSTRAINT VERIFICATION ONLY
5,AMD_r3_c0,AMD,Ahmedabad,95.78,124,False,SYNTHETIC DATA — PIPELINE/CONSTRAINT VERIFICATION ONLY
5,AMD_r3_c1,AMD,Ahmedabad,106.45,138,False,SYNTHETIC DATA — PIPELINE/CONSTRAINT VERIFICATION ONLY
5,AMD_r3_c2,AMD,Ahmedabad,111.9,145,False,SYNTHETIC DATA — PIPELINE/CONSTRAINT VERIFICATION ONLY
5,AMD_r3_c3,AMD,Ahmedabad,123.93,161,True,SYNTHETIC DATA — PIPELINE/CONSTRAINT VERIFICATION ONLY
5,AMD_r3_c4,AMD,Ahmedabad,119.54,155,False,SYNTHETIC DATA — PIPELINE/CONSTRAINT VERIFICATION ONLY
5,AMD_r3_c5,AMD,Ahmedabad,102.27,132,False,SYNTHETIC DATA — PIPELINE/CONSTRAINT VERIFICATION ONLY
5,AMD_r3_c6,AMD,Ahmedabad,90.73,117,False,SYNTHETIC DATA — PIPELINE/CONSTRAINT VERIFICATION ONLY
5,AMD_r4_c0,AMD,Ahmedabad,96.75,125,False,SYNTHETIC DATA — PIPELINE/CONSTRAINT VERIFICATION ONLY
5,AMD_r4_c1,AMD,Ahmedabad,107.35,139,False,SYNTHETIC DATA — PIPELINE/CONSTRAINT VERIFICATION ONLY
5,AMD_r4_c2,AMD,Ahmedabad,109.59,142,False,SYNTHETIC DATA — PIPELINE/CONSTRAINT VERIFICATION ONLY
5,AMD_r4_c3,AMD,Ahmedabad,116.71,151,False,SYNTHETIC DATA — PIPELINE/CONSTRAINT VERIFICATION ONLY
5,AMD_r4_c4,AMD,Ahmedabad,113.61,147,False,SYNTHETIC DATA — PIPELINE/CONSTRAINT VERIFICATION ONLY
5,AMD_r4_c5,AMD,Ahmedabad,99.23,128,False,SYNTHETIC DATA — PIPELINE/CONSTRAINT VERIFICATION ONLY
5,AMD_r4_c6,AMD,Ahmedabad,90.85,118,False,SYNTHETIC DATA — PIPELINE/CONSTRAINT VERIFICATION ONLY
5,AMD_r5_c0,AMD,Ahmedabad,91.61,119,False,SYNTHETIC DATA — PIPELINE/CONSTRAINT VERIFICATION ONLY
5,AMD_r5_c1,AMD,Ahmedabad,100.66,130,False,SYNTHETIC DATA — PIPELINE/CONSTRAINT VERIFICATION ONLY
5,AMD_r5_c2,AMD,Ahmedabad,103.15,134,False,SYNTHETIC DATA — PIPELINE/CONSTRAINT VERIFICATION ONLY
5,AMD_r5_c3,AMD,Ahmedabad,101.15,131,False,SYNTHETIC DATA — PIPELINE/CONSTRAINT VERIFICATION ONLY
5,AMD_r5_c4,AMD,Ahmedabad,107.42,139,False,SYNTHETIC DATA — PIPELINE/CONSTRAINT VERIFICATION ONLY
5,AMD_r5_c5,AMD,Ahmedabad,94.01,122,False,SYNTHETIC DATA — PIPELINE/CONSTRAINT VERIFICATION ONLY
5,AMD_r5_c6,AMD,Ahmedabad,86.92,112,False,SYNTHETIC DATA — PIPELINE/CONSTRAINT VERIFICATION ONLY
5,AMD_r6_c0,AMD,Ahmedabad,82.65,107,False,SYNTHETIC DATA — PIPELINE/CONSTRAINT VERIFICATION ONLY
5,AMD_r6_c1,AMD,Ahmedabad,92.58,120,False,SYNTHETIC DATA — PIPELINE/CONSTRAINT VERIFICATION ONLY
5,AMD_r6_c2,AMD,Ahmedabad,94.86,123,False,SYNTHETIC DATA — PIPELINE/CONSTRAINT VERIFICATION ONLY
5,AMD_r6_c3,AMD,Ahmedabad,95.15,123,False,SYNTHETIC DATA — PIPELINE/CONSTRAINT VERIFICATION ONLY
5,AMD_r6_c4,AMD,Ahmedabad,93.69,121,False,SYNTHETIC DATA — PIPELINE/CONSTRAINT VERIFICATION ONLY
5,AMD_r6_c5,AMD,Ahmedabad,88.05,114,False,SYNTHETIC DATA — PIPELINE/CONSTRAINT VERIFICATION ONLY
5,AMD_r6_c6,AMD,Ahmedabad,83.3,108,False,SYNTHETIC DATA — PIPELINE/CONSTRAINT VERIFICATION ONLY
5,CCU_r0_c0,CCU,Kolkata,93.47,121,False,SYNTHETIC DATA — PIPELINE/CONSTRAINT VERIFICATION ONLY
5,CCU_r0_c1,CCU,Kolkata,107.96,140,False,SYNTHETIC DATA — PIPELINE/CONSTRAINT VERIFICATION ONLY
5,CCU_r0_c2,CCU,Kolkata,115.0,149,False,SYNTHETIC DATA — PIPELINE/CONSTRAINT VERIFICATION ONLY
5,CCU_r0_c3,CCU,Kolkata,112.81,146,False,SYNTHETIC DATA — PIPELINE/CONSTRAINT VERIFICATION ONLY
5,CCU_r0_c4,CCU,Kolkata,115.44,150,False,SYNTHETIC DATA — PIPELINE/CONSTRAINT VERIFICATION ONLY
5,CCU_r0_c5,CCU,Kolkata,108.24,140,False,SYNTHETIC DATA — PIPELINE/CONSTRAINT VERIFICATION ONLY
5,CCU_r0_c6,CCU,Kolkata,106.32,138,False,SYNTHETIC DATA — PIPELINE/CONSTRAINT VERIFICATION ONLY
5,CCU_r1_c0,CCU,Kolkata,113.57,147,False,SYNTHETIC DATA — PIPELINE/CONSTRAINT VERIFICATION ONLY
5,CCU_r1_c1,CCU,Kolkata,116.97,152,False,SYNTHETIC DATA — PIPELINE/CONSTRAINT VERIFICATION ONLY
5,CCU_r1_c2,CCU,Kolkata,125.16,162,False,SYNTHETIC DATA — PIPELINE/CONSTRAINT VERIFICATION ONLY
5,CCU_r1_c3,CCU,Kolkata,128.28,166,False,SYNTHETIC DATA — PIPELINE/CONSTRAINT VERIFICATION ONLY
5,CCU_r1_c4,CCU,Kolkata,124.26,161,False,SYNTHETIC DATA — PIPELINE/CONSTRAINT VERIFICATION ONLY
5,CCU_r1_c5,CCU,Kolkata,118.95,154,False,SYNTHETIC DATA — PIPELINE/CONSTRAINT VERIFICATION ONLY
5,CCU_r1_c6,CCU,Kolkata,106.58,138,False,SYNTHETIC DATA — PIPELINE/CONSTRAINT VERIFICATION ONLY
5,CCU_r2_c0,CCU,Kolkata,110.89,144,False,SYNTHETIC DATA — PIPELINE/CONSTRAINT VERIFICATION ONLY
5,CCU_r2_c1,CCU,Kolkata,127.48,165,False,SYNTHETIC DATA — PIPELINE/CONSTRAINT VERIFICATION ONLY
5,CCU_r2_c2,CCU,Kolkata,137.56,178,False,SYNTHETIC DATA — PIPELINE/CONSTRAINT VERIFICATION ONLY
5,CCU_r2_c3,CCU,Kolkata,138.33,179,False,SYNTHETIC DATA — PIPELINE/CONSTRAINT VERIFICATION ONLY
5,CCU_r2_c4,CCU,Kolkata,138.36,179,False,SYNTHETIC DATA — PIPELINE/CONSTRAINT VERIFICATION ONLY
5,CCU_r2_c5,CCU,Kolkata,123.72,160,False,SYNTHETIC DATA — PIPELINE/CONSTRAINT VERIFICATION ONLY
5,CCU_r2_c6,CCU,Kolkata,115.04,149,False,SYNTHETIC DATA — PIPELINE/CONSTRAINT VERIFICATION ONLY
5,CCU_r3_c0,CCU,Kolkata,118.73,154,False,SYNTHETIC DATA — PIPELINE/CONSTRAINT VERIFICATION ONLY
5,CCU_r3_c1,CCU,Kolkata,128.4,166,False,SYNTHETIC DATA — PIPELINE/CONSTRAINT VERIFICATION ONLY
5,CCU_r3_c2,CCU,Kolkata,142.11,184,False,SYNTHETIC DATA — PIPELINE/CONSTRAINT VERIFICATION ONLY
5,CCU_r3_c3,CCU,Kolkata,151.43,196,True,SYNTHETIC DATA — PIPELINE/CONSTRAINT VERIFICATION ONLY
5,CCU_r3_c4,CCU,Kolkata,140.15,182,False,SYNTHETIC DATA — PIPELINE/CONSTRAINT VERIFICATION ONLY
5,CCU_r3_c5,CCU,Kolkata,127.89,166,False,SYNTHETIC DATA — PIPELINE/CONSTRAINT VERIFICATION ONLY
5,CCU_r3_c6,CCU,Kolkata,114.03,148,False,SYNTHETIC DATA — PIPELINE/CONSTRAINT VERIFICATION ONLY
5,CCU_r4_c0,CCU,Kolkata,113.75,147,False,SYNTHETIC DATA — PIPELINE/CONSTRAINT VERIFICATION ONLY
5,CCU_r4_c1,CCU,Kolkata,120.97,157,False,SYNTHETIC DATA — PIPELINE/CONSTRAINT VERIFICATION ONLY
5,CCU_r4_c2,CCU,Kolkata,134.2,174,False,SYNTHETIC DATA — PIPELINE/CONSTRAINT VERIFICATION ONLY
5,CCU_r4_c3,CCU,Kolkata,139.89,181,False,SYNTHETIC DATA — PIPELINE/CONSTRAINT VERIFICATION ONLY
5,CCU_r4_c4,CCU,Kolkata,134.9,175,False,SYNTHETIC DATA — PIPELINE/CONSTRAINT VERIFICATION ONLY
5,CCU_r4_c5,CCU,Kolkata,124.89,162,False,SYNTHETIC DATA — PIPELINE/CONSTRAINT VERIFICATION ONLY
5,CCU_r4_c6,CCU,Kolkata,114.09,148,False,SYNTHETIC DATA — PIPELINE/CONSTRAINT VERIFICATION ONLY
5,CCU_r5_c0,CCU,Kolkata,110.29,143,False,SYNTHETIC DATA — PIPELINE/CONSTRAINT VERIFICATION ONLY
5,CCU_r5_c1,CCU,Kolkata,120.99,157,False,SYNTHETIC DATA — PIPELINE/CONSTRAINT VERIFICATION ONLY
5,CCU_r5_c2,CCU,Kolkata,123.67,160,False,SYNTHETIC DATA — PIPELINE/CONSTRAINT VERIFICATION ONLY
5,CCU_r5_c3,CCU,Kolkata,124.89,162,False,SYNTHETIC DATA — PIPELINE/CONSTRAINT VERIFICATION ONLY
5,CCU_r5_c4,CCU,Kolkata,122.49,159,False,SYNTHETIC DATA — PIPELINE/CONSTRAINT VERIFICATION ONLY
5,CCU_r5_c5,CCU,Kolkata,116.9,151,False,SYNTHETIC DATA — PIPELINE/CONSTRAINT VERIFICATION ONLY
5,CCU_r5_c6,CCU,Kolkata,107.8,140,False,SYNTHETIC DATA — PIPELINE/CONSTRAINT VERIFICATION ONLY
5,CCU_r6_c0,CCU,Kolkata,98.75,128,False,SYNTHETIC DATA — PIPELINE/CONSTRAINT VERIFICATION ONLY
5,CCU_r6_c1,CCU,Kolkata,104.97,136,False,SYNTHETIC DATA — PIPELINE/CONSTRAINT VERIFICATION ONLY
5,CCU_r6_c2,CCU,Kolkata,112.91,146,False,SYNTHETIC DATA — PIPELINE/CONSTRAINT VERIFICATION ONLY
5,CCU_r6_c3,CCU,Kolkata,116.81,151,False,SYNTHETIC DATA — PIPELINE/CONSTRAINT VERIFICATION ONLY
5,CCU_r6_c4,CCU,Kolkata,116.06,150,False,SYNTHETIC DATA — PIPELINE/CONSTRAINT VERIFICATION ONLY
5,CCU_r6_c5,CCU,Kolkata,107.18,139,False,SYNTHETIC DATA — PIPELINE/CONSTRAINT VERIFICATION ONLY
5,CCU_r6_c6,CCU,Kolkata,99.82,129,False,SYNTHETIC DATA — PIPELINE/CONSTRAINT VERIFICATION ONLY
5,HYD_r0_c0,HYD,Hyderabad,55.52,72,False,SYNTHETIC DATA — PIPELINE/CONSTRAINT VERIFICATION ONLY
5,HYD_r0_c1,HYD,Hyderabad,62.71,81,False,SYNTHETIC DATA — PIPELINE/CONSTRAINT VERIFICATION ONLY
5,HYD_r0_c2,HYD,Hyderabad,63.39,82,False,SYNTHETIC DATA — PIPELINE/CONSTRAINT VERIFICATION ONLY
5,HYD_r0_c3,HYD,Hyderabad,68.8,89,False,SYNTHETIC DATA — PIPELINE/CONSTRAINT VERIFICATION ONLY
5,HYD_r0_c4,HYD,Hyderabad,60.57,78,False,SYNTHETIC DATA — PIPELINE/CONSTRAINT VERIFICATION ONLY
5,HYD_r0_c5,HYD,Hyderabad,61.72,80,False,SYNTHETIC DATA — PIPELINE/CONSTRAINT VERIFICATION ONLY
5,HYD_r0_c6,HYD,Hyderabad,59.21,76,False,SYNTHETIC DATA — PIPELINE/CONSTRAINT VERIFICATION ONLY
5,HYD_r1_c0,HYD,Hyderabad,63.35,82,False,SYNTHETIC DATA — PIPELINE/CONSTRAINT VERIFICATION ONLY
5,HYD_r1_c1,HYD,Hyderabad,76.37,99,False,SYNTHETIC DATA — PIPELINE/CONSTRAINT VERIFICATION ONLY
5,HYD_r1_c2,HYD,Hyderabad,73.52,95,False,SYNTHETIC DATA — PIPELINE/CONSTRAINT VERIFICATION ONLY
5,HYD_r1_c3,HYD,Hyderabad,71.12,92,False,SYNTHETIC DATA — PIPELINE/CONSTRAINT VERIFICATION ONLY
5,HYD_r1_c4,HYD,Hyderabad,72.18,93,False,SYNTHETIC DATA — PIPELINE/CONSTRAINT VERIFICATION ONLY
5,HYD_r1_c5,HYD,Hyderabad,62.96,81,False,SYNTHETIC DATA — PIPELINE/CONSTRAINT VERIFICATION ONLY
5,HYD_r1_c6,HYD,Hyderabad,62.56,81,False,SYNTHETIC DATA — PIPELINE/CONSTRAINT VERIFICATION ONLY
5,HYD_r2_c0,HYD,Hyderabad,63.43,82,False,SYNTHETIC DATA — PIPELINE/CONSTRAINT VERIFICATION ONLY
5,HYD_r2_c1,HYD,Hyderabad,75.22,97,False,SYNTHETIC DATA — PIPELINE/CONSTRAINT VERIFICATION ONLY
5,HYD_r2_c2,HYD,Hyderabad,76.62,99,False,SYNTHETIC DATA — PIPELINE/CONSTRAINT VERIFICATION ONLY
5,HYD_r2_c3,HYD,Hyderabad,80.85,105,False,SYNTHETIC DATA — PIPELINE/CONSTRAINT VERIFICATION ONLY
5,HYD_r2_c4,HYD,Hyderabad,76.37,99,False,SYNTHETIC DATA — PIPELINE/CONSTRAINT VERIFICATION ONLY
5,HYD_r2_c5,HYD,Hyderabad,77.69,100,False,SYNTHETIC DATA — PIPELINE/CONSTRAINT VERIFICATION ONLY
5,HYD_r2_c6,HYD,Hyderabad,64.97,84,False,SYNTHETIC DATA — PIPELINE/CONSTRAINT VERIFICATION ONLY
5,HYD_r3_c0,HYD,Hyderabad,72.57,94,False,SYNTHETIC DATA — PIPELINE/CONSTRAINT VERIFICATION ONLY
5,HYD_r3_c1,HYD,Hyderabad,76.58,99,False,SYNTHETIC DATA — PIPELINE/CONSTRAINT VERIFICATION ONLY
5,HYD_r3_c2,HYD,Hyderabad,82.64,107,False,SYNTHETIC DATA — PIPELINE/CONSTRAINT VERIFICATION ONLY
5,HYD_r3_c3,HYD,Hyderabad,89.36,116,True,SYNTHETIC DATA — PIPELINE/CONSTRAINT VERIFICATION ONLY
5,HYD_r3_c4,HYD,Hyderabad,82.38,107,False,SYNTHETIC DATA — PIPELINE/CONSTRAINT VERIFICATION ONLY
5,HYD_r3_c5,HYD,Hyderabad,68.35,88,False,SYNTHETIC DATA — PIPELINE/CONSTRAINT VERIFICATION ONLY
5,HYD_r3_c6,HYD,Hyderabad,66.24,86,False,SYNTHETIC DATA — PIPELINE/CONSTRAINT VERIFICATION ONLY
5,HYD_r4_c0,HYD,Hyderabad,68.47,89,False,SYNTHETIC DATA — PIPELINE/CONSTRAINT VERIFICATION ONLY
5,HYD_r4_c1,HYD,Hyderabad,72.32,94,False,SYNTHETIC DATA — PIPELINE/CONSTRAINT VERIFICATION ONLY
5,HYD_r4_c2,HYD,Hyderabad,74.06,96,False,SYNTHETIC DATA — PIPELINE/CONSTRAINT VERIFICATION ONLY
5,HYD_r4_c3,HYD,Hyderabad,81.04,105,False,SYNTHETIC DATA — PIPELINE/CONSTRAINT VERIFICATION ONLY
5,HYD_r4_c4,HYD,Hyderabad,83.39,108,False,SYNTHETIC DATA — PIPELINE/CONSTRAINT VERIFICATION ONLY
5,HYD_r4_c5,HYD,Hyderabad,76.21,99,False,SYNTHETIC DATA — PIPELINE/CONSTRAINT VERIFICATION ONLY
5,HYD_r4_c6,HYD,Hyderabad,65.74,85,False,SYNTHETIC DATA — PIPELINE/CONSTRAINT VERIFICATION ONLY
5,HYD_r5_c0,HYD,Hyderabad,65.66,85,False,SYNTHETIC DATA — PIPELINE/CONSTRAINT VERIFICATION ONLY
5,HYD_r5_c1,HYD,Hyderabad,67.19,87,False,SYNTHETIC DATA — PIPELINE/CONSTRAINT VERIFICATION ONLY
5,HYD_r5_c2,HYD,Hyderabad,67.36,87,False,SYNTHETIC DATA — PIPELINE/CONSTRAINT VERIFICATION ONLY
5,HYD_r5_c3,HYD,Hyderabad,71.36,92,False,SYNTHETIC DATA — PIPELINE/CONSTRAINT VERIFICATION ONLY
5,HYD_r5_c4,HYD,Hyderabad,77.16,100,False,SYNTHETIC DATA — PIPELINE/CONSTRAINT VERIFICATION ONLY
5,HYD_r5_c5,HYD,Hyderabad,67.47,87,False,SYNTHETIC DATA — PIPELINE/CONSTRAINT VERIFICATION ONLY
5,HYD_r5_c6,HYD,Hyderabad,62.07,80,False,SYNTHETIC DATA — PIPELINE/CONSTRAINT VERIFICATION ONLY
5,HYD_r6_c0,HYD,Hyderabad,57.4,74,False,SYNTHETIC DATA — PIPELINE/CONSTRAINT VERIFICATION ONLY
5,HYD_r6_c1,HYD,Hyderabad,68.51,89,False,SYNTHETIC DATA — PIPELINE/CONSTRAINT VERIFICATION ONLY
5,HYD_r6_c2,HYD,Hyderabad,70.81,92,False,SYNTHETIC DATA — PIPELINE/CONSTRAINT VERIFICATION ONLY
5,HYD_r6_c3,HYD,Hyderabad,73.73,95,False,SYNTHETIC DATA — PIPELINE/CONSTRAINT VERIFICATION ONLY
5,HYD_r6_c4,HYD,Hyderabad,65.45,85,False,SYNTHETIC DATA — PIPELINE/CONSTRAINT VERIFICATION ONLY
5,HYD_r6_c5,HYD,Hyderabad,63.69,82,False,SYNTHETIC DATA — PIPELINE/CONSTRAINT VERIFICATION ONLY
5,HYD_r6_c6,HYD,Hyderabad,53.75,69,False,SYNTHETIC DATA — PIPELINE/CONSTRAINT VERIFICATION ONLY
5,BLR_r0_c0,BLR,Bengaluru,39.41,51,False,SYNTHETIC DATA — PIPELINE/CONSTRAINT VERIFICATION ONLY
5,BLR_r0_c1,BLR,Bengaluru,34.18,44,False,SYNTHETIC DATA — PIPELINE/CONSTRAINT VERIFICATION ONLY
5,BLR_r0_c2,BLR,Bengaluru,40.21,52,False,SYNTHETIC DATA — PIPELINE/CONSTRAINT VERIFICATION ONLY
5,BLR_r0_c3,BLR,Bengaluru,36.95,48,False,SYNTHETIC DATA — PIPELINE/CONSTRAINT VERIFICATION ONLY
5,BLR_r0_c4,BLR,Bengaluru,37.79,49,False,SYNTHETIC DATA — PIPELINE/CONSTRAINT VERIFICATION ONLY
5,BLR_r0_c5,BLR,Bengaluru,35.17,45,False,SYNTHETIC DATA — PIPELINE/CONSTRAINT VERIFICATION ONLY
5,BLR_r0_c6,BLR,Bengaluru,33.16,43,False,SYNTHETIC DATA — PIPELINE/CONSTRAINT VERIFICATION ONLY
5,BLR_r1_c0,BLR,Bengaluru,36.06,46,False,SYNTHETIC DATA — PIPELINE/CONSTRAINT VERIFICATION ONLY
5,BLR_r1_c1,BLR,Bengaluru,39.33,51,False,SYNTHETIC DATA — PIPELINE/CONSTRAINT VERIFICATION ONLY
5,BLR_r1_c2,BLR,Bengaluru,45.98,59,False,SYNTHETIC DATA — PIPELINE/CONSTRAINT VERIFICATION ONLY
5,BLR_r1_c3,BLR,Bengaluru,41.17,53,False,SYNTHETIC DATA — PIPELINE/CONSTRAINT VERIFICATION ONLY
5,BLR_r1_c4,BLR,Bengaluru,44.14,57,False,SYNTHETIC DATA — PIPELINE/CONSTRAINT VERIFICATION ONLY
5,BLR_r1_c5,BLR,Bengaluru,44.63,58,False,SYNTHETIC DATA — PIPELINE/CONSTRAINT VERIFICATION ONLY
5,BLR_r1_c6,BLR,Bengaluru,36.14,46,False,SYNTHETIC DATA — PIPELINE/CONSTRAINT VERIFICATION ONLY
5,BLR_r2_c0,BLR,Bengaluru,37.4,48,False,SYNTHETIC DATA — PIPELINE/CONSTRAINT VERIFICATION ONLY
5,BLR_r2_c1,BLR,Bengaluru,42.79,55,False,SYNTHETIC DATA — PIPELINE/CONSTRAINT VERIFICATION ONLY
5,BLR_r2_c2,BLR,Bengaluru,50.5,65,False,SYNTHETIC DATA — PIPELINE/CONSTRAINT VERIFICATION ONLY
5,BLR_r2_c3,BLR,Bengaluru,49.3,64,False,SYNTHETIC DATA — PIPELINE/CONSTRAINT VERIFICATION ONLY
5,BLR_r2_c4,BLR,Bengaluru,45.37,58,False,SYNTHETIC DATA — PIPELINE/CONSTRAINT VERIFICATION ONLY
5,BLR_r2_c5,BLR,Bengaluru,44.93,58,False,SYNTHETIC DATA — PIPELINE/CONSTRAINT VERIFICATION ONLY
5,BLR_r2_c6,BLR,Bengaluru,36.25,47,False,SYNTHETIC DATA — PIPELINE/CONSTRAINT VERIFICATION ONLY
5,BLR_r3_c0,BLR,Bengaluru,42.29,54,False,SYNTHETIC DATA — PIPELINE/CONSTRAINT VERIFICATION ONLY
5,BLR_r3_c1,BLR,Bengaluru,45.71,59,False,SYNTHETIC DATA — PIPELINE/CONSTRAINT VERIFICATION ONLY
5,BLR_r3_c2,BLR,Bengaluru,47.8,62,False,SYNTHETIC DATA — PIPELINE/CONSTRAINT VERIFICATION ONLY
5,BLR_r3_c3,BLR,Bengaluru,50.44,65,True,SYNTHETIC DATA — PIPELINE/CONSTRAINT VERIFICATION ONLY
5,BLR_r3_c4,BLR,Bengaluru,46.06,59,False,SYNTHETIC DATA — PIPELINE/CONSTRAINT VERIFICATION ONLY
5,BLR_r3_c5,BLR,Bengaluru,46.09,59,False,SYNTHETIC DATA — PIPELINE/CONSTRAINT VERIFICATION ONLY
5,BLR_r3_c6,BLR,Bengaluru,43.93,57,False,SYNTHETIC DATA — PIPELINE/CONSTRAINT VERIFICATION ONLY
5,BLR_r4_c0,BLR,Bengaluru,37.65,48,False,SYNTHETIC DATA — PIPELINE/CONSTRAINT VERIFICATION ONLY
5,BLR_r4_c1,BLR,Bengaluru,44.86,58,False,SYNTHETIC DATA — PIPELINE/CONSTRAINT VERIFICATION ONLY
5,BLR_r4_c2,BLR,Bengaluru,40.7,52,False,SYNTHETIC DATA — PIPELINE/CONSTRAINT VERIFICATION ONLY
5,BLR_r4_c3,BLR,Bengaluru,46.96,61,False,SYNTHETIC DATA — PIPELINE/CONSTRAINT VERIFICATION ONLY
5,BLR_r4_c4,BLR,Bengaluru,46.87,60,False,SYNTHETIC DATA — PIPELINE/CONSTRAINT VERIFICATION ONLY
5,BLR_r4_c5,BLR,Bengaluru,40.75,52,False,SYNTHETIC DATA — PIPELINE/CONSTRAINT VERIFICATION ONLY
5,BLR_r4_c6,BLR,Bengaluru,36.75,47,False,SYNTHETIC DATA — PIPELINE/CONSTRAINT VERIFICATION ONLY
5,BLR_r5_c0,BLR,Bengaluru,35.68,46,False,SYNTHETIC DATA — PIPELINE/CONSTRAINT VERIFICATION ONLY
5,BLR_r5_c1,BLR,Bengaluru,41.85,54,False,SYNTHETIC DATA — PIPELINE/CONSTRAINT VERIFICATION ONLY
5,BLR_r5_c2,BLR,Bengaluru,42.92,55,False,SYNTHETIC DATA — PIPELINE/CONSTRAINT VERIFICATION ONLY
5,BLR_r5_c3,BLR,Bengaluru,37.77,49,False,SYNTHETIC DATA — PIPELINE/CONSTRAINT VERIFICATION ONLY
5,BLR_r5_c4,BLR,Bengaluru,37.12,48,False,SYNTHETIC DATA — PIPELINE/CONSTRAINT VERIFICATION ONLY
5,BLR_r5_c5,BLR,Bengaluru,39.15,50,False,SYNTHETIC DATA — PIPELINE/CONSTRAINT VERIFICATION ONLY
5,BLR_r5_c6,BLR,Bengaluru,39.05,50,False,SYNTHETIC DATA — PIPELINE/CONSTRAINT VERIFICATION ONLY
5,BLR_r6_c0,BLR,Bengaluru,26.74,34,False,SYNTHETIC DATA — PIPELINE/CONSTRAINT VERIFICATION ONLY
5,BLR_r6_c1,BLR,Bengaluru,36.18,47,False,SYNTHETIC DATA — PIPELINE/CONSTRAINT VERIFICATION ONLY
5,BLR_r6_c2,BLR,Bengaluru,37.98,49,False,SYNTHETIC DATA — PIPELINE/CONSTRAINT VERIFICATION ONLY
5,BLR_r6_c3,BLR,Bengaluru,44.41,57,False,SYNTHETIC DATA — PIPELINE/CONSTRAINT VERIFICATION ONLY
5,BLR_r6_c4,BLR,Bengaluru,38.4,49,False,SYNTHETIC DATA — PIPELINE/CONSTRAINT VERIFICATION ONLY
5,BLR_r6_c5,BLR,Bengaluru,38.83,50,False,SYNTHETIC DATA — PIPELINE/CONSTRAINT VERIFICATION ONLY
5,BLR_r6_c6,BLR,Bengaluru,35.41,46,False,SYNTHETIC DATA — PIPELINE/CONSTRAINT VERIFICATION ONLY
5,MAA_r0_c0,MAA,Chennai,36.36,47,False,SYNTHETIC DATA — PIPELINE/CONSTRAINT VERIFICATION ONLY
5,MAA_r0_c1,MAA,Chennai,48.36,62,False,SYNTHETIC DATA — PIPELINE/CONSTRAINT VERIFICATION ONLY
5,MAA_r0_c2,MAA,Chennai,49.0,63,False,SYNTHETIC DATA — PIPELINE/CONSTRAINT VERIFICATION ONLY
5,MAA_r0_c3,MAA,Chennai,50.71,65,False,SYNTHETIC DATA — PIPELINE/CONSTRAINT VERIFICATION ONLY
5,MAA_r0_c4,MAA,Chennai,60.13,78,False,SYNTHETIC DATA — PIPELINE/CONSTRAINT VERIFICATION ONLY
5,MAA_r0_c5,MAA,Chennai,39.8,51,False,SYNTHETIC DATA — PIPELINE/CONSTRAINT VERIFICATION ONLY
5,MAA_r0_c6,MAA,Chennai,47.93,62,False,SYNTHETIC DATA — PIPELINE/CONSTRAINT VERIFICATION ONLY
5,MAA_r1_c0,MAA,Chennai,45.19,58,False,SYNTHETIC DATA — PIPELINE/CONSTRAINT VERIFICATION ONLY
5,MAA_r1_c1,MAA,Chennai,50.94,66,False,SYNTHETIC DATA — PIPELINE/CONSTRAINT VERIFICATION ONLY
5,MAA_r1_c2,MAA,Chennai,53.01,68,False,SYNTHETIC DATA — PIPELINE/CONSTRAINT VERIFICATION ONLY
5,MAA_r1_c3,MAA,Chennai,53.09,69,False,SYNTHETIC DATA — PIPELINE/CONSTRAINT VERIFICATION ONLY
5,MAA_r1_c4,MAA,Chennai,51.44,66,False,SYNTHETIC DATA — PIPELINE/CONSTRAINT VERIFICATION ONLY
5,MAA_r1_c5,MAA,Chennai,51.07,66,False,SYNTHETIC DATA — PIPELINE/CONSTRAINT VERIFICATION ONLY
5,MAA_r1_c6,MAA,Chennai,41.5,53,False,SYNTHETIC DATA — PIPELINE/CONSTRAINT VERIFICATION ONLY
5,MAA_r2_c0,MAA,Chennai,50.6,65,False,SYNTHETIC DATA — PIPELINE/CONSTRAINT VERIFICATION ONLY
5,MAA_r2_c1,MAA,Chennai,51.9,67,False,SYNTHETIC DATA — PIPELINE/CONSTRAINT VERIFICATION ONLY
5,MAA_r2_c2,MAA,Chennai,54.01,70,False,SYNTHETIC DATA — PIPELINE/CONSTRAINT VERIFICATION ONLY
5,MAA_r2_c3,MAA,Chennai,58.19,75,False,SYNTHETIC DATA — PIPELINE/CONSTRAINT VERIFICATION ONLY
5,MAA_r2_c4,MAA,Chennai,61.17,79,False,SYNTHETIC DATA — PIPELINE/CONSTRAINT VERIFICATION ONLY
5,MAA_r2_c5,MAA,Chennai,51.54,67,False,SYNTHETIC DATA — PIPELINE/CONSTRAINT VERIFICATION ONLY
5,MAA_r2_c6,MAA,Chennai,49.42,64,False,SYNTHETIC DATA — PIPELINE/CONSTRAINT VERIFICATION ONLY
5,MAA_r3_c0,MAA,Chennai,47.0,61,False,SYNTHETIC DATA — PIPELINE/CONSTRAINT VERIFICATION ONLY
5,MAA_r3_c1,MAA,Chennai,56.64,73,False,SYNTHETIC DATA — PIPELINE/CONSTRAINT VERIFICATION ONLY
5,MAA_r3_c2,MAA,Chennai,61.6,80,False,SYNTHETIC DATA — PIPELINE/CONSTRAINT VERIFICATION ONLY
5,MAA_r3_c3,MAA,Chennai,70.27,91,True,SYNTHETIC DATA — PIPELINE/CONSTRAINT VERIFICATION ONLY
5,MAA_r3_c4,MAA,Chennai,59.02,76,False,SYNTHETIC DATA — PIPELINE/CONSTRAINT VERIFICATION ONLY
5,MAA_r3_c5,MAA,Chennai,56.37,73,False,SYNTHETIC DATA — PIPELINE/CONSTRAINT VERIFICATION ONLY
5,MAA_r3_c6,MAA,Chennai,49.48,64,False,SYNTHETIC DATA — PIPELINE/CONSTRAINT VERIFICATION ONLY
5,MAA_r4_c0,MAA,Chennai,52.24,67,False,SYNTHETIC DATA — PIPELINE/CONSTRAINT VERIFICATION ONLY
5,MAA_r4_c1,MAA,Chennai,50.99,66,False,SYNTHETIC DATA — PIPELINE/CONSTRAINT VERIFICATION ONLY
5,MAA_r4_c2,MAA,Chennai,59.64,77,False,SYNTHETIC DATA — PIPELINE/CONSTRAINT VERIFICATION ONLY
5,MAA_r4_c3,MAA,Chennai,58.96,76,False,SYNTHETIC DATA — PIPELINE/CONSTRAINT VERIFICATION ONLY
5,MAA_r4_c4,MAA,Chennai,57.21,74,False,SYNTHETIC DATA — PIPELINE/CONSTRAINT VERIFICATION ONLY
5,MAA_r4_c5,MAA,Chennai,53.42,69,False,SYNTHETIC DATA — PIPELINE/CONSTRAINT VERIFICATION ONLY
5,MAA_r4_c6,MAA,Chennai,49.11,63,False,SYNTHETIC DATA — PIPELINE/CONSTRAINT VERIFICATION ONLY
5,MAA_r5_c0,MAA,Chennai,45.71,59,False,SYNTHETIC DATA — PIPELINE/CONSTRAINT VERIFICATION ONLY
5,MAA_r5_c1,MAA,Chennai,50.72,65,False,SYNTHETIC DATA — PIPELINE/CONSTRAINT VERIFICATION ONLY
5,MAA_r5_c2,MAA,Chennai,57.88,75,False,SYNTHETIC DATA — PIPELINE/CONSTRAINT VERIFICATION ONLY
5,MAA_r5_c3,MAA,Chennai,57.32,74,False,SYNTHETIC DATA — PIPELINE/CONSTRAINT VERIFICATION ONLY
5,MAA_r5_c4,MAA,Chennai,55.75,72,False,SYNTHETIC DATA — PIPELINE/CONSTRAINT VERIFICATION ONLY
5,MAA_r5_c5,MAA,Chennai,48.71,63,False,SYNTHETIC DATA — PIPELINE/CONSTRAINT VERIFICATION ONLY
5,MAA_r5_c6,MAA,Chennai,43.39,56,False,SYNTHETIC DATA — PIPELINE/CONSTRAINT VERIFICATION ONLY
5,MAA_r6_c0,MAA,Chennai,45.62,59,False,SYNTHETIC DATA — PIPELINE/CONSTRAINT VERIFICATION ONLY
5,MAA_r6_c1,MAA,Chennai,48.68,63,False,SYNTHETIC DATA — PIPELINE/CONSTRAINT VERIFICATION ONLY
5,MAA_r6_c2,MAA,Chennai,52.77,68,False,SYNTHETIC DATA — PIPELINE/CONSTRAINT VERIFICATION ONLY
5,MAA_r6_c3,MAA,Chennai,47.38,61,False,SYNTHETIC DATA — PIPELINE/CONSTRAINT VERIFICATION ONLY
5,MAA_r6_c4,MAA,Chennai,47.66,61,False,SYNTHETIC DATA — PIPELINE/CONSTRAINT VERIFICATION ONLY
5,MAA_r6_c5,MAA,Chennai,41.14,53,False,SYNTHETIC DATA — PIPELINE/CONSTRAINT VERIFICATION ONLY
5,MAA_r6_c6,MAA,Chennai,41.58,54,False,SYNTHETIC DATA — PIPELINE/CONSTRAINT VERIFICATION ONLY
6,DEL_r0_c0,DEL,Delhi,147.64,191,False,SYNTHETIC DATA — PIPELINE/CONSTRAINT VERIFICATION ONLY
6,DEL_r0_c1,DEL,Delhi,154.41,200,False,SYNTHETIC DATA — PIPELINE/CONSTRAINT VERIFICATION ONLY
6,DEL_r0_c2,DEL,Delhi,165.5,215,False,SYNTHETIC DATA — PIPELINE/CONSTRAINT VERIFICATION ONLY
6,DEL_r0_c3,DEL,Delhi,165.85,215,False,SYNTHETIC DATA — PIPELINE/CONSTRAINT VERIFICATION ONLY
6,DEL_r0_c4,DEL,Delhi,164.55,213,False,SYNTHETIC DATA — PIPELINE/CONSTRAINT VERIFICATION ONLY
6,DEL_r0_c5,DEL,Delhi,152.37,198,False,SYNTHETIC DATA — PIPELINE/CONSTRAINT VERIFICATION ONLY
6,DEL_r0_c6,DEL,Delhi,144.91,188,False,SYNTHETIC DATA — PIPELINE/CONSTRAINT VERIFICATION ONLY
6,DEL_r1_c0,DEL,Delhi,146.84,190,False,SYNTHETIC DATA — PIPELINE/CONSTRAINT VERIFICATION ONLY
6,DEL_r1_c1,DEL,Delhi,168.86,219,False,SYNTHETIC DATA — PIPELINE/CONSTRAINT VERIFICATION ONLY
6,DEL_r1_c2,DEL,Delhi,174.91,227,False,SYNTHETIC DATA — PIPELINE/CONSTRAINT VERIFICATION ONLY
6,DEL_r1_c3,DEL,Delhi,187.55,243,False,SYNTHETIC DATA — PIPELINE/CONSTRAINT VERIFICATION ONLY
6,DEL_r1_c4,DEL,Delhi,182.13,236,False,SYNTHETIC DATA — PIPELINE/CONSTRAINT VERIFICATION ONLY
6,DEL_r1_c5,DEL,Delhi,170.82,222,False,SYNTHETIC DATA — PIPELINE/CONSTRAINT VERIFICATION ONLY
6,DEL_r1_c6,DEL,Delhi,160.37,208,False,SYNTHETIC DATA — PIPELINE/CONSTRAINT VERIFICATION ONLY
6,DEL_r2_c0,DEL,Delhi,160.73,208,False,SYNTHETIC DATA — PIPELINE/CONSTRAINT VERIFICATION ONLY
6,DEL_r2_c1,DEL,Delhi,185.04,240,False,SYNTHETIC DATA — PIPELINE/CONSTRAINT VERIFICATION ONLY
6,DEL_r2_c2,DEL,Delhi,196.99,256,False,SYNTHETIC DATA — PIPELINE/CONSTRAINT VERIFICATION ONLY
6,DEL_r2_c3,DEL,Delhi,200.74,260,False,SYNTHETIC DATA — PIPELINE/CONSTRAINT VERIFICATION ONLY
6,DEL_r2_c4,DEL,Delhi,197.6,256,False,SYNTHETIC DATA — PIPELINE/CONSTRAINT VERIFICATION ONLY
6,DEL_r2_c5,DEL,Delhi,176.48,229,False,SYNTHETIC DATA — PIPELINE/CONSTRAINT VERIFICATION ONLY
6,DEL_r2_c6,DEL,Delhi,161.1,209,False,SYNTHETIC DATA — PIPELINE/CONSTRAINT VERIFICATION ONLY
6,DEL_r3_c0,DEL,Delhi,164.59,213,False,SYNTHETIC DATA — PIPELINE/CONSTRAINT VERIFICATION ONLY
6,DEL_r3_c1,DEL,Delhi,182.35,237,False,SYNTHETIC DATA — PIPELINE/CONSTRAINT VERIFICATION ONLY
6,DEL_r3_c2,DEL,Delhi,198.28,257,False,SYNTHETIC DATA — PIPELINE/CONSTRAINT VERIFICATION ONLY
6,DEL_r3_c3,DEL,Delhi,222.64,289,True,SYNTHETIC DATA — PIPELINE/CONSTRAINT VERIFICATION ONLY
6,DEL_r3_c4,DEL,Delhi,200.68,260,False,SYNTHETIC DATA — PIPELINE/CONSTRAINT VERIFICATION ONLY
6,DEL_r3_c5,DEL,Delhi,184.99,240,False,SYNTHETIC DATA — PIPELINE/CONSTRAINT VERIFICATION ONLY
6,DEL_r3_c6,DEL,Delhi,164.71,214,False,SYNTHETIC DATA — PIPELINE/CONSTRAINT VERIFICATION ONLY
6,DEL_r4_c0,DEL,Delhi,158.11,205,False,SYNTHETIC DATA — PIPELINE/CONSTRAINT VERIFICATION ONLY
6,DEL_r4_c1,DEL,Delhi,180.61,234,False,SYNTHETIC DATA — PIPELINE/CONSTRAINT VERIFICATION ONLY
6,DEL_r4_c2,DEL,Delhi,188.46,244,False,SYNTHETIC DATA — PIPELINE/CONSTRAINT VERIFICATION ONLY
6,DEL_r4_c3,DEL,Delhi,201.25,261,False,SYNTHETIC DATA — PIPELINE/CONSTRAINT VERIFICATION ONLY
6,DEL_r4_c4,DEL,Delhi,190.09,247,False,SYNTHETIC DATA — PIPELINE/CONSTRAINT VERIFICATION ONLY
6,DEL_r4_c5,DEL,Delhi,185.76,241,False,SYNTHETIC DATA — PIPELINE/CONSTRAINT VERIFICATION ONLY
6,DEL_r4_c6,DEL,Delhi,166.31,216,False,SYNTHETIC DATA — PIPELINE/CONSTRAINT VERIFICATION ONLY
6,DEL_r5_c0,DEL,Delhi,156.13,202,False,SYNTHETIC DATA — PIPELINE/CONSTRAINT VERIFICATION ONLY
6,DEL_r5_c1,DEL,Delhi,173.21,225,False,SYNTHETIC DATA — PIPELINE/CONSTRAINT VERIFICATION ONLY
6,DEL_r5_c2,DEL,Delhi,177.26,230,False,SYNTHETIC DATA — PIPELINE/CONSTRAINT VERIFICATION ONLY
6,DEL_r5_c3,DEL,Delhi,185.57,241,False,SYNTHETIC DATA — PIPELINE/CONSTRAINT VERIFICATION ONLY
6,DEL_r5_c4,DEL,Delhi,180.4,234,False,SYNTHETIC DATA — PIPELINE/CONSTRAINT VERIFICATION ONLY
6,DEL_r5_c5,DEL,Delhi,170.22,221,False,SYNTHETIC DATA — PIPELINE/CONSTRAINT VERIFICATION ONLY
6,DEL_r5_c6,DEL,Delhi,159.63,207,False,SYNTHETIC DATA — PIPELINE/CONSTRAINT VERIFICATION ONLY
6,DEL_r6_c0,DEL,Delhi,146.85,190,False,SYNTHETIC DATA — PIPELINE/CONSTRAINT VERIFICATION ONLY
6,DEL_r6_c1,DEL,Delhi,156.68,203,False,SYNTHETIC DATA — PIPELINE/CONSTRAINT VERIFICATION ONLY
6,DEL_r6_c2,DEL,Delhi,158.61,206,False,SYNTHETIC DATA — PIPELINE/CONSTRAINT VERIFICATION ONLY
6,DEL_r6_c3,DEL,Delhi,163.54,212,False,SYNTHETIC DATA — PIPELINE/CONSTRAINT VERIFICATION ONLY
6,DEL_r6_c4,DEL,Delhi,163.21,212,False,SYNTHETIC DATA — PIPELINE/CONSTRAINT VERIFICATION ONLY
6,DEL_r6_c5,DEL,Delhi,156.09,202,False,SYNTHETIC DATA — PIPELINE/CONSTRAINT VERIFICATION ONLY
6,DEL_r6_c6,DEL,Delhi,141.26,183,False,SYNTHETIC DATA — PIPELINE/CONSTRAINT VERIFICATION ONLY
6,BOM_r0_c0,BOM,Mumbai,79.56,103,False,SYNTHETIC DATA — PIPELINE/CONSTRAINT VERIFICATION ONLY
6,BOM_r0_c1,BOM,Mumbai,82.45,107,False,SYNTHETIC DATA — PIPELINE/CONSTRAINT VERIFICATION ONLY
6,BOM_r0_c2,BOM,Mumbai,83.59,108,False,SYNTHETIC DATA — PIPELINE/CONSTRAINT VERIFICATION ONLY
6,BOM_r0_c3,BOM,Mumbai,83.43,108,False,SYNTHETIC DATA — PIPELINE/CONSTRAINT VERIFICATION ONLY
6,BOM_r0_c4,BOM,Mumbai,81.15,105,False,SYNTHETIC DATA — PIPELINE/CONSTRAINT VERIFICATION ONLY
6,BOM_r0_c5,BOM,Mumbai,75.05,97,False,SYNTHETIC DATA — PIPELINE/CONSTRAINT VERIFICATION ONLY
6,BOM_r0_c6,BOM,Mumbai,72.56,94,False,SYNTHETIC DATA — PIPELINE/CONSTRAINT VERIFICATION ONLY
6,BOM_r1_c0,BOM,Mumbai,78.68,102,False,SYNTHETIC DATA — PIPELINE/CONSTRAINT VERIFICATION ONLY
6,BOM_r1_c1,BOM,Mumbai,80.99,105,False,SYNTHETIC DATA — PIPELINE/CONSTRAINT VERIFICATION ONLY
6,BOM_r1_c2,BOM,Mumbai,90.9,118,False,SYNTHETIC DATA — PIPELINE/CONSTRAINT VERIFICATION ONLY
6,BOM_r1_c3,BOM,Mumbai,91.5,118,False,SYNTHETIC DATA — PIPELINE/CONSTRAINT VERIFICATION ONLY
6,BOM_r1_c4,BOM,Mumbai,84.18,109,False,SYNTHETIC DATA — PIPELINE/CONSTRAINT VERIFICATION ONLY
6,BOM_r1_c5,BOM,Mumbai,82.13,106,False,SYNTHETIC DATA — PIPELINE/CONSTRAINT VERIFICATION ONLY
6,BOM_r1_c6,BOM,Mumbai,76.66,99,False,SYNTHETIC DATA — PIPELINE/CONSTRAINT VERIFICATION ONLY
6,BOM_r2_c0,BOM,Mumbai,87.45,113,False,SYNTHETIC DATA — PIPELINE/CONSTRAINT VERIFICATION ONLY
6,BOM_r2_c1,BOM,Mumbai,91.57,119,False,SYNTHETIC DATA — PIPELINE/CONSTRAINT VERIFICATION ONLY
6,BOM_r2_c2,BOM,Mumbai,93.09,121,False,SYNTHETIC DATA — PIPELINE/CONSTRAINT VERIFICATION ONLY
6,BOM_r2_c3,BOM,Mumbai,102.18,132,False,SYNTHETIC DATA — PIPELINE/CONSTRAINT VERIFICATION ONLY
6,BOM_r2_c4,BOM,Mumbai,92.46,120,False,SYNTHETIC DATA — PIPELINE/CONSTRAINT VERIFICATION ONLY
6,BOM_r2_c5,BOM,Mumbai,93.15,121,False,SYNTHETIC DATA — PIPELINE/CONSTRAINT VERIFICATION ONLY
6,BOM_r2_c6,BOM,Mumbai,80.37,104,False,SYNTHETIC DATA — PIPELINE/CONSTRAINT VERIFICATION ONLY
6,BOM_r3_c0,BOM,Mumbai,82.93,107,False,SYNTHETIC DATA — PIPELINE/CONSTRAINT VERIFICATION ONLY
6,BOM_r3_c1,BOM,Mumbai,95.95,124,False,SYNTHETIC DATA — PIPELINE/CONSTRAINT VERIFICATION ONLY
6,BOM_r3_c2,BOM,Mumbai,96.87,125,False,SYNTHETIC DATA — PIPELINE/CONSTRAINT VERIFICATION ONLY
6,BOM_r3_c3,BOM,Mumbai,105.29,136,True,SYNTHETIC DATA — PIPELINE/CONSTRAINT VERIFICATION ONLY
6,BOM_r3_c4,BOM,Mumbai,98.98,128,False,SYNTHETIC DATA — PIPELINE/CONSTRAINT VERIFICATION ONLY
6,BOM_r3_c5,BOM,Mumbai,95.08,123,False,SYNTHETIC DATA — PIPELINE/CONSTRAINT VERIFICATION ONLY
6,BOM_r3_c6,BOM,Mumbai,78.65,102,False,SYNTHETIC DATA — PIPELINE/CONSTRAINT VERIFICATION ONLY
6,BOM_r4_c0,BOM,Mumbai,73.29,95,False,SYNTHETIC DATA — PIPELINE/CONSTRAINT VERIFICATION ONLY
6,BOM_r4_c1,BOM,Mumbai,88.55,115,False,SYNTHETIC DATA — PIPELINE/CONSTRAINT VERIFICATION ONLY
6,BOM_r4_c2,BOM,Mumbai,98.75,128,False,SYNTHETIC DATA — PIPELINE/CONSTRAINT VERIFICATION ONLY
6,BOM_r4_c3,BOM,Mumbai,104.33,135,False,SYNTHETIC DATA — PIPELINE/CONSTRAINT VERIFICATION ONLY
6,BOM_r4_c4,BOM,Mumbai,95.71,124,False,SYNTHETIC DATA — PIPELINE/CONSTRAINT VERIFICATION ONLY
6,BOM_r4_c5,BOM,Mumbai,88.67,115,False,SYNTHETIC DATA — PIPELINE/CONSTRAINT VERIFICATION ONLY
6,BOM_r4_c6,BOM,Mumbai,85.25,110,False,SYNTHETIC DATA — PIPELINE/CONSTRAINT VERIFICATION ONLY
6,BOM_r5_c0,BOM,Mumbai,72.3,93,False,SYNTHETIC DATA — PIPELINE/CONSTRAINT VERIFICATION ONLY
6,BOM_r5_c1,BOM,Mumbai,83.55,108,False,SYNTHETIC DATA — PIPELINE/CONSTRAINT VERIFICATION ONLY
6,BOM_r5_c2,BOM,Mumbai,90.47,117,False,SYNTHETIC DATA — PIPELINE/CONSTRAINT VERIFICATION ONLY
6,BOM_r5_c3,BOM,Mumbai,93.32,121,False,SYNTHETIC DATA — PIPELINE/CONSTRAINT VERIFICATION ONLY
6,BOM_r5_c4,BOM,Mumbai,88.37,114,False,SYNTHETIC DATA — PIPELINE/CONSTRAINT VERIFICATION ONLY
6,BOM_r5_c5,BOM,Mumbai,84.82,110,False,SYNTHETIC DATA — PIPELINE/CONSTRAINT VERIFICATION ONLY
6,BOM_r5_c6,BOM,Mumbai,70.44,91,False,SYNTHETIC DATA — PIPELINE/CONSTRAINT VERIFICATION ONLY
6,BOM_r6_c0,BOM,Mumbai,70.35,91,False,SYNTHETIC DATA — PIPELINE/CONSTRAINT VERIFICATION ONLY
6,BOM_r6_c1,BOM,Mumbai,79.27,103,False,SYNTHETIC DATA — PIPELINE/CONSTRAINT VERIFICATION ONLY
6,BOM_r6_c2,BOM,Mumbai,78.84,102,False,SYNTHETIC DATA — PIPELINE/CONSTRAINT VERIFICATION ONLY
6,BOM_r6_c3,BOM,Mumbai,83.39,108,False,SYNTHETIC DATA — PIPELINE/CONSTRAINT VERIFICATION ONLY
6,BOM_r6_c4,BOM,Mumbai,83.13,108,False,SYNTHETIC DATA — PIPELINE/CONSTRAINT VERIFICATION ONLY
6,BOM_r6_c5,BOM,Mumbai,76.88,99,False,SYNTHETIC DATA — PIPELINE/CONSTRAINT VERIFICATION ONLY
6,BOM_r6_c6,BOM,Mumbai,72.84,94,False,SYNTHETIC DATA — PIPELINE/CONSTRAINT VERIFICATION ONLY
6,LKO_r0_c0,LKO,Lucknow,125.69,163,False,SYNTHETIC DATA — PIPELINE/CONSTRAINT VERIFICATION ONLY
6,LKO_r0_c1,LKO,Lucknow,137.88,179,False,SYNTHETIC DATA — PIPELINE/CONSTRAINT VERIFICATION ONLY
6,LKO_r0_c2,LKO,Lucknow,147.23,191,False,SYNTHETIC DATA — PIPELINE/CONSTRAINT VERIFICATION ONLY
6,LKO_r0_c3,LKO,Lucknow,148.4,192,False,SYNTHETIC DATA — PIPELINE/CONSTRAINT VERIFICATION ONLY
6,LKO_r0_c4,LKO,Lucknow,143.64,186,False,SYNTHETIC DATA — PIPELINE/CONSTRAINT VERIFICATION ONLY
6,LKO_r0_c5,LKO,Lucknow,139.17,180,False,SYNTHETIC DATA — PIPELINE/CONSTRAINT VERIFICATION ONLY
6,LKO_r0_c6,LKO,Lucknow,130.72,169,False,SYNTHETIC DATA — PIPELINE/CONSTRAINT VERIFICATION ONLY
6,LKO_r1_c0,LKO,Lucknow,132.35,172,False,SYNTHETIC DATA — PIPELINE/CONSTRAINT VERIFICATION ONLY
6,LKO_r1_c1,LKO,Lucknow,154.08,200,False,SYNTHETIC DATA — PIPELINE/CONSTRAINT VERIFICATION ONLY
6,LKO_r1_c2,LKO,Lucknow,158.81,206,False,SYNTHETIC DATA — PIPELINE/CONSTRAINT VERIFICATION ONLY
6,LKO_r1_c3,LKO,Lucknow,164.77,214,False,SYNTHETIC DATA — PIPELINE/CONSTRAINT VERIFICATION ONLY
6,LKO_r1_c4,LKO,Lucknow,163.41,212,False,SYNTHETIC DATA — PIPELINE/CONSTRAINT VERIFICATION ONLY
6,LKO_r1_c5,LKO,Lucknow,146.48,190,False,SYNTHETIC DATA — PIPELINE/CONSTRAINT VERIFICATION ONLY
6,LKO_r1_c6,LKO,Lucknow,136.37,177,False,SYNTHETIC DATA — PIPELINE/CONSTRAINT VERIFICATION ONLY
6,LKO_r2_c0,LKO,Lucknow,144.53,187,False,SYNTHETIC DATA — PIPELINE/CONSTRAINT VERIFICATION ONLY
6,LKO_r2_c1,LKO,Lucknow,157.47,204,False,SYNTHETIC DATA — PIPELINE/CONSTRAINT VERIFICATION ONLY
6,LKO_r2_c2,LKO,Lucknow,177.82,231,False,SYNTHETIC DATA — PIPELINE/CONSTRAINT VERIFICATION ONLY
6,LKO_r2_c3,LKO,Lucknow,176.5,229,False,SYNTHETIC DATA — PIPELINE/CONSTRAINT VERIFICATION ONLY
6,LKO_r2_c4,LKO,Lucknow,170.95,222,False,SYNTHETIC DATA — PIPELINE/CONSTRAINT VERIFICATION ONLY
6,LKO_r2_c5,LKO,Lucknow,160.44,208,False,SYNTHETIC DATA — PIPELINE/CONSTRAINT VERIFICATION ONLY
6,LKO_r2_c6,LKO,Lucknow,141.79,184,False,SYNTHETIC DATA — PIPELINE/CONSTRAINT VERIFICATION ONLY
6,LKO_r3_c0,LKO,Lucknow,146.74,190,False,SYNTHETIC DATA — PIPELINE/CONSTRAINT VERIFICATION ONLY
6,LKO_r3_c1,LKO,Lucknow,164.45,213,False,SYNTHETIC DATA — PIPELINE/CONSTRAINT VERIFICATION ONLY
6,LKO_r3_c2,LKO,Lucknow,178.07,231,False,SYNTHETIC DATA — PIPELINE/CONSTRAINT VERIFICATION ONLY
6,LKO_r3_c3,LKO,Lucknow,194.36,252,True,SYNTHETIC DATA — PIPELINE/CONSTRAINT VERIFICATION ONLY
6,LKO_r3_c4,LKO,Lucknow,177.48,230,False,SYNTHETIC DATA — PIPELINE/CONSTRAINT VERIFICATION ONLY
6,LKO_r3_c5,LKO,Lucknow,158.96,206,False,SYNTHETIC DATA — PIPELINE/CONSTRAINT VERIFICATION ONLY
6,LKO_r3_c6,LKO,Lucknow,148.89,193,False,SYNTHETIC DATA — PIPELINE/CONSTRAINT VERIFICATION ONLY
6,LKO_r4_c0,LKO,Lucknow,150.67,195,False,SYNTHETIC DATA — PIPELINE/CONSTRAINT VERIFICATION ONLY
6,LKO_r4_c1,LKO,Lucknow,159.88,207,False,SYNTHETIC DATA — PIPELINE/CONSTRAINT VERIFICATION ONLY
6,LKO_r4_c2,LKO,Lucknow,173.3,225,False,SYNTHETIC DATA — PIPELINE/CONSTRAINT VERIFICATION ONLY
6,LKO_r4_c3,LKO,Lucknow,181.15,235,False,SYNTHETIC DATA — PIPELINE/CONSTRAINT VERIFICATION ONLY
6,LKO_r4_c4,LKO,Lucknow,168.81,219,False,SYNTHETIC DATA — PIPELINE/CONSTRAINT VERIFICATION ONLY
6,LKO_r4_c5,LKO,Lucknow,164.93,214,False,SYNTHETIC DATA — PIPELINE/CONSTRAINT VERIFICATION ONLY
6,LKO_r4_c6,LKO,Lucknow,146.01,189,False,SYNTHETIC DATA — PIPELINE/CONSTRAINT VERIFICATION ONLY
6,LKO_r5_c0,LKO,Lucknow,143.39,186,False,SYNTHETIC DATA — PIPELINE/CONSTRAINT VERIFICATION ONLY
6,LKO_r5_c1,LKO,Lucknow,148.4,192,False,SYNTHETIC DATA — PIPELINE/CONSTRAINT VERIFICATION ONLY
6,LKO_r5_c2,LKO,Lucknow,165.28,214,False,SYNTHETIC DATA — PIPELINE/CONSTRAINT VERIFICATION ONLY
6,LKO_r5_c3,LKO,Lucknow,165.82,215,False,SYNTHETIC DATA — PIPELINE/CONSTRAINT VERIFICATION ONLY
6,LKO_r5_c4,LKO,Lucknow,161.48,209,False,SYNTHETIC DATA — PIPELINE/CONSTRAINT VERIFICATION ONLY
6,LKO_r5_c5,LKO,Lucknow,151.3,196,False,SYNTHETIC DATA — PIPELINE/CONSTRAINT VERIFICATION ONLY
6,LKO_r5_c6,LKO,Lucknow,137.75,179,False,SYNTHETIC DATA — PIPELINE/CONSTRAINT VERIFICATION ONLY
6,LKO_r6_c0,LKO,Lucknow,132.18,171,False,SYNTHETIC DATA — PIPELINE/CONSTRAINT VERIFICATION ONLY
6,LKO_r6_c1,LKO,Lucknow,138.92,180,False,SYNTHETIC DATA — PIPELINE/CONSTRAINT VERIFICATION ONLY
6,LKO_r6_c2,LKO,Lucknow,139.5,181,False,SYNTHETIC DATA — PIPELINE/CONSTRAINT VERIFICATION ONLY
6,LKO_r6_c3,LKO,Lucknow,144.58,187,False,SYNTHETIC DATA — PIPELINE/CONSTRAINT VERIFICATION ONLY
6,LKO_r6_c4,LKO,Lucknow,144.84,188,False,SYNTHETIC DATA — PIPELINE/CONSTRAINT VERIFICATION ONLY
6,LKO_r6_c5,LKO,Lucknow,139.43,181,False,SYNTHETIC DATA — PIPELINE/CONSTRAINT VERIFICATION ONLY
6,LKO_r6_c6,LKO,Lucknow,128.41,166,False,SYNTHETIC DATA — PIPELINE/CONSTRAINT VERIFICATION ONLY
6,VNS_r0_c0,VNS,Varanasi,124.2,161,False,SYNTHETIC DATA — PIPELINE/CONSTRAINT VERIFICATION ONLY
6,VNS_r0_c1,VNS,Varanasi,123.99,161,False,SYNTHETIC DATA — PIPELINE/CONSTRAINT VERIFICATION ONLY
6,VNS_r0_c2,VNS,Varanasi,136.74,177,False,SYNTHETIC DATA — PIPELINE/CONSTRAINT VERIFICATION ONLY
6,VNS_r0_c3,VNS,Varanasi,133.23,173,False,SYNTHETIC DATA — PIPELINE/CONSTRAINT VERIFICATION ONLY
6,VNS_r0_c4,VNS,Varanasi,138.59,180,False,SYNTHETIC DATA — PIPELINE/CONSTRAINT VERIFICATION ONLY
6,VNS_r0_c5,VNS,Varanasi,129.56,168,False,SYNTHETIC DATA — PIPELINE/CONSTRAINT VERIFICATION ONLY
6,VNS_r0_c6,VNS,Varanasi,121.8,158,False,SYNTHETIC DATA — PIPELINE/CONSTRAINT VERIFICATION ONLY
6,VNS_r1_c0,VNS,Varanasi,127.25,165,False,SYNTHETIC DATA — PIPELINE/CONSTRAINT VERIFICATION ONLY
6,VNS_r1_c1,VNS,Varanasi,145.02,188,False,SYNTHETIC DATA — PIPELINE/CONSTRAINT VERIFICATION ONLY
6,VNS_r1_c2,VNS,Varanasi,152.96,198,False,SYNTHETIC DATA — PIPELINE/CONSTRAINT VERIFICATION ONLY
6,VNS_r1_c3,VNS,Varanasi,155.03,201,False,SYNTHETIC DATA — PIPELINE/CONSTRAINT VERIFICATION ONLY
6,VNS_r1_c4,VNS,Varanasi,149.45,194,False,SYNTHETIC DATA — PIPELINE/CONSTRAINT VERIFICATION ONLY
6,VNS_r1_c5,VNS,Varanasi,142.93,185,False,SYNTHETIC DATA — PIPELINE/CONSTRAINT VERIFICATION ONLY
6,VNS_r1_c6,VNS,Varanasi,127.72,166,False,SYNTHETIC DATA — PIPELINE/CONSTRAINT VERIFICATION ONLY
6,VNS_r2_c0,VNS,Varanasi,138.88,180,False,SYNTHETIC DATA — PIPELINE/CONSTRAINT VERIFICATION ONLY
6,VNS_r2_c1,VNS,Varanasi,154.78,201,False,SYNTHETIC DATA — PIPELINE/CONSTRAINT VERIFICATION ONLY
6,VNS_r2_c2,VNS,Varanasi,165.04,214,False,SYNTHETIC DATA — PIPELINE/CONSTRAINT VERIFICATION ONLY
6,VNS_r2_c3,VNS,Varanasi,165.69,215,False,SYNTHETIC DATA — PIPELINE/CONSTRAINT VERIFICATION ONLY
6,VNS_r2_c4,VNS,Varanasi,162.92,211,False,SYNTHETIC DATA — PIPELINE/CONSTRAINT VERIFICATION ONLY
6,VNS_r2_c5,VNS,Varanasi,145.95,189,False,SYNTHETIC DATA — PIPELINE/CONSTRAINT VERIFICATION ONLY
6,VNS_r2_c6,VNS,Varanasi,138.03,179,False,SYNTHETIC DATA — PIPELINE/CONSTRAINT VERIFICATION ONLY
6,VNS_r3_c0,VNS,Varanasi,140.03,182,False,SYNTHETIC DATA — PIPELINE/CONSTRAINT VERIFICATION ONLY
6,VNS_r3_c1,VNS,Varanasi,147.67,191,False,SYNTHETIC DATA — PIPELINE/CONSTRAINT VERIFICATION ONLY
6,VNS_r3_c2,VNS,Varanasi,164.39,213,False,SYNTHETIC DATA — PIPELINE/CONSTRAINT VERIFICATION ONLY
6,VNS_r3_c3,VNS,Varanasi,181.63,236,True,SYNTHETIC DATA — PIPELINE/CONSTRAINT VERIFICATION ONLY
6,VNS_r3_c4,VNS,Varanasi,166.98,217,False,SYNTHETIC DATA — PIPELINE/CONSTRAINT VERIFICATION ONLY
6,VNS_r3_c5,VNS,Varanasi,149.65,194,False,SYNTHETIC DATA — PIPELINE/CONSTRAINT VERIFICATION ONLY
6,VNS_r3_c6,VNS,Varanasi,139.85,181,False,SYNTHETIC DATA — PIPELINE/CONSTRAINT VERIFICATION ONLY
6,VNS_r4_c0,VNS,Varanasi,137.07,178,False,SYNTHETIC DATA — PIPELINE/CONSTRAINT VERIFICATION ONLY
6,VNS_r4_c1,VNS,Varanasi,149.25,194,False,SYNTHETIC DATA — PIPELINE/CONSTRAINT VERIFICATION ONLY
6,VNS_r4_c2,VNS,Varanasi,159.56,207,False,SYNTHETIC DATA — PIPELINE/CONSTRAINT VERIFICATION ONLY
6,VNS_r4_c3,VNS,Varanasi,171.02,222,False,SYNTHETIC DATA — PIPELINE/CONSTRAINT VERIFICATION ONLY
6,VNS_r4_c4,VNS,Varanasi,166.8,216,False,SYNTHETIC DATA — PIPELINE/CONSTRAINT VERIFICATION ONLY
6,VNS_r4_c5,VNS,Varanasi,148.38,192,False,SYNTHETIC DATA — PIPELINE/CONSTRAINT VERIFICATION ONLY
6,VNS_r4_c6,VNS,Varanasi,134.48,174,False,SYNTHETIC DATA — PIPELINE/CONSTRAINT VERIFICATION ONLY
6,VNS_r5_c0,VNS,Varanasi,131.32,170,False,SYNTHETIC DATA — PIPELINE/CONSTRAINT VERIFICATION ONLY
6,VNS_r5_c1,VNS,Varanasi,140.11,182,False,SYNTHETIC DATA — PIPELINE/CONSTRAINT VERIFICATION ONLY
6,VNS_r5_c2,VNS,Varanasi,149.42,194,False,SYNTHETIC DATA — PIPELINE/CONSTRAINT VERIFICATION ONLY
6,VNS_r5_c3,VNS,Varanasi,155.5,202,False,SYNTHETIC DATA — PIPELINE/CONSTRAINT VERIFICATION ONLY
6,VNS_r5_c4,VNS,Varanasi,144.11,187,False,SYNTHETIC DATA — PIPELINE/CONSTRAINT VERIFICATION ONLY
6,VNS_r5_c5,VNS,Varanasi,145.14,188,False,SYNTHETIC DATA — PIPELINE/CONSTRAINT VERIFICATION ONLY
6,VNS_r5_c6,VNS,Varanasi,130.06,169,False,SYNTHETIC DATA — PIPELINE/CONSTRAINT VERIFICATION ONLY
6,VNS_r6_c0,VNS,Varanasi,119.31,155,False,SYNTHETIC DATA — PIPELINE/CONSTRAINT VERIFICATION ONLY
6,VNS_r6_c1,VNS,Varanasi,129.57,168,False,SYNTHETIC DATA — PIPELINE/CONSTRAINT VERIFICATION ONLY
6,VNS_r6_c2,VNS,Varanasi,136.2,177,False,SYNTHETIC DATA — PIPELINE/CONSTRAINT VERIFICATION ONLY
6,VNS_r6_c3,VNS,Varanasi,133.49,173,False,SYNTHETIC DATA — PIPELINE/CONSTRAINT VERIFICATION ONLY
6,VNS_r6_c4,VNS,Varanasi,140.8,183,False,SYNTHETIC DATA — PIPELINE/CONSTRAINT VERIFICATION ONLY
6,VNS_r6_c5,VNS,Varanasi,129.97,168,False,SYNTHETIC DATA — PIPELINE/CONSTRAINT VERIFICATION ONLY
6,VNS_r6_c6,VNS,Varanasi,121.87,158,False,SYNTHETIC DATA — PIPELINE/CONSTRAINT VERIFICATION ONLY
6,JAI_r0_c0,JAI,Jaipur,91.25,118,False,SYNTHETIC DATA — PIPELINE/CONSTRAINT VERIFICATION ONLY
6,JAI_r0_c1,JAI,Jaipur,92.15,119,False,SYNTHETIC DATA — PIPELINE/CONSTRAINT VERIFICATION ONLY
6,JAI_r0_c2,JAI,Jaipur,101.38,131,False,SYNTHETIC DATA — PIPELINE/CONSTRAINT VERIFICATION ONLY
6,JAI_r0_c3,JAI,Jaipur,100.9,131,False,SYNTHETIC DATA — PIPELINE/CONSTRAINT VERIFICATION ONLY
6,JAI_r0_c4,JAI,Jaipur,102.5,133,False,SYNTHETIC DATA — PIPELINE/CONSTRAINT VERIFICATION ONLY
6,JAI_r0_c5,JAI,Jaipur,88.84,115,False,SYNTHETIC DATA — PIPELINE/CONSTRAINT VERIFICATION ONLY
6,JAI_r0_c6,JAI,Jaipur,88.1,114,False,SYNTHETIC DATA — PIPELINE/CONSTRAINT VERIFICATION ONLY
6,JAI_r1_c0,JAI,Jaipur,93.41,121,False,SYNTHETIC DATA — PIPELINE/CONSTRAINT VERIFICATION ONLY
6,JAI_r1_c1,JAI,Jaipur,104.83,136,False,SYNTHETIC DATA — PIPELINE/CONSTRAINT VERIFICATION ONLY
6,JAI_r1_c2,JAI,Jaipur,111.29,144,False,SYNTHETIC DATA — PIPELINE/CONSTRAINT VERIFICATION ONLY
6,JAI_r1_c3,JAI,Jaipur,110.28,143,False,SYNTHETIC DATA — PIPELINE/CONSTRAINT VERIFICATION ONLY
6,JAI_r1_c4,JAI,Jaipur,107.74,140,False,SYNTHETIC DATA — PIPELINE/CONSTRAINT VERIFICATION ONLY
6,JAI_r1_c5,JAI,Jaipur,103.2,134,False,SYNTHETIC DATA — PIPELINE/CONSTRAINT VERIFICATION ONLY
6,JAI_r1_c6,JAI,Jaipur,92.53,120,False,SYNTHETIC DATA — PIPELINE/CONSTRAINT VERIFICATION ONLY
6,JAI_r2_c0,JAI,Jaipur,102.49,133,False,SYNTHETIC DATA — PIPELINE/CONSTRAINT VERIFICATION ONLY
6,JAI_r2_c1,JAI,Jaipur,108.77,141,False,SYNTHETIC DATA — PIPELINE/CONSTRAINT VERIFICATION ONLY
6,JAI_r2_c2,JAI,Jaipur,109.96,142,False,SYNTHETIC DATA — PIPELINE/CONSTRAINT VERIFICATION ONLY
6,JAI_r2_c3,JAI,Jaipur,121.99,158,False,SYNTHETIC DATA — PIPELINE/CONSTRAINT VERIFICATION ONLY
6,JAI_r2_c4,JAI,Jaipur,115.56,150,False,SYNTHETIC DATA — PIPELINE/CONSTRAINT VERIFICATION ONLY
6,JAI_r2_c5,JAI,Jaipur,104.98,136,False,SYNTHETIC DATA — PIPELINE/CONSTRAINT VERIFICATION ONLY
6,JAI_r2_c6,JAI,Jaipur,96.25,125,False,SYNTHETIC DATA — PIPELINE/CONSTRAINT VERIFICATION ONLY
6,JAI_r3_c0,JAI,Jaipur,102.03,132,False,SYNTHETIC DATA — PIPELINE/CONSTRAINT VERIFICATION ONLY
6,JAI_r3_c1,JAI,Jaipur,116.39,151,False,SYNTHETIC DATA — PIPELINE/CONSTRAINT VERIFICATION ONLY
6,JAI_r3_c2,JAI,Jaipur,124.05,161,False,SYNTHETIC DATA — PIPELINE/CONSTRAINT VERIFICATION ONLY
6,JAI_r3_c3,JAI,Jaipur,132.0,171,True,SYNTHETIC DATA — PIPELINE/CONSTRAINT VERIFICATION ONLY
6,JAI_r3_c4,JAI,Jaipur,124.48,161,False,SYNTHETIC DATA — PIPELINE/CONSTRAINT VERIFICATION ONLY
6,JAI_r3_c5,JAI,Jaipur,111.03,144,False,SYNTHETIC DATA — PIPELINE/CONSTRAINT VERIFICATION ONLY
6,JAI_r3_c6,JAI,Jaipur,99.62,129,False,SYNTHETIC DATA — PIPELINE/CONSTRAINT VERIFICATION ONLY
6,JAI_r4_c0,JAI,Jaipur,96.5,125,False,SYNTHETIC DATA — PIPELINE/CONSTRAINT VERIFICATION ONLY
6,JAI_r4_c1,JAI,Jaipur,104.62,136,False,SYNTHETIC DATA — PIPELINE/CONSTRAINT VERIFICATION ONLY
6,JAI_r4_c2,JAI,Jaipur,117.51,152,False,SYNTHETIC DATA — PIPELINE/CONSTRAINT VERIFICATION ONLY
6,JAI_r4_c3,JAI,Jaipur,123.58,160,False,SYNTHETIC DATA — PIPELINE/CONSTRAINT VERIFICATION ONLY
6,JAI_r4_c4,JAI,Jaipur,118.39,153,False,SYNTHETIC DATA — PIPELINE/CONSTRAINT VERIFICATION ONLY
6,JAI_r4_c5,JAI,Jaipur,108.63,141,False,SYNTHETIC DATA — PIPELINE/CONSTRAINT VERIFICATION ONLY
6,JAI_r4_c6,JAI,Jaipur,97.13,126,False,SYNTHETIC DATA — PIPELINE/CONSTRAINT VERIFICATION ONLY
6,JAI_r5_c0,JAI,Jaipur,97.04,126,False,SYNTHETIC DATA — PIPELINE/CONSTRAINT VERIFICATION ONLY
6,JAI_r5_c1,JAI,Jaipur,99.59,129,False,SYNTHETIC DATA — PIPELINE/CONSTRAINT VERIFICATION ONLY
6,JAI_r5_c2,JAI,Jaipur,112.21,145,False,SYNTHETIC DATA — PIPELINE/CONSTRAINT VERIFICATION ONLY
6,JAI_r5_c3,JAI,Jaipur,109.4,142,False,SYNTHETIC DATA — PIPELINE/CONSTRAINT VERIFICATION ONLY
6,JAI_r5_c4,JAI,Jaipur,107.62,139,False,SYNTHETIC DATA — PIPELINE/CONSTRAINT VERIFICATION ONLY
6,JAI_r5_c5,JAI,Jaipur,99.14,128,False,SYNTHETIC DATA — PIPELINE/CONSTRAINT VERIFICATION ONLY
6,JAI_r5_c6,JAI,Jaipur,93.71,121,False,SYNTHETIC DATA — PIPELINE/CONSTRAINT VERIFICATION ONLY
6,JAI_r6_c0,JAI,Jaipur,91.32,118,False,SYNTHETIC DATA — PIPELINE/CONSTRAINT VERIFICATION ONLY
6,JAI_r6_c1,JAI,Jaipur,96.76,125,False,SYNTHETIC DATA — PIPELINE/CONSTRAINT VERIFICATION ONLY
6,JAI_r6_c2,JAI,Jaipur,102.9,133,False,SYNTHETIC DATA — PIPELINE/CONSTRAINT VERIFICATION ONLY
6,JAI_r6_c3,JAI,Jaipur,103.27,134,False,SYNTHETIC DATA — PIPELINE/CONSTRAINT VERIFICATION ONLY
6,JAI_r6_c4,JAI,Jaipur,96.65,125,False,SYNTHETIC DATA — PIPELINE/CONSTRAINT VERIFICATION ONLY
6,JAI_r6_c5,JAI,Jaipur,94.22,122,False,SYNTHETIC DATA — PIPELINE/CONSTRAINT VERIFICATION ONLY
6,JAI_r6_c6,JAI,Jaipur,86.06,111,False,SYNTHETIC DATA — PIPELINE/CONSTRAINT VERIFICATION ONLY
6,AMD_r0_c0,AMD,Ahmedabad,88.37,114,False,SYNTHETIC DATA — PIPELINE/CONSTRAINT VERIFICATION ONLY
6,AMD_r0_c1,AMD,Ahmedabad,87.3,113,False,SYNTHETIC DATA — PIPELINE/CONSTRAINT VERIFICATION ONLY
6,AMD_r0_c2,AMD,Ahmedabad,98.1,127,False,SYNTHETIC DATA — PIPELINE/CONSTRAINT VERIFICATION ONLY
6,AMD_r0_c3,AMD,Ahmedabad,99.76,129,False,SYNTHETIC DATA — PIPELINE/CONSTRAINT VERIFICATION ONLY
6,AMD_r0_c4,AMD,Ahmedabad,100.91,131,False,SYNTHETIC DATA — PIPELINE/CONSTRAINT VERIFICATION ONLY
6,AMD_r0_c5,AMD,Ahmedabad,89.66,116,False,SYNTHETIC DATA — PIPELINE/CONSTRAINT VERIFICATION ONLY
6,AMD_r0_c6,AMD,Ahmedabad,86.52,112,False,SYNTHETIC DATA — PIPELINE/CONSTRAINT VERIFICATION ONLY
6,AMD_r1_c0,AMD,Ahmedabad,97.73,127,False,SYNTHETIC DATA — PIPELINE/CONSTRAINT VERIFICATION ONLY
6,AMD_r1_c1,AMD,Ahmedabad,96.98,126,False,SYNTHETIC DATA — PIPELINE/CONSTRAINT VERIFICATION ONLY
6,AMD_r1_c2,AMD,Ahmedabad,100.28,130,False,SYNTHETIC DATA — PIPELINE/CONSTRAINT VERIFICATION ONLY
6,AMD_r1_c3,AMD,Ahmedabad,101.66,132,False,SYNTHETIC DATA — PIPELINE/CONSTRAINT VERIFICATION ONLY
6,AMD_r1_c4,AMD,Ahmedabad,107.02,139,False,SYNTHETIC DATA — PIPELINE/CONSTRAINT VERIFICATION ONLY
6,AMD_r1_c5,AMD,Ahmedabad,93.18,121,False,SYNTHETIC DATA — PIPELINE/CONSTRAINT VERIFICATION ONLY
6,AMD_r1_c6,AMD,Ahmedabad,89.77,116,False,SYNTHETIC DATA — PIPELINE/CONSTRAINT VERIFICATION ONLY
6,AMD_r2_c0,AMD,Ahmedabad,96.73,125,False,SYNTHETIC DATA — PIPELINE/CONSTRAINT VERIFICATION ONLY
6,AMD_r2_c1,AMD,Ahmedabad,105.44,137,False,SYNTHETIC DATA — PIPELINE/CONSTRAINT VERIFICATION ONLY
6,AMD_r2_c2,AMD,Ahmedabad,114.56,148,False,SYNTHETIC DATA — PIPELINE/CONSTRAINT VERIFICATION ONLY
6,AMD_r2_c3,AMD,Ahmedabad,118.18,153,False,SYNTHETIC DATA — PIPELINE/CONSTRAINT VERIFICATION ONLY
6,AMD_r2_c4,AMD,Ahmedabad,117.12,152,False,SYNTHETIC DATA — PIPELINE/CONSTRAINT VERIFICATION ONLY
6,AMD_r2_c5,AMD,Ahmedabad,102.03,132,False,SYNTHETIC DATA — PIPELINE/CONSTRAINT VERIFICATION ONLY
6,AMD_r2_c6,AMD,Ahmedabad,93.39,121,False,SYNTHETIC DATA — PIPELINE/CONSTRAINT VERIFICATION ONLY
6,AMD_r3_c0,AMD,Ahmedabad,94.76,123,False,SYNTHETIC DATA — PIPELINE/CONSTRAINT VERIFICATION ONLY
6,AMD_r3_c1,AMD,Ahmedabad,109.79,142,False,SYNTHETIC DATA — PIPELINE/CONSTRAINT VERIFICATION ONLY
6,AMD_r3_c2,AMD,Ahmedabad,120.22,156,False,SYNTHETIC DATA — PIPELINE/CONSTRAINT VERIFICATION ONLY
6,AMD_r3_c3,AMD,Ahmedabad,129.09,167,True,SYNTHETIC DATA — PIPELINE/CONSTRAINT VERIFICATION ONLY
6,AMD_r3_c4,AMD,Ahmedabad,121.06,157,False,SYNTHETIC DATA — PIPELINE/CONSTRAINT VERIFICATION ONLY
6,AMD_r3_c5,AMD,Ahmedabad,103.76,134,False,SYNTHETIC DATA — PIPELINE/CONSTRAINT VERIFICATION ONLY
6,AMD_r3_c6,AMD,Ahmedabad,102.08,132,False,SYNTHETIC DATA — PIPELINE/CONSTRAINT VERIFICATION ONLY
6,AMD_r4_c0,AMD,Ahmedabad,99.99,129,False,SYNTHETIC DATA — PIPELINE/CONSTRAINT VERIFICATION ONLY
6,AMD_r4_c1,AMD,Ahmedabad,107.09,139,False,SYNTHETIC DATA — PIPELINE/CONSTRAINT VERIFICATION ONLY
6,AMD_r4_c2,AMD,Ahmedabad,118.63,154,False,SYNTHETIC DATA — PIPELINE/CONSTRAINT VERIFICATION ONLY
6,AMD_r4_c3,AMD,Ahmedabad,112.54,146,False,SYNTHETIC DATA — PIPELINE/CONSTRAINT VERIFICATION ONLY
6,AMD_r4_c4,AMD,Ahmedabad,111.71,145,False,SYNTHETIC DATA — PIPELINE/CONSTRAINT VERIFICATION ONLY
6,AMD_r4_c5,AMD,Ahmedabad,102.68,133,False,SYNTHETIC DATA — PIPELINE/CONSTRAINT VERIFICATION ONLY
6,AMD_r4_c6,AMD,Ahmedabad,97.58,126,False,SYNTHETIC DATA — PIPELINE/CONSTRAINT VERIFICATION ONLY
6,AMD_r5_c0,AMD,Ahmedabad,87.74,114,False,SYNTHETIC DATA — PIPELINE/CONSTRAINT VERIFICATION ONLY
6,AMD_r5_c1,AMD,Ahmedabad,101.1,131,False,SYNTHETIC DATA — PIPELINE/CONSTRAINT VERIFICATION ONLY
6,AMD_r5_c2,AMD,Ahmedabad,109.0,141,False,SYNTHETIC DATA — PIPELINE/CONSTRAINT VERIFICATION ONLY
6,AMD_r5_c3,AMD,Ahmedabad,109.38,142,False,SYNTHETIC DATA — PIPELINE/CONSTRAINT VERIFICATION ONLY
6,AMD_r5_c4,AMD,Ahmedabad,105.73,137,False,SYNTHETIC DATA — PIPELINE/CONSTRAINT VERIFICATION ONLY
6,AMD_r5_c5,AMD,Ahmedabad,95.87,124,False,SYNTHETIC DATA — PIPELINE/CONSTRAINT VERIFICATION ONLY
6,AMD_r5_c6,AMD,Ahmedabad,88.35,114,False,SYNTHETIC DATA — PIPELINE/CONSTRAINT VERIFICATION ONLY
6,AMD_r6_c0,AMD,Ahmedabad,88.13,114,False,SYNTHETIC DATA — PIPELINE/CONSTRAINT VERIFICATION ONLY
6,AMD_r6_c1,AMD,Ahmedabad,93.23,121,False,SYNTHETIC DATA — PIPELINE/CONSTRAINT VERIFICATION ONLY
6,AMD_r6_c2,AMD,Ahmedabad,95.3,123,False,SYNTHETIC DATA — PIPELINE/CONSTRAINT VERIFICATION ONLY
6,AMD_r6_c3,AMD,Ahmedabad,95.82,124,False,SYNTHETIC DATA — PIPELINE/CONSTRAINT VERIFICATION ONLY
6,AMD_r6_c4,AMD,Ahmedabad,89.34,116,False,SYNTHETIC DATA — PIPELINE/CONSTRAINT VERIFICATION ONLY
6,AMD_r6_c5,AMD,Ahmedabad,87.68,113,False,SYNTHETIC DATA — PIPELINE/CONSTRAINT VERIFICATION ONLY
6,AMD_r6_c6,AMD,Ahmedabad,90.11,117,False,SYNTHETIC DATA — PIPELINE/CONSTRAINT VERIFICATION ONLY
6,CCU_r0_c0,CCU,Kolkata,100.63,130,False,SYNTHETIC DATA — PIPELINE/CONSTRAINT VERIFICATION ONLY
6,CCU_r0_c1,CCU,Kolkata,113.1,147,False,SYNTHETIC DATA — PIPELINE/CONSTRAINT VERIFICATION ONLY
6,CCU_r0_c2,CCU,Kolkata,121.16,157,False,SYNTHETIC DATA — PIPELINE/CONSTRAINT VERIFICATION ONLY
6,CCU_r0_c3,CCU,Kolkata,116.43,151,False,SYNTHETIC DATA — PIPELINE/CONSTRAINT VERIFICATION ONLY
6,CCU_r0_c4,CCU,Kolkata,118.69,154,False,SYNTHETIC DATA — PIPELINE/CONSTRAINT VERIFICATION ONLY
6,CCU_r0_c5,CCU,Kolkata,115.34,149,False,SYNTHETIC DATA — PIPELINE/CONSTRAINT VERIFICATION ONLY
6,CCU_r0_c6,CCU,Kolkata,104.51,135,False,SYNTHETIC DATA — PIPELINE/CONSTRAINT VERIFICATION ONLY
6,CCU_r1_c0,CCU,Kolkata,121.13,157,False,SYNTHETIC DATA — PIPELINE/CONSTRAINT VERIFICATION ONLY
6,CCU_r1_c1,CCU,Kolkata,117.36,152,False,SYNTHETIC DATA — PIPELINE/CONSTRAINT VERIFICATION ONLY
6,CCU_r1_c2,CCU,Kolkata,133.03,172,False,SYNTHETIC DATA — PIPELINE/CONSTRAINT VERIFICATION ONLY
6,CCU_r1_c3,CCU,Kolkata,132.32,172,False,SYNTHETIC DATA — PIPELINE/CONSTRAINT VERIFICATION ONLY
6,CCU_r1_c4,CCU,Kolkata,132.17,171,False,SYNTHETIC DATA — PIPELINE/CONSTRAINT VERIFICATION ONLY
6,CCU_r1_c5,CCU,Kolkata,123.69,160,False,SYNTHETIC DATA — PIPELINE/CONSTRAINT VERIFICATION ONLY
6,CCU_r1_c6,CCU,Kolkata,110.33,143,False,SYNTHETIC DATA — PIPELINE/CONSTRAINT VERIFICATION ONLY
6,CCU_r2_c0,CCU,Kolkata,118.82,154,False,SYNTHETIC DATA — PIPELINE/CONSTRAINT VERIFICATION ONLY
6,CCU_r2_c1,CCU,Kolkata,124.28,161,False,SYNTHETIC DATA — PIPELINE/CONSTRAINT VERIFICATION ONLY
6,CCU_r2_c2,CCU,Kolkata,142.06,184,False,SYNTHETIC DATA — PIPELINE/CONSTRAINT VERIFICATION ONLY
6,CCU_r2_c3,CCU,Kolkata,146.39,190,False,SYNTHETIC DATA — PIPELINE/CONSTRAINT VERIFICATION ONLY
6,CCU_r2_c4,CCU,Kolkata,142.17,184,False,SYNTHETIC DATA — PIPELINE/CONSTRAINT VERIFICATION ONLY
6,CCU_r2_c5,CCU,Kolkata,133.03,172,False,SYNTHETIC DATA — PIPELINE/CONSTRAINT VERIFICATION ONLY
6,CCU_r2_c6,CCU,Kolkata,119.24,155,False,SYNTHETIC DATA — PIPELINE/CONSTRAINT VERIFICATION ONLY
6,CCU_r3_c0,CCU,Kolkata,120.64,156,False,SYNTHETIC DATA — PIPELINE/CONSTRAINT VERIFICATION ONLY
6,CCU_r3_c1,CCU,Kolkata,130.2,169,False,SYNTHETIC DATA — PIPELINE/CONSTRAINT VERIFICATION ONLY
6,CCU_r3_c2,CCU,Kolkata,143.36,186,False,SYNTHETIC DATA — PIPELINE/CONSTRAINT VERIFICATION ONLY
6,CCU_r3_c3,CCU,Kolkata,161.71,210,True,SYNTHETIC DATA — PIPELINE/CONSTRAINT VERIFICATION ONLY
6,CCU_r3_c4,CCU,Kolkata,149.8,194,False,SYNTHETIC DATA — PIPELINE/CONSTRAINT VERIFICATION ONLY
6,CCU_r3_c5,CCU,Kolkata,132.13,171,False,SYNTHETIC DATA — PIPELINE/CONSTRAINT VERIFICATION ONLY
6,CCU_r3_c6,CCU,Kolkata,120.33,156,False,SYNTHETIC DATA — PIPELINE/CONSTRAINT VERIFICATION ONLY
6,CCU_r4_c0,CCU,Kolkata,115.42,150,False,SYNTHETIC DATA — PIPELINE/CONSTRAINT VERIFICATION ONLY
6,CCU_r4_c1,CCU,Kolkata,133.37,173,False,SYNTHETIC DATA — PIPELINE/CONSTRAINT VERIFICATION ONLY
6,CCU_r4_c2,CCU,Kolkata,142.25,184,False,SYNTHETIC DATA — PIPELINE/CONSTRAINT VERIFICATION ONLY
6,CCU_r4_c3,CCU,Kolkata,151.32,196,False,SYNTHETIC DATA — PIPELINE/CONSTRAINT VERIFICATION ONLY
6,CCU_r4_c4,CCU,Kolkata,137.62,178,False,SYNTHETIC DATA — PIPELINE/CONSTRAINT VERIFICATION ONLY
6,CCU_r4_c5,CCU,Kolkata,128.72,167,False,SYNTHETIC DATA — PIPELINE/CONSTRAINT VERIFICATION ONLY
6,CCU_r4_c6,CCU,Kolkata,118.83,154,False,SYNTHETIC DATA — PIPELINE/CONSTRAINT VERIFICATION ONLY
6,CCU_r5_c0,CCU,Kolkata,114.47,148,False,SYNTHETIC DATA — PIPELINE/CONSTRAINT VERIFICATION ONLY
6,CCU_r5_c1,CCU,Kolkata,121.71,158,False,SYNTHETIC DATA — PIPELINE/CONSTRAINT VERIFICATION ONLY
6,CCU_r5_c2,CCU,Kolkata,127.24,165,False,SYNTHETIC DATA — PIPELINE/CONSTRAINT VERIFICATION ONLY
6,CCU_r5_c3,CCU,Kolkata,135.49,176,False,SYNTHETIC DATA — PIPELINE/CONSTRAINT VERIFICATION ONLY
6,CCU_r5_c4,CCU,Kolkata,132.02,171,False,SYNTHETIC DATA — PIPELINE/CONSTRAINT VERIFICATION ONLY
6,CCU_r5_c5,CCU,Kolkata,119.61,155,False,SYNTHETIC DATA — PIPELINE/CONSTRAINT VERIFICATION ONLY
6,CCU_r5_c6,CCU,Kolkata,116.6,151,False,SYNTHETIC DATA — PIPELINE/CONSTRAINT VERIFICATION ONLY
6,CCU_r6_c0,CCU,Kolkata,107.98,140,False,SYNTHETIC DATA — PIPELINE/CONSTRAINT VERIFICATION ONLY
6,CCU_r6_c1,CCU,Kolkata,112.93,146,False,SYNTHETIC DATA — PIPELINE/CONSTRAINT VERIFICATION ONLY
6,CCU_r6_c2,CCU,Kolkata,118.38,153,False,SYNTHETIC DATA — PIPELINE/CONSTRAINT VERIFICATION ONLY
6,CCU_r6_c3,CCU,Kolkata,121.85,158,False,SYNTHETIC DATA — PIPELINE/CONSTRAINT VERIFICATION ONLY
6,CCU_r6_c4,CCU,Kolkata,115.55,150,False,SYNTHETIC DATA — PIPELINE/CONSTRAINT VERIFICATION ONLY
6,CCU_r6_c5,CCU,Kolkata,112.62,146,False,SYNTHETIC DATA — PIPELINE/CONSTRAINT VERIFICATION ONLY
6,CCU_r6_c6,CCU,Kolkata,98.01,127,False,SYNTHETIC DATA — PIPELINE/CONSTRAINT VERIFICATION ONLY
6,HYD_r0_c0,HYD,Hyderabad,62.9,81,False,SYNTHETIC DATA — PIPELINE/CONSTRAINT VERIFICATION ONLY
6,HYD_r0_c1,HYD,Hyderabad,60.24,78,False,SYNTHETIC DATA — PIPELINE/CONSTRAINT VERIFICATION ONLY
6,HYD_r0_c2,HYD,Hyderabad,72.67,94,False,SYNTHETIC DATA — PIPELINE/CONSTRAINT VERIFICATION ONLY
6,HYD_r0_c3,HYD,Hyderabad,68.35,88,False,SYNTHETIC DATA — PIPELINE/CONSTRAINT VERIFICATION ONLY
6,HYD_r0_c4,HYD,Hyderabad,67.52,87,False,SYNTHETIC DATA — PIPELINE/CONSTRAINT VERIFICATION ONLY
6,HYD_r0_c5,HYD,Hyderabad,63.04,81,False,SYNTHETIC DATA — PIPELINE/CONSTRAINT VERIFICATION ONLY
6,HYD_r0_c6,HYD,Hyderabad,59.41,77,False,SYNTHETIC DATA — PIPELINE/CONSTRAINT VERIFICATION ONLY
6,HYD_r1_c0,HYD,Hyderabad,69.18,89,False,SYNTHETIC DATA — PIPELINE/CONSTRAINT VERIFICATION ONLY
6,HYD_r1_c1,HYD,Hyderabad,63.13,82,False,SYNTHETIC DATA — PIPELINE/CONSTRAINT VERIFICATION ONLY
6,HYD_r1_c2,HYD,Hyderabad,78.75,102,False,SYNTHETIC DATA — PIPELINE/CONSTRAINT VERIFICATION ONLY
6,HYD_r1_c3,HYD,Hyderabad,77.65,100,False,SYNTHETIC DATA — PIPELINE/CONSTRAINT VERIFICATION ONLY
6,HYD_r1_c4,HYD,Hyderabad,71.3,92,False,SYNTHETIC DATA — PIPELINE/CONSTRAINT VERIFICATION ONLY
6,HYD_r1_c5,HYD,Hyderabad,67.37,87,False,SYNTHETIC DATA — PIPELINE/CONSTRAINT VERIFICATION ONLY
6,HYD_r1_c6,HYD,Hyderabad,69.95,90,False,SYNTHETIC DATA — PIPELINE/CONSTRAINT VERIFICATION ONLY
6,HYD_r2_c0,HYD,Hyderabad,65.32,84,False,SYNTHETIC DATA — PIPELINE/CONSTRAINT VERIFICATION ONLY
6,HYD_r2_c1,HYD,Hyderabad,71.46,92,False,SYNTHETIC DATA — PIPELINE/CONSTRAINT VERIFICATION ONLY
6,HYD_r2_c2,HYD,Hyderabad,84.33,109,False,SYNTHETIC DATA — PIPELINE/CONSTRAINT VERIFICATION ONLY
6,HYD_r2_c3,HYD,Hyderabad,84.95,110,False,SYNTHETIC DATA — PIPELINE/CONSTRAINT VERIFICATION ONLY
6,HYD_r2_c4,HYD,Hyderabad,78.1,101,False,SYNTHETIC DATA — PIPELINE/CONSTRAINT VERIFICATION ONLY
6,HYD_r2_c5,HYD,Hyderabad,75.57,98,False,SYNTHETIC DATA — PIPELINE/CONSTRAINT VERIFICATION ONLY
6,HYD_r2_c6,HYD,Hyderabad,65.08,84,False,SYNTHETIC DATA — PIPELINE/CONSTRAINT VERIFICATION ONLY
6,HYD_r3_c0,HYD,Hyderabad,72.64,94,False,SYNTHETIC DATA — PIPELINE/CONSTRAINT VERIFICATION ONLY
6,HYD_r3_c1,HYD,Hyderabad,79.82,103,False,SYNTHETIC DATA — PIPELINE/CONSTRAINT VERIFICATION ONLY
6,HYD_r3_c2,HYD,Hyderabad,85.53,111,False,SYNTHETIC DATA — PIPELINE/CONSTRAINT VERIFICATION ONLY
6,HYD_r3_c3,HYD,Hyderabad,92.32,120,True,SYNTHETIC DATA — PIPELINE/CONSTRAINT VERIFICATION ONLY
6,HYD_r3_c4,HYD,Hyderabad,89.22,115,False,SYNTHETIC DATA — PIPELINE/CONSTRAINT VERIFICATION ONLY
6,HYD_r3_c5,HYD,Hyderabad,76.64,99,False,SYNTHETIC DATA — PIPELINE/CONSTRAINT VERIFICATION ONLY
6,HYD_r3_c6,HYD,Hyderabad,65.8,85,False,SYNTHETIC DATA — PIPELINE/CONSTRAINT VERIFICATION ONLY
6,HYD_r4_c0,HYD,Hyderabad,69.5,90,False,SYNTHETIC DATA — PIPELINE/CONSTRAINT VERIFICATION ONLY
6,HYD_r4_c1,HYD,Hyderabad,81.17,105,False,SYNTHETIC DATA — PIPELINE/CONSTRAINT VERIFICATION ONLY
6,HYD_r4_c2,HYD,Hyderabad,77.87,101,False,SYNTHETIC DATA — PIPELINE/CONSTRAINT VERIFICATION ONLY
6,HYD_r4_c3,HYD,Hyderabad,82.85,107,False,SYNTHETIC DATA — PIPELINE/CONSTRAINT VERIFICATION ONLY
6,HYD_r4_c4,HYD,Hyderabad,82.16,106,False,SYNTHETIC DATA — PIPELINE/CONSTRAINT VERIFICATION ONLY
6,HYD_r4_c5,HYD,Hyderabad,74.76,97,False,SYNTHETIC DATA — PIPELINE/CONSTRAINT VERIFICATION ONLY
6,HYD_r4_c6,HYD,Hyderabad,65.21,84,False,SYNTHETIC DATA — PIPELINE/CONSTRAINT VERIFICATION ONLY
6,HYD_r5_c0,HYD,Hyderabad,68.29,88,False,SYNTHETIC DATA — PIPELINE/CONSTRAINT VERIFICATION ONLY
6,HYD_r5_c1,HYD,Hyderabad,77.55,100,False,SYNTHETIC DATA — PIPELINE/CONSTRAINT VERIFICATION ONLY
6,HYD_r5_c2,HYD,Hyderabad,75.51,98,False,SYNTHETIC DATA — PIPELINE/CONSTRAINT VERIFICATION ONLY
6,HYD_r5_c3,HYD,Hyderabad,73.93,96,False,SYNTHETIC DATA — PIPELINE/CONSTRAINT VERIFICATION ONLY
6,HYD_r5_c4,HYD,Hyderabad,70.27,91,False,SYNTHETIC DATA — PIPELINE/CONSTRAINT VERIFICATION ONLY
6,HYD_r5_c5,HYD,Hyderabad,71.37,92,False,SYNTHETIC DATA — PIPELINE/CONSTRAINT VERIFICATION ONLY
6,HYD_r5_c6,HYD,Hyderabad,68.23,88,False,SYNTHETIC DATA — PIPELINE/CONSTRAINT VERIFICATION ONLY
6,HYD_r6_c0,HYD,Hyderabad,61.7,80,False,SYNTHETIC DATA — PIPELINE/CONSTRAINT VERIFICATION ONLY
6,HYD_r6_c1,HYD,Hyderabad,64.91,84,False,SYNTHETIC DATA — PIPELINE/CONSTRAINT VERIFICATION ONLY
6,HYD_r6_c2,HYD,Hyderabad,66.39,86,False,SYNTHETIC DATA — PIPELINE/CONSTRAINT VERIFICATION ONLY
6,HYD_r6_c3,HYD,Hyderabad,66.06,85,False,SYNTHETIC DATA — PIPELINE/CONSTRAINT VERIFICATION ONLY
6,HYD_r6_c4,HYD,Hyderabad,70.66,91,False,SYNTHETIC DATA — PIPELINE/CONSTRAINT VERIFICATION ONLY
6,HYD_r6_c5,HYD,Hyderabad,67.66,87,False,SYNTHETIC DATA — PIPELINE/CONSTRAINT VERIFICATION ONLY
6,HYD_r6_c6,HYD,Hyderabad,55.63,72,False,SYNTHETIC DATA — PIPELINE/CONSTRAINT VERIFICATION ONLY
6,BLR_r0_c0,BLR,Bengaluru,40.93,53,False,SYNTHETIC DATA — PIPELINE/CONSTRAINT VERIFICATION ONLY
6,BLR_r0_c1,BLR,Bengaluru,40.67,52,False,SYNTHETIC DATA — PIPELINE/CONSTRAINT VERIFICATION ONLY
6,BLR_r0_c2,BLR,Bengaluru,45.09,58,False,SYNTHETIC DATA — PIPELINE/CONSTRAINT VERIFICATION ONLY
6,BLR_r0_c3,BLR,Bengaluru,37.58,48,False,SYNTHETIC DATA — PIPELINE/CONSTRAINT VERIFICATION ONLY
6,BLR_r0_c4,BLR,Bengaluru,36.8,47,False,SYNTHETIC DATA — PIPELINE/CONSTRAINT VERIFICATION ONLY
6,BLR_r0_c5,BLR,Bengaluru,38.51,50,False,SYNTHETIC DATA — PIPELINE/CONSTRAINT VERIFICATION ONLY
6,BLR_r0_c6,BLR,Bengaluru,37.67,48,False,SYNTHETIC DATA — PIPELINE/CONSTRAINT VERIFICATION ONLY
6,BLR_r1_c0,BLR,Bengaluru,44.34,57,False,SYNTHETIC DATA — PIPELINE/CONSTRAINT VERIFICATION ONLY
6,BLR_r1_c1,BLR,Bengaluru,44.47,57,False,SYNTHETIC DATA — PIPELINE/CONSTRAINT VERIFICATION ONLY
6,BLR_r1_c2,BLR,Bengaluru,44.22,57,False,SYNTHETIC DATA — PIPELINE/CONSTRAINT VERIFICATION ONLY
6,BLR_r1_c3,BLR,Bengaluru,42.9,55,False,SYNTHETIC DATA — PIPELINE/CONSTRAINT VERIFICATION ONLY
6,BLR_r1_c4,BLR,Bengaluru,48.64,63,False,SYNTHETIC DATA — PIPELINE/CONSTRAINT VERIFICATION ONLY
6,BLR_r1_c5,BLR,Bengaluru,39.46,51,False,SYNTHETIC DATA — PIPELINE/CONSTRAINT VERIFICATION ONLY
6,BLR_r1_c6,BLR,Bengaluru,43.84,56,False,SYNTHETIC DATA — PIPELINE/CONSTRAINT VERIFICATION ONLY
6,BLR_r2_c0,BLR,Bengaluru,40.04,52,False,SYNTHETIC DATA — PIPELINE/CONSTRAINT VERIFICATION ONLY
6,BLR_r2_c1,BLR,Bengaluru,49.72,64,False,SYNTHETIC DATA — PIPELINE/CONSTRAINT VERIFICATION ONLY
6,BLR_r2_c2,BLR,Bengaluru,50.59,65,False,SYNTHETIC DATA — PIPELINE/CONSTRAINT VERIFICATION ONLY
6,BLR_r2_c3,BLR,Bengaluru,49.95,64,False,SYNTHETIC DATA — PIPELINE/CONSTRAINT VERIFICATION ONLY
6,BLR_r2_c4,BLR,Bengaluru,46.99,61,False,SYNTHETIC DATA — PIPELINE/CONSTRAINT VERIFICATION ONLY
6,BLR_r2_c5,BLR,Bengaluru,43.93,57,False,SYNTHETIC DATA — PIPELINE/CONSTRAINT VERIFICATION ONLY
6,BLR_r2_c6,BLR,Bengaluru,42.18,54,False,SYNTHETIC DATA — PIPELINE/CONSTRAINT VERIFICATION ONLY
6,BLR_r3_c0,BLR,Bengaluru,41.84,54,False,SYNTHETIC DATA — PIPELINE/CONSTRAINT VERIFICATION ONLY
6,BLR_r3_c1,BLR,Bengaluru,44.2,57,False,SYNTHETIC DATA — PIPELINE/CONSTRAINT VERIFICATION ONLY
6,BLR_r3_c2,BLR,Bengaluru,49.87,64,False,SYNTHETIC DATA — PIPELINE/CONSTRAINT VERIFICATION ONLY
6,BLR_r3_c3,BLR,Bengaluru,54.98,71,True,SYNTHETIC DATA — PIPELINE/CONSTRAINT VERIFICATION ONLY
6,BLR_r3_c4,BLR,Bengaluru,43.98,57,False,SYNTHETIC DATA — PIPELINE/CONSTRAINT VERIFICATION ONLY
6,BLR_r3_c5,BLR,Bengaluru,47.36,61,False,SYNTHETIC DATA — PIPELINE/CONSTRAINT VERIFICATION ONLY
6,BLR_r3_c6,BLR,Bengaluru,38.67,50,False,SYNTHETIC DATA — PIPELINE/CONSTRAINT VERIFICATION ONLY
6,BLR_r4_c0,BLR,Bengaluru,37.43,48,False,SYNTHETIC DATA — PIPELINE/CONSTRAINT VERIFICATION ONLY
6,BLR_r4_c1,BLR,Bengaluru,39.89,51,False,SYNTHETIC DATA — PIPELINE/CONSTRAINT VERIFICATION ONLY
6,BLR_r4_c2,BLR,Bengaluru,43.17,56,False,SYNTHETIC DATA — PIPELINE/CONSTRAINT VERIFICATION ONLY
6,BLR_r4_c3,BLR,Bengaluru,46.3,60,False,SYNTHETIC DATA — PIPELINE/CONSTRAINT VERIFICATION ONLY
6,BLR_r4_c4,BLR,Bengaluru,46.42,60,False,SYNTHETIC DATA — PIPELINE/CONSTRAINT VERIFICATION ONLY
6,BLR_r4_c5,BLR,Bengaluru,50.81,66,False,SYNTHETIC DATA — PIPELINE/CONSTRAINT VERIFICATION ONLY
6,BLR_r4_c6,BLR,Bengaluru,39.32,51,False,SYNTHETIC DATA — PIPELINE/CONSTRAINT VERIFICATION ONLY
6,BLR_r5_c0,BLR,Bengaluru,39.49,51,False,SYNTHETIC DATA — PIPELINE/CONSTRAINT VERIFICATION ONLY
6,BLR_r5_c1,BLR,Bengaluru,43.56,56,False,SYNTHETIC DATA — PIPELINE/CONSTRAINT VERIFICATION ONLY
6,BLR_r5_c2,BLR,Bengaluru,45.34,58,False,SYNTHETIC DATA — PIPELINE/CONSTRAINT VERIFICATION ONLY
6,BLR_r5_c3,BLR,Bengaluru,45.75,59,False,SYNTHETIC DATA — PIPELINE/CONSTRAINT VERIFICATION ONLY
6,BLR_r5_c4,BLR,Bengaluru,41.36,53,False,SYNTHETIC DATA — PIPELINE/CONSTRAINT VERIFICATION ONLY
6,BLR_r5_c5,BLR,Bengaluru,46.71,60,False,SYNTHETIC DATA — PIPELINE/CONSTRAINT VERIFICATION ONLY
6,BLR_r5_c6,BLR,Bengaluru,44.37,57,False,SYNTHETIC DATA — PIPELINE/CONSTRAINT VERIFICATION ONLY
6,BLR_r6_c0,BLR,Bengaluru,31.11,40,False,SYNTHETIC DATA — PIPELINE/CONSTRAINT VERIFICATION ONLY
6,BLR_r6_c1,BLR,Bengaluru,35.88,46,False,SYNTHETIC DATA — PIPELINE/CONSTRAINT VERIFICATION ONLY
6,BLR_r6_c2,BLR,Bengaluru,40.05,52,False,SYNTHETIC DATA — PIPELINE/CONSTRAINT VERIFICATION ONLY
6,BLR_r6_c3,BLR,Bengaluru,38.71,50,False,SYNTHETIC DATA — PIPELINE/CONSTRAINT VERIFICATION ONLY
6,BLR_r6_c4,BLR,Bengaluru,42.41,55,False,SYNTHETIC DATA — PIPELINE/CONSTRAINT VERIFICATION ONLY
6,BLR_r6_c5,BLR,Bengaluru,36.77,47,False,SYNTHETIC DATA — PIPELINE/CONSTRAINT VERIFICATION ONLY
6,BLR_r6_c6,BLR,Bengaluru,42.66,55,False,SYNTHETIC DATA — PIPELINE/CONSTRAINT VERIFICATION ONLY
6,MAA_r0_c0,MAA,Chennai,47.77,62,False,SYNTHETIC DATA — PIPELINE/CONSTRAINT VERIFICATION ONLY
6,MAA_r0_c1,MAA,Chennai,48.25,62,False,SYNTHETIC DATA — PIPELINE/CONSTRAINT VERIFICATION ONLY
6,MAA_r0_c2,MAA,Chennai,53.06,68,False,SYNTHETIC DATA — PIPELINE/CONSTRAINT VERIFICATION ONLY
6,MAA_r0_c3,MAA,Chennai,54.17,70,False,SYNTHETIC DATA — PIPELINE/CONSTRAINT VERIFICATION ONLY
6,MAA_r0_c4,MAA,Chennai,48.29,62,False,SYNTHETIC DATA — PIPELINE/CONSTRAINT VERIFICATION ONLY
6,MAA_r0_c5,MAA,Chennai,45.16,58,False,SYNTHETIC DATA — PIPELINE/CONSTRAINT VERIFICATION ONLY
6,MAA_r0_c6,MAA,Chennai,44.43,57,False,SYNTHETIC DATA — PIPELINE/CONSTRAINT VERIFICATION ONLY
6,MAA_r1_c0,MAA,Chennai,50.19,65,False,SYNTHETIC DATA — PIPELINE/CONSTRAINT VERIFICATION ONLY
6,MAA_r1_c1,MAA,Chennai,52.19,67,False,SYNTHETIC DATA — PIPELINE/CONSTRAINT VERIFICATION ONLY
6,MAA_r1_c2,MAA,Chennai,50.21,65,False,SYNTHETIC DATA — PIPELINE/CONSTRAINT VERIFICATION ONLY
6,MAA_r1_c3,MAA,Chennai,53.79,69,False,SYNTHETIC DATA — PIPELINE/CONSTRAINT VERIFICATION ONLY
6,MAA_r1_c4,MAA,Chennai,54.72,71,False,SYNTHETIC DATA — PIPELINE/CONSTRAINT VERIFICATION ONLY
6,MAA_r1_c5,MAA,Chennai,51.54,67,False,SYNTHETIC DATA — PIPELINE/CONSTRAINT VERIFICATION ONLY
6,MAA_r1_c6,MAA,Chennai,53.53,69,False,SYNTHETIC DATA — PIPELINE/CONSTRAINT VERIFICATION ONLY
6,MAA_r2_c0,MAA,Chennai,45.82,59,False,SYNTHETIC DATA — PIPELINE/CONSTRAINT VERIFICATION ONLY
6,MAA_r2_c1,MAA,Chennai,56.46,73,False,SYNTHETIC DATA — PIPELINE/CONSTRAINT VERIFICATION ONLY
6,MAA_r2_c2,MAA,Chennai,63.81,82,False,SYNTHETIC DATA — PIPELINE/CONSTRAINT VERIFICATION ONLY
6,MAA_r2_c3,MAA,Chennai,68.37,88,False,SYNTHETIC DATA — PIPELINE/CONSTRAINT VERIFICATION ONLY
6,MAA_r2_c4,MAA,Chennai,58.12,75,False,SYNTHETIC DATA — PIPELINE/CONSTRAINT VERIFICATION ONLY
6,MAA_r2_c5,MAA,Chennai,56.41,73,False,SYNTHETIC DATA — PIPELINE/CONSTRAINT VERIFICATION ONLY
6,MAA_r2_c6,MAA,Chennai,51.69,67,False,SYNTHETIC DATA — PIPELINE/CONSTRAINT VERIFICATION ONLY
6,MAA_r3_c0,MAA,Chennai,51.44,66,False,SYNTHETIC DATA — PIPELINE/CONSTRAINT VERIFICATION ONLY
6,MAA_r3_c1,MAA,Chennai,55.91,72,False,SYNTHETIC DATA — PIPELINE/CONSTRAINT VERIFICATION ONLY
6,MAA_r3_c2,MAA,Chennai,62.86,81,False,SYNTHETIC DATA — PIPELINE/CONSTRAINT VERIFICATION ONLY
6,MAA_r3_c3,MAA,Chennai,59.31,77,True,SYNTHETIC DATA — PIPELINE/CONSTRAINT VERIFICATION ONLY
6,MAA_r3_c4,MAA,Chennai,63.6,82,False,SYNTHETIC DATA — PIPELINE/CONSTRAINT VERIFICATION ONLY
6,MAA_r3_c5,MAA,Chennai,56.58,73,False,SYNTHETIC DATA — PIPELINE/CONSTRAINT VERIFICATION ONLY
6,MAA_r3_c6,MAA,Chennai,50.18,65,False,SYNTHETIC DATA — PIPELINE/CONSTRAINT VERIFICATION ONLY
6,MAA_r4_c0,MAA,Chennai,56.12,72,False,SYNTHETIC DATA — PIPELINE/CONSTRAINT VERIFICATION ONLY
6,MAA_r4_c1,MAA,Chennai,52.91,68,False,SYNTHETIC DATA — PIPELINE/CONSTRAINT VERIFICATION ONLY
6,MAA_r4_c2,MAA,Chennai,58.13,75,False,SYNTHETIC DATA — PIPELINE/CONSTRAINT VERIFICATION ONLY
6,MAA_r4_c3,MAA,Chennai,67.53,87,False,SYNTHETIC DATA — PIPELINE/CONSTRAINT VERIFICATION ONLY
6,MAA_r4_c4,MAA,Chennai,56.84,73,False,SYNTHETIC DATA — PIPELINE/CONSTRAINT VERIFICATION ONLY
6,MAA_r4_c5,MAA,Chennai,53.29,69,False,SYNTHETIC DATA — PIPELINE/CONSTRAINT VERIFICATION ONLY
6,MAA_r4_c6,MAA,Chennai,49.54,64,False,SYNTHETIC DATA — PIPELINE/CONSTRAINT VERIFICATION ONLY
6,MAA_r5_c0,MAA,Chennai,50.13,65,False,SYNTHETIC DATA — PIPELINE/CONSTRAINT VERIFICATION ONLY
6,MAA_r5_c1,MAA,Chennai,52.39,68,False,SYNTHETIC DATA — PIPELINE/CONSTRAINT VERIFICATION ONLY
6,MAA_r5_c2,MAA,Chennai,51.06,66,False,SYNTHETIC DATA — PIPELINE/CONSTRAINT VERIFICATION ONLY
6,MAA_r5_c3,MAA,Chennai,54.61,70,False,SYNTHETIC DATA — PIPELINE/CONSTRAINT VERIFICATION ONLY
6,MAA_r5_c4,MAA,Chennai,53.12,69,False,SYNTHETIC DATA — PIPELINE/CONSTRAINT VERIFICATION ONLY
6,MAA_r5_c5,MAA,Chennai,51.54,67,False,SYNTHETIC DATA — PIPELINE/CONSTRAINT VERIFICATION ONLY
6,MAA_r5_c6,MAA,Chennai,48.89,63,False,SYNTHETIC DATA — PIPELINE/CONSTRAINT VERIFICATION ONLY
6,MAA_r6_c0,MAA,Chennai,45.45,59,False,SYNTHETIC DATA — PIPELINE/CONSTRAINT VERIFICATION ONLY
6,MAA_r6_c1,MAA,Chennai,42.28,54,False,SYNTHETIC DATA — PIPELINE/CONSTRAINT VERIFICATION ONLY
6,MAA_r6_c2,MAA,Chennai,53.17,69,False,SYNTHETIC DATA — PIPELINE/CONSTRAINT VERIFICATION ONLY
6,MAA_r6_c3,MAA,Chennai,51.61,67,False,SYNTHETIC DATA — PIPELINE/CONSTRAINT VERIFICATION ONLY
6,MAA_r6_c4,MAA,Chennai,54.13,70,False,SYNTHETIC DATA — PIPELINE/CONSTRAINT VERIFICATION ONLY
6,MAA_r6_c5,MAA,Chennai,48.94,63,False,SYNTHETIC DATA — PIPELINE/CONSTRAINT VERIFICATION ONLY
6,MAA_r6_c6,MAA,Chennai,47.5,61,False,SYNTHETIC DATA — PIPELINE/CONSTRAINT VERIFICATION ONLY
7,DEL_r0_c0,DEL,Delhi,149.02,193,False,SYNTHETIC DATA — PIPELINE/CONSTRAINT VERIFICATION ONLY
7,DEL_r0_c1,DEL,Delhi,163.05,211,False,SYNTHETIC DATA — PIPELINE/CONSTRAINT VERIFICATION ONLY
7,DEL_r0_c2,DEL,Delhi,168.5,219,False,SYNTHETIC DATA — PIPELINE/CONSTRAINT VERIFICATION ONLY
7,DEL_r0_c3,DEL,Delhi,169.54,220,False,SYNTHETIC DATA — PIPELINE/CONSTRAINT VERIFICATION ONLY
7,DEL_r0_c4,DEL,Delhi,173.75,225,False,SYNTHETIC DATA — PIPELINE/CONSTRAINT VERIFICATION ONLY
7,DEL_r0_c5,DEL,Delhi,161.68,210,False,SYNTHETIC DATA — PIPELINE/CONSTRAINT VERIFICATION ONLY
7,DEL_r0_c6,DEL,Delhi,149.34,194,False,SYNTHETIC DATA — PIPELINE/CONSTRAINT VERIFICATION ONLY
7,DEL_r1_c0,DEL,Delhi,155.18,201,False,SYNTHETIC DATA — PIPELINE/CONSTRAINT VERIFICATION ONLY
7,DEL_r1_c1,DEL,Delhi,169.04,219,False,SYNTHETIC DATA — PIPELINE/CONSTRAINT VERIFICATION ONLY
7,DEL_r1_c2,DEL,Delhi,184.37,239,False,SYNTHETIC DATA — PIPELINE/CONSTRAINT VERIFICATION ONLY
7,DEL_r1_c3,DEL,Delhi,188.15,244,False,SYNTHETIC DATA — PIPELINE/CONSTRAINT VERIFICATION ONLY
7,DEL_r1_c4,DEL,Delhi,181.65,236,False,SYNTHETIC DATA — PIPELINE/CONSTRAINT VERIFICATION ONLY
7,DEL_r1_c5,DEL,Delhi,173.32,225,False,SYNTHETIC DATA — PIPELINE/CONSTRAINT VERIFICATION ONLY
7,DEL_r1_c6,DEL,Delhi,163.77,212,False,SYNTHETIC DATA — PIPELINE/CONSTRAINT VERIFICATION ONLY
7,DEL_r2_c0,DEL,Delhi,169.02,219,False,SYNTHETIC DATA — PIPELINE/CONSTRAINT VERIFICATION ONLY
7,DEL_r2_c1,DEL,Delhi,180.07,234,False,SYNTHETIC DATA — PIPELINE/CONSTRAINT VERIFICATION ONLY
7,DEL_r2_c2,DEL,Delhi,197.85,257,False,SYNTHETIC DATA — PIPELINE/CONSTRAINT VERIFICATION ONLY
7,DEL_r2_c3,DEL,Delhi,203.17,264,False,SYNTHETIC DATA — PIPELINE/CONSTRAINT VERIFICATION ONLY
7,DEL_r2_c4,DEL,Delhi,197.02,256,False,SYNTHETIC DATA — PIPELINE/CONSTRAINT VERIFICATION ONLY
7,DEL_r2_c5,DEL,Delhi,182.25,236,False,SYNTHETIC DATA — PIPELINE/CONSTRAINT VERIFICATION ONLY
7,DEL_r2_c6,DEL,Delhi,165.5,215,False,SYNTHETIC DATA — PIPELINE/CONSTRAINT VERIFICATION ONLY
7,DEL_r3_c0,DEL,Delhi,166.07,215,False,SYNTHETIC DATA — PIPELINE/CONSTRAINT VERIFICATION ONLY
7,DEL_r3_c1,DEL,Delhi,187.33,243,False,SYNTHETIC DATA — PIPELINE/CONSTRAINT VERIFICATION ONLY
7,DEL_r3_c2,DEL,Delhi,203.91,265,False,SYNTHETIC DATA — PIPELINE/CONSTRAINT VERIFICATION ONLY
7,DEL_r3_c3,DEL,Delhi,214.68,279,True,SYNTHETIC DATA — PIPELINE/CONSTRAINT VERIFICATION ONLY
7,DEL_r3_c4,DEL,Delhi,211.75,275,False,SYNTHETIC DATA — PIPELINE/CONSTRAINT VERIFICATION ONLY
7,DEL_r3_c5,DEL,Delhi,190.98,248,False,SYNTHETIC DATA — PIPELINE/CONSTRAINT VERIFICATION ONLY
7,DEL_r3_c6,DEL,Delhi,168.71,219,False,SYNTHETIC DATA — PIPELINE/CONSTRAINT VERIFICATION ONLY
7,DEL_r4_c0,DEL,Delhi,166.99,217,False,SYNTHETIC DATA — PIPELINE/CONSTRAINT VERIFICATION ONLY
7,DEL_r4_c1,DEL,Delhi,179.98,233,False,SYNTHETIC DATA — PIPELINE/CONSTRAINT VERIFICATION ONLY
7,DEL_r4_c2,DEL,Delhi,203.27,264,False,SYNTHETIC DATA — PIPELINE/CONSTRAINT VERIFICATION ONLY
7,DEL_r4_c3,DEL,Delhi,211.28,274,False,SYNTHETIC DATA — PIPELINE/CONSTRAINT VERIFICATION ONLY
7,DEL_r4_c4,DEL,Delhi,198.65,258,False,SYNTHETIC DATA — PIPELINE/CONSTRAINT VERIFICATION ONLY
7,DEL_r4_c5,DEL,Delhi,186.56,242,False,SYNTHETIC DATA — PIPELINE/CONSTRAINT VERIFICATION ONLY
7,DEL_r4_c6,DEL,Delhi,167.46,217,False,SYNTHETIC DATA — PIPELINE/CONSTRAINT VERIFICATION ONLY
7,DEL_r5_c0,DEL,Delhi,155.0,201,False,SYNTHETIC DATA — PIPELINE/CONSTRAINT VERIFICATION ONLY
7,DEL_r5_c1,DEL,Delhi,171.67,223,False,SYNTHETIC DATA — PIPELINE/CONSTRAINT VERIFICATION ONLY
7,DEL_r5_c2,DEL,Delhi,183.89,239,False,SYNTHETIC DATA — PIPELINE/CONSTRAINT VERIFICATION ONLY
7,DEL_r5_c3,DEL,Delhi,186.35,242,False,SYNTHETIC DATA — PIPELINE/CONSTRAINT VERIFICATION ONLY
7,DEL_r5_c4,DEL,Delhi,182.84,237,False,SYNTHETIC DATA — PIPELINE/CONSTRAINT VERIFICATION ONLY
7,DEL_r5_c5,DEL,Delhi,172.63,224,False,SYNTHETIC DATA — PIPELINE/CONSTRAINT VERIFICATION ONLY
7,DEL_r5_c6,DEL,Delhi,158.77,206,False,SYNTHETIC DATA — PIPELINE/CONSTRAINT VERIFICATION ONLY
7,DEL_r6_c0,DEL,Delhi,147.78,192,False,SYNTHETIC DATA — PIPELINE/CONSTRAINT VERIFICATION ONLY
7,DEL_r6_c1,DEL,Delhi,155.83,202,False,SYNTHETIC DATA — PIPELINE/CONSTRAINT VERIFICATION ONLY
7,DEL_r6_c2,DEL,Delhi,164.78,214,False,SYNTHETIC DATA — PIPELINE/CONSTRAINT VERIFICATION ONLY
7,DEL_r6_c3,DEL,Delhi,165.98,215,False,SYNTHETIC DATA — PIPELINE/CONSTRAINT VERIFICATION ONLY
7,DEL_r6_c4,DEL,Delhi,169.87,220,False,SYNTHETIC DATA — PIPELINE/CONSTRAINT VERIFICATION ONLY
7,DEL_r6_c5,DEL,Delhi,152.69,198,False,SYNTHETIC DATA — PIPELINE/CONSTRAINT VERIFICATION ONLY
7,DEL_r6_c6,DEL,Delhi,151.08,196,False,SYNTHETIC DATA — PIPELINE/CONSTRAINT VERIFICATION ONLY
7,BOM_r0_c0,BOM,Mumbai,77.97,101,False,SYNTHETIC DATA — PIPELINE/CONSTRAINT VERIFICATION ONLY
7,BOM_r0_c1,BOM,Mumbai,78.6,102,False,SYNTHETIC DATA — PIPELINE/CONSTRAINT VERIFICATION ONLY
7,BOM_r0_c2,BOM,Mumbai,75.66,98,False,SYNTHETIC DATA — PIPELINE/CONSTRAINT VERIFICATION ONLY
7,BOM_r0_c3,BOM,Mumbai,83.83,108,False,SYNTHETIC DATA — PIPELINE/CONSTRAINT VERIFICATION ONLY
7,BOM_r0_c4,BOM,Mumbai,83.27,108,False,SYNTHETIC DATA — PIPELINE/CONSTRAINT VERIFICATION ONLY
7,BOM_r0_c5,BOM,Mumbai,76.47,99,False,SYNTHETIC DATA — PIPELINE/CONSTRAINT VERIFICATION ONLY
7,BOM_r0_c6,BOM,Mumbai,72.26,93,False,SYNTHETIC DATA — PIPELINE/CONSTRAINT VERIFICATION ONLY
7,BOM_r1_c0,BOM,Mumbai,84.1,109,False,SYNTHETIC DATA — PIPELINE/CONSTRAINT VERIFICATION ONLY
7,BOM_r1_c1,BOM,Mumbai,88.45,114,False,SYNTHETIC DATA — PIPELINE/CONSTRAINT VERIFICATION ONLY
7,BOM_r1_c2,BOM,Mumbai,88.97,115,False,SYNTHETIC DATA — PIPELINE/CONSTRAINT VERIFICATION ONLY
7,BOM_r1_c3,BOM,Mumbai,89.06,115,False,SYNTHETIC DATA — PIPELINE/CONSTRAINT VERIFICATION ONLY
7,BOM_r1_c4,BOM,Mumbai,90.76,117,False,SYNTHETIC DATA — PIPELINE/CONSTRAINT VERIFICATION ONLY
7,BOM_r1_c5,BOM,Mumbai,85.81,111,False,SYNTHETIC DATA — PIPELINE/CONSTRAINT VERIFICATION ONLY
7,BOM_r1_c6,BOM,Mumbai,80.99,105,False,SYNTHETIC DATA — PIPELINE/CONSTRAINT VERIFICATION ONLY
7,BOM_r2_c0,BOM,Mumbai,81.86,106,False,SYNTHETIC DATA — PIPELINE/CONSTRAINT VERIFICATION ONLY
7,BOM_r2_c1,BOM,Mumbai,93.28,121,False,SYNTHETIC DATA — PIPELINE/CONSTRAINT VERIFICATION ONLY
7,BOM_r2_c2,BOM,Mumbai,104.9,136,False,SYNTHETIC DATA — PIPELINE/CONSTRAINT VERIFICATION ONLY
7,BOM_r2_c3,BOM,Mumbai,105.24,136,False,SYNTHETIC DATA — PIPELINE/CONSTRAINT VERIFICATION ONLY
7,BOM_r2_c4,BOM,Mumbai,98.95,128,False,SYNTHETIC DATA — PIPELINE/CONSTRAINT VERIFICATION ONLY
7,BOM_r2_c5,BOM,Mumbai,91.2,118,False,SYNTHETIC DATA — PIPELINE/CONSTRAINT VERIFICATION ONLY
7,BOM_r2_c6,BOM,Mumbai,82.4,107,False,SYNTHETIC DATA — PIPELINE/CONSTRAINT VERIFICATION ONLY
7,BOM_r3_c0,BOM,Mumbai,88.46,114,False,SYNTHETIC DATA — PIPELINE/CONSTRAINT VERIFICATION ONLY
7,BOM_r3_c1,BOM,Mumbai,91.97,119,False,SYNTHETIC DATA — PIPELINE/CONSTRAINT VERIFICATION ONLY
7,BOM_r3_c2,BOM,Mumbai,102.93,133,False,SYNTHETIC DATA — PIPELINE/CONSTRAINT VERIFICATION ONLY
7,BOM_r3_c3,BOM,Mumbai,111.89,145,True,SYNTHETIC DATA — PIPELINE/CONSTRAINT VERIFICATION ONLY
7,BOM_r3_c4,BOM,Mumbai,101.29,131,False,SYNTHETIC DATA — PIPELINE/CONSTRAINT VERIFICATION ONLY
7,BOM_r3_c5,BOM,Mumbai,89.74,116,False,SYNTHETIC DATA — PIPELINE/CONSTRAINT VERIFICATION ONLY
7,BOM_r3_c6,BOM,Mumbai,85.89,111,False,SYNTHETIC DATA — PIPELINE/CONSTRAINT VERIFICATION ONLY
7,BOM_r4_c0,BOM,Mumbai,83.28,108,False,SYNTHETIC DATA — PIPELINE/CONSTRAINT VERIFICATION ONLY
7,BOM_r4_c1,BOM,Mumbai,93.25,121,False,SYNTHETIC DATA — PIPELINE/CONSTRAINT VERIFICATION ONLY
7,BOM_r4_c2,BOM,Mumbai,97.49,126,False,SYNTHETIC DATA — PIPELINE/CONSTRAINT VERIFICATION ONLY
7,BOM_r4_c3,BOM,Mumbai,106.46,138,False,SYNTHETIC DATA — PIPELINE/CONSTRAINT VERIFICATION ONLY
7,BOM_r4_c4,BOM,Mumbai,96.46,125,False,SYNTHETIC DATA — PIPELINE/CONSTRAINT VERIFICATION ONLY
7,BOM_r4_c5,BOM,Mumbai,96.88,125,False,SYNTHETIC DATA — PIPELINE/CONSTRAINT VERIFICATION ONLY
7,BOM_r4_c6,BOM,Mumbai,78.22,101,False,SYNTHETIC DATA — PIPELINE/CONSTRAINT VERIFICATION ONLY
7,BOM_r5_c0,BOM,Mumbai,80.81,105,False,SYNTHETIC DATA — PIPELINE/CONSTRAINT VERIFICATION ONLY
7,BOM_r5_c1,BOM,Mumbai,87.88,114,False,SYNTHETIC DATA — PIPELINE/CONSTRAINT VERIFICATION ONLY
7,BOM_r5_c2,BOM,Mumbai,89.36,116,False,SYNTHETIC DATA — PIPELINE/CONSTRAINT VERIFICATION ONLY
7,BOM_r5_c3,BOM,Mumbai,95.13,123,False,SYNTHETIC DATA — PIPELINE/CONSTRAINT VERIFICATION ONLY
7,BOM_r5_c4,BOM,Mumbai,95.58,124,False,SYNTHETIC DATA — PIPELINE/CONSTRAINT VERIFICATION ONLY
7,BOM_r5_c5,BOM,Mumbai,79.8,103,False,SYNTHETIC DATA — PIPELINE/CONSTRAINT VERIFICATION ONLY
7,BOM_r5_c6,BOM,Mumbai,81.01,105,False,SYNTHETIC DATA — PIPELINE/CONSTRAINT VERIFICATION ONLY
7,BOM_r6_c0,BOM,Mumbai,66.33,86,False,SYNTHETIC DATA — PIPELINE/CONSTRAINT VERIFICATION ONLY
7,BOM_r6_c1,BOM,Mumbai,76.61,99,False,SYNTHETIC DATA — PIPELINE/CONSTRAINT VERIFICATION ONLY
7,BOM_r6_c2,BOM,Mumbai,88.35,114,False,SYNTHETIC DATA — PIPELINE/CONSTRAINT VERIFICATION ONLY
7,BOM_r6_c3,BOM,Mumbai,83.17,108,False,SYNTHETIC DATA — PIPELINE/CONSTRAINT VERIFICATION ONLY
7,BOM_r6_c4,BOM,Mumbai,79.95,103,False,SYNTHETIC DATA — PIPELINE/CONSTRAINT VERIFICATION ONLY
7,BOM_r6_c5,BOM,Mumbai,78.91,102,False,SYNTHETIC DATA — PIPELINE/CONSTRAINT VERIFICATION ONLY
7,BOM_r6_c6,BOM,Mumbai,80.01,104,False,SYNTHETIC DATA — PIPELINE/CONSTRAINT VERIFICATION ONLY
7,LKO_r0_c0,LKO,Lucknow,125.72,163,False,SYNTHETIC DATA — PIPELINE/CONSTRAINT VERIFICATION ONLY
7,LKO_r0_c1,LKO,Lucknow,138.19,179,False,SYNTHETIC DATA — PIPELINE/CONSTRAINT VERIFICATION ONLY
7,LKO_r0_c2,LKO,Lucknow,152.88,198,False,SYNTHETIC DATA — PIPELINE/CONSTRAINT VERIFICATION ONLY
7,LKO_r0_c3,LKO,Lucknow,156.54,203,False,SYNTHETIC DATA — PIPELINE/CONSTRAINT VERIFICATION ONLY
7,LKO_r0_c4,LKO,Lucknow,148.08,192,False,SYNTHETIC DATA — PIPELINE/CONSTRAINT VERIFICATION ONLY
7,LKO_r0_c5,LKO,Lucknow,137.62,178,False,SYNTHETIC DATA — PIPELINE/CONSTRAINT VERIFICATION ONLY
7,LKO_r0_c6,LKO,Lucknow,137.5,178,False,SYNTHETIC DATA — PIPELINE/CONSTRAINT VERIFICATION ONLY
7,LKO_r1_c0,LKO,Lucknow,146.12,189,False,SYNTHETIC DATA — PIPELINE/CONSTRAINT VERIFICATION ONLY
7,LKO_r1_c1,LKO,Lucknow,155.73,202,False,SYNTHETIC DATA — PIPELINE/CONSTRAINT VERIFICATION ONLY
7,LKO_r1_c2,LKO,Lucknow,160.67,208,False,SYNTHETIC DATA — PIPELINE/CONSTRAINT VERIFICATION ONLY
7,LKO_r1_c3,LKO,Lucknow,166.71,216,False,SYNTHETIC DATA — PIPELINE/CONSTRAINT VERIFICATION ONLY
7,LKO_r1_c4,LKO,Lucknow,162.62,211,False,SYNTHETIC DATA — PIPELINE/CONSTRAINT VERIFICATION ONLY
7,LKO_r1_c5,LKO,Lucknow,154.68,201,False,SYNTHETIC DATA — PIPELINE/CONSTRAINT VERIFICATION ONLY
7,LKO_r1_c6,LKO,Lucknow,145.69,189,False,SYNTHETIC DATA — PIPELINE/CONSTRAINT VERIFICATION ONLY
7,LKO_r2_c0,LKO,Lucknow,151.02,196,False,SYNTHETIC DATA — PIPELINE/CONSTRAINT VERIFICATION ONLY
7,LKO_r2_c1,LKO,Lucknow,159.87,207,False,SYNTHETIC DATA — PIPELINE/CONSTRAINT VERIFICATION ONLY
7,LKO_r2_c2,LKO,Lucknow,180.29,234,False,SYNTHETIC DATA — PIPELINE/CONSTRAINT VERIFICATION ONLY
7,LKO_r2_c3,LKO,Lucknow,183.69,238,False,SYNTHETIC DATA — PIPELINE/CONSTRAINT VERIFICATION ONLY
7,LKO_r2_c4,LKO,Lucknow,178.23,231,False,SYNTHETIC DATA — PIPELINE/CONSTRAINT VERIFICATION ONLY
7,LKO_r2_c5,LKO,Lucknow,167.5,217,False,SYNTHETIC DATA — PIPELINE/CONSTRAINT VERIFICATION ONLY
7,LKO_r2_c6,LKO,Lucknow,145.05,188,False,SYNTHETIC DATA — PIPELINE/CONSTRAINT VERIFICATION ONLY
7,LKO_r3_c0,LKO,Lucknow,150.86,196,False,SYNTHETIC DATA — PIPELINE/CONSTRAINT VERIFICATION ONLY
7,LKO_r3_c1,LKO,Lucknow,165.26,214,False,SYNTHETIC DATA — PIPELINE/CONSTRAINT VERIFICATION ONLY
7,LKO_r3_c2,LKO,Lucknow,178.04,231,False,SYNTHETIC DATA — PIPELINE/CONSTRAINT VERIFICATION ONLY
7,LKO_r3_c3,LKO,Lucknow,199.68,259,True,SYNTHETIC DATA — PIPELINE/CONSTRAINT VERIFICATION ONLY
7,LKO_r3_c4,LKO,Lucknow,190.28,247,False,SYNTHETIC DATA — PIPELINE/CONSTRAINT VERIFICATION ONLY
7,LKO_r3_c5,LKO,Lucknow,161.33,209,False,SYNTHETIC DATA — PIPELINE/CONSTRAINT VERIFICATION ONLY
7,LKO_r3_c6,LKO,Lucknow,150.87,196,False,SYNTHETIC DATA — PIPELINE/CONSTRAINT VERIFICATION ONLY
7,LKO_r4_c0,LKO,Lucknow,150.31,195,False,SYNTHETIC DATA — PIPELINE/CONSTRAINT VERIFICATION ONLY
7,LKO_r4_c1,LKO,Lucknow,163.47,212,False,SYNTHETIC DATA — PIPELINE/CONSTRAINT VERIFICATION ONLY
7,LKO_r4_c2,LKO,Lucknow,175.82,228,False,SYNTHETIC DATA — PIPELINE/CONSTRAINT VERIFICATION ONLY
7,LKO_r4_c3,LKO,Lucknow,178.85,232,False,SYNTHETIC DATA — PIPELINE/CONSTRAINT VERIFICATION ONLY
7,LKO_r4_c4,LKO,Lucknow,176.86,229,False,SYNTHETIC DATA — PIPELINE/CONSTRAINT VERIFICATION ONLY
7,LKO_r4_c5,LKO,Lucknow,160.83,209,False,SYNTHETIC DATA — PIPELINE/CONSTRAINT VERIFICATION ONLY
7,LKO_r4_c6,LKO,Lucknow,141.82,184,False,SYNTHETIC DATA — PIPELINE/CONSTRAINT VERIFICATION ONLY
7,LKO_r5_c0,LKO,Lucknow,144.93,188,False,SYNTHETIC DATA — PIPELINE/CONSTRAINT VERIFICATION ONLY
7,LKO_r5_c1,LKO,Lucknow,156.57,203,False,SYNTHETIC DATA — PIPELINE/CONSTRAINT VERIFICATION ONLY
7,LKO_r5_c2,LKO,Lucknow,163.26,212,False,SYNTHETIC DATA — PIPELINE/CONSTRAINT VERIFICATION ONLY
7,LKO_r5_c3,LKO,Lucknow,167.54,217,False,SYNTHETIC DATA — PIPELINE/CONSTRAINT VERIFICATION ONLY
7,LKO_r5_c4,LKO,Lucknow,166.33,216,False,SYNTHETIC DATA — PIPELINE/CONSTRAINT VERIFICATION ONLY
7,LKO_r5_c5,LKO,Lucknow,154.36,200,False,SYNTHETIC DATA — PIPELINE/CONSTRAINT VERIFICATION ONLY
7,LKO_r5_c6,LKO,Lucknow,144.05,187,False,SYNTHETIC DATA — PIPELINE/CONSTRAINT VERIFICATION ONLY
7,LKO_r6_c0,LKO,Lucknow,130.32,169,False,SYNTHETIC DATA — PIPELINE/CONSTRAINT VERIFICATION ONLY
7,LKO_r6_c1,LKO,Lucknow,145.28,188,False,SYNTHETIC DATA — PIPELINE/CONSTRAINT VERIFICATION ONLY
7,LKO_r6_c2,LKO,Lucknow,149.35,194,False,SYNTHETIC DATA — PIPELINE/CONSTRAINT VERIFICATION ONLY
7,LKO_r6_c3,LKO,Lucknow,151.55,197,False,SYNTHETIC DATA — PIPELINE/CONSTRAINT VERIFICATION ONLY
7,LKO_r6_c4,LKO,Lucknow,144.58,187,False,SYNTHETIC DATA — PIPELINE/CONSTRAINT VERIFICATION ONLY
7,LKO_r6_c5,LKO,Lucknow,142.2,184,False,SYNTHETIC DATA — PIPELINE/CONSTRAINT VERIFICATION ONLY
7,LKO_r6_c6,LKO,Lucknow,128.72,167,False,SYNTHETIC DATA — PIPELINE/CONSTRAINT VERIFICATION ONLY
7,VNS_r0_c0,VNS,Varanasi,121.1,157,False,SYNTHETIC DATA — PIPELINE/CONSTRAINT VERIFICATION ONLY
7,VNS_r0_c1,VNS,Varanasi,130.06,169,False,SYNTHETIC DATA — PIPELINE/CONSTRAINT VERIFICATION ONLY
7,VNS_r0_c2,VNS,Varanasi,135.91,176,False,SYNTHETIC DATA — PIPELINE/CONSTRAINT VERIFICATION ONLY
7,VNS_r0_c3,VNS,Varanasi,147.9,192,False,SYNTHETIC DATA — PIPELINE/CONSTRAINT VERIFICATION ONLY
7,VNS_r0_c4,VNS,Varanasi,143.11,186,False,SYNTHETIC DATA — PIPELINE/CONSTRAINT VERIFICATION ONLY
7,VNS_r0_c5,VNS,Varanasi,138.27,179,False,SYNTHETIC DATA — PIPELINE/CONSTRAINT VERIFICATION ONLY
7,VNS_r0_c6,VNS,Varanasi,119.35,155,False,SYNTHETIC DATA — PIPELINE/CONSTRAINT VERIFICATION ONLY
7,VNS_r1_c0,VNS,Varanasi,132.72,172,False,SYNTHETIC DATA — PIPELINE/CONSTRAINT VERIFICATION ONLY
7,VNS_r1_c1,VNS,Varanasi,140.2,182,False,SYNTHETIC DATA — PIPELINE/CONSTRAINT VERIFICATION ONLY
7,VNS_r1_c2,VNS,Varanasi,150.82,196,False,SYNTHETIC DATA — PIPELINE/CONSTRAINT VERIFICATION ONLY
7,VNS_r1_c3,VNS,Varanasi,153.67,199,False,SYNTHETIC DATA — PIPELINE/CONSTRAINT VERIFICATION ONLY
7,VNS_r1_c4,VNS,Varanasi,156.63,203,False,SYNTHETIC DATA — PIPELINE/CONSTRAINT VERIFICATION ONLY
7,VNS_r1_c5,VNS,Varanasi,142.9,185,False,SYNTHETIC DATA — PIPELINE/CONSTRAINT VERIFICATION ONLY
7,VNS_r1_c6,VNS,Varanasi,135.71,176,False,SYNTHETIC DATA — PIPELINE/CONSTRAINT VERIFICATION ONLY
7,VNS_r2_c0,VNS,Varanasi,140.92,183,False,SYNTHETIC DATA — PIPELINE/CONSTRAINT VERIFICATION ONLY
7,VNS_r2_c1,VNS,Varanasi,159.82,207,False,SYNTHETIC DATA — PIPELINE/CONSTRAINT VERIFICATION ONLY
7,VNS_r2_c2,VNS,Varanasi,160.72,208,False,SYNTHETIC DATA — PIPELINE/CONSTRAINT VERIFICATION ONLY
7,VNS_r2_c3,VNS,Varanasi,175.1,227,False,SYNTHETIC DATA — PIPELINE/CONSTRAINT VERIFICATION ONLY
7,VNS_r2_c4,VNS,Varanasi,168.59,219,False,SYNTHETIC DATA — PIPELINE/CONSTRAINT VERIFICATION ONLY
7,VNS_r2_c5,VNS,Varanasi,149.99,194,False,SYNTHETIC DATA — PIPELINE/CONSTRAINT VERIFICATION ONLY
7,VNS_r2_c6,VNS,Varanasi,142.13,184,False,SYNTHETIC DATA — PIPELINE/CONSTRAINT VERIFICATION ONLY
7,VNS_r3_c0,VNS,Varanasi,142.54,185,False,SYNTHETIC DATA — PIPELINE/CONSTRAINT VERIFICATION ONLY
7,VNS_r3_c1,VNS,Varanasi,155.74,202,False,SYNTHETIC DATA — PIPELINE/CONSTRAINT VERIFICATION ONLY
7,VNS_r3_c2,VNS,Varanasi,168.85,219,False,SYNTHETIC DATA — PIPELINE/CONSTRAINT VERIFICATION ONLY
7,VNS_r3_c3,VNS,Varanasi,184.06,239,True,SYNTHETIC DATA — PIPELINE/CONSTRAINT VERIFICATION ONLY
7,VNS_r3_c4,VNS,Varanasi,177.47,230,False,SYNTHETIC DATA — PIPELINE/CONSTRAINT VERIFICATION ONLY
7,VNS_r3_c5,VNS,Varanasi,156.43,203,False,SYNTHETIC DATA — PIPELINE/CONSTRAINT VERIFICATION ONLY
7,VNS_r3_c6,VNS,Varanasi,143.88,187,False,SYNTHETIC DATA — PIPELINE/CONSTRAINT VERIFICATION ONLY
7,VNS_r4_c0,VNS,Varanasi,136.74,177,False,SYNTHETIC DATA — PIPELINE/CONSTRAINT VERIFICATION ONLY
7,VNS_r4_c1,VNS,Varanasi,150.57,195,False,SYNTHETIC DATA — PIPELINE/CONSTRAINT VERIFICATION ONLY
7,VNS_r4_c2,VNS,Varanasi,168.4,218,False,SYNTHETIC DATA — PIPELINE/CONSTRAINT VERIFICATION ONLY
7,VNS_r4_c3,VNS,Varanasi,167.28,217,False,SYNTHETIC DATA — PIPELINE/CONSTRAINT VERIFICATION ONLY
7,VNS_r4_c4,VNS,Varanasi,163.91,213,False,SYNTHETIC DATA — PIPELINE/CONSTRAINT VERIFICATION ONLY
7,VNS_r4_c5,VNS,Varanasi,153.01,198,False,SYNTHETIC DATA — PIPELINE/CONSTRAINT VERIFICATION ONLY
7,VNS_r4_c6,VNS,Varanasi,139.45,181,False,SYNTHETIC DATA — PIPELINE/CONSTRAINT VERIFICATION ONLY
7,VNS_r5_c0,VNS,Varanasi,131.97,171,False,SYNTHETIC DATA — PIPELINE/CONSTRAINT VERIFICATION ONLY
7,VNS_r5_c1,VNS,Varanasi,145.27,188,False,SYNTHETIC DATA — PIPELINE/CONSTRAINT VERIFICATION ONLY
7,VNS_r5_c2,VNS,Varanasi,154.99,201,False,SYNTHETIC DATA — PIPELINE/CONSTRAINT VERIFICATION ONLY
7,VNS_r5_c3,VNS,Varanasi,158.63,206,False,SYNTHETIC DATA — PIPELINE/CONSTRAINT VERIFICATION ONLY
7,VNS_r5_c4,VNS,Varanasi,149.95,194,False,SYNTHETIC DATA — PIPELINE/CONSTRAINT VERIFICATION ONLY
7,VNS_r5_c5,VNS,Varanasi,143.23,186,False,SYNTHETIC DATA — PIPELINE/CONSTRAINT VERIFICATION ONLY
7,VNS_r5_c6,VNS,Varanasi,136.09,176,False,SYNTHETIC DATA — PIPELINE/CONSTRAINT VERIFICATION ONLY
7,VNS_r6_c0,VNS,Varanasi,125.7,163,False,SYNTHETIC DATA — PIPELINE/CONSTRAINT VERIFICATION ONLY
7,VNS_r6_c1,VNS,Varanasi,128.39,166,False,SYNTHETIC DATA — PIPELINE/CONSTRAINT VERIFICATION ONLY
7,VNS_r6_c2,VNS,Varanasi,140.17,182,False,SYNTHETIC DATA — PIPELINE/CONSTRAINT VERIFICATION ONLY
7,VNS_r6_c3,VNS,Varanasi,135.59,176,False,SYNTHETIC DATA — PIPELINE/CONSTRAINT VERIFICATION ONLY
7,VNS_r6_c4,VNS,Varanasi,139.25,181,False,SYNTHETIC DATA — PIPELINE/CONSTRAINT VERIFICATION ONLY
7,VNS_r6_c5,VNS,Varanasi,138.2,179,False,SYNTHETIC DATA — PIPELINE/CONSTRAINT VERIFICATION ONLY
7,VNS_r6_c6,VNS,Varanasi,120.17,156,False,SYNTHETIC DATA — PIPELINE/CONSTRAINT VERIFICATION ONLY
7,JAI_r0_c0,JAI,Jaipur,87.71,114,False,SYNTHETIC DATA — PIPELINE/CONSTRAINT VERIFICATION ONLY
7,JAI_r0_c1,JAI,Jaipur,99.46,129,False,SYNTHETIC DATA — PIPELINE/CONSTRAINT VERIFICATION ONLY
7,JAI_r0_c2,JAI,Jaipur,97.39,126,False,SYNTHETIC DATA — PIPELINE/CONSTRAINT VERIFICATION ONLY
7,JAI_r0_c3,JAI,Jaipur,101.89,132,False,SYNTHETIC DATA — PIPELINE/CONSTRAINT VERIFICATION ONLY
7,JAI_r0_c4,JAI,Jaipur,103.8,134,False,SYNTHETIC DATA — PIPELINE/CONSTRAINT VERIFICATION ONLY
7,JAI_r0_c5,JAI,Jaipur,95.27,123,False,SYNTHETIC DATA — PIPELINE/CONSTRAINT VERIFICATION ONLY
7,JAI_r0_c6,JAI,Jaipur,89.5,116,False,SYNTHETIC DATA — PIPELINE/CONSTRAINT VERIFICATION ONLY
7,JAI_r1_c0,JAI,Jaipur,99.4,129,False,SYNTHETIC DATA — PIPELINE/CONSTRAINT VERIFICATION ONLY
7,JAI_r1_c1,JAI,Jaipur,106.93,139,False,SYNTHETIC DATA — PIPELINE/CONSTRAINT VERIFICATION ONLY
7,JAI_r1_c2,JAI,Jaipur,112.93,146,False,SYNTHETIC DATA — PIPELINE/CONSTRAINT VERIFICATION ONLY
7,JAI_r1_c3,JAI,Jaipur,113.7,147,False,SYNTHETIC DATA — PIPELINE/CONSTRAINT VERIFICATION ONLY
7,JAI_r1_c4,JAI,Jaipur,113.24,147,False,SYNTHETIC DATA — PIPELINE/CONSTRAINT VERIFICATION ONLY
7,JAI_r1_c5,JAI,Jaipur,105.29,136,False,SYNTHETIC DATA — PIPELINE/CONSTRAINT VERIFICATION ONLY
7,JAI_r1_c6,JAI,Jaipur,98.55,128,False,SYNTHETIC DATA — PIPELINE/CONSTRAINT VERIFICATION ONLY
7,JAI_r2_c0,JAI,Jaipur,100.52,130,False,SYNTHETIC DATA — PIPELINE/CONSTRAINT VERIFICATION ONLY
7,JAI_r2_c1,JAI,Jaipur,111.59,145,False,SYNTHETIC DATA — PIPELINE/CONSTRAINT VERIFICATION ONLY
7,JAI_r2_c2,JAI,Jaipur,118.14,153,False,SYNTHETIC DATA — PIPELINE/CONSTRAINT VERIFICATION ONLY
7,JAI_r2_c3,JAI,Jaipur,125.53,163,False,SYNTHETIC DATA — PIPELINE/CONSTRAINT VERIFICATION ONLY
7,JAI_r2_c4,JAI,Jaipur,118.68,154,False,SYNTHETIC DATA — PIPELINE/CONSTRAINT VERIFICATION ONLY
7,JAI_r2_c5,JAI,Jaipur,108.79,141,False,SYNTHETIC DATA — PIPELINE/CONSTRAINT VERIFICATION ONLY
7,JAI_r2_c6,JAI,Jaipur,102.79,133,False,SYNTHETIC DATA — PIPELINE/CONSTRAINT VERIFICATION ONLY
7,JAI_r3_c0,JAI,Jaipur,104.43,135,False,SYNTHETIC DATA — PIPELINE/CONSTRAINT VERIFICATION ONLY
7,JAI_r3_c1,JAI,Jaipur,117.06,152,False,SYNTHETIC DATA — PIPELINE/CONSTRAINT VERIFICATION ONLY
7,JAI_r3_c2,JAI,Jaipur,124.34,161,False,SYNTHETIC DATA — PIPELINE/CONSTRAINT VERIFICATION ONLY
7,JAI_r3_c3,JAI,Jaipur,137.79,179,True,SYNTHETIC DATA — PIPELINE/CONSTRAINT VERIFICATION ONLY
7,JAI_r3_c4,JAI,Jaipur,127.29,165,False,SYNTHETIC DATA — PIPELINE/CONSTRAINT VERIFICATION ONLY
7,JAI_r3_c5,JAI,Jaipur,116.05,150,False,SYNTHETIC DATA — PIPELINE/CONSTRAINT VERIFICATION ONLY
7,JAI_r3_c6,JAI,Jaipur,101.31,131,False,SYNTHETIC DATA — PIPELINE/CONSTRAINT VERIFICATION ONLY
7,JAI_r4_c0,JAI,Jaipur,102.46,133,False,SYNTHETIC DATA — PIPELINE/CONSTRAINT VERIFICATION ONLY
7,JAI_r4_c1,JAI,Jaipur,113.23,147,False,SYNTHETIC DATA — PIPELINE/CONSTRAINT VERIFICATION ONLY
7,JAI_r4_c2,JAI,Jaipur,121.13,157,False,SYNTHETIC DATA — PIPELINE/CONSTRAINT VERIFICATION ONLY
7,JAI_r4_c3,JAI,Jaipur,119.38,155,False,SYNTHETIC DATA — PIPELINE/CONSTRAINT VERIFICATION ONLY
7,JAI_r4_c4,JAI,Jaipur,121.59,158,False,SYNTHETIC DATA — PIPELINE/CONSTRAINT VERIFICATION ONLY
7,JAI_r4_c5,JAI,Jaipur,118.77,154,False,SYNTHETIC DATA — PIPELINE/CONSTRAINT VERIFICATION ONLY
7,JAI_r4_c6,JAI,Jaipur,100.93,131,False,SYNTHETIC DATA — PIPELINE/CONSTRAINT VERIFICATION ONLY
7,JAI_r5_c0,JAI,Jaipur,94.99,123,False,SYNTHETIC DATA — PIPELINE/CONSTRAINT VERIFICATION ONLY
7,JAI_r5_c1,JAI,Jaipur,106.78,138,False,SYNTHETIC DATA — PIPELINE/CONSTRAINT VERIFICATION ONLY
7,JAI_r5_c2,JAI,Jaipur,113.07,146,False,SYNTHETIC DATA — PIPELINE/CONSTRAINT VERIFICATION ONLY
7,JAI_r5_c3,JAI,Jaipur,118.29,153,False,SYNTHETIC DATA — PIPELINE/CONSTRAINT VERIFICATION ONLY
7,JAI_r5_c4,JAI,Jaipur,108.36,140,False,SYNTHETIC DATA — PIPELINE/CONSTRAINT VERIFICATION ONLY
7,JAI_r5_c5,JAI,Jaipur,107.86,140,False,SYNTHETIC DATA — PIPELINE/CONSTRAINT VERIFICATION ONLY
7,JAI_r5_c6,JAI,Jaipur,98.94,128,False,SYNTHETIC DATA — PIPELINE/CONSTRAINT VERIFICATION ONLY
7,JAI_r6_c0,JAI,Jaipur,89.79,116,False,SYNTHETIC DATA — PIPELINE/CONSTRAINT VERIFICATION ONLY
7,JAI_r6_c1,JAI,Jaipur,98.19,127,False,SYNTHETIC DATA — PIPELINE/CONSTRAINT VERIFICATION ONLY
7,JAI_r6_c2,JAI,Jaipur,105.1,136,False,SYNTHETIC DATA — PIPELINE/CONSTRAINT VERIFICATION ONLY
7,JAI_r6_c3,JAI,Jaipur,106.4,138,False,SYNTHETIC DATA — PIPELINE/CONSTRAINT VERIFICATION ONLY
7,JAI_r6_c4,JAI,Jaipur,98.59,128,False,SYNTHETIC DATA — PIPELINE/CONSTRAINT VERIFICATION ONLY
7,JAI_r6_c5,JAI,Jaipur,99.63,129,False,SYNTHETIC DATA — PIPELINE/CONSTRAINT VERIFICATION ONLY
7,JAI_r6_c6,JAI,Jaipur,90.02,117,False,SYNTHETIC DATA — PIPELINE/CONSTRAINT VERIFICATION ONLY
7,AMD_r0_c0,AMD,Ahmedabad,86.33,112,False,SYNTHETIC DATA — PIPELINE/CONSTRAINT VERIFICATION ONLY
7,AMD_r0_c1,AMD,Ahmedabad,92.97,120,False,SYNTHETIC DATA — PIPELINE/CONSTRAINT VERIFICATION ONLY
7,AMD_r0_c2,AMD,Ahmedabad,96.93,126,False,SYNTHETIC DATA — PIPELINE/CONSTRAINT VERIFICATION ONLY
7,AMD_r0_c3,AMD,Ahmedabad,102.65,133,False,SYNTHETIC DATA — PIPELINE/CONSTRAINT VERIFICATION ONLY
7,AMD_r0_c4,AMD,Ahmedabad,97.13,126,False,SYNTHETIC DATA — PIPELINE/CONSTRAINT VERIFICATION ONLY
7,AMD_r0_c5,AMD,Ahmedabad,89.4,116,False,SYNTHETIC DATA — PIPELINE/CONSTRAINT VERIFICATION ONLY
7,AMD_r0_c6,AMD,Ahmedabad,84.93,110,False,SYNTHETIC DATA — PIPELINE/CONSTRAINT VERIFICATION ONLY
7,AMD_r1_c0,AMD,Ahmedabad,93.29,121,False,SYNTHETIC DATA — PIPELINE/CONSTRAINT VERIFICATION ONLY
7,AMD_r1_c1,AMD,Ahmedabad,104.55,135,False,SYNTHETIC DATA — PIPELINE/CONSTRAINT VERIFICATION ONLY
7,AMD_r1_c2,AMD,Ahmedabad,108.85,141,False,SYNTHETIC DATA — PIPELINE/CONSTRAINT VERIFICATION ONLY
7,AMD_r1_c3,AMD,Ahmedabad,106.95,139,False,SYNTHETIC DATA — PIPELINE/CONSTRAINT VERIFICATION ONLY
7,AMD_r1_c4,AMD,Ahmedabad,114.49,148,False,SYNTHETIC DATA — PIPELINE/CONSTRAINT VERIFICATION ONLY
7,AMD_r1_c5,AMD,Ahmedabad,101.65,132,False,SYNTHETIC DATA — PIPELINE/CONSTRAINT VERIFICATION ONLY
7,AMD_r1_c6,AMD,Ahmedabad,96.58,125,False,SYNTHETIC DATA — PIPELINE/CONSTRAINT VERIFICATION ONLY
7,AMD_r2_c0,AMD,Ahmedabad,96.92,125,False,SYNTHETIC DATA — PIPELINE/CONSTRAINT VERIFICATION ONLY
7,AMD_r2_c1,AMD,Ahmedabad,108.64,141,False,SYNTHETIC DATA — PIPELINE/CONSTRAINT VERIFICATION ONLY
7,AMD_r2_c2,AMD,Ahmedabad,118.13,153,False,SYNTHETIC DATA — PIPELINE/CONSTRAINT VERIFICATION ONLY
7,AMD_r2_c3,AMD,Ahmedabad,123.58,160,False,SYNTHETIC DATA — PIPELINE/CONSTRAINT VERIFICATION ONLY
7,AMD_r2_c4,AMD,Ahmedabad,118.78,154,False,SYNTHETIC DATA — PIPELINE/CONSTRAINT VERIFICATION ONLY
7,AMD_r2_c5,AMD,Ahmedabad,109.65,142,False,SYNTHETIC DATA — PIPELINE/CONSTRAINT VERIFICATION ONLY
7,AMD_r2_c6,AMD,Ahmedabad,96.43,125,False,SYNTHETIC DATA — PIPELINE/CONSTRAINT VERIFICATION ONLY
7,AMD_r3_c0,AMD,Ahmedabad,97.35,126,False,SYNTHETIC DATA — PIPELINE/CONSTRAINT VERIFICATION ONLY
7,AMD_r3_c1,AMD,Ahmedabad,110.5,143,False,SYNTHETIC DATA — PIPELINE/CONSTRAINT VERIFICATION ONLY
7,AMD_r3_c2,AMD,Ahmedabad,122.73,159,False,SYNTHETIC DATA — PIPELINE/CONSTRAINT VERIFICATION ONLY
7,AMD_r3_c3,AMD,Ahmedabad,129.69,168,True,SYNTHETIC DATA — PIPELINE/CONSTRAINT VERIFICATION ONLY
7,AMD_r3_c4,AMD,Ahmedabad,123.12,160,False,SYNTHETIC DATA — PIPELINE/CONSTRAINT VERIFICATION ONLY
7,AMD_r3_c5,AMD,Ahmedabad,113.86,148,False,SYNTHETIC DATA — PIPELINE/CONSTRAINT VERIFICATION ONLY
7,AMD_r3_c6,AMD,Ahmedabad,96.32,125,False,SYNTHETIC DATA — PIPELINE/CONSTRAINT VERIFICATION ONLY
7,AMD_r4_c0,AMD,Ahmedabad,94.87,123,False,SYNTHETIC DATA — PIPELINE/CONSTRAINT VERIFICATION ONLY
7,AMD_r4_c1,AMD,Ahmedabad,106.62,138,False,SYNTHETIC DATA — PIPELINE/CONSTRAINT VERIFICATION ONLY
7,AMD_r4_c2,AMD,Ahmedabad,116.53,151,False,SYNTHETIC DATA — PIPELINE/CONSTRAINT VERIFICATION ONLY
7,AMD_r4_c3,AMD,Ahmedabad,118.35,153,False,SYNTHETIC DATA — PIPELINE/CONSTRAINT VERIFICATION ONLY
7,AMD_r4_c4,AMD,Ahmedabad,119.66,155,False,SYNTHETIC DATA — PIPELINE/CONSTRAINT VERIFICATION ONLY
7,AMD_r4_c5,AMD,Ahmedabad,108.31,140,False,SYNTHETIC DATA — PIPELINE/CONSTRAINT VERIFICATION ONLY
7,AMD_r4_c6,AMD,Ahmedabad,97.5,126,False,SYNTHETIC DATA — PIPELINE/CONSTRAINT VERIFICATION ONLY
7,AMD_r5_c0,AMD,Ahmedabad,88.45,114,False,SYNTHETIC DATA — PIPELINE/CONSTRAINT VERIFICATION ONLY
7,AMD_r5_c1,AMD,Ahmedabad,96.91,125,False,SYNTHETIC DATA — PIPELINE/CONSTRAINT VERIFICATION ONLY
7,AMD_r5_c2,AMD,Ahmedabad,107.88,140,False,SYNTHETIC DATA — PIPELINE/CONSTRAINT VERIFICATION ONLY
7,AMD_r5_c3,AMD,Ahmedabad,103.1,134,False,SYNTHETIC DATA — PIPELINE/CONSTRAINT VERIFICATION ONLY
7,AMD_r5_c4,AMD,Ahmedabad,110.07,143,False,SYNTHETIC DATA — PIPELINE/CONSTRAINT VERIFICATION ONLY
7,AMD_r5_c5,AMD,Ahmedabad,100.38,130,False,SYNTHETIC DATA — PIPELINE/CONSTRAINT VERIFICATION ONLY
7,AMD_r5_c6,AMD,Ahmedabad,102.48,133,False,SYNTHETIC DATA — PIPELINE/CONSTRAINT VERIFICATION ONLY
7,AMD_r6_c0,AMD,Ahmedabad,93.04,120,False,SYNTHETIC DATA — PIPELINE/CONSTRAINT VERIFICATION ONLY
7,AMD_r6_c1,AMD,Ahmedabad,92.21,119,False,SYNTHETIC DATA — PIPELINE/CONSTRAINT VERIFICATION ONLY
7,AMD_r6_c2,AMD,Ahmedabad,97.06,126,False,SYNTHETIC DATA — PIPELINE/CONSTRAINT VERIFICATION ONLY
7,AMD_r6_c3,AMD,Ahmedabad,102.06,132,False,SYNTHETIC DATA — PIPELINE/CONSTRAINT VERIFICATION ONLY
7,AMD_r6_c4,AMD,Ahmedabad,102.49,133,False,SYNTHETIC DATA — PIPELINE/CONSTRAINT VERIFICATION ONLY
7,AMD_r6_c5,AMD,Ahmedabad,87.84,114,False,SYNTHETIC DATA — PIPELINE/CONSTRAINT VERIFICATION ONLY
7,AMD_r6_c6,AMD,Ahmedabad,80.75,104,False,SYNTHETIC DATA — PIPELINE/CONSTRAINT VERIFICATION ONLY
7,CCU_r0_c0,CCU,Kolkata,104.75,136,False,SYNTHETIC DATA — PIPELINE/CONSTRAINT VERIFICATION ONLY
7,CCU_r0_c1,CCU,Kolkata,116.59,151,False,SYNTHETIC DATA — PIPELINE/CONSTRAINT VERIFICATION ONLY
7,CCU_r0_c2,CCU,Kolkata,122.05,158,False,SYNTHETIC DATA — PIPELINE/CONSTRAINT VERIFICATION ONLY
7,CCU_r0_c3,CCU,Kolkata,125.87,163,False,SYNTHETIC DATA — PIPELINE/CONSTRAINT VERIFICATION ONLY
7,CCU_r0_c4,CCU,Kolkata,116.96,152,False,SYNTHETIC DATA — PIPELINE/CONSTRAINT VERIFICATION ONLY
7,CCU_r0_c5,CCU,Kolkata,107.89,140,False,SYNTHETIC DATA — PIPELINE/CONSTRAINT VERIFICATION ONLY
7,CCU_r0_c6,CCU,Kolkata,109.19,141,False,SYNTHETIC DATA — PIPELINE/CONSTRAINT VERIFICATION ONLY
7,CCU_r1_c0,CCU,Kolkata,112.36,146,False,SYNTHETIC DATA — PIPELINE/CONSTRAINT VERIFICATION ONLY
7,CCU_r1_c1,CCU,Kolkata,118.82,154,False,SYNTHETIC DATA — PIPELINE/CONSTRAINT VERIFICATION ONLY
7,CCU_r1_c2,CCU,Kolkata,132.96,172,False,SYNTHETIC DATA — PIPELINE/CONSTRAINT VERIFICATION ONLY
7,CCU_r1_c3,CCU,Kolkata,137.95,179,False,SYNTHETIC DATA — PIPELINE/CONSTRAINT VERIFICATION ONLY
7,CCU_r1_c4,CCU,Kolkata,132.16,171,False,SYNTHETIC DATA — PIPELINE/CONSTRAINT VERIFICATION ONLY
7,CCU_r1_c5,CCU,Kolkata,123.5,160,False,SYNTHETIC DATA — PIPELINE/CONSTRAINT VERIFICATION ONLY
7,CCU_r1_c6,CCU,Kolkata,114.36,148,False,SYNTHETIC DATA — PIPELINE/CONSTRAINT VERIFICATION ONLY
7,CCU_r2_c0,CCU,Kolkata,119.45,155,False,SYNTHETIC DATA — PIPELINE/CONSTRAINT VERIFICATION ONLY
7,CCU_r2_c1,CCU,Kolkata,128.48,167,False,SYNTHETIC DATA — PIPELINE/CONSTRAINT VERIFICATION ONLY
7,CCU_r2_c2,CCU,Kolkata,140.99,183,False,SYNTHETIC DATA — PIPELINE/CONSTRAINT VERIFICATION ONLY
7,CCU_r2_c3,CCU,Kolkata,150.05,195,False,SYNTHETIC DATA — PIPELINE/CONSTRAINT VERIFICATION ONLY
7,CCU_r2_c4,CCU,Kolkata,144.1,187,False,SYNTHETIC DATA — PIPELINE/CONSTRAINT VERIFICATION ONLY
7,CCU_r2_c5,CCU,Kolkata,133.03,172,False,SYNTHETIC DATA — PIPELINE/CONSTRAINT VERIFICATION ONLY
7,CCU_r2_c6,CCU,Kolkata,117.58,152,False,SYNTHETIC DATA — PIPELINE/CONSTRAINT VERIFICATION ONLY
7,CCU_r3_c0,CCU,Kolkata,122.11,158,False,SYNTHETIC DATA — PIPELINE/CONSTRAINT VERIFICATION ONLY
7,CCU_r3_c1,CCU,Kolkata,129.04,167,False,SYNTHETIC DATA — PIPELINE/CONSTRAINT VERIFICATION ONLY
7,CCU_r3_c2,CCU,Kolkata,149.02,193,False,SYNTHETIC DATA — PIPELINE/CONSTRAINT VERIFICATION ONLY
7,CCU_r3_c3,CCU,Kolkata,165.68,215,True,SYNTHETIC DATA — PIPELINE/CONSTRAINT VERIFICATION ONLY
7,CCU_r3_c4,CCU,Kolkata,144.06,187,False,SYNTHETIC DATA — PIPELINE/CONSTRAINT VERIFICATION ONLY
7,CCU_r3_c5,CCU,Kolkata,133.81,173,False,SYNTHETIC DATA — PIPELINE/CONSTRAINT VERIFICATION ONLY
7,CCU_r3_c6,CCU,Kolkata,123.65,160,False,SYNTHETIC DATA — PIPELINE/CONSTRAINT VERIFICATION ONLY
7,CCU_r4_c0,CCU,Kolkata,124.32,161,False,SYNTHETIC DATA — PIPELINE/CONSTRAINT VERIFICATION ONLY
7,CCU_r4_c1,CCU,Kolkata,131.18,170,False,SYNTHETIC DATA — PIPELINE/CONSTRAINT VERIFICATION ONLY
7,CCU_r4_c2,CCU,Kolkata,141.06,183,False,SYNTHETIC DATA — PIPELINE/CONSTRAINT VERIFICATION ONLY
7,CCU_r4_c3,CCU,Kolkata,142.57,185,False,SYNTHETIC DATA — PIPELINE/CONSTRAINT VERIFICATION ONLY
7,CCU_r4_c4,CCU,Kolkata,143.44,186,False,SYNTHETIC DATA — PIPELINE/CONSTRAINT VERIFICATION ONLY
7,CCU_r4_c5,CCU,Kolkata,138.65,180,False,SYNTHETIC DATA — PIPELINE/CONSTRAINT VERIFICATION ONLY
7,CCU_r4_c6,CCU,Kolkata,121.4,157,False,SYNTHETIC DATA — PIPELINE/CONSTRAINT VERIFICATION ONLY
7,CCU_r5_c0,CCU,Kolkata,114.77,149,False,SYNTHETIC DATA — PIPELINE/CONSTRAINT VERIFICATION ONLY
7,CCU_r5_c1,CCU,Kolkata,125.84,163,False,SYNTHETIC DATA — PIPELINE/CONSTRAINT VERIFICATION ONLY
7,CCU_r5_c2,CCU,Kolkata,132.49,172,False,SYNTHETIC DATA — PIPELINE/CONSTRAINT VERIFICATION ONLY
7,CCU_r5_c3,CCU,Kolkata,133.13,173,False,SYNTHETIC DATA — PIPELINE/CONSTRAINT VERIFICATION ONLY
7,CCU_r5_c4,CCU,Kolkata,134.99,175,False,SYNTHETIC DATA — PIPELINE/CONSTRAINT VERIFICATION ONLY
7,CCU_r5_c5,CCU,Kolkata,125.55,163,False,SYNTHETIC DATA — PIPELINE/CONSTRAINT VERIFICATION ONLY
7,CCU_r5_c6,CCU,Kolkata,114.89,149,False,SYNTHETIC DATA — PIPELINE/CONSTRAINT VERIFICATION ONLY
7,CCU_r6_c0,CCU,Kolkata,103.69,134,False,SYNTHETIC DATA — PIPELINE/CONSTRAINT VERIFICATION ONLY
7,CCU_r6_c1,CCU,Kolkata,118.75,154,False,SYNTHETIC DATA — PIPELINE/CONSTRAINT VERIFICATION ONLY
7,CCU_r6_c2,CCU,Kolkata,122.56,159,False,SYNTHETIC DATA — PIPELINE/CONSTRAINT VERIFICATION ONLY
7,CCU_r6_c3,CCU,Kolkata,121.0,157,False,SYNTHETIC DATA — PIPELINE/CONSTRAINT VERIFICATION ONLY
7,CCU_r6_c4,CCU,Kolkata,123.57,160,False,SYNTHETIC DATA — PIPELINE/CONSTRAINT VERIFICATION ONLY
7,CCU_r6_c5,CCU,Kolkata,113.35,147,False,SYNTHETIC DATA — PIPELINE/CONSTRAINT VERIFICATION ONLY
7,CCU_r6_c6,CCU,Kolkata,104.27,135,False,SYNTHETIC DATA — PIPELINE/CONSTRAINT VERIFICATION ONLY
7,HYD_r0_c0,HYD,Hyderabad,59.23,76,False,SYNTHETIC DATA — PIPELINE/CONSTRAINT VERIFICATION ONLY
7,HYD_r0_c1,HYD,Hyderabad,60.94,79,False,SYNTHETIC DATA — PIPELINE/CONSTRAINT VERIFICATION ONLY
7,HYD_r0_c2,HYD,Hyderabad,70.97,92,False,SYNTHETIC DATA — PIPELINE/CONSTRAINT VERIFICATION ONLY
7,HYD_r0_c3,HYD,Hyderabad,65.27,84,False,SYNTHETIC DATA — PIPELINE/CONSTRAINT VERIFICATION ONLY
7,HYD_r0_c4,HYD,Hyderabad,65.87,85,False,SYNTHETIC DATA — PIPELINE/CONSTRAINT VERIFICATION ONLY
7,HYD_r0_c5,HYD,Hyderabad,60.03,78,False,SYNTHETIC DATA — PIPELINE/CONSTRAINT VERIFICATION ONLY
7,HYD_r0_c6,HYD,Hyderabad,61.25,79,False,SYNTHETIC DATA — PIPELINE/CONSTRAINT VERIFICATION ONLY
7,HYD_r1_c0,HYD,Hyderabad,65.8,85,False,SYNTHETIC DATA — PIPELINE/CONSTRAINT VERIFICATION ONLY
7,HYD_r1_c1,HYD,Hyderabad,71.06,92,False,SYNTHETIC DATA — PIPELINE/CONSTRAINT VERIFICATION ONLY
7,HYD_r1_c2,HYD,Hyderabad,73.33,95,False,SYNTHETIC DATA — PIPELINE/CONSTRAINT VERIFICATION ONLY
7,HYD_r1_c3,HYD,Hyderabad,74.7,97,False,SYNTHETIC DATA — PIPELINE/CONSTRAINT VERIFICATION ONLY
7,HYD_r1_c4,HYD,Hyderabad,77.85,101,False,SYNTHETIC DATA — PIPELINE/CONSTRAINT VERIFICATION ONLY
7,HYD_r1_c5,HYD,Hyderabad,70.39,91,False,SYNTHETIC DATA — PIPELINE/CONSTRAINT VERIFICATION ONLY
7,HYD_r1_c6,HYD,Hyderabad,67.2,87,False,SYNTHETIC DATA — PIPELINE/CONSTRAINT VERIFICATION ONLY
7,HYD_r2_c0,HYD,Hyderabad,66.9,86,False,SYNTHETIC DATA — PIPELINE/CONSTRAINT VERIFICATION ONLY
7,HYD_r2_c1,HYD,Hyderabad,77.0,100,False,SYNTHETIC DATA — PIPELINE/CONSTRAINT VERIFICATION ONLY
7,HYD_r2_c2,HYD,Hyderabad,86.49,112,False,SYNTHETIC DATA — PIPELINE/CONSTRAINT VERIFICATION ONLY
7,HYD_r2_c3,HYD,Hyderabad,87.42,113,False,SYNTHETIC DATA — PIPELINE/CONSTRAINT VERIFICATION ONLY
7,HYD_r2_c4,HYD,Hyderabad,81.34,105,False,SYNTHETIC DATA — PIPELINE/CONSTRAINT VERIFICATION ONLY
7,HYD_r2_c5,HYD,Hyderabad,77.23,100,False,SYNTHETIC DATA — PIPELINE/CONSTRAINT VERIFICATION ONLY
7,HYD_r2_c6,HYD,Hyderabad,68.83,89,False,SYNTHETIC DATA — PIPELINE/CONSTRAINT VERIFICATION ONLY
7,HYD_r3_c0,HYD,Hyderabad,70.79,92,False,SYNTHETIC DATA — PIPELINE/CONSTRAINT VERIFICATION ONLY
7,HYD_r3_c1,HYD,Hyderabad,77.24,100,False,SYNTHETIC DATA — PIPELINE/CONSTRAINT VERIFICATION ONLY
7,HYD_r3_c2,HYD,Hyderabad,85.17,110,False,SYNTHETIC DATA — PIPELINE/CONSTRAINT VERIFICATION ONLY
7,HYD_r3_c3,HYD,Hyderabad,93.75,121,True,SYNTHETIC DATA — PIPELINE/CONSTRAINT VERIFICATION ONLY
7,HYD_r3_c4,HYD,Hyderabad,82.68,107,False,SYNTHETIC DATA — PIPELINE/CONSTRAINT VERIFICATION ONLY
7,HYD_r3_c5,HYD,Hyderabad,75.17,97,False,SYNTHETIC DATA — PIPELINE/CONSTRAINT VERIFICATION ONLY
7,HYD_r3_c6,HYD,Hyderabad,66.6,86,False,SYNTHETIC DATA — PIPELINE/CONSTRAINT VERIFICATION ONLY
7,HYD_r4_c0,HYD,Hyderabad,64.75,84,False,SYNTHETIC DATA — PIPELINE/CONSTRAINT VERIFICATION ONLY
7,HYD_r4_c1,HYD,Hyderabad,72.8,94,False,SYNTHETIC DATA — PIPELINE/CONSTRAINT VERIFICATION ONLY
7,HYD_r4_c2,HYD,Hyderabad,83.06,107,False,SYNTHETIC DATA — PIPELINE/CONSTRAINT VERIFICATION ONLY
7,HYD_r4_c3,HYD,Hyderabad,82.98,107,False,SYNTHETIC DATA — PIPELINE/CONSTRAINT VERIFICATION ONLY
7,HYD_r4_c4,HYD,Hyderabad,84.12,109,False,SYNTHETIC DATA — PIPELINE/CONSTRAINT VERIFICATION ONLY
7,HYD_r4_c5,HYD,Hyderabad,76.56,99,False,SYNTHETIC DATA — PIPELINE/CONSTRAINT VERIFICATION ONLY
7,HYD_r4_c6,HYD,Hyderabad,63.65,82,False,SYNTHETIC DATA — PIPELINE/CONSTRAINT VERIFICATION ONLY
7,HYD_r5_c0,HYD,Hyderabad,68.22,88,False,SYNTHETIC DATA — PIPELINE/CONSTRAINT VERIFICATION ONLY
7,HYD_r5_c1,HYD,Hyderabad,74.47,96,False,SYNTHETIC DATA — PIPELINE/CONSTRAINT VERIFICATION ONLY
7,HYD_r5_c2,HYD,Hyderabad,73.47,95,False,SYNTHETIC DATA — PIPELINE/CONSTRAINT VERIFICATION ONLY
7,HYD_r5_c3,HYD,Hyderabad,79.47,103,False,SYNTHETIC DATA — PIPELINE/CONSTRAINT VERIFICATION ONLY
7,HYD_r5_c4,HYD,Hyderabad,73.89,96,False,SYNTHETIC DATA — PIPELINE/CONSTRAINT VERIFICATION ONLY
7,HYD_r5_c5,HYD,Hyderabad,72.34,94,False,SYNTHETIC DATA — PIPELINE/CONSTRAINT VERIFICATION ONLY
7,HYD_r5_c6,HYD,Hyderabad,62.46,81,False,SYNTHETIC DATA — PIPELINE/CONSTRAINT VERIFICATION ONLY
7,HYD_r6_c0,HYD,Hyderabad,56.13,72,False,SYNTHETIC DATA — PIPELINE/CONSTRAINT VERIFICATION ONLY
7,HYD_r6_c1,HYD,Hyderabad,65.11,84,False,SYNTHETIC DATA — PIPELINE/CONSTRAINT VERIFICATION ONLY
7,HYD_r6_c2,HYD,Hyderabad,69.18,89,False,SYNTHETIC DATA — PIPELINE/CONSTRAINT VERIFICATION ONLY
7,HYD_r6_c3,HYD,Hyderabad,69.57,90,False,SYNTHETIC DATA — PIPELINE/CONSTRAINT VERIFICATION ONLY
7,HYD_r6_c4,HYD,Hyderabad,66.0,85,False,SYNTHETIC DATA — PIPELINE/CONSTRAINT VERIFICATION ONLY
7,HYD_r6_c5,HYD,Hyderabad,65.05,84,False,SYNTHETIC DATA — PIPELINE/CONSTRAINT VERIFICATION ONLY
7,HYD_r6_c6,HYD,Hyderabad,62.32,81,False,SYNTHETIC DATA — PIPELINE/CONSTRAINT VERIFICATION ONLY
7,BLR_r0_c0,BLR,Bengaluru,36.77,47,False,SYNTHETIC DATA — PIPELINE/CONSTRAINT VERIFICATION ONLY
7,BLR_r0_c1,BLR,Bengaluru,40.3,52,False,SYNTHETIC DATA — PIPELINE/CONSTRAINT VERIFICATION ONLY
7,BLR_r0_c2,BLR,Bengaluru,39.72,51,False,SYNTHETIC DATA — PIPELINE/CONSTRAINT VERIFICATION ONLY
7,BLR_r0_c3,BLR,Bengaluru,45.97,59,False,SYNTHETIC DATA — PIPELINE/CONSTRAINT VERIFICATION ONLY
7,BLR_r0_c4,BLR,Bengaluru,38.2,49,False,SYNTHETIC DATA — PIPELINE/CONSTRAINT VERIFICATION ONLY
7,BLR_r0_c5,BLR,Bengaluru,41.21,53,False,SYNTHETIC DATA — PIPELINE/CONSTRAINT VERIFICATION ONLY
7,BLR_r0_c6,BLR,Bengaluru,40.45,52,False,SYNTHETIC DATA — PIPELINE/CONSTRAINT VERIFICATION ONLY
7,BLR_r1_c0,BLR,Bengaluru,41.19,53,False,SYNTHETIC DATA — PIPELINE/CONSTRAINT VERIFICATION ONLY
7,BLR_r1_c1,BLR,Bengaluru,42.62,55,False,SYNTHETIC DATA — PIPELINE/CONSTRAINT VERIFICATION ONLY
7,BLR_r1_c2,BLR,Bengaluru,44.29,57,False,SYNTHETIC DATA — PIPELINE/CONSTRAINT VERIFICATION ONLY
7,BLR_r1_c3,BLR,Bengaluru,50.04,65,False,SYNTHETIC DATA — PIPELINE/CONSTRAINT VERIFICATION ONLY
7,BLR_r1_c4,BLR,Bengaluru,41.6,54,False,SYNTHETIC DATA — PIPELINE/CONSTRAINT VERIFICATION ONLY
7,BLR_r1_c5,BLR,Bengaluru,40.32,52,False,SYNTHETIC DATA — PIPELINE/CONSTRAINT VERIFICATION ONLY
7,BLR_r1_c6,BLR,Bengaluru,38.56,50,False,SYNTHETIC DATA — PIPELINE/CONSTRAINT VERIFICATION ONLY
7,BLR_r2_c0,BLR,Bengaluru,45.45,59,False,SYNTHETIC DATA — PIPELINE/CONSTRAINT VERIFICATION ONLY
7,BLR_r2_c1,BLR,Bengaluru,47.01,61,False,SYNTHETIC DATA — PIPELINE/CONSTRAINT VERIFICATION ONLY
7,BLR_r2_c2,BLR,Bengaluru,46.64,60,False,SYNTHETIC DATA — PIPELINE/CONSTRAINT VERIFICATION ONLY
7,BLR_r2_c3,BLR,Bengaluru,50.47,65,False,SYNTHETIC DATA — PIPELINE/CONSTRAINT VERIFICATION ONLY
7,BLR_r2_c4,BLR,Bengaluru,47.7,62,False,SYNTHETIC DATA — PIPELINE/CONSTRAINT VERIFICATION ONLY
7,BLR_r2_c5,BLR,Bengaluru,43.74,56,False,SYNTHETIC DATA — PIPELINE/CONSTRAINT VERIFICATION ONLY
7,BLR_r2_c6,BLR,Bengaluru,44.67,58,False,SYNTHETIC DATA — PIPELINE/CONSTRAINT VERIFICATION ONLY
7,BLR_r3_c0,BLR,Bengaluru,38.34,49,False,SYNTHETIC DATA — PIPELINE/CONSTRAINT VERIFICATION ONLY
7,BLR_r3_c1,BLR,Bengaluru,51.75,67,False,SYNTHETIC DATA — PIPELINE/CONSTRAINT VERIFICATION ONLY
7,BLR_r3_c2,BLR,Bengaluru,53.88,70,False,SYNTHETIC DATA — PIPELINE/CONSTRAINT VERIFICATION ONLY
7,BLR_r3_c3,BLR,Bengaluru,59.14,76,True,SYNTHETIC DATA — PIPELINE/CONSTRAINT VERIFICATION ONLY
7,BLR_r3_c4,BLR,Bengaluru,50.01,65,False,SYNTHETIC DATA — PIPELINE/CONSTRAINT VERIFICATION ONLY
7,BLR_r3_c5,BLR,Bengaluru,46.48,60,False,SYNTHETIC DATA — PIPELINE/CONSTRAINT VERIFICATION ONLY
7,BLR_r3_c6,BLR,Bengaluru,38.16,49,False,SYNTHETIC DATA — PIPELINE/CONSTRAINT VERIFICATION ONLY
7,BLR_r4_c0,BLR,Bengaluru,40.16,52,False,SYNTHETIC DATA — PIPELINE/CONSTRAINT VERIFICATION ONLY
7,BLR_r4_c1,BLR,Bengaluru,47.35,61,False,SYNTHETIC DATA — PIPELINE/CONSTRAINT VERIFICATION ONLY
7,BLR_r4_c2,BLR,Bengaluru,53.43,69,False,SYNTHETIC DATA — PIPELINE/CONSTRAINT VERIFICATION ONLY
7,BLR_r4_c3,BLR,Bengaluru,48.08,62,False,SYNTHETIC DATA — PIPELINE/CONSTRAINT VERIFICATION ONLY
7,BLR_r4_c4,BLR,Bengaluru,48.45,62,False,SYNTHETIC DATA — PIPELINE/CONSTRAINT VERIFICATION ONLY
7,BLR_r4_c5,BLR,Bengaluru,45.42,59,False,SYNTHETIC DATA — PIPELINE/CONSTRAINT VERIFICATION ONLY
7,BLR_r4_c6,BLR,Bengaluru,37.55,48,False,SYNTHETIC DATA — PIPELINE/CONSTRAINT VERIFICATION ONLY
7,BLR_r5_c0,BLR,Bengaluru,41.53,53,False,SYNTHETIC DATA — PIPELINE/CONSTRAINT VERIFICATION ONLY
7,BLR_r5_c1,BLR,Bengaluru,41.05,53,False,SYNTHETIC DATA — PIPELINE/CONSTRAINT VERIFICATION ONLY
7,BLR_r5_c2,BLR,Bengaluru,45.29,58,False,SYNTHETIC DATA — PIPELINE/CONSTRAINT VERIFICATION ONLY
7,BLR_r5_c3,BLR,Bengaluru,45.57,59,False,SYNTHETIC DATA — PIPELINE/CONSTRAINT VERIFICATION ONLY
7,BLR_r5_c4,BLR,Bengaluru,43.5,56,False,SYNTHETIC DATA — PIPELINE/CONSTRAINT VERIFICATION ONLY
7,BLR_r5_c5,BLR,Bengaluru,43.2,56,False,SYNTHETIC DATA — PIPELINE/CONSTRAINT VERIFICATION ONLY
7,BLR_r5_c6,BLR,Bengaluru,39.11,50,False,SYNTHETIC DATA — PIPELINE/CONSTRAINT VERIFICATION ONLY
7,BLR_r6_c0,BLR,Bengaluru,35.79,46,False,SYNTHETIC DATA — PIPELINE/CONSTRAINT VERIFICATION ONLY
7,BLR_r6_c1,BLR,Bengaluru,37.57,48,False,SYNTHETIC DATA — PIPELINE/CONSTRAINT VERIFICATION ONLY
7,BLR_r6_c2,BLR,Bengaluru,42.69,55,False,SYNTHETIC DATA — PIPELINE/CONSTRAINT VERIFICATION ONLY
7,BLR_r6_c3,BLR,Bengaluru,47.42,61,False,SYNTHETIC DATA — PIPELINE/CONSTRAINT VERIFICATION ONLY
7,BLR_r6_c4,BLR,Bengaluru,42.15,54,False,SYNTHETIC DATA — PIPELINE/CONSTRAINT VERIFICATION ONLY
7,BLR_r6_c5,BLR,Bengaluru,42.74,55,False,SYNTHETIC DATA — PIPELINE/CONSTRAINT VERIFICATION ONLY
7,BLR_r6_c6,BLR,Bengaluru,32.73,42,False,SYNTHETIC DATA — PIPELINE/CONSTRAINT VERIFICATION ONLY
7,MAA_r0_c0,MAA,Chennai,45.58,59,False,SYNTHETIC DATA — PIPELINE/CONSTRAINT VERIFICATION ONLY
7,MAA_r0_c1,MAA,Chennai,45.29,58,False,SYNTHETIC DATA — PIPELINE/CONSTRAINT VERIFICATION ONLY
7,MAA_r0_c2,MAA,Chennai,46.58,60,False,SYNTHETIC DATA — PIPELINE/CONSTRAINT VERIFICATION ONLY
7,MAA_r0_c3,MAA,Chennai,49.68,64,False,SYNTHETIC DATA — PIPELINE/CONSTRAINT VERIFICATION ONLY
7,MAA_r0_c4,MAA,Chennai,54.58,70,False,SYNTHETIC DATA — PIPELINE/CONSTRAINT VERIFICATION ONLY
7,MAA_r0_c5,MAA,Chennai,51.44,66,False,SYNTHETIC DATA — PIPELINE/CONSTRAINT VERIFICATION ONLY
7,MAA_r0_c6,MAA,Chennai,45.83,59,False,SYNTHETIC DATA — PIPELINE/CONSTRAINT VERIFICATION ONLY
7,MAA_r1_c0,MAA,Chennai,43.99,57,False,SYNTHETIC DATA — PIPELINE/CONSTRAINT VERIFICATION ONLY
7,MAA_r1_c1,MAA,Chennai,52.24,67,False,SYNTHETIC DATA — PIPELINE/CONSTRAINT VERIFICATION ONLY
7,MAA_r1_c2,MAA,Chennai,56.97,74,False,SYNTHETIC DATA — PIPELINE/CONSTRAINT VERIFICATION ONLY
7,MAA_r1_c3,MAA,Chennai,57.88,75,False,SYNTHETIC DATA — PIPELINE/CONSTRAINT VERIFICATION ONLY
7,MAA_r1_c4,MAA,Chennai,50.54,65,False,SYNTHETIC DATA — PIPELINE/CONSTRAINT VERIFICATION ONLY
7,MAA_r1_c5,MAA,Chennai,50.16,65,False,SYNTHETIC DATA — PIPELINE/CONSTRAINT VERIFICATION ONLY
7,MAA_r1_c6,MAA,Chennai,48.39,62,False,SYNTHETIC DATA — PIPELINE/CONSTRAINT VERIFICATION ONLY
7,MAA_r2_c0,MAA,Chennai,52.62,68,False,SYNTHETIC DATA — PIPELINE/CONSTRAINT VERIFICATION ONLY
7,MAA_r2_c1,MAA,Chennai,49.48,64,False,SYNTHETIC DATA — PIPELINE/CONSTRAINT VERIFICATION ONLY
7,MAA_r2_c2,MAA,Chennai,60.07,78,False,SYNTHETIC DATA — PIPELINE/CONSTRAINT VERIFICATION ONLY
7,MAA_r2_c3,MAA,Chennai,63.25,82,False,SYNTHETIC DATA — PIPELINE/CONSTRAINT VERIFICATION ONLY
7,MAA_r2_c4,MAA,Chennai,63.11,82,False,SYNTHETIC DATA — PIPELINE/CONSTRAINT VERIFICATION ONLY
7,MAA_r2_c5,MAA,Chennai,58.15,75,False,SYNTHETIC DATA — PIPELINE/CONSTRAINT VERIFICATION ONLY
7,MAA_r2_c6,MAA,Chennai,52.76,68,False,SYNTHETIC DATA — PIPELINE/CONSTRAINT VERIFICATION ONLY
7,MAA_r3_c0,MAA,Chennai,49.49,64,False,SYNTHETIC DATA — PIPELINE/CONSTRAINT VERIFICATION ONLY
7,MAA_r3_c1,MAA,Chennai,51.63,67,False,SYNTHETIC DATA — PIPELINE/CONSTRAINT VERIFICATION ONLY
7,MAA_r3_c2,MAA,Chennai,61.64,80,False,SYNTHETIC DATA — PIPELINE/CONSTRAINT VERIFICATION ONLY
7,MAA_r3_c3,MAA,Chennai,71.29,92,True,SYNTHETIC DATA — PIPELINE/CONSTRAINT VERIFICATION ONLY
7,MAA_r3_c4,MAA,Chennai,67.0,87,False,SYNTHETIC DATA — PIPELINE/CONSTRAINT VERIFICATION ONLY
7,MAA_r3_c5,MAA,Chennai,59.49,77,False,SYNTHETIC DATA — PIPELINE/CONSTRAINT VERIFICATION ONLY
7,MAA_r3_c6,MAA,Chennai,53.18,69,False,SYNTHETIC DATA — PIPELINE/CONSTRAINT VERIFICATION ONLY
7,MAA_r4_c0,MAA,Chennai,52.15,67,False,SYNTHETIC DATA — PIPELINE/CONSTRAINT VERIFICATION ONLY
7,MAA_r4_c1,MAA,Chennai,54.4,70,False,SYNTHETIC DATA — PIPELINE/CONSTRAINT VERIFICATION ONLY
7,MAA_r4_c2,MAA,Chennai,60.17,78,False,SYNTHETIC DATA — PIPELINE/CONSTRAINT VERIFICATION ONLY
7,MAA_r4_c3,MAA,Chennai,67.83,88,False,SYNTHETIC DATA — PIPELINE/CONSTRAINT VERIFICATION ONLY
7,MAA_r4_c4,MAA,Chennai,57.73,75,False,SYNTHETIC DATA — PIPELINE/CONSTRAINT VERIFICATION ONLY
7,MAA_r4_c5,MAA,Chennai,60.91,79,False,SYNTHETIC DATA — PIPELINE/CONSTRAINT VERIFICATION ONLY
7,MAA_r4_c6,MAA,Chennai,50.04,65,False,SYNTHETIC DATA — PIPELINE/CONSTRAINT VERIFICATION ONLY
7,MAA_r5_c0,MAA,Chennai,52.56,68,False,SYNTHETIC DATA — PIPELINE/CONSTRAINT VERIFICATION ONLY
7,MAA_r5_c1,MAA,Chennai,48.61,63,False,SYNTHETIC DATA — PIPELINE/CONSTRAINT VERIFICATION ONLY
7,MAA_r5_c2,MAA,Chennai,57.82,75,False,SYNTHETIC DATA — PIPELINE/CONSTRAINT VERIFICATION ONLY
7,MAA_r5_c3,MAA,Chennai,55.15,71,False,SYNTHETIC DATA — PIPELINE/CONSTRAINT VERIFICATION ONLY
7,MAA_r5_c4,MAA,Chennai,51.82,67,False,SYNTHETIC DATA — PIPELINE/CONSTRAINT VERIFICATION ONLY
7,MAA_r5_c5,MAA,Chennai,53.49,69,False,SYNTHETIC DATA — PIPELINE/CONSTRAINT VERIFICATION ONLY
7,MAA_r5_c6,MAA,Chennai,51.61,67,False,SYNTHETIC DATA — PIPELINE/CONSTRAINT VERIFICATION ONLY
7,MAA_r6_c0,MAA,Chennai,42.57,55,False,SYNTHETIC DATA — PIPELINE/CONSTRAINT VERIFICATION ONLY
7,MAA_r6_c1,MAA,Chennai,44.09,57,False,SYNTHETIC DATA — PIPELINE/CONSTRAINT VERIFICATION ONLY
7,MAA_r6_c2,MAA,Chennai,50.73,65,False,SYNTHETIC DATA — PIPELINE/CONSTRAINT VERIFICATION ONLY
7,MAA_r6_c3,MAA,Chennai,51.63,67,False,SYNTHETIC DATA — PIPELINE/CONSTRAINT VERIFICATION ONLY
7,MAA_r6_c4,MAA,Chennai,52.65,68,False,SYNTHETIC DATA — PIPELINE/CONSTRAINT VERIFICATION ONLY
7,MAA_r6_c5,MAA,Chennai,51.43,66,False,SYNTHETIC DATA — PIPELINE/CONSTRAINT VERIFICATION ONLY
7,MAA_r6_c6,MAA,Chennai,44.93,58,False,SYNTHETIC DATA — PIPELINE/CONSTRAINT VERIFICATION ONLY
8,DEL_r0_c0,DEL,Delhi,154.2,200,False,SYNTHETIC DATA — PIPELINE/CONSTRAINT VERIFICATION ONLY
8,DEL_r0_c1,DEL,Delhi,160.77,209,False,SYNTHETIC DATA — PIPELINE/CONSTRAINT VERIFICATION ONLY
8,DEL_r0_c2,DEL,Delhi,167.04,217,False,SYNTHETIC DATA — PIPELINE/CONSTRAINT VERIFICATION ONLY
8,DEL_r0_c3,DEL,Delhi,166.17,216,False,SYNTHETIC DATA — PIPELINE/CONSTRAINT VERIFICATION ONLY
8,DEL_r0_c4,DEL,Delhi,167.29,217,False,SYNTHETIC DATA — PIPELINE/CONSTRAINT VERIFICATION ONLY
8,DEL_r0_c5,DEL,Delhi,159.09,206,False,SYNTHETIC DATA — PIPELINE/CONSTRAINT VERIFICATION ONLY
8,DEL_r0_c6,DEL,Delhi,151.51,196,False,SYNTHETIC DATA — PIPELINE/CONSTRAINT VERIFICATION ONLY
8,DEL_r1_c0,DEL,Delhi,161.49,209,False,SYNTHETIC DATA — PIPELINE/CONSTRAINT VERIFICATION ONLY
8,DEL_r1_c1,DEL,Delhi,170.55,221,False,SYNTHETIC DATA — PIPELINE/CONSTRAINT VERIFICATION ONLY
8,DEL_r1_c2,DEL,Delhi,185.27,240,False,SYNTHETIC DATA — PIPELINE/CONSTRAINT VERIFICATION ONLY
8,DEL_r1_c3,DEL,Delhi,191.01,248,False,SYNTHETIC DATA — PIPELINE/CONSTRAINT VERIFICATION ONLY
8,DEL_r1_c4,DEL,Delhi,189.33,246,False,SYNTHETIC DATA — PIPELINE/CONSTRAINT VERIFICATION ONLY
8,DEL_r1_c5,DEL,Delhi,176.75,229,False,SYNTHETIC DATA — PIPELINE/CONSTRAINT VERIFICATION ONLY
8,DEL_r1_c6,DEL,Delhi,162.38,211,False,SYNTHETIC DATA — PIPELINE/CONSTRAINT VERIFICATION ONLY
8,DEL_r2_c0,DEL,Delhi,168.26,218,False,SYNTHETIC DATA — PIPELINE/CONSTRAINT VERIFICATION ONLY
8,DEL_r2_c1,DEL,Delhi,185.92,241,False,SYNTHETIC DATA — PIPELINE/CONSTRAINT VERIFICATION ONLY
8,DEL_r2_c2,DEL,Delhi,203.29,264,False,SYNTHETIC DATA — PIPELINE/CONSTRAINT VERIFICATION ONLY
8,DEL_r2_c3,DEL,Delhi,203.0,263,False,SYNTHETIC DATA — PIPELINE/CONSTRAINT VERIFICATION ONLY
8,DEL_r2_c4,DEL,Delhi,198.5,258,False,SYNTHETIC DATA — PIPELINE/CONSTRAINT VERIFICATION ONLY
8,DEL_r2_c5,DEL,Delhi,182.43,237,False,SYNTHETIC DATA — PIPELINE/CONSTRAINT VERIFICATION ONLY
8,DEL_r2_c6,DEL,Delhi,169.22,219,False,SYNTHETIC DATA — PIPELINE/CONSTRAINT VERIFICATION ONLY
8,DEL_r3_c0,DEL,Delhi,174.69,227,False,SYNTHETIC DATA — PIPELINE/CONSTRAINT VERIFICATION ONLY
8,DEL_r3_c1,DEL,Delhi,187.21,243,False,SYNTHETIC DATA — PIPELINE/CONSTRAINT VERIFICATION ONLY
8,DEL_r3_c2,DEL,Delhi,199.83,259,False,SYNTHETIC DATA — PIPELINE/CONSTRAINT VERIFICATION ONLY
8,DEL_r3_c3,DEL,Delhi,223.76,290,True,SYNTHETIC DATA — PIPELINE/CONSTRAINT VERIFICATION ONLY
8,DEL_r3_c4,DEL,Delhi,209.74,272,False,SYNTHETIC DATA — PIPELINE/CONSTRAINT VERIFICATION ONLY
8,DEL_r3_c5,DEL,Delhi,190.61,247,False,SYNTHETIC DATA — PIPELINE/CONSTRAINT VERIFICATION ONLY
8,DEL_r3_c6,DEL,Delhi,172.28,223,False,SYNTHETIC DATA — PIPELINE/CONSTRAINT VERIFICATION ONLY
8,DEL_r4_c0,DEL,Delhi,167.24,217,False,SYNTHETIC DATA — PIPELINE/CONSTRAINT VERIFICATION ONLY
8,DEL_r4_c1,DEL,Delhi,180.91,235,False,SYNTHETIC DATA — PIPELINE/CONSTRAINT VERIFICATION ONLY
8,DEL_r4_c2,DEL,Delhi,201.09,261,False,SYNTHETIC DATA — PIPELINE/CONSTRAINT VERIFICATION ONLY
8,DEL_r4_c3,DEL,Delhi,204.5,265,False,SYNTHETIC DATA — PIPELINE/CONSTRAINT VERIFICATION ONLY
8,DEL_r4_c4,DEL,Delhi,206.1,267,False,SYNTHETIC DATA — PIPELINE/CONSTRAINT VERIFICATION ONLY
8,DEL_r4_c5,DEL,Delhi,186.46,242,False,SYNTHETIC DATA — PIPELINE/CONSTRAINT VERIFICATION ONLY
8,DEL_r4_c6,DEL,Delhi,166.34,216,False,SYNTHETIC DATA — PIPELINE/CONSTRAINT VERIFICATION ONLY
8,DEL_r5_c0,DEL,Delhi,158.27,205,False,SYNTHETIC DATA — PIPELINE/CONSTRAINT VERIFICATION ONLY
8,DEL_r5_c1,DEL,Delhi,173.81,225,False,SYNTHETIC DATA — PIPELINE/CONSTRAINT VERIFICATION ONLY
8,DEL_r5_c2,DEL,Delhi,184.03,239,False,SYNTHETIC DATA — PIPELINE/CONSTRAINT VERIFICATION ONLY
8,DEL_r5_c3,DEL,Delhi,192.35,250,False,SYNTHETIC DATA — PIPELINE/CONSTRAINT VERIFICATION ONLY
8,DEL_r5_c4,DEL,Delhi,185.31,240,False,SYNTHETIC DATA — PIPELINE/CONSTRAINT VERIFICATION ONLY
8,DEL_r5_c5,DEL,Delhi,171.89,223,False,SYNTHETIC DATA — PIPELINE/CONSTRAINT VERIFICATION ONLY
8,DEL_r5_c6,DEL,Delhi,165.77,215,False,SYNTHETIC DATA — PIPELINE/CONSTRAINT VERIFICATION ONLY
8,DEL_r6_c0,DEL,Delhi,148.78,193,False,SYNTHETIC DATA — PIPELINE/CONSTRAINT VERIFICATION ONLY
8,DEL_r6_c1,DEL,Delhi,162.41,211,False,SYNTHETIC DATA — PIPELINE/CONSTRAINT VERIFICATION ONLY
8,DEL_r6_c2,DEL,Delhi,166.25,216,False,SYNTHETIC DATA — PIPELINE/CONSTRAINT VERIFICATION ONLY
8,DEL_r6_c3,DEL,Delhi,172.09,223,False,SYNTHETIC DATA — PIPELINE/CONSTRAINT VERIFICATION ONLY
8,DEL_r6_c4,DEL,Delhi,169.01,219,False,SYNTHETIC DATA — PIPELINE/CONSTRAINT VERIFICATION ONLY
8,DEL_r6_c5,DEL,Delhi,154.43,200,False,SYNTHETIC DATA — PIPELINE/CONSTRAINT VERIFICATION ONLY
8,DEL_r6_c6,DEL,Delhi,154.68,201,False,SYNTHETIC DATA — PIPELINE/CONSTRAINT VERIFICATION ONLY
8,BOM_r0_c0,BOM,Mumbai,78.19,101,False,SYNTHETIC DATA — PIPELINE/CONSTRAINT VERIFICATION ONLY
8,BOM_r0_c1,BOM,Mumbai,78.86,102,False,SYNTHETIC DATA — PIPELINE/CONSTRAINT VERIFICATION ONLY
8,BOM_r0_c2,BOM,Mumbai,80.73,104,False,SYNTHETIC DATA — PIPELINE/CONSTRAINT VERIFICATION ONLY
8,BOM_r0_c3,BOM,Mumbai,86.54,112,False,SYNTHETIC DATA — PIPELINE/CONSTRAINT VERIFICATION ONLY
8,BOM_r0_c4,BOM,Mumbai,84.3,109,False,SYNTHETIC DATA — PIPELINE/CONSTRAINT VERIFICATION ONLY
8,BOM_r0_c5,BOM,Mumbai,81.12,105,False,SYNTHETIC DATA — PIPELINE/CONSTRAINT VERIFICATION ONLY
8,BOM_r0_c6,BOM,Mumbai,74.89,97,False,SYNTHETIC DATA — PIPELINE/CONSTRAINT VERIFICATION ONLY
8,BOM_r1_c0,BOM,Mumbai,81.57,106,False,SYNTHETIC DATA — PIPELINE/CONSTRAINT VERIFICATION ONLY
8,BOM_r1_c1,BOM,Mumbai,91.39,118,False,SYNTHETIC DATA — PIPELINE/CONSTRAINT VERIFICATION ONLY
8,BOM_r1_c2,BOM,Mumbai,94.08,122,False,SYNTHETIC DATA — PIPELINE/CONSTRAINT VERIFICATION ONLY
8,BOM_r1_c3,BOM,Mumbai,91.35,118,False,SYNTHETIC DATA — PIPELINE/CONSTRAINT VERIFICATION ONLY
8,BOM_r1_c4,BOM,Mumbai,96.46,125,False,SYNTHETIC DATA — PIPELINE/CONSTRAINT VERIFICATION ONLY
8,BOM_r1_c5,BOM,Mumbai,91.97,119,False,SYNTHETIC DATA — PIPELINE/CONSTRAINT VERIFICATION ONLY
8,BOM_r1_c6,BOM,Mumbai,89.51,116,False,SYNTHETIC DATA — PIPELINE/CONSTRAINT VERIFICATION ONLY
8,BOM_r2_c0,BOM,Mumbai,80.67,104,False,SYNTHETIC DATA — PIPELINE/CONSTRAINT VERIFICATION ONLY
8,BOM_r2_c1,BOM,Mumbai,93.1,121,False,SYNTHETIC DATA — PIPELINE/CONSTRAINT VERIFICATION ONLY
8,BOM_r2_c2,BOM,Mumbai,93.53,121,False,SYNTHETIC DATA — PIPELINE/CONSTRAINT VERIFICATION ONLY
8,BOM_r2_c3,BOM,Mumbai,105.16,136,False,SYNTHETIC DATA — PIPELINE/CONSTRAINT VERIFICATION ONLY
8,BOM_r2_c4,BOM,Mumbai,98.13,127,False,SYNTHETIC DATA — PIPELINE/CONSTRAINT VERIFICATION ONLY
8,BOM_r2_c5,BOM,Mumbai,98.15,127,False,SYNTHETIC DATA — PIPELINE/CONSTRAINT VERIFICATION ONLY
8,BOM_r2_c6,BOM,Mumbai,81.72,106,False,SYNTHETIC DATA — PIPELINE/CONSTRAINT VERIFICATION ONLY
8,BOM_r3_c0,BOM,Mumbai,80.43,104,False,SYNTHETIC DATA — PIPELINE/CONSTRAINT VERIFICATION ONLY
8,BOM_r3_c1,BOM,Mumbai,93.09,121,False,SYNTHETIC DATA — PIPELINE/CONSTRAINT VERIFICATION ONLY
8,BOM_r3_c2,BOM,Mumbai,97.57,126,False,SYNTHETIC DATA — PIPELINE/CONSTRAINT VERIFICATION ONLY
8,BOM_r3_c3,BOM,Mumbai,114.75,149,True,SYNTHETIC DATA — PIPELINE/CONSTRAINT VERIFICATION ONLY
8,BOM_r3_c4,BOM,Mumbai,97.3,126,False,SYNTHETIC DATA — PIPELINE/CONSTRAINT VERIFICATION ONLY
8,BOM_r3_c5,BOM,Mumbai,94.59,122,False,SYNTHETIC DATA — PIPELINE/CONSTRAINT VERIFICATION ONLY
8,BOM_r3_c6,BOM,Mumbai,79.27,103,False,SYNTHETIC DATA — PIPELINE/CONSTRAINT VERIFICATION ONLY
8,BOM_r4_c0,BOM,Mumbai,83.08,108,False,SYNTHETIC DATA — PIPELINE/CONSTRAINT VERIFICATION ONLY
8,BOM_r4_c1,BOM,Mumbai,97.31,126,False,SYNTHETIC DATA — PIPELINE/CONSTRAINT VERIFICATION ONLY
8,BOM_r4_c2,BOM,Mumbai,100.85,131,False,SYNTHETIC DATA — PIPELINE/CONSTRAINT VERIFICATION ONLY
8,BOM_r4_c3,BOM,Mumbai,100.91,131,False,SYNTHETIC DATA — PIPELINE/CONSTRAINT VERIFICATION ONLY
8,BOM_r4_c4,BOM,Mumbai,99.68,129,False,SYNTHETIC DATA — PIPELINE/CONSTRAINT VERIFICATION ONLY
8,BOM_r4_c5,BOM,Mumbai,92.43,120,False,SYNTHETIC DATA — PIPELINE/CONSTRAINT VERIFICATION ONLY
8,BOM_r4_c6,BOM,Mumbai,85.46,111,False,SYNTHETIC DATA — PIPELINE/CONSTRAINT VERIFICATION ONLY
8,BOM_r5_c0,BOM,Mumbai,75.95,98,False,SYNTHETIC DATA — PIPELINE/CONSTRAINT VERIFICATION ONLY
8,BOM_r5_c1,BOM,Mumbai,88.82,115,False,SYNTHETIC DATA — PIPELINE/CONSTRAINT VERIFICATION ONLY
8,BOM_r5_c2,BOM,Mumbai,84.26,109,False,SYNTHETIC DATA — PIPELINE/CONSTRAINT VERIFICATION ONLY
8,BOM_r5_c3,BOM,Mumbai,92.61,120,False,SYNTHETIC DATA — PIPELINE/CONSTRAINT VERIFICATION ONLY
8,BOM_r5_c4,BOM,Mumbai,90.91,118,False,SYNTHETIC DATA — PIPELINE/CONSTRAINT VERIFICATION ONLY
8,BOM_r5_c5,BOM,Mumbai,88.94,115,False,SYNTHETIC DATA — PIPELINE/CONSTRAINT VERIFICATION ONLY
8,BOM_r5_c6,BOM,Mumbai,80.12,104,False,SYNTHETIC DATA — PIPELINE/CONSTRAINT VERIFICATION ONLY
8,BOM_r6_c0,BOM,Mumbai,70.1,91,False,SYNTHETIC DATA — PIPELINE/CONSTRAINT VERIFICATION ONLY
8,BOM_r6_c1,BOM,Mumbai,77.1,100,False,SYNTHETIC DATA — PIPELINE/CONSTRAINT VERIFICATION ONLY
8,BOM_r6_c2,BOM,Mumbai,84.64,110,False,SYNTHETIC DATA — PIPELINE/CONSTRAINT VERIFICATION ONLY
8,BOM_r6_c3,BOM,Mumbai,85.26,110,False,SYNTHETIC DATA — PIPELINE/CONSTRAINT VERIFICATION ONLY
8,BOM_r6_c4,BOM,Mumbai,82.3,106,False,SYNTHETIC DATA — PIPELINE/CONSTRAINT VERIFICATION ONLY
8,BOM_r6_c5,BOM,Mumbai,78.61,102,False,SYNTHETIC DATA — PIPELINE/CONSTRAINT VERIFICATION ONLY
8,BOM_r6_c6,BOM,Mumbai,76.4,99,False,SYNTHETIC DATA — PIPELINE/CONSTRAINT VERIFICATION ONLY
8,LKO_r0_c0,LKO,Lucknow,130.56,169,False,SYNTHETIC DATA — PIPELINE/CONSTRAINT VERIFICATION ONLY
8,LKO_r0_c1,LKO,Lucknow,142.05,184,False,SYNTHETIC DATA — PIPELINE/CONSTRAINT VERIFICATION ONLY
8,LKO_r0_c2,LKO,Lucknow,155.91,202,False,SYNTHETIC DATA — PIPELINE/CONSTRAINT VERIFICATION ONLY
8,LKO_r0_c3,LKO,Lucknow,147.73,192,False,SYNTHETIC DATA — PIPELINE/CONSTRAINT VERIFICATION ONLY
8,LKO_r0_c4,LKO,Lucknow,143.85,187,False,SYNTHETIC DATA — PIPELINE/CONSTRAINT VERIFICATION ONLY
8,LKO_r0_c5,LKO,Lucknow,144.66,188,False,SYNTHETIC DATA — PIPELINE/CONSTRAINT VERIFICATION ONLY
8,LKO_r0_c6,LKO,Lucknow,130.08,169,False,SYNTHETIC DATA — PIPELINE/CONSTRAINT VERIFICATION ONLY
8,LKO_r1_c0,LKO,Lucknow,141.36,183,False,SYNTHETIC DATA — PIPELINE/CONSTRAINT VERIFICATION ONLY
8,LKO_r1_c1,LKO,Lucknow,152.4,198,False,SYNTHETIC DATA — PIPELINE/CONSTRAINT VERIFICATION ONLY
8,LKO_r1_c2,LKO,Lucknow,163.44,212,False,SYNTHETIC DATA — PIPELINE/CONSTRAINT VERIFICATION ONLY
8,LKO_r1_c3,LKO,Lucknow,172.8,224,False,SYNTHETIC DATA — PIPELINE/CONSTRAINT VERIFICATION ONLY
8,LKO_r1_c4,LKO,Lucknow,166.63,216,False,SYNTHETIC DATA — PIPELINE/CONSTRAINT VERIFICATION ONLY
8,LKO_r1_c5,LKO,Lucknow,157.33,204,False,SYNTHETIC DATA — PIPELINE/CONSTRAINT VERIFICATION ONLY
8,LKO_r1_c6,LKO,Lucknow,138.06,179,False,SYNTHETIC DATA — PIPELINE/CONSTRAINT VERIFICATION ONLY
8,LKO_r2_c0,LKO,Lucknow,145.95,189,False,SYNTHETIC DATA — PIPELINE/CONSTRAINT VERIFICATION ONLY
8,LKO_r2_c1,LKO,Lucknow,155.71,202,False,SYNTHETIC DATA — PIPELINE/CONSTRAINT VERIFICATION ONLY
8,LKO_r2_c2,LKO,Lucknow,174.94,227,False,SYNTHETIC DATA — PIPELINE/CONSTRAINT VERIFICATION ONLY
8,LKO_r2_c3,LKO,Lucknow,186.87,242,False,SYNTHETIC DATA — PIPELINE/CONSTRAINT VERIFICATION ONLY
8,LKO_r2_c4,LKO,Lucknow,178.92,232,False,SYNTHETIC DATA — PIPELINE/CONSTRAINT VERIFICATION ONLY
8,LKO_r2_c5,LKO,Lucknow,163.56,212,False,SYNTHETIC DATA — PIPELINE/CONSTRAINT VERIFICATION ONLY
8,LKO_r2_c6,LKO,Lucknow,149.34,194,False,SYNTHETIC DATA — PIPELINE/CONSTRAINT VERIFICATION ONLY
8,LKO_r3_c0,LKO,Lucknow,149.93,194,False,SYNTHETIC DATA — PIPELINE/CONSTRAINT VERIFICATION ONLY
8,LKO_r3_c1,LKO,Lucknow,168.61,219,False,SYNTHETIC DATA — PIPELINE/CONSTRAINT VERIFICATION ONLY
8,LKO_r3_c2,LKO,Lucknow,186.3,242,False,SYNTHETIC DATA — PIPELINE/CONSTRAINT VERIFICATION ONLY
8,LKO_r3_c3,LKO,Lucknow,195.15,253,True,SYNTHETIC DATA — PIPELINE/CONSTRAINT VERIFICATION ONLY
8,LKO_r3_c4,LKO,Lucknow,184.9,240,False,SYNTHETIC DATA — PIPELINE/CONSTRAINT VERIFICATION ONLY
8,LKO_r3_c5,LKO,Lucknow,170.8,222,False,SYNTHETIC DATA — PIPELINE/CONSTRAINT VERIFICATION ONLY
8,LKO_r3_c6,LKO,Lucknow,150.75,195,False,SYNTHETIC DATA — PIPELINE/CONSTRAINT VERIFICATION ONLY
8,LKO_r4_c0,LKO,Lucknow,151.51,196,False,SYNTHETIC DATA — PIPELINE/CONSTRAINT VERIFICATION ONLY
8,LKO_r4_c1,LKO,Lucknow,172.67,224,False,SYNTHETIC DATA — PIPELINE/CONSTRAINT VERIFICATION ONLY
8,LKO_r4_c2,LKO,Lucknow,177.06,230,False,SYNTHETIC DATA — PIPELINE/CONSTRAINT VERIFICATION ONLY
8,LKO_r4_c3,LKO,Lucknow,185.18,240,False,SYNTHETIC DATA — PIPELINE/CONSTRAINT VERIFICATION ONLY
8,LKO_r4_c4,LKO,Lucknow,175.16,227,False,SYNTHETIC DATA — PIPELINE/CONSTRAINT VERIFICATION ONLY
8,LKO_r4_c5,LKO,Lucknow,164.77,214,False,SYNTHETIC DATA — PIPELINE/CONSTRAINT VERIFICATION ONLY
8,LKO_r4_c6,LKO,Lucknow,150.78,196,False,SYNTHETIC DATA — PIPELINE/CONSTRAINT VERIFICATION ONLY
8,LKO_r5_c0,LKO,Lucknow,142.9,185,False,SYNTHETIC DATA — PIPELINE/CONSTRAINT VERIFICATION ONLY
8,LKO_r5_c1,LKO,Lucknow,151.69,197,False,SYNTHETIC DATA — PIPELINE/CONSTRAINT VERIFICATION ONLY
8,LKO_r5_c2,LKO,Lucknow,164.84,214,False,SYNTHETIC DATA — PIPELINE/CONSTRAINT VERIFICATION ONLY
8,LKO_r5_c3,LKO,Lucknow,172.39,224,False,SYNTHETIC DATA — PIPELINE/CONSTRAINT VERIFICATION ONLY
8,LKO_r5_c4,LKO,Lucknow,165.57,215,False,SYNTHETIC DATA — PIPELINE/CONSTRAINT VERIFICATION ONLY
8,LKO_r5_c5,LKO,Lucknow,157.63,204,False,SYNTHETIC DATA — PIPELINE/CONSTRAINT VERIFICATION ONLY
8,LKO_r5_c6,LKO,Lucknow,141.6,184,False,SYNTHETIC DATA — PIPELINE/CONSTRAINT VERIFICATION ONLY
8,LKO_r6_c0,LKO,Lucknow,134.37,174,False,SYNTHETIC DATA — PIPELINE/CONSTRAINT VERIFICATION ONLY
8,LKO_r6_c1,LKO,Lucknow,143.15,186,False,SYNTHETIC DATA — PIPELINE/CONSTRAINT VERIFICATION ONLY
8,LKO_r6_c2,LKO,Lucknow,146.55,190,False,SYNTHETIC DATA — PIPELINE/CONSTRAINT VERIFICATION ONLY
8,LKO_r6_c3,LKO,Lucknow,152.96,198,False,SYNTHETIC DATA — PIPELINE/CONSTRAINT VERIFICATION ONLY
8,LKO_r6_c4,LKO,Lucknow,146.43,190,False,SYNTHETIC DATA — PIPELINE/CONSTRAINT VERIFICATION ONLY
8,LKO_r6_c5,LKO,Lucknow,140.41,182,False,SYNTHETIC DATA — PIPELINE/CONSTRAINT VERIFICATION ONLY
8,LKO_r6_c6,LKO,Lucknow,132.69,172,False,SYNTHETIC DATA — PIPELINE/CONSTRAINT VERIFICATION ONLY
8,VNS_r0_c0,VNS,Varanasi,124.75,162,False,SYNTHETIC DATA — PIPELINE/CONSTRAINT VERIFICATION ONLY
8,VNS_r0_c1,VNS,Varanasi,129.85,168,False,SYNTHETIC DATA — PIPELINE/CONSTRAINT VERIFICATION ONLY
8,VNS_r0_c2,VNS,Varanasi,143.23,186,False,SYNTHETIC DATA — PIPELINE/CONSTRAINT VERIFICATION ONLY
8,VNS_r0_c3,VNS,Varanasi,144.22,187,False,SYNTHETIC DATA — PIPELINE/CONSTRAINT VERIFICATION ONLY
8,VNS_r0_c4,VNS,Varanasi,137.95,179,False,SYNTHETIC DATA — PIPELINE/CONSTRAINT VERIFICATION ONLY
8,VNS_r0_c5,VNS,Varanasi,128.8,167,False,SYNTHETIC DATA — PIPELINE/CONSTRAINT VERIFICATION ONLY
8,VNS_r0_c6,VNS,Varanasi,123.43,160,False,SYNTHETIC DATA — PIPELINE/CONSTRAINT VERIFICATION ONLY
8,VNS_r1_c0,VNS,Varanasi,132.08,171,False,SYNTHETIC DATA — PIPELINE/CONSTRAINT VERIFICATION ONLY
8,VNS_r1_c1,VNS,Varanasi,145.41,189,False,SYNTHETIC DATA — PIPELINE/CONSTRAINT VERIFICATION ONLY
8,VNS_r1_c2,VNS,Varanasi,152.87,198,False,SYNTHETIC DATA — PIPELINE/CONSTRAINT VERIFICATION ONLY
8,VNS_r1_c3,VNS,Varanasi,151.48,196,False,SYNTHETIC DATA — PIPELINE/CONSTRAINT VERIFICATION ONLY
8,VNS_r1_c4,VNS,Varanasi,152.79,198,False,SYNTHETIC DATA — PIPELINE/CONSTRAINT VERIFICATION ONLY
8,VNS_r1_c5,VNS,Varanasi,144.16,187,False,SYNTHETIC DATA — PIPELINE/CONSTRAINT VERIFICATION ONLY
8,VNS_r1_c6,VNS,Varanasi,135.32,175,False,SYNTHETIC DATA — PIPELINE/CONSTRAINT VERIFICATION ONLY
8,VNS_r2_c0,VNS,Varanasi,137.97,179,False,SYNTHETIC DATA — PIPELINE/CONSTRAINT VERIFICATION ONLY
8,VNS_r2_c1,VNS,Varanasi,159.0,206,False,SYNTHETIC DATA — PIPELINE/CONSTRAINT VERIFICATION ONLY
8,VNS_r2_c2,VNS,Varanasi,160.55,208,False,SYNTHETIC DATA — PIPELINE/CONSTRAINT VERIFICATION ONLY
8,VNS_r2_c3,VNS,Varanasi,176.43,229,False,SYNTHETIC DATA — PIPELINE/CONSTRAINT VERIFICATION ONLY
8,VNS_r2_c4,VNS,Varanasi,165.61,215,False,SYNTHETIC DATA — PIPELINE/CONSTRAINT VERIFICATION ONLY
8,VNS_r2_c5,VNS,Varanasi,156.54,203,False,SYNTHETIC DATA — PIPELINE/CONSTRAINT VERIFICATION ONLY
8,VNS_r2_c6,VNS,Varanasi,140.31,182,False,SYNTHETIC DATA — PIPELINE/CONSTRAINT VERIFICATION ONLY
8,VNS_r3_c0,VNS,Varanasi,145.92,189,False,SYNTHETIC DATA — PIPELINE/CONSTRAINT VERIFICATION ONLY
8,VNS_r3_c1,VNS,Varanasi,156.34,203,False,SYNTHETIC DATA — PIPELINE/CONSTRAINT VERIFICATION ONLY
8,VNS_r3_c2,VNS,Varanasi,169.2,219,False,SYNTHETIC DATA — PIPELINE/CONSTRAINT VERIFICATION ONLY
8,VNS_r3_c3,VNS,Varanasi,191.76,249,True,SYNTHETIC DATA — PIPELINE/CONSTRAINT VERIFICATION ONLY
8,VNS_r3_c4,VNS,Varanasi,172.16,223,False,SYNTHETIC DATA — PIPELINE/CONSTRAINT VERIFICATION ONLY
8,VNS_r3_c5,VNS,Varanasi,158.16,205,False,SYNTHETIC DATA — PIPELINE/CONSTRAINT VERIFICATION ONLY
8,VNS_r3_c6,VNS,Varanasi,146.2,190,False,SYNTHETIC DATA — PIPELINE/CONSTRAINT VERIFICATION ONLY
8,VNS_r4_c0,VNS,Varanasi,136.97,178,False,SYNTHETIC DATA — PIPELINE/CONSTRAINT VERIFICATION ONLY
8,VNS_r4_c1,VNS,Varanasi,155.75,202,False,SYNTHETIC DATA — PIPELINE/CONSTRAINT VERIFICATION ONLY
8,VNS_r4_c2,VNS,Varanasi,164.52,213,False,SYNTHETIC DATA — PIPELINE/CONSTRAINT VERIFICATION ONLY
8,VNS_r4_c3,VNS,Varanasi,172.1,223,False,SYNTHETIC DATA — PIPELINE/CONSTRAINT VERIFICATION ONLY
8,VNS_r4_c4,VNS,Varanasi,166.5,216,False,SYNTHETIC DATA — PIPELINE/CONSTRAINT VERIFICATION ONLY
8,VNS_r4_c5,VNS,Varanasi,149.46,194,False,SYNTHETIC DATA — PIPELINE/CONSTRAINT VERIFICATION ONLY
8,VNS_r4_c6,VNS,Varanasi,137.73,179,False,SYNTHETIC DATA — PIPELINE/CONSTRAINT VERIFICATION ONLY
8,VNS_r5_c0,VNS,Varanasi,137.47,178,False,SYNTHETIC DATA — PIPELINE/CONSTRAINT VERIFICATION ONLY
8,VNS_r5_c1,VNS,Varanasi,147.73,192,False,SYNTHETIC DATA — PIPELINE/CONSTRAINT VERIFICATION ONLY
8,VNS_r5_c2,VNS,Varanasi,153.77,199,False,SYNTHETIC DATA — PIPELINE/CONSTRAINT VERIFICATION ONLY
8,VNS_r5_c3,VNS,Varanasi,158.23,205,False,SYNTHETIC DATA — PIPELINE/CONSTRAINT VERIFICATION ONLY
8,VNS_r5_c4,VNS,Varanasi,153.08,199,False,SYNTHETIC DATA — PIPELINE/CONSTRAINT VERIFICATION ONLY
8,VNS_r5_c5,VNS,Varanasi,149.14,193,False,SYNTHETIC DATA — PIPELINE/CONSTRAINT VERIFICATION ONLY
8,VNS_r5_c6,VNS,Varanasi,132.82,172,False,SYNTHETIC DATA — PIPELINE/CONSTRAINT VERIFICATION ONLY
8,VNS_r6_c0,VNS,Varanasi,124.56,161,False,SYNTHETIC DATA — PIPELINE/CONSTRAINT VERIFICATION ONLY
8,VNS_r6_c1,VNS,Varanasi,136.85,177,False,SYNTHETIC DATA — PIPELINE/CONSTRAINT VERIFICATION ONLY
8,VNS_r6_c2,VNS,Varanasi,137.73,179,False,SYNTHETIC DATA — PIPELINE/CONSTRAINT VERIFICATION ONLY
8,VNS_r6_c3,VNS,Varanasi,147.18,191,False,SYNTHETIC DATA — PIPELINE/CONSTRAINT VERIFICATION ONLY
8,VNS_r6_c4,VNS,Varanasi,135.47,176,False,SYNTHETIC DATA — PIPELINE/CONSTRAINT VERIFICATION ONLY
8,VNS_r6_c5,VNS,Varanasi,138.31,179,False,SYNTHETIC DATA — PIPELINE/CONSTRAINT VERIFICATION ONLY
8,VNS_r6_c6,VNS,Varanasi,122.74,159,False,SYNTHETIC DATA — PIPELINE/CONSTRAINT VERIFICATION ONLY
8,JAI_r0_c0,JAI,Jaipur,90.1,117,False,SYNTHETIC DATA — PIPELINE/CONSTRAINT VERIFICATION ONLY
8,JAI_r0_c1,JAI,Jaipur,92.17,119,False,SYNTHETIC DATA — PIPELINE/CONSTRAINT VERIFICATION ONLY
8,JAI_r0_c2,JAI,Jaipur,101.35,131,False,SYNTHETIC DATA — PIPELINE/CONSTRAINT VERIFICATION ONLY
8,JAI_r0_c3,JAI,Jaipur,101.38,131,False,SYNTHETIC DATA — PIPELINE/CONSTRAINT VERIFICATION ONLY
8,JAI_r0_c4,JAI,Jaipur,100.89,131,False,SYNTHETIC DATA — PIPELINE/CONSTRAINT VERIFICATION ONLY
8,JAI_r0_c5,JAI,Jaipur,97.43,126,False,SYNTHETIC DATA — PIPELINE/CONSTRAINT VERIFICATION ONLY
8,JAI_r0_c6,JAI,Jaipur,93.7,121,False,SYNTHETIC DATA — PIPELINE/CONSTRAINT VERIFICATION ONLY
8,JAI_r1_c0,JAI,Jaipur,98.46,127,False,SYNTHETIC DATA — PIPELINE/CONSTRAINT VERIFICATION ONLY
8,JAI_r1_c1,JAI,Jaipur,107.31,139,False,SYNTHETIC DATA — PIPELINE/CONSTRAINT VERIFICATION ONLY
8,JAI_r1_c2,JAI,Jaipur,109.62,142,False,SYNTHETIC DATA — PIPELINE/CONSTRAINT VERIFICATION ONLY
8,JAI_r1_c3,JAI,Jaipur,112.86,146,False,SYNTHETIC DATA — PIPELINE/CONSTRAINT VERIFICATION ONLY
8,JAI_r1_c4,JAI,Jaipur,118.3,153,False,SYNTHETIC DATA — PIPELINE/CONSTRAINT VERIFICATION ONLY
8,JAI_r1_c5,JAI,Jaipur,104.18,135,False,SYNTHETIC DATA — PIPELINE/CONSTRAINT VERIFICATION ONLY
8,JAI_r1_c6,JAI,Jaipur,102.81,133,False,SYNTHETIC DATA — PIPELINE/CONSTRAINT VERIFICATION ONLY
8,JAI_r2_c0,JAI,Jaipur,101.99,132,False,SYNTHETIC DATA — PIPELINE/CONSTRAINT VERIFICATION ONLY
8,JAI_r2_c1,JAI,Jaipur,112.91,146,False,SYNTHETIC DATA — PIPELINE/CONSTRAINT VERIFICATION ONLY
8,JAI_r2_c2,JAI,Jaipur,125.15,162,False,SYNTHETIC DATA — PIPELINE/CONSTRAINT VERIFICATION ONLY
8,JAI_r2_c3,JAI,Jaipur,130.32,169,False,SYNTHETIC DATA — PIPELINE/CONSTRAINT VERIFICATION ONLY
8,JAI_r2_c4,JAI,Jaipur,121.61,158,False,SYNTHETIC DATA — PIPELINE/CONSTRAINT VERIFICATION ONLY
8,JAI_r2_c5,JAI,Jaipur,111.74,145,False,SYNTHETIC DATA — PIPELINE/CONSTRAINT VERIFICATION ONLY
8,JAI_r2_c6,JAI,Jaipur,102.55,133,False,SYNTHETIC DATA — PIPELINE/CONSTRAINT VERIFICATION ONLY
8,JAI_r3_c0,JAI,Jaipur,105.51,137,False,SYNTHETIC DATA — PIPELINE/CONSTRAINT VERIFICATION ONLY
8,JAI_r3_c1,JAI,Jaipur,118.17,153,False,SYNTHETIC DATA — PIPELINE/CONSTRAINT VERIFICATION ONLY
8,JAI_r3_c2,JAI,Jaipur,126.51,164,False,SYNTHETIC DATA — PIPELINE/CONSTRAINT VERIFICATION ONLY
8,JAI_r3_c3,JAI,Jaipur,139.36,181,True,SYNTHETIC DATA — PIPELINE/CONSTRAINT VERIFICATION ONLY
8,JAI_r3_c4,JAI,Jaipur,131.42,170,False,SYNTHETIC DATA — PIPELINE/CONSTRAINT VERIFICATION ONLY
8,JAI_r3_c5,JAI,Jaipur,116.64,151,False,SYNTHETIC DATA — PIPELINE/CONSTRAINT VERIFICATION ONLY
8,JAI_r3_c6,JAI,Jaipur,105.43,137,False,SYNTHETIC DATA — PIPELINE/CONSTRAINT VERIFICATION ONLY
8,JAI_r4_c0,JAI,Jaipur,98.16,127,False,SYNTHETIC DATA — PIPELINE/CONSTRAINT VERIFICATION ONLY
8,JAI_r4_c1,JAI,Jaipur,105.01,136,False,SYNTHETIC DATA — PIPELINE/CONSTRAINT VERIFICATION ONLY
8,JAI_r4_c2,JAI,Jaipur,123.11,160,False,SYNTHETIC DATA — PIPELINE/CONSTRAINT VERIFICATION ONLY
8,JAI_r4_c3,JAI,Jaipur,126.22,164,False,SYNTHETIC DATA — PIPELINE/CONSTRAINT VERIFICATION ONLY
8,JAI_r4_c4,JAI,Jaipur,120.4,156,False,SYNTHETIC DATA — PIPELINE/CONSTRAINT VERIFICATION ONLY
8,JAI_r4_c5,JAI,Jaipur,113.63,147,False,SYNTHETIC DATA — PIPELINE/CONSTRAINT VERIFICATION ONLY
8,JAI_r4_c6,JAI,Jaipur,102.53,133,False,SYNTHETIC DATA — PIPELINE/CONSTRAINT VERIFICATION ONLY
8,JAI_r5_c0,JAI,Jaipur,101.22,131,False,SYNTHETIC DATA — PIPELINE/CONSTRAINT VERIFICATION ONLY
8,JAI_r5_c1,JAI,Jaipur,106.65,138,False,SYNTHETIC DATA — PIPELINE/CONSTRAINT VERIFICATION ONLY
8,JAI_r5_c2,JAI,Jaipur,110.66,143,False,SYNTHETIC DATA — PIPELINE/CONSTRAINT VERIFICATION ONLY
8,JAI_r5_c3,JAI,Jaipur,118.47,154,False,SYNTHETIC DATA — PIPELINE/CONSTRAINT VERIFICATION ONLY
8,JAI_r5_c4,JAI,Jaipur,112.25,145,False,SYNTHETIC DATA — PIPELINE/CONSTRAINT VERIFICATION ONLY
8,JAI_r5_c5,JAI,Jaipur,107.97,140,False,SYNTHETIC DATA — PIPELINE/CONSTRAINT VERIFICATION ONLY
8,JAI_r5_c6,JAI,Jaipur,96.41,125,False,SYNTHETIC DATA — PIPELINE/CONSTRAINT VERIFICATION ONLY
8,JAI_r6_c0,JAI,Jaipur,88.88,115,False,SYNTHETIC DATA — PIPELINE/CONSTRAINT VERIFICATION ONLY
8,JAI_r6_c1,JAI,Jaipur,98.09,127,False,SYNTHETIC DATA — PIPELINE/CONSTRAINT VERIFICATION ONLY
8,JAI_r6_c2,JAI,Jaipur,102.75,133,False,SYNTHETIC DATA — PIPELINE/CONSTRAINT VERIFICATION ONLY
8,JAI_r6_c3,JAI,Jaipur,105.94,137,False,SYNTHETIC DATA — PIPELINE/CONSTRAINT VERIFICATION ONLY
8,JAI_r6_c4,JAI,Jaipur,101.91,132,False,SYNTHETIC DATA — PIPELINE/CONSTRAINT VERIFICATION ONLY
8,JAI_r6_c5,JAI,Jaipur,92.33,120,False,SYNTHETIC DATA — PIPELINE/CONSTRAINT VERIFICATION ONLY
8,JAI_r6_c6,JAI,Jaipur,89.53,116,False,SYNTHETIC DATA — PIPELINE/CONSTRAINT VERIFICATION ONLY
8,AMD_r0_c0,AMD,Ahmedabad,89.08,115,False,SYNTHETIC DATA — PIPELINE/CONSTRAINT VERIFICATION ONLY
8,AMD_r0_c1,AMD,Ahmedabad,92.5,120,False,SYNTHETIC DATA — PIPELINE/CONSTRAINT VERIFICATION ONLY
8,AMD_r0_c2,AMD,Ahmedabad,97.31,126,False,SYNTHETIC DATA — PIPELINE/CONSTRAINT VERIFICATION ONLY
8,AMD_r0_c3,AMD,Ahmedabad,102.71,133,False,SYNTHETIC DATA — PIPELINE/CONSTRAINT VERIFICATION ONLY
8,AMD_r0_c4,AMD,Ahmedabad,95.91,124,False,SYNTHETIC DATA — PIPELINE/CONSTRAINT VERIFICATION ONLY
8,AMD_r0_c5,AMD,Ahmedabad,88.76,115,False,SYNTHETIC DATA — PIPELINE/CONSTRAINT VERIFICATION ONLY
8,AMD_r0_c6,AMD,Ahmedabad,86.22,112,False,SYNTHETIC DATA — PIPELINE/CONSTRAINT VERIFICATION ONLY
8,AMD_r1_c0,AMD,Ahmedabad,91.94,119,False,SYNTHETIC DATA — PIPELINE/CONSTRAINT VERIFICATION ONLY
8,AMD_r1_c1,AMD,Ahmedabad,98.65,128,False,SYNTHETIC DATA — PIPELINE/CONSTRAINT VERIFICATION ONLY
8,AMD_r1_c2,AMD,Ahmedabad,107.25,139,False,SYNTHETIC DATA — PIPELINE/CONSTRAINT VERIFICATION ONLY
8,AMD_r1_c3,AMD,Ahmedabad,111.72,145,False,SYNTHETIC DATA — PIPELINE/CONSTRAINT VERIFICATION ONLY
8,AMD_r1_c4,AMD,Ahmedabad,107.74,140,False,SYNTHETIC DATA — PIPELINE/CONSTRAINT VERIFICATION ONLY
8,AMD_r1_c5,AMD,Ahmedabad,102.47,133,False,SYNTHETIC DATA — PIPELINE/CONSTRAINT VERIFICATION ONLY
8,AMD_r1_c6,AMD,Ahmedabad,98.83,128,False,SYNTHETIC DATA — PIPELINE/CONSTRAINT VERIFICATION ONLY
8,AMD_r2_c0,AMD,Ahmedabad,97.02,126,False,SYNTHETIC DATA — PIPELINE/CONSTRAINT VERIFICATION ONLY
8,AMD_r2_c1,AMD,Ahmedabad,108.61,141,False,SYNTHETIC DATA — PIPELINE/CONSTRAINT VERIFICATION ONLY
8,AMD_r2_c2,AMD,Ahmedabad,114.87,149,False,SYNTHETIC DATA — PIPELINE/CONSTRAINT VERIFICATION ONLY
8,AMD_r2_c3,AMD,Ahmedabad,118.21,153,False,SYNTHETIC DATA — PIPELINE/CONSTRAINT VERIFICATION ONLY
8,AMD_r2_c4,AMD,Ahmedabad,114.65,149,False,SYNTHETIC DATA — PIPELINE/CONSTRAINT VERIFICATION ONLY
8,AMD_r2_c5,AMD,Ahmedabad,106.34,138,False,SYNTHETIC DATA — PIPELINE/CONSTRAINT VERIFICATION ONLY
8,AMD_r2_c6,AMD,Ahmedabad,99.12,128,False,SYNTHETIC DATA — PIPELINE/CONSTRAINT VERIFICATION ONLY
8,AMD_r3_c0,AMD,Ahmedabad,106.8,138,False,SYNTHETIC DATA — PIPELINE/CONSTRAINT VERIFICATION ONLY
8,AMD_r3_c1,AMD,Ahmedabad,108.1,140,False,SYNTHETIC DATA — PIPELINE/CONSTRAINT VERIFICATION ONLY
8,AMD_r3_c2,AMD,Ahmedabad,119.5,155,False,SYNTHETIC DATA — PIPELINE/CONSTRAINT VERIFICATION ONLY
8,AMD_r3_c3,AMD,Ahmedabad,131.06,170,True,SYNTHETIC DATA — PIPELINE/CONSTRAINT VERIFICATION ONLY
8,AMD_r3_c4,AMD,Ahmedabad,121.94,158,False,SYNTHETIC DATA — PIPELINE/CONSTRAINT VERIFICATION ONLY
8,AMD_r3_c5,AMD,Ahmedabad,111.04,144,False,SYNTHETIC DATA — PIPELINE/CONSTRAINT VERIFICATION ONLY
8,AMD_r3_c6,AMD,Ahmedabad,103.6,134,False,SYNTHETIC DATA — PIPELINE/CONSTRAINT VERIFICATION ONLY
8,AMD_r4_c0,AMD,Ahmedabad,90.77,118,False,SYNTHETIC DATA — PIPELINE/CONSTRAINT VERIFICATION ONLY
8,AMD_r4_c1,AMD,Ahmedabad,100.61,130,False,SYNTHETIC DATA — PIPELINE/CONSTRAINT VERIFICATION ONLY
8,AMD_r4_c2,AMD,Ahmedabad,114.91,149,False,SYNTHETIC DATA — PIPELINE/CONSTRAINT VERIFICATION ONLY
8,AMD_r4_c3,AMD,Ahmedabad,124.04,161,False,SYNTHETIC DATA — PIPELINE/CONSTRAINT VERIFICATION ONLY
8,AMD_r4_c4,AMD,Ahmedabad,111.7,145,False,SYNTHETIC DATA — PIPELINE/CONSTRAINT VERIFICATION ONLY
8,AMD_r4_c5,AMD,Ahmedabad,98.75,128,False,SYNTHETIC DATA — PIPELINE/CONSTRAINT VERIFICATION ONLY
8,AMD_r4_c6,AMD,Ahmedabad,99.76,129,False,SYNTHETIC DATA — PIPELINE/CONSTRAINT VERIFICATION ONLY
8,AMD_r5_c0,AMD,Ahmedabad,94.12,122,False,SYNTHETIC DATA — PIPELINE/CONSTRAINT VERIFICATION ONLY
8,AMD_r5_c1,AMD,Ahmedabad,98.28,127,False,SYNTHETIC DATA — PIPELINE/CONSTRAINT VERIFICATION ONLY
8,AMD_r5_c2,AMD,Ahmedabad,104.81,136,False,SYNTHETIC DATA — PIPELINE/CONSTRAINT VERIFICATION ONLY
8,AMD_r5_c3,AMD,Ahmedabad,107.34,139,False,SYNTHETIC DATA — PIPELINE/CONSTRAINT VERIFICATION ONLY
8,AMD_r5_c4,AMD,Ahmedabad,108.1,140,False,SYNTHETIC DATA — PIPELINE/CONSTRAINT VERIFICATION ONLY
8,AMD_r5_c5,AMD,Ahmedabad,99.67,129,False,SYNTHETIC DATA — PIPELINE/CONSTRAINT VERIFICATION ONLY
8,AMD_r5_c6,AMD,Ahmedabad,94.87,123,False,SYNTHETIC DATA — PIPELINE/CONSTRAINT VERIFICATION ONLY
8,AMD_r6_c0,AMD,Ahmedabad,78.14,101,False,SYNTHETIC DATA — PIPELINE/CONSTRAINT VERIFICATION ONLY
8,AMD_r6_c1,AMD,Ahmedabad,90.82,118,False,SYNTHETIC DATA — PIPELINE/CONSTRAINT VERIFICATION ONLY
8,AMD_r6_c2,AMD,Ahmedabad,94.67,123,False,SYNTHETIC DATA — PIPELINE/CONSTRAINT VERIFICATION ONLY
8,AMD_r6_c3,AMD,Ahmedabad,98.98,128,False,SYNTHETIC DATA — PIPELINE/CONSTRAINT VERIFICATION ONLY
8,AMD_r6_c4,AMD,Ahmedabad,96.43,125,False,SYNTHETIC DATA — PIPELINE/CONSTRAINT VERIFICATION ONLY
8,AMD_r6_c5,AMD,Ahmedabad,95.79,124,False,SYNTHETIC DATA — PIPELINE/CONSTRAINT VERIFICATION ONLY
8,AMD_r6_c6,AMD,Ahmedabad,81.12,105,False,SYNTHETIC DATA — PIPELINE/CONSTRAINT VERIFICATION ONLY
8,CCU_r0_c0,CCU,Kolkata,107.48,139,False,SYNTHETIC DATA — PIPELINE/CONSTRAINT VERIFICATION ONLY
8,CCU_r0_c1,CCU,Kolkata,117.3,152,False,SYNTHETIC DATA — PIPELINE/CONSTRAINT VERIFICATION ONLY
8,CCU_r0_c2,CCU,Kolkata,126.96,165,False,SYNTHETIC DATA — PIPELINE/CONSTRAINT VERIFICATION ONLY
8,CCU_r0_c3,CCU,Kolkata,122.05,158,False,SYNTHETIC DATA — PIPELINE/CONSTRAINT VERIFICATION ONLY
8,CCU_r0_c4,CCU,Kolkata,122.36,159,False,SYNTHETIC DATA — PIPELINE/CONSTRAINT VERIFICATION ONLY
8,CCU_r0_c5,CCU,Kolkata,110.22,143,False,SYNTHETIC DATA — PIPELINE/CONSTRAINT VERIFICATION ONLY
8,CCU_r0_c6,CCU,Kolkata,100.17,130,False,SYNTHETIC DATA — PIPELINE/CONSTRAINT VERIFICATION ONLY
8,CCU_r1_c0,CCU,Kolkata,118.16,153,False,SYNTHETIC DATA — PIPELINE/CONSTRAINT VERIFICATION ONLY
8,CCU_r1_c1,CCU,Kolkata,125.71,163,False,SYNTHETIC DATA — PIPELINE/CONSTRAINT VERIFICATION ONLY
8,CCU_r1_c2,CCU,Kolkata,136.97,178,False,SYNTHETIC DATA — PIPELINE/CONSTRAINT VERIFICATION ONLY
8,CCU_r1_c3,CCU,Kolkata,132.38,172,False,SYNTHETIC DATA — PIPELINE/CONSTRAINT VERIFICATION ONLY
8,CCU_r1_c4,CCU,Kolkata,134.99,175,False,SYNTHETIC DATA — PIPELINE/CONSTRAINT VERIFICATION ONLY
8,CCU_r1_c5,CCU,Kolkata,131.34,170,False,SYNTHETIC DATA — PIPELINE/CONSTRAINT VERIFICATION ONLY
8,CCU_r1_c6,CCU,Kolkata,116.89,151,False,SYNTHETIC DATA — PIPELINE/CONSTRAINT VERIFICATION ONLY
8,CCU_r2_c0,CCU,Kolkata,122.22,158,False,SYNTHETIC DATA — PIPELINE/CONSTRAINT VERIFICATION ONLY
8,CCU_r2_c1,CCU,Kolkata,133.46,173,False,SYNTHETIC DATA — PIPELINE/CONSTRAINT VERIFICATION ONLY
8,CCU_r2_c2,CCU,Kolkata,139.4,181,False,SYNTHETIC DATA — PIPELINE/CONSTRAINT VERIFICATION ONLY
8,CCU_r2_c3,CCU,Kolkata,153.57,199,False,SYNTHETIC DATA — PIPELINE/CONSTRAINT VERIFICATION ONLY
8,CCU_r2_c4,CCU,Kolkata,142.28,184,False,SYNTHETIC DATA — PIPELINE/CONSTRAINT VERIFICATION ONLY
8,CCU_r2_c5,CCU,Kolkata,134.94,175,False,SYNTHETIC DATA — PIPELINE/CONSTRAINT VERIFICATION ONLY
8,CCU_r2_c6,CCU,Kolkata,116.7,151,False,SYNTHETIC DATA — PIPELINE/CONSTRAINT VERIFICATION ONLY
8,CCU_r3_c0,CCU,Kolkata,119.96,155,False,SYNTHETIC DATA — PIPELINE/CONSTRAINT VERIFICATION ONLY
8,CCU_r3_c1,CCU,Kolkata,140.81,183,False,SYNTHETIC DATA — PIPELINE/CONSTRAINT VERIFICATION ONLY
8,CCU_r3_c2,CCU,Kolkata,148.46,192,False,SYNTHETIC DATA — PIPELINE/CONSTRAINT VERIFICATION ONLY
8,CCU_r3_c3,CCU,Kolkata,166.86,216,True,SYNTHETIC DATA — PIPELINE/CONSTRAINT VERIFICATION ONLY
8,CCU_r3_c4,CCU,Kolkata,149.27,194,False,SYNTHETIC DATA — PIPELINE/CONSTRAINT VERIFICATION ONLY
8,CCU_r3_c5,CCU,Kolkata,130.97,170,False,SYNTHETIC DATA — PIPELINE/CONSTRAINT VERIFICATION ONLY
8,CCU_r3_c6,CCU,Kolkata,126.18,164,False,SYNTHETIC DATA — PIPELINE/CONSTRAINT VERIFICATION ONLY
8,CCU_r4_c0,CCU,Kolkata,119.62,155,False,SYNTHETIC DATA — PIPELINE/CONSTRAINT VERIFICATION ONLY
8,CCU_r4_c1,CCU,Kolkata,135.53,176,False,SYNTHETIC DATA — PIPELINE/CONSTRAINT VERIFICATION ONLY
8,CCU_r4_c2,CCU,Kolkata,144.19,187,False,SYNTHETIC DATA — PIPELINE/CONSTRAINT VERIFICATION ONLY
8,CCU_r4_c3,CCU,Kolkata,144.87,188,False,SYNTHETIC DATA — PIPELINE/CONSTRAINT VERIFICATION ONLY
8,CCU_r4_c4,CCU,Kolkata,144.61,187,False,SYNTHETIC DATA — PIPELINE/CONSTRAINT VERIFICATION ONLY
8,CCU_r4_c5,CCU,Kolkata,140.02,182,False,SYNTHETIC DATA — PIPELINE/CONSTRAINT VERIFICATION ONLY
8,CCU_r4_c6,CCU,Kolkata,122.87,159,False,SYNTHETIC DATA — PIPELINE/CONSTRAINT VERIFICATION ONLY
8,CCU_r5_c0,CCU,Kolkata,115.46,150,False,SYNTHETIC DATA — PIPELINE/CONSTRAINT VERIFICATION ONLY
8,CCU_r5_c1,CCU,Kolkata,128.96,167,False,SYNTHETIC DATA — PIPELINE/CONSTRAINT VERIFICATION ONLY
8,CCU_r5_c2,CCU,Kolkata,134.06,174,False,SYNTHETIC DATA — PIPELINE/CONSTRAINT VERIFICATION ONLY
8,CCU_r5_c3,CCU,Kolkata,137.13,178,False,SYNTHETIC DATA — PIPELINE/CONSTRAINT VERIFICATION ONLY
8,CCU_r5_c4,CCU,Kolkata,130.16,169,False,SYNTHETIC DATA — PIPELINE/CONSTRAINT VERIFICATION ONLY
8,CCU_r5_c5,CCU,Kolkata,126.43,164,False,SYNTHETIC DATA — PIPELINE/CONSTRAINT VERIFICATION ONLY
8,CCU_r5_c6,CCU,Kolkata,118.73,154,False,SYNTHETIC DATA — PIPELINE/CONSTRAINT VERIFICATION ONLY
8,CCU_r6_c0,CCU,Kolkata,104.84,136,False,SYNTHETIC DATA — PIPELINE/CONSTRAINT VERIFICATION ONLY
8,CCU_r6_c1,CCU,Kolkata,119.9,155,False,SYNTHETIC DATA — PIPELINE/CONSTRAINT VERIFICATION ONLY
8,CCU_r6_c2,CCU,Kolkata,121.12,157,False,SYNTHETIC DATA — PIPELINE/CONSTRAINT VERIFICATION ONLY
8,CCU_r6_c3,CCU,Kolkata,120.84,157,False,SYNTHETIC DATA — PIPELINE/CONSTRAINT VERIFICATION ONLY
8,CCU_r6_c4,CCU,Kolkata,124.38,161,False,SYNTHETIC DATA — PIPELINE/CONSTRAINT VERIFICATION ONLY
8,CCU_r6_c5,CCU,Kolkata,114.77,149,False,SYNTHETIC DATA — PIPELINE/CONSTRAINT VERIFICATION ONLY
8,CCU_r6_c6,CCU,Kolkata,109.62,142,False,SYNTHETIC DATA — PIPELINE/CONSTRAINT VERIFICATION ONLY
8,HYD_r0_c0,HYD,Hyderabad,61.05,79,False,SYNTHETIC DATA — PIPELINE/CONSTRAINT VERIFICATION ONLY
8,HYD_r0_c1,HYD,Hyderabad,66.53,86,False,SYNTHETIC DATA — PIPELINE/CONSTRAINT VERIFICATION ONLY
8,HYD_r0_c2,HYD,Hyderabad,71.51,92,False,SYNTHETIC DATA — PIPELINE/CONSTRAINT VERIFICATION ONLY
8,HYD_r0_c3,HYD,Hyderabad,72.12,93,False,SYNTHETIC DATA — PIPELINE/CONSTRAINT VERIFICATION ONLY
8,HYD_r0_c4,HYD,Hyderabad,64.05,83,False,SYNTHETIC DATA — PIPELINE/CONSTRAINT VERIFICATION ONLY
8,HYD_r0_c5,HYD,Hyderabad,63.34,82,False,SYNTHETIC DATA — PIPELINE/CONSTRAINT VERIFICATION ONLY
8,HYD_r0_c6,HYD,Hyderabad,64.72,84,False,SYNTHETIC DATA — PIPELINE/CONSTRAINT VERIFICATION ONLY
8,HYD_r1_c0,HYD,Hyderabad,66.31,86,False,SYNTHETIC DATA — PIPELINE/CONSTRAINT VERIFICATION ONLY
8,HYD_r1_c1,HYD,Hyderabad,70.97,92,False,SYNTHETIC DATA — PIPELINE/CONSTRAINT VERIFICATION ONLY
8,HYD_r1_c2,HYD,Hyderabad,72.9,94,False,SYNTHETIC DATA — PIPELINE/CONSTRAINT VERIFICATION ONLY
8,HYD_r1_c3,HYD,Hyderabad,75.51,98,False,SYNTHETIC DATA — PIPELINE/CONSTRAINT VERIFICATION ONLY
8,HYD_r1_c4,HYD,Hyderabad,70.91,92,False,SYNTHETIC DATA — PIPELINE/CONSTRAINT VERIFICATION ONLY
8,HYD_r1_c5,HYD,Hyderabad,72.23,93,False,SYNTHETIC DATA — PIPELINE/CONSTRAINT VERIFICATION ONLY
8,HYD_r1_c6,HYD,Hyderabad,64.91,84,False,SYNTHETIC DATA — PIPELINE/CONSTRAINT VERIFICATION ONLY
8,HYD_r2_c0,HYD,Hyderabad,67.13,87,False,SYNTHETIC DATA — PIPELINE/CONSTRAINT VERIFICATION ONLY
8,HYD_r2_c1,HYD,Hyderabad,76.78,99,False,SYNTHETIC DATA — PIPELINE/CONSTRAINT VERIFICATION ONLY
8,HYD_r2_c2,HYD,Hyderabad,84.24,109,False,SYNTHETIC DATA — PIPELINE/CONSTRAINT VERIFICATION ONLY
8,HYD_r2_c3,HYD,Hyderabad,92.53,120,False,SYNTHETIC DATA — PIPELINE/CONSTRAINT VERIFICATION ONLY
8,HYD_r2_c4,HYD,Hyderabad,78.61,102,False,SYNTHETIC DATA — PIPELINE/CONSTRAINT VERIFICATION ONLY
8,HYD_r2_c5,HYD,Hyderabad,80.46,104,False,SYNTHETIC DATA — PIPELINE/CONSTRAINT VERIFICATION ONLY
8,HYD_r2_c6,HYD,Hyderabad,72.95,94,False,SYNTHETIC DATA — PIPELINE/CONSTRAINT VERIFICATION ONLY
8,HYD_r3_c0,HYD,Hyderabad,68.91,89,False,SYNTHETIC DATA — PIPELINE/CONSTRAINT VERIFICATION ONLY
8,HYD_r3_c1,HYD,Hyderabad,79.36,103,False,SYNTHETIC DATA — PIPELINE/CONSTRAINT VERIFICATION ONLY
8,HYD_r3_c2,HYD,Hyderabad,84.88,110,False,SYNTHETIC DATA — PIPELINE/CONSTRAINT VERIFICATION ONLY
8,HYD_r3_c3,HYD,Hyderabad,94.31,122,True,SYNTHETIC DATA — PIPELINE/CONSTRAINT VERIFICATION ONLY
8,HYD_r3_c4,HYD,Hyderabad,90.78,118,False,SYNTHETIC DATA — PIPELINE/CONSTRAINT VERIFICATION ONLY
8,HYD_r3_c5,HYD,Hyderabad,80.57,104,False,SYNTHETIC DATA — PIPELINE/CONSTRAINT VERIFICATION ONLY
8,HYD_r3_c6,HYD,Hyderabad,72.78,94,False,SYNTHETIC DATA — PIPELINE/CONSTRAINT VERIFICATION ONLY
8,HYD_r4_c0,HYD,Hyderabad,68.74,89,False,SYNTHETIC DATA — PIPELINE/CONSTRAINT VERIFICATION ONLY
8,HYD_r4_c1,HYD,Hyderabad,72.53,94,False,SYNTHETIC DATA — PIPELINE/CONSTRAINT VERIFICATION ONLY
8,HYD_r4_c2,HYD,Hyderabad,82.52,107,False,SYNTHETIC DATA — PIPELINE/CONSTRAINT VERIFICATION ONLY
8,HYD_r4_c3,HYD,Hyderabad,89.87,116,False,SYNTHETIC DATA — PIPELINE/CONSTRAINT VERIFICATION ONLY
8,HYD_r4_c4,HYD,Hyderabad,78.56,102,False,SYNTHETIC DATA — PIPELINE/CONSTRAINT VERIFICATION ONLY
8,HYD_r4_c5,HYD,Hyderabad,73.81,95,False,SYNTHETIC DATA — PIPELINE/CONSTRAINT VERIFICATION ONLY
8,HYD_r4_c6,HYD,Hyderabad,70.41,91,False,SYNTHETIC DATA — PIPELINE/CONSTRAINT VERIFICATION ONLY
8,HYD_r5_c0,HYD,Hyderabad,63.75,82,False,SYNTHETIC DATA — PIPELINE/CONSTRAINT VERIFICATION ONLY
8,HYD_r5_c1,HYD,Hyderabad,70.16,91,False,SYNTHETIC DATA — PIPELINE/CONSTRAINT VERIFICATION ONLY
8,HYD_r5_c2,HYD,Hyderabad,75.71,98,False,SYNTHETIC DATA — PIPELINE/CONSTRAINT VERIFICATION ONLY
8,HYD_r5_c3,HYD,Hyderabad,74.65,97,False,SYNTHETIC DATA — PIPELINE/CONSTRAINT VERIFICATION ONLY
8,HYD_r5_c4,HYD,Hyderabad,74.06,96,False,SYNTHETIC DATA — PIPELINE/CONSTRAINT VERIFICATION ONLY
8,HYD_r5_c5,HYD,Hyderabad,74.65,97,False,SYNTHETIC DATA — PIPELINE/CONSTRAINT VERIFICATION ONLY
8,HYD_r5_c6,HYD,Hyderabad,62.79,81,False,SYNTHETIC DATA — PIPELINE/CONSTRAINT VERIFICATION ONLY
8,HYD_r6_c0,HYD,Hyderabad,57.14,74,False,SYNTHETIC DATA — PIPELINE/CONSTRAINT VERIFICATION ONLY
8,HYD_r6_c1,HYD,Hyderabad,64.82,84,False,SYNTHETIC DATA — PIPELINE/CONSTRAINT VERIFICATION ONLY
8,HYD_r6_c2,HYD,Hyderabad,72.23,93,False,SYNTHETIC DATA — PIPELINE/CONSTRAINT VERIFICATION ONLY
8,HYD_r6_c3,HYD,Hyderabad,70.66,91,False,SYNTHETIC DATA — PIPELINE/CONSTRAINT VERIFICATION ONLY
8,HYD_r6_c4,HYD,Hyderabad,68.64,89,False,SYNTHETIC DATA — PIPELINE/CONSTRAINT VERIFICATION ONLY
8,HYD_r6_c5,HYD,Hyderabad,66.84,86,False,SYNTHETIC DATA — PIPELINE/CONSTRAINT VERIFICATION ONLY
8,HYD_r6_c6,HYD,Hyderabad,56.69,73,False,SYNTHETIC DATA — PIPELINE/CONSTRAINT VERIFICATION ONLY
8,BLR_r0_c0,BLR,Bengaluru,38.64,50,False,SYNTHETIC DATA — PIPELINE/CONSTRAINT VERIFICATION ONLY
8,BLR_r0_c1,BLR,Bengaluru,41.18,53,False,SYNTHETIC DATA — PIPELINE/CONSTRAINT VERIFICATION ONLY
8,BLR_r0_c2,BLR,Bengaluru,40.79,53,False,SYNTHETIC DATA — PIPELINE/CONSTRAINT VERIFICATION ONLY
8,BLR_r0_c3,BLR,Bengaluru,45.77,59,False,SYNTHETIC DATA — PIPELINE/CONSTRAINT VERIFICATION ONLY
8,BLR_r0_c4,BLR,Bengaluru,38.64,50,False,SYNTHETIC DATA — PIPELINE/CONSTRAINT VERIFICATION ONLY
8,BLR_r0_c5,BLR,Bengaluru,43.41,56,False,SYNTHETIC DATA — PIPELINE/CONSTRAINT VERIFICATION ONLY
8,BLR_r0_c6,BLR,Bengaluru,37.62,48,False,SYNTHETIC DATA — PIPELINE/CONSTRAINT VERIFICATION ONLY
8,BLR_r1_c0,BLR,Bengaluru,39.02,50,False,SYNTHETIC DATA — PIPELINE/CONSTRAINT VERIFICATION ONLY
8,BLR_r1_c1,BLR,Bengaluru,43.46,56,False,SYNTHETIC DATA — PIPELINE/CONSTRAINT VERIFICATION ONLY
8,BLR_r1_c2,BLR,Bengaluru,45.87,59,False,SYNTHETIC DATA — PIPELINE/CONSTRAINT VERIFICATION ONLY
8,BLR_r1_c3,BLR,Bengaluru,50.91,66,False,SYNTHETIC DATA — PIPELINE/CONSTRAINT VERIFICATION ONLY
8,BLR_r1_c4,BLR,Bengaluru,42.96,55,False,SYNTHETIC DATA — PIPELINE/CONSTRAINT VERIFICATION ONLY
8,BLR_r1_c5,BLR,Bengaluru,41.23,53,False,SYNTHETIC DATA — PIPELINE/CONSTRAINT VERIFICATION ONLY
8,BLR_r1_c6,BLR,Bengaluru,43.13,56,False,SYNTHETIC DATA — PIPELINE/CONSTRAINT VERIFICATION ONLY
8,BLR_r2_c0,BLR,Bengaluru,40.23,52,False,SYNTHETIC DATA — PIPELINE/CONSTRAINT VERIFICATION ONLY
8,BLR_r2_c1,BLR,Bengaluru,48.89,63,False,SYNTHETIC DATA — PIPELINE/CONSTRAINT VERIFICATION ONLY
8,BLR_r2_c2,BLR,Bengaluru,54.98,71,False,SYNTHETIC DATA — PIPELINE/CONSTRAINT VERIFICATION ONLY
8,BLR_r2_c3,BLR,Bengaluru,50.54,65,False,SYNTHETIC DATA — PIPELINE/CONSTRAINT VERIFICATION ONLY
8,BLR_r2_c4,BLR,Bengaluru,51.93,67,False,SYNTHETIC DATA — PIPELINE/CONSTRAINT VERIFICATION ONLY
8,BLR_r2_c5,BLR,Bengaluru,42.73,55,False,SYNTHETIC DATA — PIPELINE/CONSTRAINT VERIFICATION ONLY
8,BLR_r2_c6,BLR,Bengaluru,44.28,57,False,SYNTHETIC DATA — PIPELINE/CONSTRAINT VERIFICATION ONLY
8,BLR_r3_c0,BLR,Bengaluru,43.35,56,False,SYNTHETIC DATA — PIPELINE/CONSTRAINT VERIFICATION ONLY
8,BLR_r3_c1,BLR,Bengaluru,48.67,63,False,SYNTHETIC DATA — PIPELINE/CONSTRAINT VERIFICATION ONLY
8,BLR_r3_c2,BLR,Bengaluru,49.81,64,False,SYNTHETIC DATA — PIPELINE/CONSTRAINT VERIFICATION ONLY
8,BLR_r3_c3,BLR,Bengaluru,51.27,66,True,SYNTHETIC DATA — PIPELINE/CONSTRAINT VERIFICATION ONLY
8,BLR_r3_c4,BLR,Bengaluru,53.26,69,False,SYNTHETIC DATA — PIPELINE/CONSTRAINT VERIFICATION ONLY
8,BLR_r3_c5,BLR,Bengaluru,41.06,53,False,SYNTHETIC DATA — PIPELINE/CONSTRAINT VERIFICATION ONLY
8,BLR_r3_c6,BLR,Bengaluru,41.8,54,False,SYNTHETIC DATA — PIPELINE/CONSTRAINT VERIFICATION ONLY
8,BLR_r4_c0,BLR,Bengaluru,44.84,58,False,SYNTHETIC DATA — PIPELINE/CONSTRAINT VERIFICATION ONLY
8,BLR_r4_c1,BLR,Bengaluru,46.76,60,False,SYNTHETIC DATA — PIPELINE/CONSTRAINT VERIFICATION ONLY
8,BLR_r4_c2,BLR,Bengaluru,55.73,72,False,SYNTHETIC DATA — PIPELINE/CONSTRAINT VERIFICATION ONLY
8,BLR_r4_c3,BLR,Bengaluru,54.83,71,False,SYNTHETIC DATA — PIPELINE/CONSTRAINT VERIFICATION ONLY
8,BLR_r4_c4,BLR,Bengaluru,47.92,62,False,SYNTHETIC DATA — PIPELINE/CONSTRAINT VERIFICATION ONLY
8,BLR_r4_c5,BLR,Bengaluru,46.27,60,False,SYNTHETIC DATA — PIPELINE/CONSTRAINT VERIFICATION ONLY
8,BLR_r4_c6,BLR,Bengaluru,41.88,54,False,SYNTHETIC DATA — PIPELINE/CONSTRAINT VERIFICATION ONLY
8,BLR_r5_c0,BLR,Bengaluru,35.28,45,False,SYNTHETIC DATA — PIPELINE/CONSTRAINT VERIFICATION ONLY
8,BLR_r5_c1,BLR,Bengaluru,40.7,52,False,SYNTHETIC DATA — PIPELINE/CONSTRAINT VERIFICATION ONLY
8,BLR_r5_c2,BLR,Bengaluru,44.51,57,False,SYNTHETIC DATA — PIPELINE/CONSTRAINT VERIFICATION ONLY
8,BLR_r5_c3,BLR,Bengaluru,41.14,53,False,SYNTHETIC DATA — PIPELINE/CONSTRAINT VERIFICATION ONLY
8,BLR_r5_c4,BLR,Bengaluru,46.33,60,False,SYNTHETIC DATA — PIPELINE/CONSTRAINT VERIFICATION ONLY
8,BLR_r5_c5,BLR,Bengaluru,42.77,55,False,SYNTHETIC DATA — PIPELINE/CONSTRAINT VERIFICATION ONLY
8,BLR_r5_c6,BLR,Bengaluru,35.01,45,False,SYNTHETIC DATA — PIPELINE/CONSTRAINT VERIFICATION ONLY
8,BLR_r6_c0,BLR,Bengaluru,38.37,49,False,SYNTHETIC DATA — PIPELINE/CONSTRAINT VERIFICATION ONLY
8,BLR_r6_c1,BLR,Bengaluru,42.17,54,False,SYNTHETIC DATA — PIPELINE/CONSTRAINT VERIFICATION ONLY
8,BLR_r6_c2,BLR,Bengaluru,42.7,55,False,SYNTHETIC DATA — PIPELINE/CONSTRAINT VERIFICATION ONLY
8,BLR_r6_c3,BLR,Bengaluru,41.78,54,False,SYNTHETIC DATA — PIPELINE/CONSTRAINT VERIFICATION ONLY
8,BLR_r6_c4,BLR,Bengaluru,43.79,56,False,SYNTHETIC DATA — PIPELINE/CONSTRAINT VERIFICATION ONLY
8,BLR_r6_c5,BLR,Bengaluru,42.07,54,False,SYNTHETIC DATA — PIPELINE/CONSTRAINT VERIFICATION ONLY
8,BLR_r6_c6,BLR,Bengaluru,38.08,49,False,SYNTHETIC DATA — PIPELINE/CONSTRAINT VERIFICATION ONLY
8,MAA_r0_c0,MAA,Chennai,42.94,55,False,SYNTHETIC DATA — PIPELINE/CONSTRAINT VERIFICATION ONLY
8,MAA_r0_c1,MAA,Chennai,49.75,64,False,SYNTHETIC DATA — PIPELINE/CONSTRAINT VERIFICATION ONLY
8,MAA_r0_c2,MAA,Chennai,54.94,71,False,SYNTHETIC DATA — PIPELINE/CONSTRAINT VERIFICATION ONLY
8,MAA_r0_c3,MAA,Chennai,50.46,65,False,SYNTHETIC DATA — PIPELINE/CONSTRAINT VERIFICATION ONLY
8,MAA_r0_c4,MAA,Chennai,57.65,74,False,SYNTHETIC DATA — PIPELINE/CONSTRAINT VERIFICATION ONLY
8,MAA_r0_c5,MAA,Chennai,47.34,61,False,SYNTHETIC DATA — PIPELINE/CONSTRAINT VERIFICATION ONLY
8,MAA_r0_c6,MAA,Chennai,45.51,59,False,SYNTHETIC DATA — PIPELINE/CONSTRAINT VERIFICATION ONLY
8,MAA_r1_c0,MAA,Chennai,46.9,60,False,SYNTHETIC DATA — PIPELINE/CONSTRAINT VERIFICATION ONLY
8,MAA_r1_c1,MAA,Chennai,53.86,70,False,SYNTHETIC DATA — PIPELINE/CONSTRAINT VERIFICATION ONLY
8,MAA_r1_c2,MAA,Chennai,51.22,66,False,SYNTHETIC DATA — PIPELINE/CONSTRAINT VERIFICATION ONLY
8,MAA_r1_c3,MAA,Chennai,56.11,72,False,SYNTHETIC DATA — PIPELINE/CONSTRAINT VERIFICATION ONLY
8,MAA_r1_c4,MAA,Chennai,53.18,69,False,SYNTHETIC DATA — PIPELINE/CONSTRAINT VERIFICATION ONLY
8,MAA_r1_c5,MAA,Chennai,53.6,69,False,SYNTHETIC DATA — PIPELINE/CONSTRAINT VERIFICATION ONLY
8,MAA_r1_c6,MAA,Chennai,51.9,67,False,SYNTHETIC DATA — PIPELINE/CONSTRAINT VERIFICATION ONLY
8,MAA_r2_c0,MAA,Chennai,53.3,69,False,SYNTHETIC DATA — PIPELINE/CONSTRAINT VERIFICATION ONLY
8,MAA_r2_c1,MAA,Chennai,49.34,64,False,SYNTHETIC DATA — PIPELINE/CONSTRAINT VERIFICATION ONLY
8,MAA_r2_c2,MAA,Chennai,67.1,87,False,SYNTHETIC DATA — PIPELINE/CONSTRAINT VERIFICATION ONLY
8,MAA_r2_c3,MAA,Chennai,64.14,83,False,SYNTHETIC DATA — PIPELINE/CONSTRAINT VERIFICATION ONLY
8,MAA_r2_c4,MAA,Chennai,58.64,76,False,SYNTHETIC DATA — PIPELINE/CONSTRAINT VERIFICATION ONLY
8,MAA_r2_c5,MAA,Chennai,56.92,73,False,SYNTHETIC DATA — PIPELINE/CONSTRAINT VERIFICATION ONLY
8,MAA_r2_c6,MAA,Chennai,51.89,67,False,SYNTHETIC DATA — PIPELINE/CONSTRAINT VERIFICATION ONLY
8,MAA_r3_c0,MAA,Chennai,50.25,65,False,SYNTHETIC DATA — PIPELINE/CONSTRAINT VERIFICATION ONLY
8,MAA_r3_c1,MAA,Chennai,58.34,75,False,SYNTHETIC DATA — PIPELINE/CONSTRAINT VERIFICATION ONLY
8,MAA_r3_c2,MAA,Chennai,61.43,79,False,SYNTHETIC DATA — PIPELINE/CONSTRAINT VERIFICATION ONLY
8,MAA_r3_c3,MAA,Chennai,67.54,87,True,SYNTHETIC DATA — PIPELINE/CONSTRAINT VERIFICATION ONLY
8,MAA_r3_c4,MAA,Chennai,61.19,79,False,SYNTHETIC DATA — PIPELINE/CONSTRAINT VERIFICATION ONLY
8,MAA_r3_c5,MAA,Chennai,53.45,69,False,SYNTHETIC DATA — PIPELINE/CONSTRAINT VERIFICATION ONLY
8,MAA_r3_c6,MAA,Chennai,52.69,68,False,SYNTHETIC DATA — PIPELINE/CONSTRAINT VERIFICATION ONLY
8,MAA_r4_c0,MAA,Chennai,53.11,69,False,SYNTHETIC DATA — PIPELINE/CONSTRAINT VERIFICATION ONLY
8,MAA_r4_c1,MAA,Chennai,58.0,75,False,SYNTHETIC DATA — PIPELINE/CONSTRAINT VERIFICATION ONLY
8,MAA_r4_c2,MAA,Chennai,63.43,82,False,SYNTHETIC DATA — PIPELINE/CONSTRAINT VERIFICATION ONLY
8,MAA_r4_c3,MAA,Chennai,64.22,83,False,SYNTHETIC DATA — PIPELINE/CONSTRAINT VERIFICATION ONLY
8,MAA_r4_c4,MAA,Chennai,59.37,77,False,SYNTHETIC DATA — PIPELINE/CONSTRAINT VERIFICATION ONLY
8,MAA_r4_c5,MAA,Chennai,58.97,76,False,SYNTHETIC DATA — PIPELINE/CONSTRAINT VERIFICATION ONLY
8,MAA_r4_c6,MAA,Chennai,47.28,61,False,SYNTHETIC DATA — PIPELINE/CONSTRAINT VERIFICATION ONLY
8,MAA_r5_c0,MAA,Chennai,46.22,60,False,SYNTHETIC DATA — PIPELINE/CONSTRAINT VERIFICATION ONLY
8,MAA_r5_c1,MAA,Chennai,50.3,65,False,SYNTHETIC DATA — PIPELINE/CONSTRAINT VERIFICATION ONLY
8,MAA_r5_c2,MAA,Chennai,59.69,77,False,SYNTHETIC DATA — PIPELINE/CONSTRAINT VERIFICATION ONLY
8,MAA_r5_c3,MAA,Chennai,60.58,78,False,SYNTHETIC DATA — PIPELINE/CONSTRAINT VERIFICATION ONLY
8,MAA_r5_c4,MAA,Chennai,57.91,75,False,SYNTHETIC DATA — PIPELINE/CONSTRAINT VERIFICATION ONLY
8,MAA_r5_c5,MAA,Chennai,56.41,73,False,SYNTHETIC DATA — PIPELINE/CONSTRAINT VERIFICATION ONLY
8,MAA_r5_c6,MAA,Chennai,46.28,60,False,SYNTHETIC DATA — PIPELINE/CONSTRAINT VERIFICATION ONLY
8,MAA_r6_c0,MAA,Chennai,46.46,60,False,SYNTHETIC DATA — PIPELINE/CONSTRAINT VERIFICATION ONLY
8,MAA_r6_c1,MAA,Chennai,48.54,63,False,SYNTHETIC DATA — PIPELINE/CONSTRAINT VERIFICATION ONLY
8,MAA_r6_c2,MAA,Chennai,53.9,70,False,SYNTHETIC DATA — PIPELINE/CONSTRAINT VERIFICATION ONLY
8,MAA_r6_c3,MAA,Chennai,51.9,67,False,SYNTHETIC DATA — PIPELINE/CONSTRAINT VERIFICATION ONLY
8,MAA_r6_c4,MAA,Chennai,50.2,65,False,SYNTHETIC DATA — PIPELINE/CONSTRAINT VERIFICATION ONLY
8,MAA_r6_c5,MAA,Chennai,50.54,65,False,SYNTHETIC DATA — PIPELINE/CONSTRAINT VERIFICATION ONLY
8,MAA_r6_c6,MAA,Chennai,48.04,62,False,SYNTHETIC DATA — PIPELINE/CONSTRAINT VERIFICATION ONLY
9,DEL_r0_c0,DEL,Delhi,145.61,189,False,SYNTHETIC DATA — PIPELINE/CONSTRAINT VERIFICATION ONLY
9,DEL_r0_c1,DEL,Delhi,158.83,206,False,SYNTHETIC DATA — PIPELINE/CONSTRAINT VERIFICATION ONLY
9,DEL_r0_c2,DEL,Delhi,163.76,212,False,SYNTHETIC DATA — PIPELINE/CONSTRAINT VERIFICATION ONLY
9,DEL_r0_c3,DEL,Delhi,162.34,211,False,SYNTHETIC DATA — PIPELINE/CONSTRAINT VERIFICATION ONLY
9,DEL_r0_c4,DEL,Delhi,167.53,217,False,SYNTHETIC DATA — PIPELINE/CONSTRAINT VERIFICATION ONLY
9,DEL_r0_c5,DEL,Delhi,160.84,209,False,SYNTHETIC DATA — PIPELINE/CONSTRAINT VERIFICATION ONLY
9,DEL_r0_c6,DEL,Delhi,148.41,192,False,SYNTHETIC DATA — PIPELINE/CONSTRAINT VERIFICATION ONLY
9,DEL_r1_c0,DEL,Delhi,153.16,199,False,SYNTHETIC DATA — PIPELINE/CONSTRAINT VERIFICATION ONLY
9,DEL_r1_c1,DEL,Delhi,171.85,223,False,SYNTHETIC DATA — PIPELINE/CONSTRAINT VERIFICATION ONLY
9,DEL_r1_c2,DEL,Delhi,176.84,229,False,SYNTHETIC DATA — PIPELINE/CONSTRAINT VERIFICATION ONLY
9,DEL_r1_c3,DEL,Delhi,191.82,249,False,SYNTHETIC DATA — PIPELINE/CONSTRAINT VERIFICATION ONLY
9,DEL_r1_c4,DEL,Delhi,180.23,234,False,SYNTHETIC DATA — PIPELINE/CONSTRAINT VERIFICATION ONLY
9,DEL_r1_c5,DEL,Delhi,176.67,229,False,SYNTHETIC DATA — PIPELINE/CONSTRAINT VERIFICATION ONLY
9,DEL_r1_c6,DEL,Delhi,161.85,210,False,SYNTHETIC DATA — PIPELINE/CONSTRAINT VERIFICATION ONLY
9,DEL_r2_c0,DEL,Delhi,164.23,213,False,SYNTHETIC DATA — PIPELINE/CONSTRAINT VERIFICATION ONLY
9,DEL_r2_c1,DEL,Delhi,180.09,234,False,SYNTHETIC DATA — PIPELINE/CONSTRAINT VERIFICATION ONLY
9,DEL_r2_c2,DEL,Delhi,199.24,259,False,SYNTHETIC DATA — PIPELINE/CONSTRAINT VERIFICATION ONLY
9,DEL_r2_c3,DEL,Delhi,203.06,263,False,SYNTHETIC DATA — PIPELINE/CONSTRAINT VERIFICATION ONLY
9,DEL_r2_c4,DEL,Delhi,198.49,258,False,SYNTHETIC DATA — PIPELINE/CONSTRAINT VERIFICATION ONLY
9,DEL_r2_c5,DEL,Delhi,182.04,236,False,SYNTHETIC DATA — PIPELINE/CONSTRAINT VERIFICATION ONLY
9,DEL_r2_c6,DEL,Delhi,161.59,210,False,SYNTHETIC DATA — PIPELINE/CONSTRAINT VERIFICATION ONLY
9,DEL_r3_c0,DEL,Delhi,163.14,212,False,SYNTHETIC DATA — PIPELINE/CONSTRAINT VERIFICATION ONLY
9,DEL_r3_c1,DEL,Delhi,188.39,244,False,SYNTHETIC DATA — PIPELINE/CONSTRAINT VERIFICATION ONLY
9,DEL_r3_c2,DEL,Delhi,203.9,265,False,SYNTHETIC DATA — PIPELINE/CONSTRAINT VERIFICATION ONLY
9,DEL_r3_c3,DEL,Delhi,221.81,288,True,SYNTHETIC DATA — PIPELINE/CONSTRAINT VERIFICATION ONLY
9,DEL_r3_c4,DEL,Delhi,207.68,269,False,SYNTHETIC DATA — PIPELINE/CONSTRAINT VERIFICATION ONLY
9,DEL_r3_c5,DEL,Delhi,191.23,248,False,SYNTHETIC DATA — PIPELINE/CONSTRAINT VERIFICATION ONLY
9,DEL_r3_c6,DEL,Delhi,169.02,219,False,SYNTHETIC DATA — PIPELINE/CONSTRAINT VERIFICATION ONLY
9,DEL_r4_c0,DEL,Delhi,165.91,215,False,SYNTHETIC DATA — PIPELINE/CONSTRAINT VERIFICATION ONLY
9,DEL_r4_c1,DEL,Delhi,184.99,240,False,SYNTHETIC DATA — PIPELINE/CONSTRAINT VERIFICATION ONLY
9,DEL_r4_c2,DEL,Delhi,194.11,252,False,SYNTHETIC DATA — PIPELINE/CONSTRAINT VERIFICATION ONLY
9,DEL_r4_c3,DEL,Delhi,206.26,268,False,SYNTHETIC DATA — PIPELINE/CONSTRAINT VERIFICATION ONLY
9,DEL_r4_c4,DEL,Delhi,199.84,259,False,SYNTHETIC DATA — PIPELINE/CONSTRAINT VERIFICATION ONLY
9,DEL_r4_c5,DEL,Delhi,185.53,241,False,SYNTHETIC DATA — PIPELINE/CONSTRAINT VERIFICATION ONLY
9,DEL_r4_c6,DEL,Delhi,161.12,209,False,SYNTHETIC DATA — PIPELINE/CONSTRAINT VERIFICATION ONLY
9,DEL_r5_c0,DEL,Delhi,156.72,203,False,SYNTHETIC DATA — PIPELINE/CONSTRAINT VERIFICATION ONLY
9,DEL_r5_c1,DEL,Delhi,170.27,221,False,SYNTHETIC DATA — PIPELINE/CONSTRAINT VERIFICATION ONLY
9,DEL_r5_c2,DEL,Delhi,183.79,238,False,SYNTHETIC DATA — PIPELINE/CONSTRAINT VERIFICATION ONLY
9,DEL_r5_c3,DEL,Delhi,189.15,245,False,SYNTHETIC DATA — PIPELINE/CONSTRAINT VERIFICATION ONLY
9,DEL_r5_c4,DEL,Delhi,187.98,244,False,SYNTHETIC DATA — PIPELINE/CONSTRAINT VERIFICATION ONLY
9,DEL_r5_c5,DEL,Delhi,171.42,222,False,SYNTHETIC DATA — PIPELINE/CONSTRAINT VERIFICATION ONLY
9,DEL_r5_c6,DEL,Delhi,157.52,204,False,SYNTHETIC DATA — PIPELINE/CONSTRAINT VERIFICATION ONLY
9,DEL_r6_c0,DEL,Delhi,151.07,196,False,SYNTHETIC DATA — PIPELINE/CONSTRAINT VERIFICATION ONLY
9,DEL_r6_c1,DEL,Delhi,159.9,207,False,SYNTHETIC DATA — PIPELINE/CONSTRAINT VERIFICATION ONLY
9,DEL_r6_c2,DEL,Delhi,170.74,221,False,SYNTHETIC DATA — PIPELINE/CONSTRAINT VERIFICATION ONLY
9,DEL_r6_c3,DEL,Delhi,170.7,221,False,SYNTHETIC DATA — PIPELINE/CONSTRAINT VERIFICATION ONLY
9,DEL_r6_c4,DEL,Delhi,163.46,212,False,SYNTHETIC DATA — PIPELINE/CONSTRAINT VERIFICATION ONLY
9,DEL_r6_c5,DEL,Delhi,155.01,201,False,SYNTHETIC DATA — PIPELINE/CONSTRAINT VERIFICATION ONLY
9,DEL_r6_c6,DEL,Delhi,142.97,185,False,SYNTHETIC DATA — PIPELINE/CONSTRAINT VERIFICATION ONLY
9,BOM_r0_c0,BOM,Mumbai,75.8,98,False,SYNTHETIC DATA — PIPELINE/CONSTRAINT VERIFICATION ONLY
9,BOM_r0_c1,BOM,Mumbai,83.07,107,False,SYNTHETIC DATA — PIPELINE/CONSTRAINT VERIFICATION ONLY
9,BOM_r0_c2,BOM,Mumbai,89.01,115,False,SYNTHETIC DATA — PIPELINE/CONSTRAINT VERIFICATION ONLY
9,BOM_r0_c3,BOM,Mumbai,87.45,113,False,SYNTHETIC DATA — PIPELINE/CONSTRAINT VERIFICATION ONLY
9,BOM_r0_c4,BOM,Mumbai,86.96,113,False,SYNTHETIC DATA — PIPELINE/CONSTRAINT VERIFICATION ONLY
9,BOM_r0_c5,BOM,Mumbai,77.76,101,False,SYNTHETIC DATA — PIPELINE/CONSTRAINT VERIFICATION ONLY
9,BOM_r0_c6,BOM,Mumbai,70.34,91,False,SYNTHETIC DATA — PIPELINE/CONSTRAINT VERIFICATION ONLY
9,BOM_r1_c0,BOM,Mumbai,82.05,106,False,SYNTHETIC DATA — PIPELINE/CONSTRAINT VERIFICATION ONLY
9,BOM_r1_c1,BOM,Mumbai,87.7,114,False,SYNTHETIC DATA — PIPELINE/CONSTRAINT VERIFICATION ONLY
9,BOM_r1_c2,BOM,Mumbai,92.07,119,False,SYNTHETIC DATA — PIPELINE/CONSTRAINT VERIFICATION ONLY
9,BOM_r1_c3,BOM,Mumbai,95.02,123,False,SYNTHETIC DATA — PIPELINE/CONSTRAINT VERIFICATION ONLY
9,BOM_r1_c4,BOM,Mumbai,92.72,120,False,SYNTHETIC DATA — PIPELINE/CONSTRAINT VERIFICATION ONLY
9,BOM_r1_c5,BOM,Mumbai,90.3,117,False,SYNTHETIC DATA — PIPELINE/CONSTRAINT VERIFICATION ONLY
9,BOM_r1_c6,BOM,Mumbai,83.39,108,False,SYNTHETIC DATA — PIPELINE/CONSTRAINT VERIFICATION ONLY
9,BOM_r2_c0,BOM,Mumbai,85.1,110,False,SYNTHETIC DATA — PIPELINE/CONSTRAINT VERIFICATION ONLY
9,BOM_r2_c1,BOM,Mumbai,94.28,122,False,SYNTHETIC DATA — PIPELINE/CONSTRAINT VERIFICATION ONLY
9,BOM_r2_c2,BOM,Mumbai,100.63,130,False,SYNTHETIC DATA — PIPELINE/CONSTRAINT VERIFICATION ONLY
9,BOM_r2_c3,BOM,Mumbai,101.41,131,False,SYNTHETIC DATA — PIPELINE/CONSTRAINT VERIFICATION ONLY
9,BOM_r2_c4,BOM,Mumbai,101.36,131,False,SYNTHETIC DATA — PIPELINE/CONSTRAINT VERIFICATION ONLY
9,BOM_r2_c5,BOM,Mumbai,87.56,113,False,SYNTHETIC DATA — PIPELINE/CONSTRAINT VERIFICATION ONLY
9,BOM_r2_c6,BOM,Mumbai,86.63,112,False,SYNTHETIC DATA — PIPELINE/CONSTRAINT VERIFICATION ONLY
9,BOM_r3_c0,BOM,Mumbai,81.33,105,False,SYNTHETIC DATA — PIPELINE/CONSTRAINT VERIFICATION ONLY
9,BOM_r3_c1,BOM,Mumbai,94.71,123,False,SYNTHETIC DATA — PIPELINE/CONSTRAINT VERIFICATION ONLY
9,BOM_r3_c2,BOM,Mumbai,100.26,130,False,SYNTHETIC DATA — PIPELINE/CONSTRAINT VERIFICATION ONLY
9,BOM_r3_c3,BOM,Mumbai,113.39,147,True,SYNTHETIC DATA — PIPELINE/CONSTRAINT VERIFICATION ONLY
9,BOM_r3_c4,BOM,Mumbai,102.69,133,False,SYNTHETIC DATA — PIPELINE/CONSTRAINT VERIFICATION ONLY
9,BOM_r3_c5,BOM,Mumbai,89.07,115,False,SYNTHETIC DATA — PIPELINE/CONSTRAINT VERIFICATION ONLY
9,BOM_r3_c6,BOM,Mumbai,86.18,112,False,SYNTHETIC DATA — PIPELINE/CONSTRAINT VERIFICATION ONLY
9,BOM_r4_c0,BOM,Mumbai,81.73,106,False,SYNTHETIC DATA — PIPELINE/CONSTRAINT VERIFICATION ONLY
9,BOM_r4_c1,BOM,Mumbai,94.39,122,False,SYNTHETIC DATA — PIPELINE/CONSTRAINT VERIFICATION ONLY
9,BOM_r4_c2,BOM,Mumbai,99.1,128,False,SYNTHETIC DATA — PIPELINE/CONSTRAINT VERIFICATION ONLY
9,BOM_r4_c3,BOM,Mumbai,103.98,135,False,SYNTHETIC DATA — PIPELINE/CONSTRAINT VERIFICATION ONLY
9,BOM_r4_c4,BOM,Mumbai,96.22,125,False,SYNTHETIC DATA — PIPELINE/CONSTRAINT VERIFICATION ONLY
9,BOM_r4_c5,BOM,Mumbai,89.98,116,False,SYNTHETIC DATA — PIPELINE/CONSTRAINT VERIFICATION ONLY
9,BOM_r4_c6,BOM,Mumbai,82.09,106,False,SYNTHETIC DATA — PIPELINE/CONSTRAINT VERIFICATION ONLY
9,BOM_r5_c0,BOM,Mumbai,82.07,106,False,SYNTHETIC DATA — PIPELINE/CONSTRAINT VERIFICATION ONLY
9,BOM_r5_c1,BOM,Mumbai,91.48,118,False,SYNTHETIC DATA — PIPELINE/CONSTRAINT VERIFICATION ONLY
9,BOM_r5_c2,BOM,Mumbai,89.33,116,False,SYNTHETIC DATA — PIPELINE/CONSTRAINT VERIFICATION ONLY
9,BOM_r5_c3,BOM,Mumbai,97.09,126,False,SYNTHETIC DATA — PIPELINE/CONSTRAINT VERIFICATION ONLY
9,BOM_r5_c4,BOM,Mumbai,85.24,110,False,SYNTHETIC DATA — PIPELINE/CONSTRAINT VERIFICATION ONLY
9,BOM_r5_c5,BOM,Mumbai,82.87,107,False,SYNTHETIC DATA — PIPELINE/CONSTRAINT VERIFICATION ONLY
9,BOM_r5_c6,BOM,Mumbai,76.63,99,False,SYNTHETIC DATA — PIPELINE/CONSTRAINT VERIFICATION ONLY
9,BOM_r6_c0,BOM,Mumbai,69.75,90,False,SYNTHETIC DATA — PIPELINE/CONSTRAINT VERIFICATION ONLY
9,BOM_r6_c1,BOM,Mumbai,74.75,97,False,SYNTHETIC DATA — PIPELINE/CONSTRAINT VERIFICATION ONLY
9,BOM_r6_c2,BOM,Mumbai,84.71,110,False,SYNTHETIC DATA — PIPELINE/CONSTRAINT VERIFICATION ONLY
9,BOM_r6_c3,BOM,Mumbai,84.28,109,False,SYNTHETIC DATA — PIPELINE/CONSTRAINT VERIFICATION ONLY
9,BOM_r6_c4,BOM,Mumbai,84.61,109,False,SYNTHETIC DATA — PIPELINE/CONSTRAINT VERIFICATION ONLY
9,BOM_r6_c5,BOM,Mumbai,81.58,106,False,SYNTHETIC DATA — PIPELINE/CONSTRAINT VERIFICATION ONLY
9,BOM_r6_c6,BOM,Mumbai,74.61,96,False,SYNTHETIC DATA — PIPELINE/CONSTRAINT VERIFICATION ONLY
9,LKO_r0_c0,LKO,Lucknow,133.19,173,False,SYNTHETIC DATA — PIPELINE/CONSTRAINT VERIFICATION ONLY
9,LKO_r0_c1,LKO,Lucknow,141.13,183,False,SYNTHETIC DATA — PIPELINE/CONSTRAINT VERIFICATION ONLY
9,LKO_r0_c2,LKO,Lucknow,144.82,188,False,SYNTHETIC DATA — PIPELINE/CONSTRAINT VERIFICATION ONLY
9,LKO_r0_c3,LKO,Lucknow,154.14,200,False,SYNTHETIC DATA — PIPELINE/CONSTRAINT VERIFICATION ONLY
9,LKO_r0_c4,LKO,Lucknow,146.62,190,False,SYNTHETIC DATA — PIPELINE/CONSTRAINT VERIFICATION ONLY
9,LKO_r0_c5,LKO,Lucknow,138.53,180,False,SYNTHETIC DATA — PIPELINE/CONSTRAINT VERIFICATION ONLY
9,LKO_r0_c6,LKO,Lucknow,130.68,169,False,SYNTHETIC DATA — PIPELINE/CONSTRAINT VERIFICATION ONLY
9,LKO_r1_c0,LKO,Lucknow,138.6,180,False,SYNTHETIC DATA — PIPELINE/CONSTRAINT VERIFICATION ONLY
9,LKO_r1_c1,LKO,Lucknow,152.44,198,False,SYNTHETIC DATA — PIPELINE/CONSTRAINT VERIFICATION ONLY
9,LKO_r1_c2,LKO,Lucknow,164.14,213,False,SYNTHETIC DATA — PIPELINE/CONSTRAINT VERIFICATION ONLY
9,LKO_r1_c3,LKO,Lucknow,167.9,218,False,SYNTHETIC DATA — PIPELINE/CONSTRAINT VERIFICATION ONLY
9,LKO_r1_c4,LKO,Lucknow,160.41,208,False,SYNTHETIC DATA — PIPELINE/CONSTRAINT VERIFICATION ONLY
9,LKO_r1_c5,LKO,Lucknow,152.23,197,False,SYNTHETIC DATA — PIPELINE/CONSTRAINT VERIFICATION ONLY
9,LKO_r1_c6,LKO,Lucknow,144.56,187,False,SYNTHETIC DATA — PIPELINE/CONSTRAINT VERIFICATION ONLY
9,LKO_r2_c0,LKO,Lucknow,149.87,194,False,SYNTHETIC DATA — PIPELINE/CONSTRAINT VERIFICATION ONLY
9,LKO_r2_c1,LKO,Lucknow,169.33,220,False,SYNTHETIC DATA — PIPELINE/CONSTRAINT VERIFICATION ONLY
9,LKO_r2_c2,LKO,Lucknow,179.7,233,False,SYNTHETIC DATA — PIPELINE/CONSTRAINT VERIFICATION ONLY
9,LKO_r2_c3,LKO,Lucknow,186.18,242,False,SYNTHETIC DATA — PIPELINE/CONSTRAINT VERIFICATION ONLY
9,LKO_r2_c4,LKO,Lucknow,172.0,223,False,SYNTHETIC DATA — PIPELINE/CONSTRAINT VERIFICATION ONLY
9,LKO_r2_c5,LKO,Lucknow,165.4,215,False,SYNTHETIC DATA — PIPELINE/CONSTRAINT VERIFICATION ONLY
9,LKO_r2_c6,LKO,Lucknow,148.23,192,False,SYNTHETIC DATA — PIPELINE/CONSTRAINT VERIFICATION ONLY
9,LKO_r3_c0,LKO,Lucknow,149.31,194,False,SYNTHETIC DATA — PIPELINE/CONSTRAINT VERIFICATION ONLY
9,LKO_r3_c1,LKO,Lucknow,167.36,217,False,SYNTHETIC DATA — PIPELINE/CONSTRAINT VERIFICATION ONLY
9,LKO_r3_c2,LKO,Lucknow,185.58,241,False,SYNTHETIC DATA — PIPELINE/CONSTRAINT VERIFICATION ONLY
9,LKO_r3_c3,LKO,Lucknow,200.14,260,True,SYNTHETIC DATA — PIPELINE/CONSTRAINT VERIFICATION ONLY
9,LKO_r3_c4,LKO,Lucknow,180.11,234,False,SYNTHETIC DATA — PIPELINE/CONSTRAINT VERIFICATION ONLY
9,LKO_r3_c5,LKO,Lucknow,169.08,219,False,SYNTHETIC DATA — PIPELINE/CONSTRAINT VERIFICATION ONLY
9,LKO_r3_c6,LKO,Lucknow,149.05,193,False,SYNTHETIC DATA — PIPELINE/CONSTRAINT VERIFICATION ONLY
9,LKO_r4_c0,LKO,Lucknow,149.04,193,False,SYNTHETIC DATA — PIPELINE/CONSTRAINT VERIFICATION ONLY
9,LKO_r4_c1,LKO,Lucknow,162.19,210,False,SYNTHETIC DATA — PIPELINE/CONSTRAINT VERIFICATION ONLY
9,LKO_r4_c2,LKO,Lucknow,175.51,228,False,SYNTHETIC DATA — PIPELINE/CONSTRAINT VERIFICATION ONLY
9,LKO_r4_c3,LKO,Lucknow,185.04,240,False,SYNTHETIC DATA — PIPELINE/CONSTRAINT VERIFICATION ONLY
9,LKO_r4_c4,LKO,Lucknow,173.04,224,False,SYNTHETIC DATA — PIPELINE/CONSTRAINT VERIFICATION ONLY
9,LKO_r4_c5,LKO,Lucknow,168.94,219,False,SYNTHETIC DATA — PIPELINE/CONSTRAINT VERIFICATION ONLY
9,LKO_r4_c6,LKO,Lucknow,142.92,185,False,SYNTHETIC DATA — PIPELINE/CONSTRAINT VERIFICATION ONLY
9,LKO_r5_c0,LKO,Lucknow,139.55,181,False,SYNTHETIC DATA — PIPELINE/CONSTRAINT VERIFICATION ONLY
9,LKO_r5_c1,LKO,Lucknow,154.8,201,False,SYNTHETIC DATA — PIPELINE/CONSTRAINT VERIFICATION ONLY
9,LKO_r5_c2,LKO,Lucknow,164.86,214,False,SYNTHETIC DATA — PIPELINE/CONSTRAINT VERIFICATION ONLY
9,LKO_r5_c3,LKO,Lucknow,166.55,216,False,SYNTHETIC DATA — PIPELINE/CONSTRAINT VERIFICATION ONLY
9,LKO_r5_c4,LKO,Lucknow,162.93,211,False,SYNTHETIC DATA — PIPELINE/CONSTRAINT VERIFICATION ONLY
9,LKO_r5_c5,LKO,Lucknow,154.92,201,False,SYNTHETIC DATA — PIPELINE/CONSTRAINT VERIFICATION ONLY
9,LKO_r5_c6,LKO,Lucknow,140.65,182,False,SYNTHETIC DATA — PIPELINE/CONSTRAINT VERIFICATION ONLY
9,LKO_r6_c0,LKO,Lucknow,135.4,176,False,SYNTHETIC DATA — PIPELINE/CONSTRAINT VERIFICATION ONLY
9,LKO_r6_c1,LKO,Lucknow,143.86,187,False,SYNTHETIC DATA — PIPELINE/CONSTRAINT VERIFICATION ONLY
9,LKO_r6_c2,LKO,Lucknow,151.0,196,False,SYNTHETIC DATA — PIPELINE/CONSTRAINT VERIFICATION ONLY
9,LKO_r6_c3,LKO,Lucknow,148.07,192,False,SYNTHETIC DATA — PIPELINE/CONSTRAINT VERIFICATION ONLY
9,LKO_r6_c4,LKO,Lucknow,148.15,192,False,SYNTHETIC DATA — PIPELINE/CONSTRAINT VERIFICATION ONLY
9,LKO_r6_c5,LKO,Lucknow,140.44,182,False,SYNTHETIC DATA — PIPELINE/CONSTRAINT VERIFICATION ONLY
9,LKO_r6_c6,LKO,Lucknow,128.2,166,False,SYNTHETIC DATA — PIPELINE/CONSTRAINT VERIFICATION ONLY
9,VNS_r0_c0,VNS,Varanasi,124.1,161,False,SYNTHETIC DATA — PIPELINE/CONSTRAINT VERIFICATION ONLY
9,VNS_r0_c1,VNS,Varanasi,130.89,170,False,SYNTHETIC DATA — PIPELINE/CONSTRAINT VERIFICATION ONLY
9,VNS_r0_c2,VNS,Varanasi,141.08,183,False,SYNTHETIC DATA — PIPELINE/CONSTRAINT VERIFICATION ONLY
9,VNS_r0_c3,VNS,Varanasi,138.32,179,False,SYNTHETIC DATA — PIPELINE/CONSTRAINT VERIFICATION ONLY
9,VNS_r0_c4,VNS,Varanasi,144.27,187,False,SYNTHETIC DATA — PIPELINE/CONSTRAINT VERIFICATION ONLY
9,VNS_r0_c5,VNS,Varanasi,129.82,168,False,SYNTHETIC DATA — PIPELINE/CONSTRAINT VERIFICATION ONLY
9,VNS_r0_c6,VNS,Varanasi,123.67,160,False,SYNTHETIC DATA — PIPELINE/CONSTRAINT VERIFICATION ONLY
9,VNS_r1_c0,VNS,Varanasi,134.88,175,False,SYNTHETIC DATA — PIPELINE/CONSTRAINT VERIFICATION ONLY
9,VNS_r1_c1,VNS,Varanasi,142.37,185,False,SYNTHETIC DATA — PIPELINE/CONSTRAINT VERIFICATION ONLY
9,VNS_r1_c2,VNS,Varanasi,155.47,202,False,SYNTHETIC DATA — PIPELINE/CONSTRAINT VERIFICATION ONLY
9,VNS_r1_c3,VNS,Varanasi,152.74,198,False,SYNTHETIC DATA — PIPELINE/CONSTRAINT VERIFICATION ONLY
9,VNS_r1_c4,VNS,Varanasi,157.27,204,False,SYNTHETIC DATA — PIPELINE/CONSTRAINT VERIFICATION ONLY
9,VNS_r1_c5,VNS,Varanasi,144.13,187,False,SYNTHETIC DATA — PIPELINE/CONSTRAINT VERIFICATION ONLY
9,VNS_r1_c6,VNS,Varanasi,130.72,169,False,SYNTHETIC DATA — PIPELINE/CONSTRAINT VERIFICATION ONLY
9,VNS_r2_c0,VNS,Varanasi,138.21,179,False,SYNTHETIC DATA — PIPELINE/CONSTRAINT VERIFICATION ONLY
9,VNS_r2_c1,VNS,Varanasi,155.34,201,False,SYNTHETIC DATA — PIPELINE/CONSTRAINT VERIFICATION ONLY
9,VNS_r2_c2,VNS,Varanasi,163.4,212,False,SYNTHETIC DATA — PIPELINE/CONSTRAINT VERIFICATION ONLY
9,VNS_r2_c3,VNS,Varanasi,169.08,219,False,SYNTHETIC DATA — PIPELINE/CONSTRAINT VERIFICATION ONLY
9,VNS_r2_c4,VNS,Varanasi,164.49,213,False,SYNTHETIC DATA — PIPELINE/CONSTRAINT VERIFICATION ONLY
9,VNS_r2_c5,VNS,Varanasi,149.38,194,False,SYNTHETIC DATA — PIPELINE/CONSTRAINT VERIFICATION ONLY
9,VNS_r2_c6,VNS,Varanasi,144.57,187,False,SYNTHETIC DATA — PIPELINE/CONSTRAINT VERIFICATION ONLY
9,VNS_r3_c0,VNS,Varanasi,139.83,181,False,SYNTHETIC DATA — PIPELINE/CONSTRAINT VERIFICATION ONLY
9,VNS_r3_c1,VNS,Varanasi,158.92,206,False,SYNTHETIC DATA — PIPELINE/CONSTRAINT VERIFICATION ONLY
9,VNS_r3_c2,VNS,Varanasi,171.95,223,False,SYNTHETIC DATA — PIPELINE/CONSTRAINT VERIFICATION ONLY
9,VNS_r3_c3,VNS,Varanasi,183.27,238,True,SYNTHETIC DATA — PIPELINE/CONSTRAINT VERIFICATION ONLY
9,VNS_r3_c4,VNS,Varanasi,171.31,222,False,SYNTHETIC DATA — PIPELINE/CONSTRAINT VERIFICATION ONLY
9,VNS_r3_c5,VNS,Varanasi,158.78,206,False,SYNTHETIC DATA — PIPELINE/CONSTRAINT VERIFICATION ONLY
9,VNS_r3_c6,VNS,Varanasi,140.96,183,False,SYNTHETIC DATA — PIPELINE/CONSTRAINT VERIFICATION ONLY
9,VNS_r4_c0,VNS,Varanasi,142.69,185,False,SYNTHETIC DATA — PIPELINE/CONSTRAINT VERIFICATION ONLY
9,VNS_r4_c1,VNS,Varanasi,155.97,202,False,SYNTHETIC DATA — PIPELINE/CONSTRAINT VERIFICATION ONLY
9,VNS_r4_c2,VNS,Varanasi,167.91,218,False,SYNTHETIC DATA — PIPELINE/CONSTRAINT VERIFICATION ONLY
9,VNS_r4_c3,VNS,Varanasi,169.95,220,False,SYNTHETIC DATA — PIPELINE/CONSTRAINT VERIFICATION ONLY
9,VNS_r4_c4,VNS,Varanasi,161.91,210,False,SYNTHETIC DATA — PIPELINE/CONSTRAINT VERIFICATION ONLY
9,VNS_r4_c5,VNS,Varanasi,151.07,196,False,SYNTHETIC DATA — PIPELINE/CONSTRAINT VERIFICATION ONLY
9,VNS_r4_c6,VNS,Varanasi,139.7,181,False,SYNTHETIC DATA — PIPELINE/CONSTRAINT VERIFICATION ONLY
9,VNS_r5_c0,VNS,Varanasi,134.14,174,False,SYNTHETIC DATA — PIPELINE/CONSTRAINT VERIFICATION ONLY
9,VNS_r5_c1,VNS,Varanasi,137.57,178,False,SYNTHETIC DATA — PIPELINE/CONSTRAINT VERIFICATION ONLY
9,VNS_r5_c2,VNS,Varanasi,152.89,198,False,SYNTHETIC DATA — PIPELINE/CONSTRAINT VERIFICATION ONLY
9,VNS_r5_c3,VNS,Varanasi,156.9,203,False,SYNTHETIC DATA — PIPELINE/CONSTRAINT VERIFICATION ONLY
9,VNS_r5_c4,VNS,Varanasi,152.08,197,False,SYNTHETIC DATA — PIPELINE/CONSTRAINT VERIFICATION ONLY
9,VNS_r5_c5,VNS,Varanasi,147.96,192,False,SYNTHETIC DATA — PIPELINE/CONSTRAINT VERIFICATION ONLY
9,VNS_r5_c6,VNS,Varanasi,133.77,173,False,SYNTHETIC DATA — PIPELINE/CONSTRAINT VERIFICATION ONLY
9,VNS_r6_c0,VNS,Varanasi,126.95,165,False,SYNTHETIC DATA — PIPELINE/CONSTRAINT VERIFICATION ONLY
9,VNS_r6_c1,VNS,Varanasi,131.86,171,False,SYNTHETIC DATA — PIPELINE/CONSTRAINT VERIFICATION ONLY
9,VNS_r6_c2,VNS,Varanasi,141.92,184,False,SYNTHETIC DATA — PIPELINE/CONSTRAINT VERIFICATION ONLY
9,VNS_r6_c3,VNS,Varanasi,146.43,190,False,SYNTHETIC DATA — PIPELINE/CONSTRAINT VERIFICATION ONLY
9,VNS_r6_c4,VNS,Varanasi,143.05,185,False,SYNTHETIC DATA — PIPELINE/CONSTRAINT VERIFICATION ONLY
9,VNS_r6_c5,VNS,Varanasi,129.23,167,False,SYNTHETIC DATA — PIPELINE/CONSTRAINT VERIFICATION ONLY
9,VNS_r6_c6,VNS,Varanasi,122.26,158,False,SYNTHETIC DATA — PIPELINE/CONSTRAINT VERIFICATION ONLY
9,JAI_r0_c0,JAI,Jaipur,89.18,115,False,SYNTHETIC DATA — PIPELINE/CONSTRAINT VERIFICATION ONLY
9,JAI_r0_c1,JAI,Jaipur,98.64,128,False,SYNTHETIC DATA — PIPELINE/CONSTRAINT VERIFICATION ONLY
9,JAI_r0_c2,JAI,Jaipur,104.07,135,False,SYNTHETIC DATA — PIPELINE/CONSTRAINT VERIFICATION ONLY
9,JAI_r0_c3,JAI,Jaipur,101.27,131,False,SYNTHETIC DATA — PIPELINE/CONSTRAINT VERIFICATION ONLY
9,JAI_r0_c4,JAI,Jaipur,102.22,132,False,SYNTHETIC DATA — PIPELINE/CONSTRAINT VERIFICATION ONLY
9,JAI_r0_c5,JAI,Jaipur,91.11,118,False,SYNTHETIC DATA — PIPELINE/CONSTRAINT VERIFICATION ONLY
9,JAI_r0_c6,JAI,Jaipur,94.54,122,False,SYNTHETIC DATA — PIPELINE/CONSTRAINT VERIFICATION ONLY
9,JAI_r1_c0,JAI,Jaipur,95.64,124,False,SYNTHETIC DATA — PIPELINE/CONSTRAINT VERIFICATION ONLY
9,JAI_r1_c1,JAI,Jaipur,105.83,137,False,SYNTHETIC DATA — PIPELINE/CONSTRAINT VERIFICATION ONLY
9,JAI_r1_c2,JAI,Jaipur,111.2,144,False,SYNTHETIC DATA — PIPELINE/CONSTRAINT VERIFICATION ONLY
9,JAI_r1_c3,JAI,Jaipur,118.15,153,False,SYNTHETIC DATA — PIPELINE/CONSTRAINT VERIFICATION ONLY
9,JAI_r1_c4,JAI,Jaipur,103.62,134,False,SYNTHETIC DATA — PIPELINE/CONSTRAINT VERIFICATION ONLY
9,JAI_r1_c5,JAI,Jaipur,105.61,137,False,SYNTHETIC DATA — PIPELINE/CONSTRAINT VERIFICATION ONLY
9,JAI_r1_c6,JAI,Jaipur,96.85,125,False,SYNTHETIC DATA — PIPELINE/CONSTRAINT VERIFICATION ONLY
9,JAI_r2_c0,JAI,Jaipur,100.65,130,False,SYNTHETIC DATA — PIPELINE/CONSTRAINT VERIFICATION ONLY
9,JAI_r2_c1,JAI,Jaipur,117.31,152,False,SYNTHETIC DATA — PIPELINE/CONSTRAINT VERIFICATION ONLY
9,JAI_r2_c2,JAI,Jaipur,118.45,153,False,SYNTHETIC DATA — PIPELINE/CONSTRAINT VERIFICATION ONLY
9,JAI_r2_c3,JAI,Jaipur,127.95,166,False,SYNTHETIC DATA — PIPELINE/CONSTRAINT VERIFICATION ONLY
9,JAI_r2_c4,JAI,Jaipur,122.18,158,False,SYNTHETIC DATA — PIPELINE/CONSTRAINT VERIFICATION ONLY
9,JAI_r2_c5,JAI,Jaipur,115.92,150,False,SYNTHETIC DATA — PIPELINE/CONSTRAINT VERIFICATION ONLY
9,JAI_r2_c6,JAI,Jaipur,100.01,130,False,SYNTHETIC DATA — PIPELINE/CONSTRAINT VERIFICATION ONLY
9,JAI_r3_c0,JAI,Jaipur,101.59,132,False,SYNTHETIC DATA — PIPELINE/CONSTRAINT VERIFICATION ONLY
9,JAI_r3_c1,JAI,Jaipur,118.0,153,False,SYNTHETIC DATA — PIPELINE/CONSTRAINT VERIFICATION ONLY
9,JAI_r3_c2,JAI,Jaipur,126.91,164,False,SYNTHETIC DATA — PIPELINE/CONSTRAINT VERIFICATION ONLY
9,JAI_r3_c3,JAI,Jaipur,131.93,171,True,SYNTHETIC DATA — PIPELINE/CONSTRAINT VERIFICATION ONLY
9,JAI_r3_c4,JAI,Jaipur,124.02,161,False,SYNTHETIC DATA — PIPELINE/CONSTRAINT VERIFICATION ONLY
9,JAI_r3_c5,JAI,Jaipur,115.87,150,False,SYNTHETIC DATA — PIPELINE/CONSTRAINT VERIFICATION ONLY
9,JAI_r3_c6,JAI,Jaipur,106.3,138,False,SYNTHETIC DATA — PIPELINE/CONSTRAINT VERIFICATION ONLY
9,JAI_r4_c0,JAI,Jaipur,99.98,129,False,SYNTHETIC DATA — PIPELINE/CONSTRAINT VERIFICATION ONLY
9,JAI_r4_c1,JAI,Jaipur,103.39,134,False,SYNTHETIC DATA — PIPELINE/CONSTRAINT VERIFICATION ONLY
9,JAI_r4_c2,JAI,Jaipur,122.68,159,False,SYNTHETIC DATA — PIPELINE/CONSTRAINT VERIFICATION ONLY
9,JAI_r4_c3,JAI,Jaipur,121.98,158,False,SYNTHETIC DATA — PIPELINE/CONSTRAINT VERIFICATION ONLY
9,JAI_r4_c4,JAI,Jaipur,115.06,149,False,SYNTHETIC DATA — PIPELINE/CONSTRAINT VERIFICATION ONLY
9,JAI_r4_c5,JAI,Jaipur,103.64,134,False,SYNTHETIC DATA — PIPELINE/CONSTRAINT VERIFICATION ONLY
9,JAI_r4_c6,JAI,Jaipur,104.46,135,False,SYNTHETIC DATA — PIPELINE/CONSTRAINT VERIFICATION ONLY
9,JAI_r5_c0,JAI,Jaipur,97.56,126,False,SYNTHETIC DATA — PIPELINE/CONSTRAINT VERIFICATION ONLY
9,JAI_r5_c1,JAI,Jaipur,104.99,136,False,SYNTHETIC DATA — PIPELINE/CONSTRAINT VERIFICATION ONLY
9,JAI_r5_c2,JAI,Jaipur,116.3,151,False,SYNTHETIC DATA — PIPELINE/CONSTRAINT VERIFICATION ONLY
9,JAI_r5_c3,JAI,Jaipur,116.62,151,False,SYNTHETIC DATA — PIPELINE/CONSTRAINT VERIFICATION ONLY
9,JAI_r5_c4,JAI,Jaipur,116.98,152,False,SYNTHETIC DATA — PIPELINE/CONSTRAINT VERIFICATION ONLY
9,JAI_r5_c5,JAI,Jaipur,101.48,131,False,SYNTHETIC DATA — PIPELINE/CONSTRAINT VERIFICATION ONLY
9,JAI_r5_c6,JAI,Jaipur,97.07,126,False,SYNTHETIC DATA — PIPELINE/CONSTRAINT VERIFICATION ONLY
9,JAI_r6_c0,JAI,Jaipur,85.36,110,False,SYNTHETIC DATA — PIPELINE/CONSTRAINT VERIFICATION ONLY
9,JAI_r6_c1,JAI,Jaipur,96.48,125,False,SYNTHETIC DATA — PIPELINE/CONSTRAINT VERIFICATION ONLY
9,JAI_r6_c2,JAI,Jaipur,101.27,131,False,SYNTHETIC DATA — PIPELINE/CONSTRAINT VERIFICATION ONLY
9,JAI_r6_c3,JAI,Jaipur,105.67,137,False,SYNTHETIC DATA — PIPELINE/CONSTRAINT VERIFICATION ONLY
9,JAI_r6_c4,JAI,Jaipur,102.15,132,False,SYNTHETIC DATA — PIPELINE/CONSTRAINT VERIFICATION ONLY
9,JAI_r6_c5,JAI,Jaipur,99.04,128,False,SYNTHETIC DATA — PIPELINE/CONSTRAINT VERIFICATION ONLY
9,JAI_r6_c6,JAI,Jaipur,92.32,120,False,SYNTHETIC DATA — PIPELINE/CONSTRAINT VERIFICATION ONLY
9,AMD_r0_c0,AMD,Ahmedabad,92.58,120,False,SYNTHETIC DATA — PIPELINE/CONSTRAINT VERIFICATION ONLY
9,AMD_r0_c1,AMD,Ahmedabad,91.81,119,False,SYNTHETIC DATA — PIPELINE/CONSTRAINT VERIFICATION ONLY
9,AMD_r0_c2,AMD,Ahmedabad,94.55,122,False,SYNTHETIC DATA — PIPELINE/CONSTRAINT VERIFICATION ONLY
9,AMD_r0_c3,AMD,Ahmedabad,99.81,129,False,SYNTHETIC DATA — PIPELINE/CONSTRAINT VERIFICATION ONLY
9,AMD_r0_c4,AMD,Ahmedabad,94.97,123,False,SYNTHETIC DATA — PIPELINE/CONSTRAINT VERIFICATION ONLY
9,AMD_r0_c5,AMD,Ahmedabad,97.2,126,False,SYNTHETIC DATA — PIPELINE/CONSTRAINT VERIFICATION ONLY
9,AMD_r0_c6,AMD,Ahmedabad,85.26,110,False,SYNTHETIC DATA — PIPELINE/CONSTRAINT VERIFICATION ONLY
9,AMD_r1_c0,AMD,Ahmedabad,91.06,118,False,SYNTHETIC DATA — PIPELINE/CONSTRAINT VERIFICATION ONLY
9,AMD_r1_c1,AMD,Ahmedabad,99.45,129,False,SYNTHETIC DATA — PIPELINE/CONSTRAINT VERIFICATION ONLY
9,AMD_r1_c2,AMD,Ahmedabad,109.19,141,False,SYNTHETIC DATA — PIPELINE/CONSTRAINT VERIFICATION ONLY
9,AMD_r1_c3,AMD,Ahmedabad,109.03,141,False,SYNTHETIC DATA — PIPELINE/CONSTRAINT VERIFICATION ONLY
9,AMD_r1_c4,AMD,Ahmedabad,105.11,136,False,SYNTHETIC DATA — PIPELINE/CONSTRAINT VERIFICATION ONLY
9,AMD_r1_c5,AMD,Ahmedabad,105.86,137,False,SYNTHETIC DATA — PIPELINE/CONSTRAINT VERIFICATION ONLY
9,AMD_r1_c6,AMD,Ahmedabad,90.19,117,False,SYNTHETIC DATA — PIPELINE/CONSTRAINT VERIFICATION ONLY
9,AMD_r2_c0,AMD,Ahmedabad,97.48,126,False,SYNTHETIC DATA — PIPELINE/CONSTRAINT VERIFICATION ONLY
9,AMD_r2_c1,AMD,Ahmedabad,108.99,141,False,SYNTHETIC DATA — PIPELINE/CONSTRAINT VERIFICATION ONLY
9,AMD_r2_c2,AMD,Ahmedabad,110.71,143,False,SYNTHETIC DATA — PIPELINE/CONSTRAINT VERIFICATION ONLY
9,AMD_r2_c3,AMD,Ahmedabad,121.37,157,False,SYNTHETIC DATA — PIPELINE/CONSTRAINT VERIFICATION ONLY
9,AMD_r2_c4,AMD,Ahmedabad,112.44,146,False,SYNTHETIC DATA — PIPELINE/CONSTRAINT VERIFICATION ONLY
9,AMD_r2_c5,AMD,Ahmedabad,109.51,142,False,SYNTHETIC DATA — PIPELINE/CONSTRAINT VERIFICATION ONLY
9,AMD_r2_c6,AMD,Ahmedabad,94.49,122,False,SYNTHETIC DATA — PIPELINE/CONSTRAINT VERIFICATION ONLY
9,AMD_r3_c0,AMD,Ahmedabad,101.15,131,False,SYNTHETIC DATA — PIPELINE/CONSTRAINT VERIFICATION ONLY
9,AMD_r3_c1,AMD,Ahmedabad,112.82,146,False,SYNTHETIC DATA — PIPELINE/CONSTRAINT VERIFICATION ONLY
9,AMD_r3_c2,AMD,Ahmedabad,122.51,159,False,SYNTHETIC DATA — PIPELINE/CONSTRAINT VERIFICATION ONLY
9,AMD_r3_c3,AMD,Ahmedabad,131.11,170,True,SYNTHETIC DATA — PIPELINE/CONSTRAINT VERIFICATION ONLY
9,AMD_r3_c4,AMD,Ahmedabad,119.23,154,False,SYNTHETIC DATA — PIPELINE/CONSTRAINT VERIFICATION ONLY
9,AMD_r3_c5,AMD,Ahmedabad,107.77,140,False,SYNTHETIC DATA — PIPELINE/CONSTRAINT VERIFICATION ONLY
9,AMD_r3_c6,AMD,Ahmedabad,103.48,134,False,SYNTHETIC DATA — PIPELINE/CONSTRAINT VERIFICATION ONLY
9,AMD_r4_c0,AMD,Ahmedabad,95.28,123,False,SYNTHETIC DATA — PIPELINE/CONSTRAINT VERIFICATION ONLY
9,AMD_r4_c1,AMD,Ahmedabad,103.93,135,False,SYNTHETIC DATA — PIPELINE/CONSTRAINT VERIFICATION ONLY
9,AMD_r4_c2,AMD,Ahmedabad,117.6,152,False,SYNTHETIC DATA — PIPELINE/CONSTRAINT VERIFICATION ONLY
9,AMD_r4_c3,AMD,Ahmedabad,117.54,152,False,SYNTHETIC DATA — PIPELINE/CONSTRAINT VERIFICATION ONLY
9,AMD_r4_c4,AMD,Ahmedabad,112.76,146,False,SYNTHETIC DATA — PIPELINE/CONSTRAINT VERIFICATION ONLY
9,AMD_r4_c5,AMD,Ahmedabad,102.71,133,False,SYNTHETIC DATA — PIPELINE/CONSTRAINT VERIFICATION ONLY
9,AMD_r4_c6,AMD,Ahmedabad,95.93,124,False,SYNTHETIC DATA — PIPELINE/CONSTRAINT VERIFICATION ONLY
9,AMD_r5_c0,AMD,Ahmedabad,92.51,120,False,SYNTHETIC DATA — PIPELINE/CONSTRAINT VERIFICATION ONLY
9,AMD_r5_c1,AMD,Ahmedabad,101.59,132,False,SYNTHETIC DATA — PIPELINE/CONSTRAINT VERIFICATION ONLY
9,AMD_r5_c2,AMD,Ahmedabad,109.89,142,False,SYNTHETIC DATA — PIPELINE/CONSTRAINT VERIFICATION ONLY
9,AMD_r5_c3,AMD,Ahmedabad,111.08,144,False,SYNTHETIC DATA — PIPELINE/CONSTRAINT VERIFICATION ONLY
9,AMD_r5_c4,AMD,Ahmedabad,106.46,138,False,SYNTHETIC DATA — PIPELINE/CONSTRAINT VERIFICATION ONLY
9,AMD_r5_c5,AMD,Ahmedabad,100.26,130,False,SYNTHETIC DATA — PIPELINE/CONSTRAINT VERIFICATION ONLY
9,AMD_r5_c6,AMD,Ahmedabad,94.29,122,False,SYNTHETIC DATA — PIPELINE/CONSTRAINT VERIFICATION ONLY
9,AMD_r6_c0,AMD,Ahmedabad,89.93,116,False,SYNTHETIC DATA — PIPELINE/CONSTRAINT VERIFICATION ONLY
9,AMD_r6_c1,AMD,Ahmedabad,93.13,121,False,SYNTHETIC DATA — PIPELINE/CONSTRAINT VERIFICATION ONLY
9,AMD_r6_c2,AMD,Ahmedabad,95.97,124,False,SYNTHETIC DATA — PIPELINE/CONSTRAINT VERIFICATION ONLY
9,AMD_r6_c3,AMD,Ahmedabad,96.09,124,False,SYNTHETIC DATA — PIPELINE/CONSTRAINT VERIFICATION ONLY
9,AMD_r6_c4,AMD,Ahmedabad,93.04,120,False,SYNTHETIC DATA — PIPELINE/CONSTRAINT VERIFICATION ONLY
9,AMD_r6_c5,AMD,Ahmedabad,94.75,123,False,SYNTHETIC DATA — PIPELINE/CONSTRAINT VERIFICATION ONLY
9,AMD_r6_c6,AMD,Ahmedabad,87.85,114,False,SYNTHETIC DATA — PIPELINE/CONSTRAINT VERIFICATION ONLY
9,CCU_r0_c0,CCU,Kolkata,108.35,140,False,SYNTHETIC DATA — PIPELINE/CONSTRAINT VERIFICATION ONLY
9,CCU_r0_c1,CCU,Kolkata,114.45,148,False,SYNTHETIC DATA — PIPELINE/CONSTRAINT VERIFICATION ONLY
9,CCU_r0_c2,CCU,Kolkata,124.78,162,False,SYNTHETIC DATA — PIPELINE/CONSTRAINT VERIFICATION ONLY
9,CCU_r0_c3,CCU,Kolkata,121.21,157,False,SYNTHETIC DATA — PIPELINE/CONSTRAINT VERIFICATION ONLY
9,CCU_r0_c4,CCU,Kolkata,123.43,160,False,SYNTHETIC DATA — PIPELINE/CONSTRAINT VERIFICATION ONLY
9,CCU_r0_c5,CCU,Kolkata,114.72,149,False,SYNTHETIC DATA — PIPELINE/CONSTRAINT VERIFICATION ONLY
9,CCU_r0_c6,CCU,Kolkata,104.79,136,False,SYNTHETIC DATA — PIPELINE/CONSTRAINT VERIFICATION ONLY
9,CCU_r1_c0,CCU,Kolkata,116.62,151,False,SYNTHETIC DATA — PIPELINE/CONSTRAINT VERIFICATION ONLY
9,CCU_r1_c1,CCU,Kolkata,126.1,163,False,SYNTHETIC DATA — PIPELINE/CONSTRAINT VERIFICATION ONLY
9,CCU_r1_c2,CCU,Kolkata,133.59,173,False,SYNTHETIC DATA — PIPELINE/CONSTRAINT VERIFICATION ONLY
9,CCU_r1_c3,CCU,Kolkata,135.81,176,False,SYNTHETIC DATA — PIPELINE/CONSTRAINT VERIFICATION ONLY
9,CCU_r1_c4,CCU,Kolkata,132.41,172,False,SYNTHETIC DATA — PIPELINE/CONSTRAINT VERIFICATION ONLY
9,CCU_r1_c5,CCU,Kolkata,132.04,171,False,SYNTHETIC DATA — PIPELINE/CONSTRAINT VERIFICATION ONLY
9,CCU_r1_c6,CCU,Kolkata,118.39,153,False,SYNTHETIC DATA — PIPELINE/CONSTRAINT VERIFICATION ONLY
9,CCU_r2_c0,CCU,Kolkata,122.73,159,False,SYNTHETIC DATA — PIPELINE/CONSTRAINT VERIFICATION ONLY
9,CCU_r2_c1,CCU,Kolkata,132.86,172,False,SYNTHETIC DATA — PIPELINE/CONSTRAINT VERIFICATION ONLY
9,CCU_r2_c2,CCU,Kolkata,146.15,189,False,SYNTHETIC DATA — PIPELINE/CONSTRAINT VERIFICATION ONLY
9,CCU_r2_c3,CCU,Kolkata,150.04,195,False,SYNTHETIC DATA — PIPELINE/CONSTRAINT VERIFICATION ONLY
9,CCU_r2_c4,CCU,Kolkata,143.21,186,False,SYNTHETIC DATA — PIPELINE/CONSTRAINT VERIFICATION ONLY
9,CCU_r2_c5,CCU,Kolkata,131.61,171,False,SYNTHETIC DATA — PIPELINE/CONSTRAINT VERIFICATION ONLY
9,CCU_r2_c6,CCU,Kolkata,120.32,156,False,SYNTHETIC DATA — PIPELINE/CONSTRAINT VERIFICATION ONLY
9,CCU_r3_c0,CCU,Kolkata,113.15,147,False,SYNTHETIC DATA — PIPELINE/CONSTRAINT VERIFICATION ONLY
9,CCU_r3_c1,CCU,Kolkata,136.2,177,False,SYNTHETIC DATA — PIPELINE/CONSTRAINT VERIFICATION ONLY
9,CCU_r3_c2,CCU,Kolkata,147.02,191,False,SYNTHETIC DATA — PIPELINE/CONSTRAINT VERIFICATION ONLY
9,CCU_r3_c3,CCU,Kolkata,166.17,216,True,SYNTHETIC DATA — PIPELINE/CONSTRAINT VERIFICATION ONLY
9,CCU_r3_c4,CCU,Kolkata,148.54,193,False,SYNTHETIC DATA — PIPELINE/CONSTRAINT VERIFICATION ONLY
9,CCU_r3_c5,CCU,Kolkata,132.0,171,False,SYNTHETIC DATA — PIPELINE/CONSTRAINT VERIFICATION ONLY
9,CCU_r3_c6,CCU,Kolkata,122.51,159,False,SYNTHETIC DATA — PIPELINE/CONSTRAINT VERIFICATION ONLY
9,CCU_r4_c0,CCU,Kolkata,117.42,152,False,SYNTHETIC DATA — PIPELINE/CONSTRAINT VERIFICATION ONLY
9,CCU_r4_c1,CCU,Kolkata,133.94,174,False,SYNTHETIC DATA — PIPELINE/CONSTRAINT VERIFICATION ONLY
9,CCU_r4_c2,CCU,Kolkata,144.01,187,False,SYNTHETIC DATA — PIPELINE/CONSTRAINT VERIFICATION ONLY
9,CCU_r4_c3,CCU,Kolkata,151.35,196,False,SYNTHETIC DATA — PIPELINE/CONSTRAINT VERIFICATION ONLY
9,CCU_r4_c4,CCU,Kolkata,140.76,182,False,SYNTHETIC DATA — PIPELINE/CONSTRAINT VERIFICATION ONLY
9,CCU_r4_c5,CCU,Kolkata,132.62,172,False,SYNTHETIC DATA — PIPELINE/CONSTRAINT VERIFICATION ONLY
9,CCU_r4_c6,CCU,Kolkata,116.47,151,False,SYNTHETIC DATA — PIPELINE/CONSTRAINT VERIFICATION ONLY
9,CCU_r5_c0,CCU,Kolkata,116.94,152,False,SYNTHETIC DATA — PIPELINE/CONSTRAINT VERIFICATION ONLY
9,CCU_r5_c1,CCU,Kolkata,126.43,164,False,SYNTHETIC DATA — PIPELINE/CONSTRAINT VERIFICATION ONLY
9,CCU_r5_c2,CCU,Kolkata,134.01,174,False,SYNTHETIC DATA — PIPELINE/CONSTRAINT VERIFICATION ONLY
9,CCU_r5_c3,CCU,Kolkata,135.57,176,False,SYNTHETIC DATA — PIPELINE/CONSTRAINT VERIFICATION ONLY
9,CCU_r5_c4,CCU,Kolkata,133.77,173,False,SYNTHETIC DATA — PIPELINE/CONSTRAINT VERIFICATION ONLY
9,CCU_r5_c5,CCU,Kolkata,129.69,168,False,SYNTHETIC DATA — PIPELINE/CONSTRAINT VERIFICATION ONLY
9,CCU_r5_c6,CCU,Kolkata,113.98,148,False,SYNTHETIC DATA — PIPELINE/CONSTRAINT VERIFICATION ONLY
9,CCU_r6_c0,CCU,Kolkata,107.03,139,False,SYNTHETIC DATA — PIPELINE/CONSTRAINT VERIFICATION ONLY
9,CCU_r6_c1,CCU,Kolkata,111.58,145,False,SYNTHETIC DATA — PIPELINE/CONSTRAINT VERIFICATION ONLY
9,CCU_r6_c2,CCU,Kolkata,117.96,153,False,SYNTHETIC DATA — PIPELINE/CONSTRAINT VERIFICATION ONLY
9,CCU_r6_c3,CCU,Kolkata,122.95,159,False,SYNTHETIC DATA — PIPELINE/CONSTRAINT VERIFICATION ONLY
9,CCU_r6_c4,CCU,Kolkata,123.87,161,False,SYNTHETIC DATA — PIPELINE/CONSTRAINT VERIFICATION ONLY
9,CCU_r6_c5,CCU,Kolkata,114.07,148,False,SYNTHETIC DATA — PIPELINE/CONSTRAINT VERIFICATION ONLY
9,CCU_r6_c6,CCU,Kolkata,105.91,137,False,SYNTHETIC DATA — PIPELINE/CONSTRAINT VERIFICATION ONLY
9,HYD_r0_c0,HYD,Hyderabad,60.29,78,False,SYNTHETIC DATA — PIPELINE/CONSTRAINT VERIFICATION ONLY
9,HYD_r0_c1,HYD,Hyderabad,64.65,84,False,SYNTHETIC DATA — PIPELINE/CONSTRAINT VERIFICATION ONLY
9,HYD_r0_c2,HYD,Hyderabad,70.44,91,False,SYNTHETIC DATA — PIPELINE/CONSTRAINT VERIFICATION ONLY
9,HYD_r0_c3,HYD,Hyderabad,66.27,86,False,SYNTHETIC DATA — PIPELINE/CONSTRAINT VERIFICATION ONLY
9,HYD_r0_c4,HYD,Hyderabad,73.4,95,False,SYNTHETIC DATA — PIPELINE/CONSTRAINT VERIFICATION ONLY
9,HYD_r0_c5,HYD,Hyderabad,64.26,83,False,SYNTHETIC DATA — PIPELINE/CONSTRAINT VERIFICATION ONLY
9,HYD_r0_c6,HYD,Hyderabad,63.67,82,False,SYNTHETIC DATA — PIPELINE/CONSTRAINT VERIFICATION ONLY
9,HYD_r1_c0,HYD,Hyderabad,62.44,81,False,SYNTHETIC DATA — PIPELINE/CONSTRAINT VERIFICATION ONLY
9,HYD_r1_c1,HYD,Hyderabad,74.05,96,False,SYNTHETIC DATA — PIPELINE/CONSTRAINT VERIFICATION ONLY
9,HYD_r1_c2,HYD,Hyderabad,78.47,102,False,SYNTHETIC DATA — PIPELINE/CONSTRAINT VERIFICATION ONLY
9,HYD_r1_c3,HYD,Hyderabad,79.37,103,False,SYNTHETIC DATA — PIPELINE/CONSTRAINT VERIFICATION ONLY
9,HYD_r1_c4,HYD,Hyderabad,73.47,95,False,SYNTHETIC DATA — PIPELINE/CONSTRAINT VERIFICATION ONLY
9,HYD_r1_c5,HYD,Hyderabad,72.79,94,False,SYNTHETIC DATA — PIPELINE/CONSTRAINT VERIFICATION ONLY
9,HYD_r1_c6,HYD,Hyderabad,62.7,81,False,SYNTHETIC DATA — PIPELINE/CONSTRAINT VERIFICATION ONLY
9,HYD_r2_c0,HYD,Hyderabad,68.8,89,False,SYNTHETIC DATA — PIPELINE/CONSTRAINT VERIFICATION ONLY
9,HYD_r2_c1,HYD,Hyderabad,79.54,103,False,SYNTHETIC DATA — PIPELINE/CONSTRAINT VERIFICATION ONLY
9,HYD_r2_c2,HYD,Hyderabad,84.97,110,False,SYNTHETIC DATA — PIPELINE/CONSTRAINT VERIFICATION ONLY
9,HYD_r2_c3,HYD,Hyderabad,85.71,111,False,SYNTHETIC DATA — PIPELINE/CONSTRAINT VERIFICATION ONLY
9,HYD_r2_c4,HYD,Hyderabad,79.65,103,False,SYNTHETIC DATA — PIPELINE/CONSTRAINT VERIFICATION ONLY
9,HYD_r2_c5,HYD,Hyderabad,78.39,101,False,SYNTHETIC DATA — PIPELINE/CONSTRAINT VERIFICATION ONLY
9,HYD_r2_c6,HYD,Hyderabad,69.61,90,False,SYNTHETIC DATA — PIPELINE/CONSTRAINT VERIFICATION ONLY
9,HYD_r3_c0,HYD,Hyderabad,63.8,82,False,SYNTHETIC DATA — PIPELINE/CONSTRAINT VERIFICATION ONLY
9,HYD_r3_c1,HYD,Hyderabad,80.56,104,False,SYNTHETIC DATA — PIPELINE/CONSTRAINT VERIFICATION ONLY
9,HYD_r3_c2,HYD,Hyderabad,85.59,111,False,SYNTHETIC DATA — PIPELINE/CONSTRAINT VERIFICATION ONLY
9,HYD_r3_c3,HYD,Hyderabad,96.72,125,True,SYNTHETIC DATA — PIPELINE/CONSTRAINT VERIFICATION ONLY
9,HYD_r3_c4,HYD,Hyderabad,82.38,107,False,SYNTHETIC DATA — PIPELINE/CONSTRAINT VERIFICATION ONLY
9,HYD_r3_c5,HYD,Hyderabad,68.68,89,False,SYNTHETIC DATA — PIPELINE/CONSTRAINT VERIFICATION ONLY
9,HYD_r3_c6,HYD,Hyderabad,71.6,93,False,SYNTHETIC DATA — PIPELINE/CONSTRAINT VERIFICATION ONLY
9,HYD_r4_c0,HYD,Hyderabad,70.43,91,False,SYNTHETIC DATA — PIPELINE/CONSTRAINT VERIFICATION ONLY
9,HYD_r4_c1,HYD,Hyderabad,71.38,92,False,SYNTHETIC DATA — PIPELINE/CONSTRAINT VERIFICATION ONLY
9,HYD_r4_c2,HYD,Hyderabad,79.64,103,False,SYNTHETIC DATA — PIPELINE/CONSTRAINT VERIFICATION ONLY
9,HYD_r4_c3,HYD,Hyderabad,93.93,122,False,SYNTHETIC DATA — PIPELINE/CONSTRAINT VERIFICATION ONLY
9,HYD_r4_c4,HYD,Hyderabad,81.66,106,False,SYNTHETIC DATA — PIPELINE/CONSTRAINT VERIFICATION ONLY
9,HYD_r4_c5,HYD,Hyderabad,78.65,102,False,SYNTHETIC DATA — PIPELINE/CONSTRAINT VERIFICATION ONLY
9,HYD_r4_c6,HYD,Hyderabad,67.6,87,False,SYNTHETIC DATA — PIPELINE/CONSTRAINT VERIFICATION ONLY
9,HYD_r5_c0,HYD,Hyderabad,59.98,77,False,SYNTHETIC DATA — PIPELINE/CONSTRAINT VERIFICATION ONLY
9,HYD_r5_c1,HYD,Hyderabad,71.53,92,False,SYNTHETIC DATA — PIPELINE/CONSTRAINT VERIFICATION ONLY
9,HYD_r5_c2,HYD,Hyderabad,75.66,98,False,SYNTHETIC DATA — PIPELINE/CONSTRAINT VERIFICATION ONLY
9,HYD_r5_c3,HYD,Hyderabad,77.01,100,False,SYNTHETIC DATA — PIPELINE/CONSTRAINT VERIFICATION ONLY
9,HYD_r5_c4,HYD,Hyderabad,76.11,98,False,SYNTHETIC DATA — PIPELINE/CONSTRAINT VERIFICATION ONLY
9,HYD_r5_c5,HYD,Hyderabad,72.84,94,False,SYNTHETIC DATA — PIPELINE/CONSTRAINT VERIFICATION ONLY
9,HYD_r5_c6,HYD,Hyderabad,65.8,85,False,SYNTHETIC DATA — PIPELINE/CONSTRAINT VERIFICATION ONLY
9,HYD_r6_c0,HYD,Hyderabad,57.72,75,False,SYNTHETIC DATA — PIPELINE/CONSTRAINT VERIFICATION ONLY
9,HYD_r6_c1,HYD,Hyderabad,67.71,88,False,SYNTHETIC DATA — PIPELINE/CONSTRAINT VERIFICATION ONLY
9,HYD_r6_c2,HYD,Hyderabad,63.71,82,False,SYNTHETIC DATA — PIPELINE/CONSTRAINT VERIFICATION ONLY
9,HYD_r6_c3,HYD,Hyderabad,64.61,83,False,SYNTHETIC DATA — PIPELINE/CONSTRAINT VERIFICATION ONLY
9,HYD_r6_c4,HYD,Hyderabad,71.77,93,False,SYNTHETIC DATA — PIPELINE/CONSTRAINT VERIFICATION ONLY
9,HYD_r6_c5,HYD,Hyderabad,67.77,88,False,SYNTHETIC DATA — PIPELINE/CONSTRAINT VERIFICATION ONLY
9,HYD_r6_c6,HYD,Hyderabad,61.34,79,False,SYNTHETIC DATA — PIPELINE/CONSTRAINT VERIFICATION ONLY
9,BLR_r0_c0,BLR,Bengaluru,32.72,42,False,SYNTHETIC DATA — PIPELINE/CONSTRAINT VERIFICATION ONLY
9,BLR_r0_c1,BLR,Bengaluru,37.63,48,False,SYNTHETIC DATA — PIPELINE/CONSTRAINT VERIFICATION ONLY
9,BLR_r0_c2,BLR,Bengaluru,40.95,53,False,SYNTHETIC DATA — PIPELINE/CONSTRAINT VERIFICATION ONLY
9,BLR_r0_c3,BLR,Bengaluru,37.67,48,False,SYNTHETIC DATA — PIPELINE/CONSTRAINT VERIFICATION ONLY
9,BLR_r0_c4,BLR,Bengaluru,39.52,51,False,SYNTHETIC DATA — PIPELINE/CONSTRAINT VERIFICATION ONLY
9,BLR_r0_c5,BLR,Bengaluru,41.71,54,False,SYNTHETIC DATA — PIPELINE/CONSTRAINT VERIFICATION ONLY
9,BLR_r0_c6,BLR,Bengaluru,41.19,53,False,SYNTHETIC DATA — PIPELINE/CONSTRAINT VERIFICATION ONLY
9,BLR_r1_c0,BLR,Bengaluru,38.49,50,False,SYNTHETIC DATA — PIPELINE/CONSTRAINT VERIFICATION ONLY
9,BLR_r1_c1,BLR,Bengaluru,45.49,59,False,SYNTHETIC DATA — PIPELINE/CONSTRAINT VERIFICATION ONLY
9,BLR_r1_c2,BLR,Bengaluru,40.13,52,False,SYNTHETIC DATA — PIPELINE/CONSTRAINT VERIFICATION ONLY
9,BLR_r1_c3,BLR,Bengaluru,48.91,63,False,SYNTHETIC DATA — PIPELINE/CONSTRAINT VERIFICATION ONLY
9,BLR_r1_c4,BLR,Bengaluru,43.46,56,False,SYNTHETIC DATA — PIPELINE/CONSTRAINT VERIFICATION ONLY
9,BLR_r1_c5,BLR,Bengaluru,44.15,57,False,SYNTHETIC DATA — PIPELINE/CONSTRAINT VERIFICATION ONLY
9,BLR_r1_c6,BLR,Bengaluru,39.01,50,False,SYNTHETIC DATA — PIPELINE/CONSTRAINT VERIFICATION ONLY
9,BLR_r2_c0,BLR,Bengaluru,45.69,59,False,SYNTHETIC DATA — PIPELINE/CONSTRAINT VERIFICATION ONLY
9,BLR_r2_c1,BLR,Bengaluru,43.25,56,False,SYNTHETIC DATA — PIPELINE/CONSTRAINT VERIFICATION ONLY
9,BLR_r2_c2,BLR,Bengaluru,51.43,66,False,SYNTHETIC DATA — PIPELINE/CONSTRAINT VERIFICATION ONLY
9,BLR_r2_c3,BLR,Bengaluru,50.56,65,False,SYNTHETIC DATA — PIPELINE/CONSTRAINT VERIFICATION ONLY
9,BLR_r2_c4,BLR,Bengaluru,49.07,63,False,SYNTHETIC DATA — PIPELINE/CONSTRAINT VERIFICATION ONLY
9,BLR_r2_c5,BLR,Bengaluru,45.32,58,False,SYNTHETIC DATA — PIPELINE/CONSTRAINT VERIFICATION ONLY
9,BLR_r2_c6,BLR,Bengaluru,39.2,50,False,SYNTHETIC DATA — PIPELINE/CONSTRAINT VERIFICATION ONLY
9,BLR_r3_c0,BLR,Bengaluru,42.42,55,False,SYNTHETIC DATA — PIPELINE/CONSTRAINT VERIFICATION ONLY
9,BLR_r3_c1,BLR,Bengaluru,46.74,60,False,SYNTHETIC DATA — PIPELINE/CONSTRAINT VERIFICATION ONLY
9,BLR_r3_c2,BLR,Bengaluru,52.12,67,False,SYNTHETIC DATA — PIPELINE/CONSTRAINT VERIFICATION ONLY
9,BLR_r3_c3,BLR,Bengaluru,56.12,72,True,SYNTHETIC DATA — PIPELINE/CONSTRAINT VERIFICATION ONLY
9,BLR_r3_c4,BLR,Bengaluru,53.79,69,False,SYNTHETIC DATA — PIPELINE/CONSTRAINT VERIFICATION ONLY
9,BLR_r3_c5,BLR,Bengaluru,49.7,64,False,SYNTHETIC DATA — PIPELINE/CONSTRAINT VERIFICATION ONLY
9,BLR_r3_c6,BLR,Bengaluru,39.31,51,False,SYNTHETIC DATA — PIPELINE/CONSTRAINT VERIFICATION ONLY
9,BLR_r4_c0,BLR,Bengaluru,44.34,57,False,SYNTHETIC DATA — PIPELINE/CONSTRAINT VERIFICATION ONLY
9,BLR_r4_c1,BLR,Bengaluru,42.31,55,False,SYNTHETIC DATA — PIPELINE/CONSTRAINT VERIFICATION ONLY
9,BLR_r4_c2,BLR,Bengaluru,51.31,66,False,SYNTHETIC DATA — PIPELINE/CONSTRAINT VERIFICATION ONLY
9,BLR_r4_c3,BLR,Bengaluru,53.26,69,False,SYNTHETIC DATA — PIPELINE/CONSTRAINT VERIFICATION ONLY
9,BLR_r4_c4,BLR,Bengaluru,43.81,56,False,SYNTHETIC DATA — PIPELINE/CONSTRAINT VERIFICATION ONLY
9,BLR_r4_c5,BLR,Bengaluru,46.15,59,False,SYNTHETIC DATA — PIPELINE/CONSTRAINT VERIFICATION ONLY
9,BLR_r4_c6,BLR,Bengaluru,40.33,52,False,SYNTHETIC DATA — PIPELINE/CONSTRAINT VERIFICATION ONLY
9,BLR_r5_c0,BLR,Bengaluru,37.48,48,False,SYNTHETIC DATA — PIPELINE/CONSTRAINT VERIFICATION ONLY
9,BLR_r5_c1,BLR,Bengaluru,47.28,61,False,SYNTHETIC DATA — PIPELINE/CONSTRAINT VERIFICATION ONLY
9,BLR_r5_c2,BLR,Bengaluru,43.91,57,False,SYNTHETIC DATA — PIPELINE/CONSTRAINT VERIFICATION ONLY
9,BLR_r5_c3,BLR,Bengaluru,44.51,57,False,SYNTHETIC DATA — PIPELINE/CONSTRAINT VERIFICATION ONLY
9,BLR_r5_c4,BLR,Bengaluru,46.1,59,False,SYNTHETIC DATA — PIPELINE/CONSTRAINT VERIFICATION ONLY
9,BLR_r5_c5,BLR,Bengaluru,45.28,58,False,SYNTHETIC DATA — PIPELINE/CONSTRAINT VERIFICATION ONLY
9,BLR_r5_c6,BLR,Bengaluru,39.33,51,False,SYNTHETIC DATA — PIPELINE/CONSTRAINT VERIFICATION ONLY
9,BLR_r6_c0,BLR,Bengaluru,40.4,52,False,SYNTHETIC DATA — PIPELINE/CONSTRAINT VERIFICATION ONLY
9,BLR_r6_c1,BLR,Bengaluru,41.35,53,False,SYNTHETIC DATA — PIPELINE/CONSTRAINT VERIFICATION ONLY
9,BLR_r6_c2,BLR,Bengaluru,35.2,45,False,SYNTHETIC DATA — PIPELINE/CONSTRAINT VERIFICATION ONLY
9,BLR_r6_c3,BLR,Bengaluru,40.87,53,False,SYNTHETIC DATA — PIPELINE/CONSTRAINT VERIFICATION ONLY
9,BLR_r6_c4,BLR,Bengaluru,40.05,52,False,SYNTHETIC DATA — PIPELINE/CONSTRAINT VERIFICATION ONLY
9,BLR_r6_c5,BLR,Bengaluru,41.19,53,False,SYNTHETIC DATA — PIPELINE/CONSTRAINT VERIFICATION ONLY
9,BLR_r6_c6,BLR,Bengaluru,29.03,37,False,SYNTHETIC DATA — PIPELINE/CONSTRAINT VERIFICATION ONLY
9,MAA_r0_c0,MAA,Chennai,52.75,68,False,SYNTHETIC DATA — PIPELINE/CONSTRAINT VERIFICATION ONLY
9,MAA_r0_c1,MAA,Chennai,50.18,65,False,SYNTHETIC DATA — PIPELINE/CONSTRAINT VERIFICATION ONLY
9,MAA_r0_c2,MAA,Chennai,51.45,66,False,SYNTHETIC DATA — PIPELINE/CONSTRAINT VERIFICATION ONLY
9,MAA_r0_c3,MAA,Chennai,55.44,72,False,SYNTHETIC DATA — PIPELINE/CONSTRAINT VERIFICATION ONLY
9,MAA_r0_c4,MAA,Chennai,58.04,75,False,SYNTHETIC DATA — PIPELINE/CONSTRAINT VERIFICATION ONLY
9,MAA_r0_c5,MAA,Chennai,51.2,66,False,SYNTHETIC DATA — PIPELINE/CONSTRAINT VERIFICATION ONLY
9,MAA_r0_c6,MAA,Chennai,47.95,62,False,SYNTHETIC DATA — PIPELINE/CONSTRAINT VERIFICATION ONLY
9,MAA_r1_c0,MAA,Chennai,48.98,63,False,SYNTHETIC DATA — PIPELINE/CONSTRAINT VERIFICATION ONLY
9,MAA_r1_c1,MAA,Chennai,52.41,68,False,SYNTHETIC DATA — PIPELINE/CONSTRAINT VERIFICATION ONLY
9,MAA_r1_c2,MAA,Chennai,54.64,71,False,SYNTHETIC DATA — PIPELINE/CONSTRAINT VERIFICATION ONLY
9,MAA_r1_c3,MAA,Chennai,54.88,71,False,SYNTHETIC DATA — PIPELINE/CONSTRAINT VERIFICATION ONLY
9,MAA_r1_c4,MAA,Chennai,54.01,70,False,SYNTHETIC DATA — PIPELINE/CONSTRAINT VERIFICATION ONLY
9,MAA_r1_c5,MAA,Chennai,48.78,63,False,SYNTHETIC DATA — PIPELINE/CONSTRAINT VERIFICATION ONLY
9,MAA_r1_c6,MAA,Chennai,48.36,62,False,SYNTHETIC DATA — PIPELINE/CONSTRAINT VERIFICATION ONLY
9,MAA_r2_c0,MAA,Chennai,45.95,59,False,SYNTHETIC DATA — PIPELINE/CONSTRAINT VERIFICATION ONLY
9,MAA_r2_c1,MAA,Chennai,56.64,73,False,SYNTHETIC DATA — PIPELINE/CONSTRAINT VERIFICATION ONLY
9,MAA_r2_c2,MAA,Chennai,60.45,78,False,SYNTHETIC DATA — PIPELINE/CONSTRAINT VERIFICATION ONLY
9,MAA_r2_c3,MAA,Chennai,63.26,82,False,SYNTHETIC DATA — PIPELINE/CONSTRAINT VERIFICATION ONLY
9,MAA_r2_c4,MAA,Chennai,58.99,76,False,SYNTHETIC DATA — PIPELINE/CONSTRAINT VERIFICATION ONLY
9,MAA_r2_c5,MAA,Chennai,65.3,84,False,SYNTHETIC DATA — PIPELINE/CONSTRAINT VERIFICATION ONLY
9,MAA_r2_c6,MAA,Chennai,55.09,71,False,SYNTHETIC DATA — PIPELINE/CONSTRAINT VERIFICATION ONLY
9,MAA_r3_c0,MAA,Chennai,48.16,62,False,SYNTHETIC DATA — PIPELINE/CONSTRAINT VERIFICATION ONLY
9,MAA_r3_c1,MAA,Chennai,58.06,75,False,SYNTHETIC DATA — PIPELINE/CONSTRAINT VERIFICATION ONLY
9,MAA_r3_c2,MAA,Chennai,60.99,79,False,SYNTHETIC DATA — PIPELINE/CONSTRAINT VERIFICATION ONLY
9,MAA_r3_c3,MAA,Chennai,65.24,84,True,SYNTHETIC DATA — PIPELINE/CONSTRAINT VERIFICATION ONLY
9,MAA_r3_c4,MAA,Chennai,58.8,76,False,SYNTHETIC DATA — PIPELINE/CONSTRAINT VERIFICATION ONLY
9,MAA_r3_c5,MAA,Chennai,58.65,76,False,SYNTHETIC DATA — PIPELINE/CONSTRAINT VERIFICATION ONLY
9,MAA_r3_c6,MAA,Chennai,49.85,64,False,SYNTHETIC DATA — PIPELINE/CONSTRAINT VERIFICATION ONLY
9,MAA_r4_c0,MAA,Chennai,53.91,70,False,SYNTHETIC DATA — PIPELINE/CONSTRAINT VERIFICATION ONLY
9,MAA_r4_c1,MAA,Chennai,59.05,76,False,SYNTHETIC DATA — PIPELINE/CONSTRAINT VERIFICATION ONLY
9,MAA_r4_c2,MAA,Chennai,64.68,84,False,SYNTHETIC DATA — PIPELINE/CONSTRAINT VERIFICATION ONLY
9,MAA_r4_c3,MAA,Chennai,60.26,78,False,SYNTHETIC DATA — PIPELINE/CONSTRAINT VERIFICATION ONLY
9,MAA_r4_c4,MAA,Chennai,61.98,80,False,SYNTHETIC DATA — PIPELINE/CONSTRAINT VERIFICATION ONLY
9,MAA_r4_c5,MAA,Chennai,57.96,75,False,SYNTHETIC DATA — PIPELINE/CONSTRAINT VERIFICATION ONLY
9,MAA_r4_c6,MAA,Chennai,49.58,64,False,SYNTHETIC DATA — PIPELINE/CONSTRAINT VERIFICATION ONLY
9,MAA_r5_c0,MAA,Chennai,46.27,60,False,SYNTHETIC DATA — PIPELINE/CONSTRAINT VERIFICATION ONLY
9,MAA_r5_c1,MAA,Chennai,57.66,74,False,SYNTHETIC DATA — PIPELINE/CONSTRAINT VERIFICATION ONLY
9,MAA_r5_c2,MAA,Chennai,56.75,73,False,SYNTHETIC DATA — PIPELINE/CONSTRAINT VERIFICATION ONLY
9,MAA_r5_c3,MAA,Chennai,59.26,77,False,SYNTHETIC DATA — PIPELINE/CONSTRAINT VERIFICATION ONLY
9,MAA_r5_c4,MAA,Chennai,53.6,69,False,SYNTHETIC DATA — PIPELINE/CONSTRAINT VERIFICATION ONLY
9,MAA_r5_c5,MAA,Chennai,49.17,63,False,SYNTHETIC DATA — PIPELINE/CONSTRAINT VERIFICATION ONLY
9,MAA_r5_c6,MAA,Chennai,46.88,60,False,SYNTHETIC DATA — PIPELINE/CONSTRAINT VERIFICATION ONLY
9,MAA_r6_c0,MAA,Chennai,44.73,58,False,SYNTHETIC DATA — PIPELINE/CONSTRAINT VERIFICATION ONLY
9,MAA_r6_c1,MAA,Chennai,45.39,59,False,SYNTHETIC DATA — PIPELINE/CONSTRAINT VERIFICATION ONLY
9,MAA_r6_c2,MAA,Chennai,50.98,66,False,SYNTHETIC DATA — PIPELINE/CONSTRAINT VERIFICATION ONLY
9,MAA_r6_c3,MAA,Chennai,46.83,60,False,SYNTHETIC DATA — PIPELINE/CONSTRAINT VERIFICATION ONLY
9,MAA_r6_c4,MAA,Chennai,47.65,61,False,SYNTHETIC DATA — PIPELINE/CONSTRAINT VERIFICATION ONLY
9,MAA_r6_c5,MAA,Chennai,50.6,65,False,SYNTHETIC DATA — PIPELINE/CONSTRAINT VERIFICATION ONLY
9,MAA_r6_c6,MAA,Chennai,46.92,60,False,SYNTHETIC DATA — PIPELINE/CONSTRAINT VERIFICATION ONLY
10,DEL_r0_c0,DEL,Delhi,143.47,186,False,SYNTHETIC DATA — PIPELINE/CONSTRAINT VERIFICATION ONLY
10,DEL_r0_c1,DEL,Delhi,152.76,198,False,SYNTHETIC DATA — PIPELINE/CONSTRAINT VERIFICATION ONLY
10,DEL_r0_c2,DEL,Delhi,160.49,208,False,SYNTHETIC DATA — PIPELINE/CONSTRAINT VERIFICATION ONLY
10,DEL_r0_c3,DEL,Delhi,165.3,214,False,SYNTHETIC DATA — PIPELINE/CONSTRAINT VERIFICATION ONLY
10,DEL_r0_c4,DEL,Delhi,165.51,215,False,SYNTHETIC DATA — PIPELINE/CONSTRAINT VERIFICATION ONLY
10,DEL_r0_c5,DEL,Delhi,158.59,206,False,SYNTHETIC DATA — PIPELINE/CONSTRAINT VERIFICATION ONLY
10,DEL_r0_c6,DEL,Delhi,143.16,186,False,SYNTHETIC DATA — PIPELINE/CONSTRAINT VERIFICATION ONLY
10,DEL_r1_c0,DEL,Delhi,152.35,198,False,SYNTHETIC DATA — PIPELINE/CONSTRAINT VERIFICATION ONLY
10,DEL_r1_c1,DEL,Delhi,170.23,221,False,SYNTHETIC DATA — PIPELINE/CONSTRAINT VERIFICATION ONLY
10,DEL_r1_c2,DEL,Delhi,177.33,230,False,SYNTHETIC DATA — PIPELINE/CONSTRAINT VERIFICATION ONLY
10,DEL_r1_c3,DEL,Delhi,182.38,237,False,SYNTHETIC DATA — PIPELINE/CONSTRAINT VERIFICATION ONLY
10,DEL_r1_c4,DEL,Delhi,183.78,238,False,SYNTHETIC DATA — PIPELINE/CONSTRAINT VERIFICATION ONLY
10,DEL_r1_c5,DEL,Delhi,171.9,223,False,SYNTHETIC DATA — PIPELINE/CONSTRAINT VERIFICATION ONLY
10,DEL_r1_c6,DEL,Delhi,156.28,203,False,SYNTHETIC DATA — PIPELINE/CONSTRAINT VERIFICATION ONLY
10,DEL_r2_c0,DEL,Delhi,159.76,207,False,SYNTHETIC DATA — PIPELINE/CONSTRAINT VERIFICATION ONLY
10,DEL_r2_c1,DEL,Delhi,180.43,234,False,SYNTHETIC DATA — PIPELINE/CONSTRAINT VERIFICATION ONLY
10,DEL_r2_c2,DEL,Delhi,197.39,256,False,SYNTHETIC DATA — PIPELINE/CONSTRAINT VERIFICATION ONLY
10,DEL_r2_c3,DEL,Delhi,200.33,260,False,SYNTHETIC DATA — PIPELINE/CONSTRAINT VERIFICATION ONLY
10,DEL_r2_c4,DEL,Delhi,198.25,257,False,SYNTHETIC DATA — PIPELINE/CONSTRAINT VERIFICATION ONLY
10,DEL_r2_c5,DEL,Delhi,183.68,238,False,SYNTHETIC DATA — PIPELINE/CONSTRAINT VERIFICATION ONLY
10,DEL_r2_c6,DEL,Delhi,168.57,219,False,SYNTHETIC DATA — PIPELINE/CONSTRAINT VERIFICATION ONLY
10,DEL_r3_c0,DEL,Delhi,167.33,217,False,SYNTHETIC DATA — PIPELINE/CONSTRAINT VERIFICATION ONLY
10,DEL_r3_c1,DEL,Delhi,185.7,241,False,SYNTHETIC DATA — PIPELINE/CONSTRAINT VERIFICATION ONLY
10,DEL_r3_c2,DEL,Delhi,205.7,267,False,SYNTHETIC DATA — PIPELINE/CONSTRAINT VERIFICATION ONLY
10,DEL_r3_c3,DEL,Delhi,220.31,286,True,SYNTHETIC DATA — PIPELINE/CONSTRAINT VERIFICATION ONLY
10,DEL_r3_c4,DEL,Delhi,199.95,259,False,SYNTHETIC DATA — PIPELINE/CONSTRAINT VERIFICATION ONLY
10,DEL_r3_c5,DEL,Delhi,182.59,237,False,SYNTHETIC DATA — PIPELINE/CONSTRAINT VERIFICATION ONLY
10,DEL_r3_c6,DEL,Delhi,167.13,217,False,SYNTHETIC DATA — PIPELINE/CONSTRAINT VERIFICATION ONLY
10,DEL_r4_c0,DEL,Delhi,159.7,207,False,SYNTHETIC DATA — PIPELINE/CONSTRAINT VERIFICATION ONLY
10,DEL_r4_c1,DEL,Delhi,179.37,233,False,SYNTHETIC DATA — PIPELINE/CONSTRAINT VERIFICATION ONLY
10,DEL_r4_c2,DEL,Delhi,197.49,256,False,SYNTHETIC DATA — PIPELINE/CONSTRAINT VERIFICATION ONLY
10,DEL_r4_c3,DEL,Delhi,194.88,253,False,SYNTHETIC DATA — PIPELINE/CONSTRAINT VERIFICATION ONLY
10,DEL_r4_c4,DEL,Delhi,198.8,258,False,SYNTHETIC DATA — PIPELINE/CONSTRAINT VERIFICATION ONLY
10,DEL_r4_c5,DEL,Delhi,183.17,238,False,SYNTHETIC DATA — PIPELINE/CONSTRAINT VERIFICATION ONLY
10,DEL_r4_c6,DEL,Delhi,162.2,210,False,SYNTHETIC DATA — PIPELINE/CONSTRAINT VERIFICATION ONLY
10,DEL_r5_c0,DEL,Delhi,157.44,204,False,SYNTHETIC DATA — PIPELINE/CONSTRAINT VERIFICATION ONLY
10,DEL_r5_c1,DEL,Delhi,169.43,220,False,SYNTHETIC DATA — PIPELINE/CONSTRAINT VERIFICATION ONLY
10,DEL_r5_c2,DEL,Delhi,183.49,238,False,SYNTHETIC DATA — PIPELINE/CONSTRAINT VERIFICATION ONLY
10,DEL_r5_c3,DEL,Delhi,186.88,242,False,SYNTHETIC DATA — PIPELINE/CONSTRAINT VERIFICATION ONLY
10,DEL_r5_c4,DEL,Delhi,175.6,228,False,SYNTHETIC DATA — PIPELINE/CONSTRAINT VERIFICATION ONLY
10,DEL_r5_c5,DEL,Delhi,171.19,222,False,SYNTHETIC DATA — PIPELINE/CONSTRAINT VERIFICATION ONLY
10,DEL_r5_c6,DEL,Delhi,155.19,201,False,SYNTHETIC DATA — PIPELINE/CONSTRAINT VERIFICATION ONLY
10,DEL_r6_c0,DEL,Delhi,144.9,188,False,SYNTHETIC DATA — PIPELINE/CONSTRAINT VERIFICATION ONLY
10,DEL_r6_c1,DEL,Delhi,153.63,199,False,SYNTHETIC DATA — PIPELINE/CONSTRAINT VERIFICATION ONLY
10,DEL_r6_c2,DEL,Delhi,168.82,219,False,SYNTHETIC DATA — PIPELINE/CONSTRAINT VERIFICATION ONLY
10,DEL_r6_c3,DEL,Delhi,169.54,220,False,SYNTHETIC DATA — PIPELINE/CONSTRAINT VERIFICATION ONLY
10,DEL_r6_c4,DEL,Delhi,161.36,209,False,SYNTHETIC DATA — PIPELINE/CONSTRAINT VERIFICATION ONLY
10,DEL_r6_c5,DEL,Delhi,151.81,197,False,SYNTHETIC DATA — PIPELINE/CONSTRAINT VERIFICATION ONLY
10,DEL_r6_c6,DEL,Delhi,143.49,186,False,SYNTHETIC DATA — PIPELINE/CONSTRAINT VERIFICATION ONLY
10,BOM_r0_c0,BOM,Mumbai,73.63,95,False,SYNTHETIC DATA — PIPELINE/CONSTRAINT VERIFICATION ONLY
10,BOM_r0_c1,BOM,Mumbai,78.63,102,False,SYNTHETIC DATA — PIPELINE/CONSTRAINT VERIFICATION ONLY
10,BOM_r0_c2,BOM,Mumbai,85.55,111,False,SYNTHETIC DATA — PIPELINE/CONSTRAINT VERIFICATION ONLY
10,BOM_r0_c3,BOM,Mumbai,85.58,111,False,SYNTHETIC DATA — PIPELINE/CONSTRAINT VERIFICATION ONLY
10,BOM_r0_c4,BOM,Mumbai,84.7,110,False,SYNTHETIC DATA — PIPELINE/CONSTRAINT VERIFICATION ONLY
10,BOM_r0_c5,BOM,Mumbai,78.89,102,False,SYNTHETIC DATA — PIPELINE/CONSTRAINT VERIFICATION ONLY
10,BOM_r0_c6,BOM,Mumbai,68.16,88,False,SYNTHETIC DATA — PIPELINE/CONSTRAINT VERIFICATION ONLY
10,BOM_r1_c0,BOM,Mumbai,77.32,100,False,SYNTHETIC DATA — PIPELINE/CONSTRAINT VERIFICATION ONLY
10,BOM_r1_c1,BOM,Mumbai,87.89,114,False,SYNTHETIC DATA — PIPELINE/CONSTRAINT VERIFICATION ONLY
10,BOM_r1_c2,BOM,Mumbai,89.75,116,False,SYNTHETIC DATA — PIPELINE/CONSTRAINT VERIFICATION ONLY
10,BOM_r1_c3,BOM,Mumbai,93.48,121,False,SYNTHETIC DATA — PIPELINE/CONSTRAINT VERIFICATION ONLY
10,BOM_r1_c4,BOM,Mumbai,88.94,115,False,SYNTHETIC DATA — PIPELINE/CONSTRAINT VERIFICATION ONLY
10,BOM_r1_c5,BOM,Mumbai,81.62,106,False,SYNTHETIC DATA — PIPELINE/CONSTRAINT VERIFICATION ONLY
10,BOM_r1_c6,BOM,Mumbai,77.54,100,False,SYNTHETIC DATA — PIPELINE/CONSTRAINT VERIFICATION ONLY
10,BOM_r2_c0,BOM,Mumbai,82.71,107,False,SYNTHETIC DATA — PIPELINE/CONSTRAINT VERIFICATION ONLY
10,BOM_r2_c1,BOM,Mumbai,87.93,114,False,SYNTHETIC DATA — PIPELINE/CONSTRAINT VERIFICATION ONLY
10,BOM_r2_c2,BOM,Mumbai,96.39,125,False,SYNTHETIC DATA — PIPELINE/CONSTRAINT VERIFICATION ONLY
10,BOM_r2_c3,BOM,Mumbai,97.91,127,False,SYNTHETIC DATA — PIPELINE/CONSTRAINT VERIFICATION ONLY
10,BOM_r2_c4,BOM,Mumbai,100.46,130,False,SYNTHETIC DATA — PIPELINE/CONSTRAINT VERIFICATION ONLY
10,BOM_r2_c5,BOM,Mumbai,89.02,115,False,SYNTHETIC DATA — PIPELINE/CONSTRAINT VERIFICATION ONLY
10,BOM_r2_c6,BOM,Mumbai,86.15,111,False,SYNTHETIC DATA — PIPELINE/CONSTRAINT VERIFICATION ONLY
10,BOM_r3_c0,BOM,Mumbai,87.8,114,False,SYNTHETIC DATA — PIPELINE/CONSTRAINT VERIFICATION ONLY
10,BOM_r3_c1,BOM,Mumbai,91.72,119,False,SYNTHETIC DATA — PIPELINE/CONSTRAINT VERIFICATION ONLY
10,BOM_r3_c2,BOM,Mumbai,97.7,127,False,SYNTHETIC DATA — PIPELINE/CONSTRAINT VERIFICATION ONLY
10,BOM_r3_c3,BOM,Mumbai,103.23,134,True,SYNTHETIC DATA — PIPELINE/CONSTRAINT VERIFICATION ONLY
10,BOM_r3_c4,BOM,Mumbai,96.31,125,False,SYNTHETIC DATA — PIPELINE/CONSTRAINT VERIFICATION ONLY
10,BOM_r3_c5,BOM,Mumbai,87.85,114,False,SYNTHETIC DATA — PIPELINE/CONSTRAINT VERIFICATION ONLY
10,BOM_r3_c6,BOM,Mumbai,87.34,113,False,SYNTHETIC DATA — PIPELINE/CONSTRAINT VERIFICATION ONLY
10,BOM_r4_c0,BOM,Mumbai,82.14,106,False,SYNTHETIC DATA — PIPELINE/CONSTRAINT VERIFICATION ONLY
10,BOM_r4_c1,BOM,Mumbai,91.07,118,False,SYNTHETIC DATA — PIPELINE/CONSTRAINT VERIFICATION ONLY
10,BOM_r4_c2,BOM,Mumbai,90.44,117,False,SYNTHETIC DATA — PIPELINE/CONSTRAINT VERIFICATION ONLY
10,BOM_r4_c3,BOM,Mumbai,97.13,126,False,SYNTHETIC DATA — PIPELINE/CONSTRAINT VERIFICATION ONLY
10,BOM_r4_c4,BOM,Mumbai,99.76,129,False,SYNTHETIC DATA — PIPELINE/CONSTRAINT VERIFICATION ONLY
10,BOM_r4_c5,BOM,Mumbai,90.76,117,False,SYNTHETIC DATA — PIPELINE/CONSTRAINT VERIFICATION ONLY
10,BOM_r4_c6,BOM,Mumbai,81.35,105,False,SYNTHETIC DATA — PIPELINE/CONSTRAINT VERIFICATION ONLY
10,BOM_r5_c0,BOM,Mumbai,79.6,103,False,SYNTHETIC DATA — PIPELINE/CONSTRAINT VERIFICATION ONLY
10,BOM_r5_c1,BOM,Mumbai,89.62,116,False,SYNTHETIC DATA — PIPELINE/CONSTRAINT VERIFICATION ONLY
10,BOM_r5_c2,BOM,Mumbai,89.24,116,False,SYNTHETIC DATA — PIPELINE/CONSTRAINT VERIFICATION ONLY
10,BOM_r5_c3,BOM,Mumbai,92.18,119,False,SYNTHETIC DATA — PIPELINE/CONSTRAINT VERIFICATION ONLY
10,BOM_r5_c4,BOM,Mumbai,90.48,117,False,SYNTHETIC DATA — PIPELINE/CONSTRAINT VERIFICATION ONLY
10,BOM_r5_c5,BOM,Mumbai,91.89,119,False,SYNTHETIC DATA — PIPELINE/CONSTRAINT VERIFICATION ONLY
10,BOM_r5_c6,BOM,Mumbai,71.61,93,False,SYNTHETIC DATA — PIPELINE/CONSTRAINT VERIFICATION ONLY
10,BOM_r6_c0,BOM,Mumbai,74.37,96,False,SYNTHETIC DATA — PIPELINE/CONSTRAINT VERIFICATION ONLY
10,BOM_r6_c1,BOM,Mumbai,77.56,100,False,SYNTHETIC DATA — PIPELINE/CONSTRAINT VERIFICATION ONLY
10,BOM_r6_c2,BOM,Mumbai,83.49,108,False,SYNTHETIC DATA — PIPELINE/CONSTRAINT VERIFICATION ONLY
10,BOM_r6_c3,BOM,Mumbai,81.24,105,False,SYNTHETIC DATA — PIPELINE/CONSTRAINT VERIFICATION ONLY
10,BOM_r6_c4,BOM,Mumbai,81.64,106,False,SYNTHETIC DATA — PIPELINE/CONSTRAINT VERIFICATION ONLY
10,BOM_r6_c5,BOM,Mumbai,80.04,104,False,SYNTHETIC DATA — PIPELINE/CONSTRAINT VERIFICATION ONLY
10,BOM_r6_c6,BOM,Mumbai,81.66,106,False,SYNTHETIC DATA — PIPELINE/CONSTRAINT VERIFICATION ONLY
10,LKO_r0_c0,LKO,Lucknow,131.0,170,False,SYNTHETIC DATA — PIPELINE/CONSTRAINT VERIFICATION ONLY
10,LKO_r0_c1,LKO,Lucknow,135.95,176,False,SYNTHETIC DATA — PIPELINE/CONSTRAINT VERIFICATION ONLY
10,LKO_r0_c2,LKO,Lucknow,144.13,187,False,SYNTHETIC DATA — PIPELINE/CONSTRAINT VERIFICATION ONLY
10,LKO_r0_c3,LKO,Lucknow,146.57,190,False,SYNTHETIC DATA — PIPELINE/CONSTRAINT VERIFICATION ONLY
10,LKO_r0_c4,LKO,Lucknow,140.01,182,False,SYNTHETIC DATA — PIPELINE/CONSTRAINT VERIFICATION ONLY
10,LKO_r0_c5,LKO,Lucknow,137.51,178,False,SYNTHETIC DATA — PIPELINE/CONSTRAINT VERIFICATION ONLY
10,LKO_r0_c6,LKO,Lucknow,130.78,170,False,SYNTHETIC DATA — PIPELINE/CONSTRAINT VERIFICATION ONLY
10,LKO_r1_c0,LKO,Lucknow,134.68,175,False,SYNTHETIC DATA — PIPELINE/CONSTRAINT VERIFICATION ONLY
10,LKO_r1_c1,LKO,Lucknow,153.74,199,False,SYNTHETIC DATA — PIPELINE/CONSTRAINT VERIFICATION ONLY
10,LKO_r1_c2,LKO,Lucknow,161.29,209,False,SYNTHETIC DATA — PIPELINE/CONSTRAINT VERIFICATION ONLY
10,LKO_r1_c3,LKO,Lucknow,161.3,209,False,SYNTHETIC DATA — PIPELINE/CONSTRAINT VERIFICATION ONLY
10,LKO_r1_c4,LKO,Lucknow,159.4,207,False,SYNTHETIC DATA — PIPELINE/CONSTRAINT VERIFICATION ONLY
10,LKO_r1_c5,LKO,Lucknow,155.39,202,False,SYNTHETIC DATA — PIPELINE/CONSTRAINT VERIFICATION ONLY
10,LKO_r1_c6,LKO,Lucknow,140.7,182,False,SYNTHETIC DATA — PIPELINE/CONSTRAINT VERIFICATION ONLY
10,LKO_r2_c0,LKO,Lucknow,145.43,189,False,SYNTHETIC DATA — PIPELINE/CONSTRAINT VERIFICATION ONLY
10,LKO_r2_c1,LKO,Lucknow,159.11,206,False,SYNTHETIC DATA — PIPELINE/CONSTRAINT VERIFICATION ONLY
10,LKO_r2_c2,LKO,Lucknow,172.85,224,False,SYNTHETIC DATA — PIPELINE/CONSTRAINT VERIFICATION ONLY
10,LKO_r2_c3,LKO,Lucknow,177.53,230,False,SYNTHETIC DATA — PIPELINE/CONSTRAINT VERIFICATION ONLY
10,LKO_r2_c4,LKO,Lucknow,166.31,216,False,SYNTHETIC DATA — PIPELINE/CONSTRAINT VERIFICATION ONLY
10,LKO_r2_c5,LKO,Lucknow,165.95,215,False,SYNTHETIC DATA — PIPELINE/CONSTRAINT VERIFICATION ONLY
10,LKO_r2_c6,LKO,Lucknow,145.87,189,False,SYNTHETIC DATA — PIPELINE/CONSTRAINT VERIFICATION ONLY
10,LKO_r3_c0,LKO,Lucknow,149.12,193,False,SYNTHETIC DATA — PIPELINE/CONSTRAINT VERIFICATION ONLY
10,LKO_r3_c1,LKO,Lucknow,163.32,212,False,SYNTHETIC DATA — PIPELINE/CONSTRAINT VERIFICATION ONLY
10,LKO_r3_c2,LKO,Lucknow,176.86,229,False,SYNTHETIC DATA — PIPELINE/CONSTRAINT VERIFICATION ONLY
10,LKO_r3_c3,LKO,Lucknow,194.08,252,True,SYNTHETIC DATA — PIPELINE/CONSTRAINT VERIFICATION ONLY
10,LKO_r3_c4,LKO,Lucknow,174.27,226,False,SYNTHETIC DATA — PIPELINE/CONSTRAINT VERIFICATION ONLY
10,LKO_r3_c5,LKO,Lucknow,170.33,221,False,SYNTHETIC DATA — PIPELINE/CONSTRAINT VERIFICATION ONLY
10,LKO_r3_c6,LKO,Lucknow,144.22,187,False,SYNTHETIC DATA — PIPELINE/CONSTRAINT VERIFICATION ONLY
10,LKO_r4_c0,LKO,Lucknow,142.3,184,False,SYNTHETIC DATA — PIPELINE/CONSTRAINT VERIFICATION ONLY
10,LKO_r4_c1,LKO,Lucknow,158.5,206,False,SYNTHETIC DATA — PIPELINE/CONSTRAINT VERIFICATION ONLY
10,LKO_r4_c2,LKO,Lucknow,176.48,229,False,SYNTHETIC DATA — PIPELINE/CONSTRAINT VERIFICATION ONLY
10,LKO_r4_c3,LKO,Lucknow,179.11,232,False,SYNTHETIC DATA — PIPELINE/CONSTRAINT VERIFICATION ONLY
10,LKO_r4_c4,LKO,Lucknow,168.91,219,False,SYNTHETIC DATA — PIPELINE/CONSTRAINT VERIFICATION ONLY
10,LKO_r4_c5,LKO,Lucknow,163.59,212,False,SYNTHETIC DATA — PIPELINE/CONSTRAINT VERIFICATION ONLY
10,LKO_r4_c6,LKO,Lucknow,147.59,191,False,SYNTHETIC DATA — PIPELINE/CONSTRAINT VERIFICATION ONLY
10,LKO_r5_c0,LKO,Lucknow,140.11,182,False,SYNTHETIC DATA — PIPELINE/CONSTRAINT VERIFICATION ONLY
10,LKO_r5_c1,LKO,Lucknow,152.75,198,False,SYNTHETIC DATA — PIPELINE/CONSTRAINT VERIFICATION ONLY
10,LKO_r5_c2,LKO,Lucknow,167.01,217,False,SYNTHETIC DATA — PIPELINE/CONSTRAINT VERIFICATION ONLY
10,LKO_r5_c3,LKO,Lucknow,170.05,221,False,SYNTHETIC DATA — PIPELINE/CONSTRAINT VERIFICATION ONLY
10,LKO_r5_c4,LKO,Lucknow,157.76,205,False,SYNTHETIC DATA — PIPELINE/CONSTRAINT VERIFICATION ONLY
10,LKO_r5_c5,LKO,Lucknow,155.47,202,False,SYNTHETIC DATA — PIPELINE/CONSTRAINT VERIFICATION ONLY
10,LKO_r5_c6,LKO,Lucknow,139.65,181,False,SYNTHETIC DATA — PIPELINE/CONSTRAINT VERIFICATION ONLY
10,LKO_r6_c0,LKO,Lucknow,130.07,169,False,SYNTHETIC DATA — PIPELINE/CONSTRAINT VERIFICATION ONLY
10,LKO_r6_c1,LKO,Lucknow,133.42,173,False,SYNTHETIC DATA — PIPELINE/CONSTRAINT VERIFICATION ONLY
10,LKO_r6_c2,LKO,Lucknow,144.89,188,False,SYNTHETIC DATA — PIPELINE/CONSTRAINT VERIFICATION ONLY
10,LKO_r6_c3,LKO,Lucknow,145.49,189,False,SYNTHETIC DATA — PIPELINE/CONSTRAINT VERIFICATION ONLY
10,LKO_r6_c4,LKO,Lucknow,147.88,192,False,SYNTHETIC DATA — PIPELINE/CONSTRAINT VERIFICATION ONLY
10,LKO_r6_c5,LKO,Lucknow,141.71,184,False,SYNTHETIC DATA — PIPELINE/CONSTRAINT VERIFICATION ONLY
10,LKO_r6_c6,LKO,Lucknow,122.35,159,False,SYNTHETIC DATA — PIPELINE/CONSTRAINT VERIFICATION ONLY
10,VNS_r0_c0,VNS,Varanasi,120.48,156,False,SYNTHETIC DATA — PIPELINE/CONSTRAINT VERIFICATION ONLY
10,VNS_r0_c1,VNS,Varanasi,133.21,173,False,SYNTHETIC DATA — PIPELINE/CONSTRAINT VERIFICATION ONLY
10,VNS_r0_c2,VNS,Varanasi,135.75,176,False,SYNTHETIC DATA — PIPELINE/CONSTRAINT VERIFICATION ONLY
10,VNS_r0_c3,VNS,Varanasi,140.87,183,False,SYNTHETIC DATA — PIPELINE/CONSTRAINT VERIFICATION ONLY
10,VNS_r0_c4,VNS,Varanasi,137.37,178,False,SYNTHETIC DATA — PIPELINE/CONSTRAINT VERIFICATION ONLY
10,VNS_r0_c5,VNS,Varanasi,130.87,170,False,SYNTHETIC DATA — PIPELINE/CONSTRAINT VERIFICATION ONLY
10,VNS_r0_c6,VNS,Varanasi,119.73,155,False,SYNTHETIC DATA — PIPELINE/CONSTRAINT VERIFICATION ONLY
10,VNS_r1_c0,VNS,Varanasi,126.19,164,False,SYNTHETIC DATA — PIPELINE/CONSTRAINT VERIFICATION ONLY
10,VNS_r1_c1,VNS,Varanasi,137.82,179,False,SYNTHETIC DATA — PIPELINE/CONSTRAINT VERIFICATION ONLY
10,VNS_r1_c2,VNS,Varanasi,151.96,197,False,SYNTHETIC DATA — PIPELINE/CONSTRAINT VERIFICATION ONLY
10,VNS_r1_c3,VNS,Varanasi,153.34,199,False,SYNTHETIC DATA — PIPELINE/CONSTRAINT VERIFICATION ONLY
10,VNS_r1_c4,VNS,Varanasi,149.42,194,False,SYNTHETIC DATA — PIPELINE/CONSTRAINT VERIFICATION ONLY
10,VNS_r1_c5,VNS,Varanasi,139.91,181,False,SYNTHETIC DATA — PIPELINE/CONSTRAINT VERIFICATION ONLY
10,VNS_r1_c6,VNS,Varanasi,128.93,167,False,SYNTHETIC DATA — PIPELINE/CONSTRAINT VERIFICATION ONLY
10,VNS_r2_c0,VNS,Varanasi,139.45,181,False,SYNTHETIC DATA — PIPELINE/CONSTRAINT VERIFICATION ONLY
10,VNS_r2_c1,VNS,Varanasi,148.83,193,False,SYNTHETIC DATA — PIPELINE/CONSTRAINT VERIFICATION ONLY
10,VNS_r2_c2,VNS,Varanasi,157.81,205,False,SYNTHETIC DATA — PIPELINE/CONSTRAINT VERIFICATION ONLY
10,VNS_r2_c3,VNS,Varanasi,170.11,221,False,SYNTHETIC DATA — PIPELINE/CONSTRAINT VERIFICATION ONLY
10,VNS_r2_c4,VNS,Varanasi,161.22,209,False,SYNTHETIC DATA — PIPELINE/CONSTRAINT VERIFICATION ONLY
10,VNS_r2_c5,VNS,Varanasi,149.93,194,False,SYNTHETIC DATA — PIPELINE/CONSTRAINT VERIFICATION ONLY
10,VNS_r2_c6,VNS,Varanasi,141.14,183,False,SYNTHETIC DATA — PIPELINE/CONSTRAINT VERIFICATION ONLY
10,VNS_r3_c0,VNS,Varanasi,138.62,180,False,SYNTHETIC DATA — PIPELINE/CONSTRAINT VERIFICATION ONLY
10,VNS_r3_c1,VNS,Varanasi,154.15,200,False,SYNTHETIC DATA — PIPELINE/CONSTRAINT VERIFICATION ONLY
10,VNS_r3_c2,VNS,Varanasi,164.34,213,False,SYNTHETIC DATA — PIPELINE/CONSTRAINT VERIFICATION ONLY
10,VNS_r3_c3,VNS,Varanasi,181.82,236,True,SYNTHETIC DATA — PIPELINE/CONSTRAINT VERIFICATION ONLY
10,VNS_r3_c4,VNS,Varanasi,169.71,220,False,SYNTHETIC DATA — PIPELINE/CONSTRAINT VERIFICATION ONLY
10,VNS_r3_c5,VNS,Varanasi,148.61,193,False,SYNTHETIC DATA — PIPELINE/CONSTRAINT VERIFICATION ONLY
10,VNS_r3_c6,VNS,Varanasi,139.28,181,False,SYNTHETIC DATA — PIPELINE/CONSTRAINT VERIFICATION ONLY
10,VNS_r4_c0,VNS,Varanasi,136.62,177,False,SYNTHETIC DATA — PIPELINE/CONSTRAINT VERIFICATION ONLY
10,VNS_r4_c1,VNS,Varanasi,149.96,194,False,SYNTHETIC DATA — PIPELINE/CONSTRAINT VERIFICATION ONLY
10,VNS_r4_c2,VNS,Varanasi,164.94,214,False,SYNTHETIC DATA — PIPELINE/CONSTRAINT VERIFICATION ONLY
10,VNS_r4_c3,VNS,Varanasi,168.88,219,False,SYNTHETIC DATA — PIPELINE/CONSTRAINT VERIFICATION ONLY
10,VNS_r4_c4,VNS,Varanasi,166.27,216,False,SYNTHETIC DATA — PIPELINE/CONSTRAINT VERIFICATION ONLY
10,VNS_r4_c5,VNS,Varanasi,146.85,190,False,SYNTHETIC DATA — PIPELINE/CONSTRAINT VERIFICATION ONLY
10,VNS_r4_c6,VNS,Varanasi,136.72,177,False,SYNTHETIC DATA — PIPELINE/CONSTRAINT VERIFICATION ONLY
10,VNS_r5_c0,VNS,Varanasi,130.1,169,False,SYNTHETIC DATA — PIPELINE/CONSTRAINT VERIFICATION ONLY
10,VNS_r5_c1,VNS,Varanasi,137.98,179,False,SYNTHETIC DATA — PIPELINE/CONSTRAINT VERIFICATION ONLY
10,VNS_r5_c2,VNS,Varanasi,152.7,198,False,SYNTHETIC DATA — PIPELINE/CONSTRAINT VERIFICATION ONLY
10,VNS_r5_c3,VNS,Varanasi,160.25,208,False,SYNTHETIC DATA — PIPELINE/CONSTRAINT VERIFICATION ONLY
10,VNS_r5_c4,VNS,Varanasi,149.78,194,False,SYNTHETIC DATA — PIPELINE/CONSTRAINT VERIFICATION ONLY
10,VNS_r5_c5,VNS,Varanasi,142.7,185,False,SYNTHETIC DATA — PIPELINE/CONSTRAINT VERIFICATION ONLY
10,VNS_r5_c6,VNS,Varanasi,130.1,169,False,SYNTHETIC DATA — PIPELINE/CONSTRAINT VERIFICATION ONLY
10,VNS_r6_c0,VNS,Varanasi,118.4,153,False,SYNTHETIC DATA — PIPELINE/CONSTRAINT VERIFICATION ONLY
10,VNS_r6_c1,VNS,Varanasi,124.38,161,False,SYNTHETIC DATA — PIPELINE/CONSTRAINT VERIFICATION ONLY
10,VNS_r6_c2,VNS,Varanasi,134.2,174,False,SYNTHETIC DATA — PIPELINE/CONSTRAINT VERIFICATION ONLY
10,VNS_r6_c3,VNS,Varanasi,134.51,174,False,SYNTHETIC DATA — PIPELINE/CONSTRAINT VERIFICATION ONLY
10,VNS_r6_c4,VNS,Varanasi,141.43,183,False,SYNTHETIC DATA — PIPELINE/CONSTRAINT VERIFICATION ONLY
10,VNS_r6_c5,VNS,Varanasi,129.5,168,False,SYNTHETIC DATA — PIPELINE/CONSTRAINT VERIFICATION ONLY
10,VNS_r6_c6,VNS,Varanasi,119.5,155,False,SYNTHETIC DATA — PIPELINE/CONSTRAINT VERIFICATION ONLY
10,JAI_r0_c0,JAI,Jaipur,91.06,118,False,SYNTHETIC DATA — PIPELINE/CONSTRAINT VERIFICATION ONLY
10,JAI_r0_c1,JAI,Jaipur,91.85,119,False,SYNTHETIC DATA — PIPELINE/CONSTRAINT VERIFICATION ONLY
10,JAI_r0_c2,JAI,Jaipur,97.66,126,False,SYNTHETIC DATA — PIPELINE/CONSTRAINT VERIFICATION ONLY
10,JAI_r0_c3,JAI,Jaipur,101.9,132,False,SYNTHETIC DATA — PIPELINE/CONSTRAINT VERIFICATION ONLY
10,JAI_r0_c4,JAI,Jaipur,103.05,133,False,SYNTHETIC DATA — PIPELINE/CONSTRAINT VERIFICATION ONLY
10,JAI_r0_c5,JAI,Jaipur,96.72,125,False,SYNTHETIC DATA — PIPELINE/CONSTRAINT VERIFICATION ONLY
10,JAI_r0_c6,JAI,Jaipur,89.14,115,False,SYNTHETIC DATA — PIPELINE/CONSTRAINT VERIFICATION ONLY
10,JAI_r1_c0,JAI,Jaipur,95.45,124,False,SYNTHETIC DATA — PIPELINE/CONSTRAINT VERIFICATION ONLY
10,JAI_r1_c1,JAI,Jaipur,104.74,136,False,SYNTHETIC DATA — PIPELINE/CONSTRAINT VERIFICATION ONLY
10,JAI_r1_c2,JAI,Jaipur,110.48,143,False,SYNTHETIC DATA — PIPELINE/CONSTRAINT VERIFICATION ONLY
10,JAI_r1_c3,JAI,Jaipur,109.32,142,False,SYNTHETIC DATA — PIPELINE/CONSTRAINT VERIFICATION ONLY
10,JAI_r1_c4,JAI,Jaipur,110.02,143,False,SYNTHETIC DATA — PIPELINE/CONSTRAINT VERIFICATION ONLY
10,JAI_r1_c5,JAI,Jaipur,100.32,130,False,SYNTHETIC DATA — PIPELINE/CONSTRAINT VERIFICATION ONLY
10,JAI_r1_c6,JAI,Jaipur,95.46,124,False,SYNTHETIC DATA — PIPELINE/CONSTRAINT VERIFICATION ONLY
10,JAI_r2_c0,JAI,Jaipur,98.52,128,False,SYNTHETIC DATA — PIPELINE/CONSTRAINT VERIFICATION ONLY
10,JAI_r2_c1,JAI,Jaipur,117.5,152,False,SYNTHETIC DATA — PIPELINE/CONSTRAINT VERIFICATION ONLY
10,JAI_r2_c2,JAI,Jaipur,118.56,154,False,SYNTHETIC DATA — PIPELINE/CONSTRAINT VERIFICATION ONLY
10,JAI_r2_c3,JAI,Jaipur,118.9,154,False,SYNTHETIC DATA — PIPELINE/CONSTRAINT VERIFICATION ONLY
10,JAI_r2_c4,JAI,Jaipur,118.27,153,False,SYNTHETIC DATA — PIPELINE/CONSTRAINT VERIFICATION ONLY
10,JAI_r2_c5,JAI,Jaipur,111.44,144,False,SYNTHETIC DATA — PIPELINE/CONSTRAINT VERIFICATION ONLY
10,JAI_r2_c6,JAI,Jaipur,104.98,136,False,SYNTHETIC DATA — PIPELINE/CONSTRAINT VERIFICATION ONLY
10,JAI_r3_c0,JAI,Jaipur,99.93,129,False,SYNTHETIC DATA — PIPELINE/CONSTRAINT VERIFICATION ONLY
10,JAI_r3_c1,JAI,Jaipur,107.66,139,False,SYNTHETIC DATA — PIPELINE/CONSTRAINT VERIFICATION ONLY
10,JAI_r3_c2,JAI,Jaipur,125.56,163,False,SYNTHETIC DATA — PIPELINE/CONSTRAINT VERIFICATION ONLY
10,JAI_r3_c3,JAI,Jaipur,129.67,168,True,SYNTHETIC DATA — PIPELINE/CONSTRAINT VERIFICATION ONLY
10,JAI_r3_c4,JAI,Jaipur,121.8,158,False,SYNTHETIC DATA — PIPELINE/CONSTRAINT VERIFICATION ONLY
10,JAI_r3_c5,JAI,Jaipur,111.63,145,False,SYNTHETIC DATA — PIPELINE/CONSTRAINT VERIFICATION ONLY
10,JAI_r3_c6,JAI,Jaipur,101.49,131,False,SYNTHETIC DATA — PIPELINE/CONSTRAINT VERIFICATION ONLY
10,JAI_r4_c0,JAI,Jaipur,102.03,132,False,SYNTHETIC DATA — PIPELINE/CONSTRAINT VERIFICATION ONLY
10,JAI_r4_c1,JAI,Jaipur,107.83,140,False,SYNTHETIC DATA — PIPELINE/CONSTRAINT VERIFICATION ONLY
10,JAI_r4_c2,JAI,Jaipur,117.85,153,False,SYNTHETIC DATA — PIPELINE/CONSTRAINT VERIFICATION ONLY
10,JAI_r4_c3,JAI,Jaipur,123.07,159,False,SYNTHETIC DATA — PIPELINE/CONSTRAINT VERIFICATION ONLY
10,JAI_r4_c4,JAI,Jaipur,119.12,154,False,SYNTHETIC DATA — PIPELINE/CONSTRAINT VERIFICATION ONLY
10,JAI_r4_c5,JAI,Jaipur,110.17,143,False,SYNTHETIC DATA — PIPELINE/CONSTRAINT VERIFICATION ONLY
10,JAI_r4_c6,JAI,Jaipur,101.27,131,False,SYNTHETIC DATA — PIPELINE/CONSTRAINT VERIFICATION ONLY
10,JAI_r5_c0,JAI,Jaipur,97.75,127,False,SYNTHETIC DATA — PIPELINE/CONSTRAINT VERIFICATION ONLY
10,JAI_r5_c1,JAI,Jaipur,104.71,136,False,SYNTHETIC DATA — PIPELINE/CONSTRAINT VERIFICATION ONLY
10,JAI_r5_c2,JAI,Jaipur,111.24,144,False,SYNTHETIC DATA — PIPELINE/CONSTRAINT VERIFICATION ONLY
10,JAI_r5_c3,JAI,Jaipur,107.66,139,False,SYNTHETIC DATA — PIPELINE/CONSTRAINT VERIFICATION ONLY
10,JAI_r5_c4,JAI,Jaipur,110.03,143,False,SYNTHETIC DATA — PIPELINE/CONSTRAINT VERIFICATION ONLY
10,JAI_r5_c5,JAI,Jaipur,104.98,136,False,SYNTHETIC DATA — PIPELINE/CONSTRAINT VERIFICATION ONLY
10,JAI_r5_c6,JAI,Jaipur,97.4,126,False,SYNTHETIC DATA — PIPELINE/CONSTRAINT VERIFICATION ONLY
10,JAI_r6_c0,JAI,Jaipur,86.32,112,False,SYNTHETIC DATA — PIPELINE/CONSTRAINT VERIFICATION ONLY
10,JAI_r6_c1,JAI,Jaipur,93.24,121,False,SYNTHETIC DATA — PIPELINE/CONSTRAINT VERIFICATION ONLY
10,JAI_r6_c2,JAI,Jaipur,98.24,127,False,SYNTHETIC DATA — PIPELINE/CONSTRAINT VERIFICATION ONLY
10,JAI_r6_c3,JAI,Jaipur,103.31,134,False,SYNTHETIC DATA — PIPELINE/CONSTRAINT VERIFICATION ONLY
10,JAI_r6_c4,JAI,Jaipur,103.06,133,False,SYNTHETIC DATA — PIPELINE/CONSTRAINT VERIFICATION ONLY
10,JAI_r6_c5,JAI,Jaipur,93.99,122,False,SYNTHETIC DATA — PIPELINE/CONSTRAINT VERIFICATION ONLY
10,JAI_r6_c6,JAI,Jaipur,91.12,118,False,SYNTHETIC DATA — PIPELINE/CONSTRAINT VERIFICATION ONLY
10,AMD_r0_c0,AMD,Ahmedabad,84.75,110,False,SYNTHETIC DATA — PIPELINE/CONSTRAINT VERIFICATION ONLY
10,AMD_r0_c1,AMD,Ahmedabad,90.52,117,False,SYNTHETIC DATA — PIPELINE/CONSTRAINT VERIFICATION ONLY
10,AMD_r0_c2,AMD,Ahmedabad,94.78,123,False,SYNTHETIC DATA — PIPELINE/CONSTRAINT VERIFICATION ONLY
10,AMD_r0_c3,AMD,Ahmedabad,99.32,129,False,SYNTHETIC DATA — PIPELINE/CONSTRAINT VERIFICATION ONLY
10,AMD_r0_c4,AMD,Ahmedabad,96.4,125,False,SYNTHETIC DATA — PIPELINE/CONSTRAINT VERIFICATION ONLY
10,AMD_r0_c5,AMD,Ahmedabad,97.72,127,False,SYNTHETIC DATA — PIPELINE/CONSTRAINT VERIFICATION ONLY
10,AMD_r0_c6,AMD,Ahmedabad,81.82,106,False,SYNTHETIC DATA — PIPELINE/CONSTRAINT VERIFICATION ONLY
10,AMD_r1_c0,AMD,Ahmedabad,92.44,120,False,SYNTHETIC DATA — PIPELINE/CONSTRAINT VERIFICATION ONLY
10,AMD_r1_c1,AMD,Ahmedabad,97.24,126,False,SYNTHETIC DATA — PIPELINE/CONSTRAINT VERIFICATION ONLY
10,AMD_r1_c2,AMD,Ahmedabad,102.28,132,False,SYNTHETIC DATA — PIPELINE/CONSTRAINT VERIFICATION ONLY
10,AMD_r1_c3,AMD,Ahmedabad,107.26,139,False,SYNTHETIC DATA — PIPELINE/CONSTRAINT VERIFICATION ONLY
10,AMD_r1_c4,AMD,Ahmedabad,105.3,136,False,SYNTHETIC DATA — PIPELINE/CONSTRAINT VERIFICATION ONLY
10,AMD_r1_c5,AMD,Ahmedabad,107.58,139,False,SYNTHETIC DATA — PIPELINE/CONSTRAINT VERIFICATION ONLY
10,AMD_r1_c6,AMD,Ahmedabad,90.34,117,False,SYNTHETIC DATA — PIPELINE/CONSTRAINT VERIFICATION ONLY
10,AMD_r2_c0,AMD,Ahmedabad,92.03,119,False,SYNTHETIC DATA — PIPELINE/CONSTRAINT VERIFICATION ONLY
10,AMD_r2_c1,AMD,Ahmedabad,105.7,137,False,SYNTHETIC DATA — PIPELINE/CONSTRAINT VERIFICATION ONLY
10,AMD_r2_c2,AMD,Ahmedabad,107.06,139,False,SYNTHETIC DATA — PIPELINE/CONSTRAINT VERIFICATION ONLY
10,AMD_r2_c3,AMD,Ahmedabad,117.24,152,False,SYNTHETIC DATA — PIPELINE/CONSTRAINT VERIFICATION ONLY
10,AMD_r2_c4,AMD,Ahmedabad,113.33,147,False,SYNTHETIC DATA — PIPELINE/CONSTRAINT VERIFICATION ONLY
10,AMD_r2_c5,AMD,Ahmedabad,107.27,139,False,SYNTHETIC DATA — PIPELINE/CONSTRAINT VERIFICATION ONLY
10,AMD_r2_c6,AMD,Ahmedabad,98.34,127,False,SYNTHETIC DATA — PIPELINE/CONSTRAINT VERIFICATION ONLY
10,AMD_r3_c0,AMD,Ahmedabad,95.57,124,False,SYNTHETIC DATA — PIPELINE/CONSTRAINT VERIFICATION ONLY
10,AMD_r3_c1,AMD,Ahmedabad,106.84,138,False,SYNTHETIC DATA — PIPELINE/CONSTRAINT VERIFICATION ONLY
10,AMD_r3_c2,AMD,Ahmedabad,115.22,149,False,SYNTHETIC DATA — PIPELINE/CONSTRAINT VERIFICATION ONLY
10,AMD_r3_c3,AMD,Ahmedabad,124.35,161,True,SYNTHETIC DATA — PIPELINE/CONSTRAINT VERIFICATION ONLY
10,AMD_r3_c4,AMD,Ahmedabad,118.44,153,False,SYNTHETIC DATA — PIPELINE/CONSTRAINT VERIFICATION ONLY
10,AMD_r3_c5,AMD,Ahmedabad,103.48,134,False,SYNTHETIC DATA — PIPELINE/CONSTRAINT VERIFICATION ONLY
10,AMD_r3_c6,AMD,Ahmedabad,95.83,124,False,SYNTHETIC DATA — PIPELINE/CONSTRAINT VERIFICATION ONLY
10,AMD_r4_c0,AMD,Ahmedabad,92.43,120,False,SYNTHETIC DATA — PIPELINE/CONSTRAINT VERIFICATION ONLY
10,AMD_r4_c1,AMD,Ahmedabad,106.53,138,False,SYNTHETIC DATA — PIPELINE/CONSTRAINT VERIFICATION ONLY
10,AMD_r4_c2,AMD,Ahmedabad,118.69,154,False,SYNTHETIC DATA — PIPELINE/CONSTRAINT VERIFICATION ONLY
10,AMD_r4_c3,AMD,Ahmedabad,113.61,147,False,SYNTHETIC DATA — PIPELINE/CONSTRAINT VERIFICATION ONLY
10,AMD_r4_c4,AMD,Ahmedabad,107.72,140,False,SYNTHETIC DATA — PIPELINE/CONSTRAINT VERIFICATION ONLY
10,AMD_r4_c5,AMD,Ahmedabad,104.51,135,False,SYNTHETIC DATA — PIPELINE/CONSTRAINT VERIFICATION ONLY
10,AMD_r4_c6,AMD,Ahmedabad,95.47,124,False,SYNTHETIC DATA — PIPELINE/CONSTRAINT VERIFICATION ONLY
10,AMD_r5_c0,AMD,Ahmedabad,91.55,119,False,SYNTHETIC DATA — PIPELINE/CONSTRAINT VERIFICATION ONLY
10,AMD_r5_c1,AMD,Ahmedabad,97.49,126,False,SYNTHETIC DATA — PIPELINE/CONSTRAINT VERIFICATION ONLY
10,AMD_r5_c2,AMD,Ahmedabad,104.28,135,False,SYNTHETIC DATA — PIPELINE/CONSTRAINT VERIFICATION ONLY
10,AMD_r5_c3,AMD,Ahmedabad,108.4,140,False,SYNTHETIC DATA — PIPELINE/CONSTRAINT VERIFICATION ONLY
10,AMD_r5_c4,AMD,Ahmedabad,108.0,140,False,SYNTHETIC DATA — PIPELINE/CONSTRAINT VERIFICATION ONLY
10,AMD_r5_c5,AMD,Ahmedabad,92.97,120,False,SYNTHETIC DATA — PIPELINE/CONSTRAINT VERIFICATION ONLY
10,AMD_r5_c6,AMD,Ahmedabad,89.78,116,False,SYNTHETIC DATA — PIPELINE/CONSTRAINT VERIFICATION ONLY
10,AMD_r6_c0,AMD,Ahmedabad,85.02,110,False,SYNTHETIC DATA — PIPELINE/CONSTRAINT VERIFICATION ONLY
10,AMD_r6_c1,AMD,Ahmedabad,88.14,114,False,SYNTHETIC DATA — PIPELINE/CONSTRAINT VERIFICATION ONLY
10,AMD_r6_c2,AMD,Ahmedabad,100.61,130,False,SYNTHETIC DATA — PIPELINE/CONSTRAINT VERIFICATION ONLY
10,AMD_r6_c3,AMD,Ahmedabad,95.17,123,False,SYNTHETIC DATA — PIPELINE/CONSTRAINT VERIFICATION ONLY
10,AMD_r6_c4,AMD,Ahmedabad,95.3,123,False,SYNTHETIC DATA — PIPELINE/CONSTRAINT VERIFICATION ONLY
10,AMD_r6_c5,AMD,Ahmedabad,92.56,120,False,SYNTHETIC DATA — PIPELINE/CONSTRAINT VERIFICATION ONLY
10,AMD_r6_c6,AMD,Ahmedabad,82.61,107,False,SYNTHETIC DATA — PIPELINE/CONSTRAINT VERIFICATION ONLY
10,CCU_r0_c0,CCU,Kolkata,98.93,128,False,SYNTHETIC DATA — PIPELINE/CONSTRAINT VERIFICATION ONLY
10,CCU_r0_c1,CCU,Kolkata,111.24,144,False,SYNTHETIC DATA — PIPELINE/CONSTRAINT VERIFICATION ONLY
10,CCU_r0_c2,CCU,Kolkata,121.23,157,False,SYNTHETIC DATA — PIPELINE/CONSTRAINT VERIFICATION ONLY
10,CCU_r0_c3,CCU,Kolkata,119.18,154,False,SYNTHETIC DATA — PIPELINE/CONSTRAINT VERIFICATION ONLY
10,CCU_r0_c4,CCU,Kolkata,115.6,150,False,SYNTHETIC DATA — PIPELINE/CONSTRAINT VERIFICATION ONLY
10,CCU_r0_c5,CCU,Kolkata,115.31,149,False,SYNTHETIC DATA — PIPELINE/CONSTRAINT VERIFICATION ONLY
10,CCU_r0_c6,CCU,Kolkata,103.48,134,False,SYNTHETIC DATA — PIPELINE/CONSTRAINT VERIFICATION ONLY
10,CCU_r1_c0,CCU,Kolkata,111.0,144,False,SYNTHETIC DATA — PIPELINE/CONSTRAINT VERIFICATION ONLY
10,CCU_r1_c1,CCU,Kolkata,122.81,159,False,SYNTHETIC DATA — PIPELINE/CONSTRAINT VERIFICATION ONLY
10,CCU_r1_c2,CCU,Kolkata,132.17,171,False,SYNTHETIC DATA — PIPELINE/CONSTRAINT VERIFICATION ONLY
10,CCU_r1_c3,CCU,Kolkata,139.99,181,False,SYNTHETIC DATA — PIPELINE/CONSTRAINT VERIFICATION ONLY
10,CCU_r1_c4,CCU,Kolkata,132.34,172,False,SYNTHETIC DATA — PIPELINE/CONSTRAINT VERIFICATION ONLY
10,CCU_r1_c5,CCU,Kolkata,125.84,163,False,SYNTHETIC DATA — PIPELINE/CONSTRAINT VERIFICATION ONLY
10,CCU_r1_c6,CCU,Kolkata,111.01,144,False,SYNTHETIC DATA — PIPELINE/CONSTRAINT VERIFICATION ONLY
10,CCU_r2_c0,CCU,Kolkata,115.06,149,False,SYNTHETIC DATA — PIPELINE/CONSTRAINT VERIFICATION ONLY
10,CCU_r2_c1,CCU,Kolkata,130.04,169,False,SYNTHETIC DATA — PIPELINE/CONSTRAINT VERIFICATION ONLY
10,CCU_r2_c2,CCU,Kolkata,140.58,182,False,SYNTHETIC DATA — PIPELINE/CONSTRAINT VERIFICATION ONLY
10,CCU_r2_c3,CCU,Kolkata,142.26,184,False,SYNTHETIC DATA — PIPELINE/CONSTRAINT VERIFICATION ONLY
10,CCU_r2_c4,CCU,Kolkata,139.73,181,False,SYNTHETIC DATA — PIPELINE/CONSTRAINT VERIFICATION ONLY
10,CCU_r2_c5,CCU,Kolkata,131.05,170,False,SYNTHETIC DATA — PIPELINE/CONSTRAINT VERIFICATION ONLY
10,CCU_r2_c6,CCU,Kolkata,119.22,154,False,SYNTHETIC DATA — PIPELINE/CONSTRAINT VERIFICATION ONLY
10,CCU_r3_c0,CCU,Kolkata,121.7,158,False,SYNTHETIC DATA — PIPELINE/CONSTRAINT VERIFICATION ONLY
10,CCU_r3_c1,CCU,Kolkata,133.72,173,False,SYNTHETIC DATA — PIPELINE/CONSTRAINT VERIFICATION ONLY
10,CCU_r3_c2,CCU,Kolkata,143.97,187,False,SYNTHETIC DATA — PIPELINE/CONSTRAINT VERIFICATION ONLY
10,CCU_r3_c3,CCU,Kolkata,156.6,203,True,SYNTHETIC DATA — PIPELINE/CONSTRAINT VERIFICATION ONLY
10,CCU_r3_c4,CCU,Kolkata,141.9,184,False,SYNTHETIC DATA — PIPELINE/CONSTRAINT VERIFICATION ONLY
10,CCU_r3_c5,CCU,Kolkata,138.2,179,False,SYNTHETIC DATA — PIPELINE/CONSTRAINT VERIFICATION ONLY
10,CCU_r3_c6,CCU,Kolkata,120.23,156,False,SYNTHETIC DATA — PIPELINE/CONSTRAINT VERIFICATION ONLY
10,CCU_r4_c0,CCU,Kolkata,117.46,152,False,SYNTHETIC DATA — PIPELINE/CONSTRAINT VERIFICATION ONLY
10,CCU_r4_c1,CCU,Kolkata,127.07,165,False,SYNTHETIC DATA — PIPELINE/CONSTRAINT VERIFICATION ONLY
10,CCU_r4_c2,CCU,Kolkata,149.06,193,False,SYNTHETIC DATA — PIPELINE/CONSTRAINT VERIFICATION ONLY
10,CCU_r4_c3,CCU,Kolkata,142.27,184,False,SYNTHETIC DATA — PIPELINE/CONSTRAINT VERIFICATION ONLY
10,CCU_r4_c4,CCU,Kolkata,138.97,180,False,SYNTHETIC DATA — PIPELINE/CONSTRAINT VERIFICATION ONLY
10,CCU_r4_c5,CCU,Kolkata,131.1,170,False,SYNTHETIC DATA — PIPELINE/CONSTRAINT VERIFICATION ONLY
10,CCU_r4_c6,CCU,Kolkata,119.94,155,False,SYNTHETIC DATA — PIPELINE/CONSTRAINT VERIFICATION ONLY
10,CCU_r5_c0,CCU,Kolkata,115.4,150,False,SYNTHETIC DATA — PIPELINE/CONSTRAINT VERIFICATION ONLY
10,CCU_r5_c1,CCU,Kolkata,127.78,166,False,SYNTHETIC DATA — PIPELINE/CONSTRAINT VERIFICATION ONLY
10,CCU_r5_c2,CCU,Kolkata,131.37,170,False,SYNTHETIC DATA — PIPELINE/CONSTRAINT VERIFICATION ONLY
10,CCU_r5_c3,CCU,Kolkata,129.67,168,False,SYNTHETIC DATA — PIPELINE/CONSTRAINT VERIFICATION ONLY
10,CCU_r5_c4,CCU,Kolkata,129.09,167,False,SYNTHETIC DATA — PIPELINE/CONSTRAINT VERIFICATION ONLY
10,CCU_r5_c5,CCU,Kolkata,123.29,160,False,SYNTHETIC DATA — PIPELINE/CONSTRAINT VERIFICATION ONLY
10,CCU_r5_c6,CCU,Kolkata,118.73,154,False,SYNTHETIC DATA — PIPELINE/CONSTRAINT VERIFICATION ONLY
10,CCU_r6_c0,CCU,Kolkata,100.28,130,False,SYNTHETIC DATA — PIPELINE/CONSTRAINT VERIFICATION ONLY
10,CCU_r6_c1,CCU,Kolkata,116.14,150,False,SYNTHETIC DATA — PIPELINE/CONSTRAINT VERIFICATION ONLY
10,CCU_r6_c2,CCU,Kolkata,118.68,154,False,SYNTHETIC DATA — PIPELINE/CONSTRAINT VERIFICATION ONLY
10,CCU_r6_c3,CCU,Kolkata,122.7,159,False,SYNTHETIC DATA — PIPELINE/CONSTRAINT VERIFICATION ONLY
10,CCU_r6_c4,CCU,Kolkata,117.83,153,False,SYNTHETIC DATA — PIPELINE/CONSTRAINT VERIFICATION ONLY
10,CCU_r6_c5,CCU,Kolkata,110.0,143,False,SYNTHETIC DATA — PIPELINE/CONSTRAINT VERIFICATION ONLY
10,CCU_r6_c6,CCU,Kolkata,106.72,138,False,SYNTHETIC DATA — PIPELINE/CONSTRAINT VERIFICATION ONLY
10,HYD_r0_c0,HYD,Hyderabad,62.23,80,False,SYNTHETIC DATA — PIPELINE/CONSTRAINT VERIFICATION ONLY
10,HYD_r0_c1,HYD,Hyderabad,67.84,88,False,SYNTHETIC DATA — PIPELINE/CONSTRAINT VERIFICATION ONLY
10,HYD_r0_c2,HYD,Hyderabad,68.12,88,False,SYNTHETIC DATA — PIPELINE/CONSTRAINT VERIFICATION ONLY
10,HYD_r0_c3,HYD,Hyderabad,67.54,87,False,SYNTHETIC DATA — PIPELINE/CONSTRAINT VERIFICATION ONLY
10,HYD_r0_c4,HYD,Hyderabad,63.48,82,False,SYNTHETIC DATA — PIPELINE/CONSTRAINT VERIFICATION ONLY
10,HYD_r0_c5,HYD,Hyderabad,67.38,87,False,SYNTHETIC DATA — PIPELINE/CONSTRAINT VERIFICATION ONLY
10,HYD_r0_c6,HYD,Hyderabad,61.54,80,False,SYNTHETIC DATA — PIPELINE/CONSTRAINT VERIFICATION ONLY
10,HYD_r1_c0,HYD,Hyderabad,62.02,80,False,SYNTHETIC DATA — PIPELINE/CONSTRAINT VERIFICATION ONLY
10,HYD_r1_c1,HYD,Hyderabad,68.98,89,False,SYNTHETIC DATA — PIPELINE/CONSTRAINT VERIFICATION ONLY
10,HYD_r1_c2,HYD,Hyderabad,73.52,95,False,SYNTHETIC DATA — PIPELINE/CONSTRAINT VERIFICATION ONLY
10,HYD_r1_c3,HYD,Hyderabad,72.19,93,False,SYNTHETIC DATA — PIPELINE/CONSTRAINT VERIFICATION ONLY
10,HYD_r1_c4,HYD,Hyderabad,72.46,94,False,SYNTHETIC DATA — PIPELINE/CONSTRAINT VERIFICATION ONLY
10,HYD_r1_c5,HYD,Hyderabad,67.19,87,False,SYNTHETIC DATA — PIPELINE/CONSTRAINT VERIFICATION ONLY
10,HYD_r1_c6,HYD,Hyderabad,63.68,82,False,SYNTHETIC DATA — PIPELINE/CONSTRAINT VERIFICATION ONLY
10,HYD_r2_c0,HYD,Hyderabad,65.94,85,False,SYNTHETIC DATA — PIPELINE/CONSTRAINT VERIFICATION ONLY
10,HYD_r2_c1,HYD,Hyderabad,70.04,91,False,SYNTHETIC DATA — PIPELINE/CONSTRAINT VERIFICATION ONLY
10,HYD_r2_c2,HYD,Hyderabad,86.98,113,False,SYNTHETIC DATA — PIPELINE/CONSTRAINT VERIFICATION ONLY
10,HYD_r2_c3,HYD,Hyderabad,87.7,114,False,SYNTHETIC DATA — PIPELINE/CONSTRAINT VERIFICATION ONLY
10,HYD_r2_c4,HYD,Hyderabad,78.58,102,False,SYNTHETIC DATA — PIPELINE/CONSTRAINT VERIFICATION ONLY
10,HYD_r2_c5,HYD,Hyderabad,75.73,98,False,SYNTHETIC DATA — PIPELINE/CONSTRAINT VERIFICATION ONLY
10,HYD_r2_c6,HYD,Hyderabad,69.41,90,False,SYNTHETIC DATA — PIPELINE/CONSTRAINT VERIFICATION ONLY
10,HYD_r3_c0,HYD,Hyderabad,72.91,94,False,SYNTHETIC DATA — PIPELINE/CONSTRAINT VERIFICATION ONLY
10,HYD_r3_c1,HYD,Hyderabad,74.18,96,False,SYNTHETIC DATA — PIPELINE/CONSTRAINT VERIFICATION ONLY
10,HYD_r3_c2,HYD,Hyderabad,87.22,113,False,SYNTHETIC DATA — PIPELINE/CONSTRAINT VERIFICATION ONLY
10,HYD_r3_c3,HYD,Hyderabad,89.59,116,True,SYNTHETIC DATA — PIPELINE/CONSTRAINT VERIFICATION ONLY
10,HYD_r3_c4,HYD,Hyderabad,79.93,103,False,SYNTHETIC DATA — PIPELINE/CONSTRAINT VERIFICATION ONLY
10,HYD_r3_c5,HYD,Hyderabad,78.81,102,False,SYNTHETIC DATA — PIPELINE/CONSTRAINT VERIFICATION ONLY
10,HYD_r3_c6,HYD,Hyderabad,73.21,95,False,SYNTHETIC DATA — PIPELINE/CONSTRAINT VERIFICATION ONLY
10,HYD_r4_c0,HYD,Hyderabad,75.92,98,False,SYNTHETIC DATA — PIPELINE/CONSTRAINT VERIFICATION ONLY
10,HYD_r4_c1,HYD,Hyderabad,71.32,92,False,SYNTHETIC DATA — PIPELINE/CONSTRAINT VERIFICATION ONLY
10,HYD_r4_c2,HYD,Hyderabad,83.01,107,False,SYNTHETIC DATA — PIPELINE/CONSTRAINT VERIFICATION ONLY
10,HYD_r4_c3,HYD,Hyderabad,82.71,107,False,SYNTHETIC DATA — PIPELINE/CONSTRAINT VERIFICATION ONLY
10,HYD_r4_c4,HYD,Hyderabad,83.27,108,False,SYNTHETIC DATA — PIPELINE/CONSTRAINT VERIFICATION ONLY
10,HYD_r4_c5,HYD,Hyderabad,70.51,91,False,SYNTHETIC DATA — PIPELINE/CONSTRAINT VERIFICATION ONLY
10,HYD_r4_c6,HYD,Hyderabad,64.37,83,False,SYNTHETIC DATA — PIPELINE/CONSTRAINT VERIFICATION ONLY
10,HYD_r5_c0,HYD,Hyderabad,62.59,81,False,SYNTHETIC DATA — PIPELINE/CONSTRAINT VERIFICATION ONLY
10,HYD_r5_c1,HYD,Hyderabad,70.83,92,False,SYNTHETIC DATA — PIPELINE/CONSTRAINT VERIFICATION ONLY
10,HYD_r5_c2,HYD,Hyderabad,72.99,94,False,SYNTHETIC DATA — PIPELINE/CONSTRAINT VERIFICATION ONLY
10,HYD_r5_c3,HYD,Hyderabad,78.62,102,False,SYNTHETIC DATA — PIPELINE/CONSTRAINT VERIFICATION ONLY
10,HYD_r5_c4,HYD,Hyderabad,78.0,101,False,SYNTHETIC DATA — PIPELINE/CONSTRAINT VERIFICATION ONLY
10,HYD_r5_c5,HYD,Hyderabad,72.39,94,False,SYNTHETIC DATA — PIPELINE/CONSTRAINT VERIFICATION ONLY
10,HYD_r5_c6,HYD,Hyderabad,69.78,90,False,SYNTHETIC DATA — PIPELINE/CONSTRAINT VERIFICATION ONLY
10,HYD_r6_c0,HYD,Hyderabad,61.52,79,False,SYNTHETIC DATA — PIPELINE/CONSTRAINT VERIFICATION ONLY
10,HYD_r6_c1,HYD,Hyderabad,61.27,79,False,SYNTHETIC DATA — PIPELINE/CONSTRAINT VERIFICATION ONLY
10,HYD_r6_c2,HYD,Hyderabad,72.25,93,False,SYNTHETIC DATA — PIPELINE/CONSTRAINT VERIFICATION ONLY
10,HYD_r6_c3,HYD,Hyderabad,67.53,87,False,SYNTHETIC DATA — PIPELINE/CONSTRAINT VERIFICATION ONLY
10,HYD_r6_c4,HYD,Hyderabad,70.89,92,False,SYNTHETIC DATA — PIPELINE/CONSTRAINT VERIFICATION ONLY
10,HYD_r6_c5,HYD,Hyderabad,69.64,90,False,SYNTHETIC DATA — PIPELINE/CONSTRAINT VERIFICATION ONLY
10,HYD_r6_c6,HYD,Hyderabad,61.64,80,False,SYNTHETIC DATA — PIPELINE/CONSTRAINT VERIFICATION ONLY
10,BLR_r0_c0,BLR,Bengaluru,31.67,41,False,SYNTHETIC DATA — PIPELINE/CONSTRAINT VERIFICATION ONLY
10,BLR_r0_c1,BLR,Bengaluru,36.2,47,False,SYNTHETIC DATA — PIPELINE/CONSTRAINT VERIFICATION ONLY
10,BLR_r0_c2,BLR,Bengaluru,44.86,58,False,SYNTHETIC DATA — PIPELINE/CONSTRAINT VERIFICATION ONLY
10,BLR_r0_c3,BLR,Bengaluru,41.1,53,False,SYNTHETIC DATA — PIPELINE/CONSTRAINT VERIFICATION ONLY
10,BLR_r0_c4,BLR,Bengaluru,41.13,53,False,SYNTHETIC DATA — PIPELINE/CONSTRAINT VERIFICATION ONLY
10,BLR_r0_c5,BLR,Bengaluru,41.23,53,False,SYNTHETIC DATA — PIPELINE/CONSTRAINT VERIFICATION ONLY
10,BLR_r0_c6,BLR,Bengaluru,38.25,49,False,SYNTHETIC DATA — PIPELINE/CONSTRAINT VERIFICATION ONLY
10,BLR_r1_c0,BLR,Bengaluru,39.79,51,False,SYNTHETIC DATA — PIPELINE/CONSTRAINT VERIFICATION ONLY
10,BLR_r1_c1,BLR,Bengaluru,41.73,54,False,SYNTHETIC DATA — PIPELINE/CONSTRAINT VERIFICATION ONLY
10,BLR_r1_c2,BLR,Bengaluru,44.01,57,False,SYNTHETIC DATA — PIPELINE/CONSTRAINT VERIFICATION ONLY
10,BLR_r1_c3,BLR,Bengaluru,48.56,63,False,SYNTHETIC DATA — PIPELINE/CONSTRAINT VERIFICATION ONLY
10,BLR_r1_c4,BLR,Bengaluru,46.61,60,False,SYNTHETIC DATA — PIPELINE/CONSTRAINT VERIFICATION ONLY
10,BLR_r1_c5,BLR,Bengaluru,41.58,54,False,SYNTHETIC DATA — PIPELINE/CONSTRAINT VERIFICATION ONLY
10,BLR_r1_c6,BLR,Bengaluru,42.2,54,False,SYNTHETIC DATA — PIPELINE/CONSTRAINT VERIFICATION ONLY
10,BLR_r2_c0,BLR,Bengaluru,40.51,52,False,SYNTHETIC DATA — PIPELINE/CONSTRAINT VERIFICATION ONLY
10,BLR_r2_c1,BLR,Bengaluru,42.4,55,False,SYNTHETIC DATA — PIPELINE/CONSTRAINT VERIFICATION ONLY
10,BLR_r2_c2,BLR,Bengaluru,46.27,60,False,SYNTHETIC DATA — PIPELINE/CONSTRAINT VERIFICATION ONLY
10,BLR_r2_c3,BLR,Bengaluru,47.43,61,False,SYNTHETIC DATA — PIPELINE/CONSTRAINT VERIFICATION ONLY
10,BLR_r2_c4,BLR,Bengaluru,47.73,62,False,SYNTHETIC DATA — PIPELINE/CONSTRAINT VERIFICATION ONLY
10,BLR_r2_c5,BLR,Bengaluru,48.65,63,False,SYNTHETIC DATA — PIPELINE/CONSTRAINT VERIFICATION ONLY
10,BLR_r2_c6,BLR,Bengaluru,38.48,50,False,SYNTHETIC DATA — PIPELINE/CONSTRAINT VERIFICATION ONLY
10,BLR_r3_c0,BLR,Bengaluru,42.17,54,False,SYNTHETIC DATA — PIPELINE/CONSTRAINT VERIFICATION ONLY
10,BLR_r3_c1,BLR,Bengaluru,44.01,57,False,SYNTHETIC DATA — PIPELINE/CONSTRAINT VERIFICATION ONLY
10,BLR_r3_c2,BLR,Bengaluru,49.58,64,False,SYNTHETIC DATA — PIPELINE/CONSTRAINT VERIFICATION ONLY
10,BLR_r3_c3,BLR,Bengaluru,50.21,65,True,SYNTHETIC DATA — PIPELINE/CONSTRAINT VERIFICATION ONLY
10,BLR_r3_c4,BLR,Bengaluru,49.7,64,False,SYNTHETIC DATA — PIPELINE/CONSTRAINT VERIFICATION ONLY
10,BLR_r3_c5,BLR,Bengaluru,45.4,59,False,SYNTHETIC DATA — PIPELINE/CONSTRAINT VERIFICATION ONLY
10,BLR_r3_c6,BLR,Bengaluru,43.23,56,False,SYNTHETIC DATA — PIPELINE/CONSTRAINT VERIFICATION ONLY
10,BLR_r4_c0,BLR,Bengaluru,41.56,54,False,SYNTHETIC DATA — PIPELINE/CONSTRAINT VERIFICATION ONLY
10,BLR_r4_c1,BLR,Bengaluru,41.35,53,False,SYNTHETIC DATA — PIPELINE/CONSTRAINT VERIFICATION ONLY
10,BLR_r4_c2,BLR,Bengaluru,51.8,67,False,SYNTHETIC DATA — PIPELINE/CONSTRAINT VERIFICATION ONLY
10,BLR_r4_c3,BLR,Bengaluru,50.99,66,False,SYNTHETIC DATA — PIPELINE/CONSTRAINT VERIFICATION ONLY
10,BLR_r4_c4,BLR,Bengaluru,49.14,63,False,SYNTHETIC DATA — PIPELINE/CONSTRAINT VERIFICATION ONLY
10,BLR_r4_c5,BLR,Bengaluru,44.92,58,False,SYNTHETIC DATA — PIPELINE/CONSTRAINT VERIFICATION ONLY
10,BLR_r4_c6,BLR,Bengaluru,39.34,51,False,SYNTHETIC DATA — PIPELINE/CONSTRAINT VERIFICATION ONLY
10,BLR_r5_c0,BLR,Bengaluru,39.61,51,False,SYNTHETIC DATA — PIPELINE/CONSTRAINT VERIFICATION ONLY
10,BLR_r5_c1,BLR,Bengaluru,43.78,56,False,SYNTHETIC DATA — PIPELINE/CONSTRAINT VERIFICATION ONLY
10,BLR_r5_c2,BLR,Bengaluru,39.71,51,False,SYNTHETIC DATA — PIPELINE/CONSTRAINT VERIFICATION ONLY
10,BLR_r5_c3,BLR,Bengaluru,44.37,57,False,SYNTHETIC DATA — PIPELINE/CONSTRAINT VERIFICATION ONLY
10,BLR_r5_c4,BLR,Bengaluru,44.19,57,False,SYNTHETIC DATA — PIPELINE/CONSTRAINT VERIFICATION ONLY
10,BLR_r5_c5,BLR,Bengaluru,43.12,56,False,SYNTHETIC DATA — PIPELINE/CONSTRAINT VERIFICATION ONLY
10,BLR_r5_c6,BLR,Bengaluru,42.53,55,False,SYNTHETIC DATA — PIPELINE/CONSTRAINT VERIFICATION ONLY
10,BLR_r6_c0,BLR,Bengaluru,33.85,44,False,SYNTHETIC DATA — PIPELINE/CONSTRAINT VERIFICATION ONLY
10,BLR_r6_c1,BLR,Bengaluru,37.46,48,False,SYNTHETIC DATA — PIPELINE/CONSTRAINT VERIFICATION ONLY
10,BLR_r6_c2,BLR,Bengaluru,39.36,51,False,SYNTHETIC DATA — PIPELINE/CONSTRAINT VERIFICATION ONLY
10,BLR_r6_c3,BLR,Bengaluru,39.2,50,False,SYNTHETIC DATA — PIPELINE/CONSTRAINT VERIFICATION ONLY
10,BLR_r6_c4,BLR,Bengaluru,39.85,51,False,SYNTHETIC DATA — PIPELINE/CONSTRAINT VERIFICATION ONLY
10,BLR_r6_c5,BLR,Bengaluru,41.26,53,False,SYNTHETIC DATA — PIPELINE/CONSTRAINT VERIFICATION ONLY
10,BLR_r6_c6,BLR,Bengaluru,33.0,42,False,SYNTHETIC DATA — PIPELINE/CONSTRAINT VERIFICATION ONLY
10,MAA_r0_c0,MAA,Chennai,45.48,59,False,SYNTHETIC DATA — PIPELINE/CONSTRAINT VERIFICATION ONLY
10,MAA_r0_c1,MAA,Chennai,42.5,55,False,SYNTHETIC DATA — PIPELINE/CONSTRAINT VERIFICATION ONLY
10,MAA_r0_c2,MAA,Chennai,48.3,62,False,SYNTHETIC DATA — PIPELINE/CONSTRAINT VERIFICATION ONLY
10,MAA_r0_c3,MAA,Chennai,49.86,64,False,SYNTHETIC DATA — PIPELINE/CONSTRAINT VERIFICATION ONLY
10,MAA_r0_c4,MAA,Chennai,55.01,71,False,SYNTHETIC DATA — PIPELINE/CONSTRAINT VERIFICATION ONLY
10,MAA_r0_c5,MAA,Chennai,46.78,60,False,SYNTHETIC DATA — PIPELINE/CONSTRAINT VERIFICATION ONLY
10,MAA_r0_c6,MAA,Chennai,37.59,48,False,SYNTHETIC DATA — PIPELINE/CONSTRAINT VERIFICATION ONLY
10,MAA_r1_c0,MAA,Chennai,41.61,54,False,SYNTHETIC DATA — PIPELINE/CONSTRAINT VERIFICATION ONLY
10,MAA_r1_c1,MAA,Chennai,51.87,67,False,SYNTHETIC DATA — PIPELINE/CONSTRAINT VERIFICATION ONLY
10,MAA_r1_c2,MAA,Chennai,56.78,73,False,SYNTHETIC DATA — PIPELINE/CONSTRAINT VERIFICATION ONLY
10,MAA_r1_c3,MAA,Chennai,57.33,74,False,SYNTHETIC DATA — PIPELINE/CONSTRAINT VERIFICATION ONLY
10,MAA_r1_c4,MAA,Chennai,55.44,72,False,SYNTHETIC DATA — PIPELINE/CONSTRAINT VERIFICATION ONLY
10,MAA_r1_c5,MAA,Chennai,55.26,71,False,SYNTHETIC DATA — PIPELINE/CONSTRAINT VERIFICATION ONLY
10,MAA_r1_c6,MAA,Chennai,45.99,59,False,SYNTHETIC DATA — PIPELINE/CONSTRAINT VERIFICATION ONLY
10,MAA_r2_c0,MAA,Chennai,52.67,68,False,SYNTHETIC DATA — PIPELINE/CONSTRAINT VERIFICATION ONLY
10,MAA_r2_c1,MAA,Chennai,50.04,65,False,SYNTHETIC DATA — PIPELINE/CONSTRAINT VERIFICATION ONLY
10,MAA_r2_c2,MAA,Chennai,56.62,73,False,SYNTHETIC DATA — PIPELINE/CONSTRAINT VERIFICATION ONLY
10,MAA_r2_c3,MAA,Chennai,56.13,72,False,SYNTHETIC DATA — PIPELINE/CONSTRAINT VERIFICATION ONLY
10,MAA_r2_c4,MAA,Chennai,58.51,76,False,SYNTHETIC DATA — PIPELINE/CONSTRAINT VERIFICATION ONLY
10,MAA_r2_c5,MAA,Chennai,54.8,71,False,SYNTHETIC DATA — PIPELINE/CONSTRAINT VERIFICATION ONLY
10,MAA_r2_c6,MAA,Chennai,50.32,65,False,SYNTHETIC DATA — PIPELINE/CONSTRAINT VERIFICATION ONLY
10,MAA_r3_c0,MAA,Chennai,51.04,66,False,SYNTHETIC DATA — PIPELINE/CONSTRAINT VERIFICATION ONLY
10,MAA_r3_c1,MAA,Chennai,53.42,69,False,SYNTHETIC DATA — PIPELINE/CONSTRAINT VERIFICATION ONLY
10,MAA_r3_c2,MAA,Chennai,60.98,79,False,SYNTHETIC DATA — PIPELINE/CONSTRAINT VERIFICATION ONLY
10,MAA_r3_c3,MAA,Chennai,62.42,81,True,SYNTHETIC DATA — PIPELINE/CONSTRAINT VERIFICATION ONLY
10,MAA_r3_c4,MAA,Chennai,65.64,85,False,SYNTHETIC DATA — PIPELINE/CONSTRAINT VERIFICATION ONLY
10,MAA_r3_c5,MAA,Chennai,55.29,71,False,SYNTHETIC DATA — PIPELINE/CONSTRAINT VERIFICATION ONLY
10,MAA_r3_c6,MAA,Chennai,49.38,64,False,SYNTHETIC DATA — PIPELINE/CONSTRAINT VERIFICATION ONLY
10,MAA_r4_c0,MAA,Chennai,54.75,71,False,SYNTHETIC DATA — PIPELINE/CONSTRAINT VERIFICATION ONLY
10,MAA_r4_c1,MAA,Chennai,51.21,66,False,SYNTHETIC DATA — PIPELINE/CONSTRAINT VERIFICATION ONLY
10,MAA_r4_c2,MAA,Chennai,55.96,72,False,SYNTHETIC DATA — PIPELINE/CONSTRAINT VERIFICATION ONLY
10,MAA_r4_c3,MAA,Chennai,58.27,75,False,SYNTHETIC DATA — PIPELINE/CONSTRAINT VERIFICATION ONLY
10,MAA_r4_c4,MAA,Chennai,59.13,76,False,SYNTHETIC DATA — PIPELINE/CONSTRAINT VERIFICATION ONLY
10,MAA_r4_c5,MAA,Chennai,56.23,73,False,SYNTHETIC DATA — PIPELINE/CONSTRAINT VERIFICATION ONLY
10,MAA_r4_c6,MAA,Chennai,52.2,67,False,SYNTHETIC DATA — PIPELINE/CONSTRAINT VERIFICATION ONLY
10,MAA_r5_c0,MAA,Chennai,55.32,71,False,SYNTHETIC DATA — PIPELINE/CONSTRAINT VERIFICATION ONLY
10,MAA_r5_c1,MAA,Chennai,45.02,58,False,SYNTHETIC DATA — PIPELINE/CONSTRAINT VERIFICATION ONLY
10,MAA_r5_c2,MAA,Chennai,56.77,73,False,SYNTHETIC DATA — PIPELINE/CONSTRAINT VERIFICATION ONLY
10,MAA_r5_c3,MAA,Chennai,54.53,70,False,SYNTHETIC DATA — PIPELINE/CONSTRAINT VERIFICATION ONLY
10,MAA_r5_c4,MAA,Chennai,53.18,69,False,SYNTHETIC DATA — PIPELINE/CONSTRAINT VERIFICATION ONLY
10,MAA_r5_c5,MAA,Chennai,49.91,64,False,SYNTHETIC DATA — PIPELINE/CONSTRAINT VERIFICATION ONLY
10,MAA_r5_c6,MAA,Chennai,44.88,58,False,SYNTHETIC DATA — PIPELINE/CONSTRAINT VERIFICATION ONLY
10,MAA_r6_c0,MAA,Chennai,49.25,64,False,SYNTHETIC DATA — PIPELINE/CONSTRAINT VERIFICATION ONLY
10,MAA_r6_c1,MAA,Chennai,50.14,65,False,SYNTHETIC DATA — PIPELINE/CONSTRAINT VERIFICATION ONLY
10,MAA_r6_c2,MAA,Chennai,50.05,65,False,SYNTHETIC DATA — PIPELINE/CONSTRAINT VERIFICATION ONLY
10,MAA_r6_c3,MAA,Chennai,54.9,71,False,SYNTHETIC DATA — PIPELINE/CONSTRAINT VERIFICATION ONLY
10,MAA_r6_c4,MAA,Chennai,45.44,59,False,SYNTHETIC DATA — PIPELINE/CONSTRAINT VERIFICATION ONLY
10,MAA_r6_c5,MAA,Chennai,43.62,56,False,SYNTHETIC DATA — PIPELINE/CONSTRAINT VERIFICATION ONLY
10,MAA_r6_c6,MAA,Chennai,37.66,48,False,SYNTHETIC DATA — PIPELINE/CONSTRAINT VERIFICATION ONLY
11,DEL_r0_c0,DEL,Delhi,137.83,179,False,SYNTHETIC DATA — PIPELINE/CONSTRAINT VERIFICATION ONLY
11,DEL_r0_c1,DEL,Delhi,151.21,196,False,SYNTHETIC DATA — PIPELINE/CONSTRAINT VERIFICATION ONLY
11,DEL_r0_c2,DEL,Delhi,158.54,206,False,SYNTHETIC DATA — PIPELINE/CONSTRAINT VERIFICATION ONLY
11,DEL_r0_c3,DEL,Delhi,161.43,209,False,SYNTHETIC DATA — PIPELINE/CONSTRAINT VERIFICATION ONLY
11,DEL_r0_c4,DEL,Delhi,154.0,200,False,SYNTHETIC DATA — PIPELINE/CONSTRAINT VERIFICATION ONLY
11,DEL_r0_c5,DEL,Delhi,153.13,199,False,SYNTHETIC DATA — PIPELINE/CONSTRAINT VERIFICATION ONLY
11,DEL_r0_c6,DEL,Delhi,140.64,182,False,SYNTHETIC DATA — PIPELINE/CONSTRAINT VERIFICATION ONLY
11,DEL_r1_c0,DEL,Delhi,152.92,198,False,SYNTHETIC DATA — PIPELINE/CONSTRAINT VERIFICATION ONLY
11,DEL_r1_c1,DEL,Delhi,158.21,205,False,SYNTHETIC DATA — PIPELINE/CONSTRAINT VERIFICATION ONLY
11,DEL_r1_c2,DEL,Delhi,174.86,227,False,SYNTHETIC DATA — PIPELINE/CONSTRAINT VERIFICATION ONLY
11,DEL_r1_c3,DEL,Delhi,174.37,226,False,SYNTHETIC DATA — PIPELINE/CONSTRAINT VERIFICATION ONLY
11,DEL_r1_c4,DEL,Delhi,172.74,224,False,SYNTHETIC DATA — PIPELINE/CONSTRAINT VERIFICATION ONLY
11,DEL_r1_c5,DEL,Delhi,165.49,215,False,SYNTHETIC DATA — PIPELINE/CONSTRAINT VERIFICATION ONLY
11,DEL_r1_c6,DEL,Delhi,150.99,196,False,SYNTHETIC DATA — PIPELINE/CONSTRAINT VERIFICATION ONLY
11,DEL_r2_c0,DEL,Delhi,155.68,202,False,SYNTHETIC DATA — PIPELINE/CONSTRAINT VERIFICATION ONLY
11,DEL_r2_c1,DEL,Delhi,173.95,226,False,SYNTHETIC DATA — PIPELINE/CONSTRAINT VERIFICATION ONLY
11,DEL_r2_c2,DEL,Delhi,183.26,238,False,SYNTHETIC DATA — PIPELINE/CONSTRAINT VERIFICATION ONLY
11,DEL_r2_c3,DEL,Delhi,198.33,257,False,SYNTHETIC DATA — PIPELINE/CONSTRAINT VERIFICATION ONLY
11,DEL_r2_c4,DEL,Delhi,187.24,243,False,SYNTHETIC DATA — PIPELINE/CONSTRAINT VERIFICATION ONLY
11,DEL_r2_c5,DEL,Delhi,177.28,230,False,SYNTHETIC DATA — PIPELINE/CONSTRAINT VERIFICATION ONLY
11,DEL_r2_c6,DEL,Delhi,156.65,203,False,SYNTHETIC DATA — PIPELINE/CONSTRAINT VERIFICATION ONLY
11,DEL_r3_c0,DEL,Delhi,159.41,207,False,SYNTHETIC DATA — PIPELINE/CONSTRAINT VERIFICATION ONLY
11,DEL_r3_c1,DEL,Delhi,175.64,228,False,SYNTHETIC DATA — PIPELINE/CONSTRAINT VERIFICATION ONLY
11,DEL_r3_c2,DEL,Delhi,197.5,256,False,SYNTHETIC DATA — PIPELINE/CONSTRAINT VERIFICATION ONLY
11,DEL_r3_c3,DEL,Delhi,209.69,272,True,SYNTHETIC DATA — PIPELINE/CONSTRAINT VERIFICATION ONLY
11,DEL_r3_c4,DEL,Delhi,196.81,255,False,SYNTHETIC DATA — PIPELINE/CONSTRAINT VERIFICATION ONLY
11,DEL_r3_c5,DEL,Delhi,176.78,229,False,SYNTHETIC DATA — PIPELINE/CONSTRAINT VERIFICATION ONLY
11,DEL_r3_c6,DEL,Delhi,155.06,201,False,SYNTHETIC DATA — PIPELINE/CONSTRAINT VERIFICATION ONLY
11,DEL_r4_c0,DEL,Delhi,156.52,203,False,SYNTHETIC DATA — PIPELINE/CONSTRAINT VERIFICATION ONLY
11,DEL_r4_c1,DEL,Delhi,170.39,221,False,SYNTHETIC DATA — PIPELINE/CONSTRAINT VERIFICATION ONLY
11,DEL_r4_c2,DEL,Delhi,187.96,244,False,SYNTHETIC DATA — PIPELINE/CONSTRAINT VERIFICATION ONLY
11,DEL_r4_c3,DEL,Delhi,191.3,248,False,SYNTHETIC DATA — PIPELINE/CONSTRAINT VERIFICATION ONLY
11,DEL_r4_c4,DEL,Delhi,190.63,247,False,SYNTHETIC DATA — PIPELINE/CONSTRAINT VERIFICATION ONLY
11,DEL_r4_c5,DEL,Delhi,173.66,225,False,SYNTHETIC DATA — PIPELINE/CONSTRAINT VERIFICATION ONLY
11,DEL_r4_c6,DEL,Delhi,157.7,205,False,SYNTHETIC DATA — PIPELINE/CONSTRAINT VERIFICATION ONLY
11,DEL_r5_c0,DEL,Delhi,152.69,198,False,SYNTHETIC DATA — PIPELINE/CONSTRAINT VERIFICATION ONLY
11,DEL_r5_c1,DEL,Delhi,166.78,216,False,SYNTHETIC DATA — PIPELINE/CONSTRAINT VERIFICATION ONLY
11,DEL_r5_c2,DEL,Delhi,173.87,226,False,SYNTHETIC DATA — PIPELINE/CONSTRAINT VERIFICATION ONLY
11,DEL_r5_c3,DEL,Delhi,175.62,228,False,SYNTHETIC DATA — PIPELINE/CONSTRAINT VERIFICATION ONLY
11,DEL_r5_c4,DEL,Delhi,168.61,219,False,SYNTHETIC DATA — PIPELINE/CONSTRAINT VERIFICATION ONLY
11,DEL_r5_c5,DEL,Delhi,161.83,210,False,SYNTHETIC DATA — PIPELINE/CONSTRAINT VERIFICATION ONLY
11,DEL_r5_c6,DEL,Delhi,148.87,193,False,SYNTHETIC DATA — PIPELINE/CONSTRAINT VERIFICATION ONLY
11,DEL_r6_c0,DEL,Delhi,140.25,182,False,SYNTHETIC DATA — PIPELINE/CONSTRAINT VERIFICATION ONLY
11,DEL_r6_c1,DEL,Delhi,149.69,194,False,SYNTHETIC DATA — PIPELINE/CONSTRAINT VERIFICATION ONLY
11,DEL_r6_c2,DEL,Delhi,160.3,208,False,SYNTHETIC DATA — PIPELINE/CONSTRAINT VERIFICATION ONLY
11,DEL_r6_c3,DEL,Delhi,159.14,206,False,SYNTHETIC DATA — PIPELINE/CONSTRAINT VERIFICATION ONLY
11,DEL_r6_c4,DEL,Delhi,158.06,205,False,SYNTHETIC DATA — PIPELINE/CONSTRAINT VERIFICATION ONLY
11,DEL_r6_c5,DEL,Delhi,154.27,200,False,SYNTHETIC DATA — PIPELINE/CONSTRAINT VERIFICATION ONLY
11,DEL_r6_c6,DEL,Delhi,140.95,183,False,SYNTHETIC DATA — PIPELINE/CONSTRAINT VERIFICATION ONLY
11,BOM_r0_c0,BOM,Mumbai,69.78,90,False,SYNTHETIC DATA — PIPELINE/CONSTRAINT VERIFICATION ONLY
11,BOM_r0_c1,BOM,Mumbai,73.55,95,False,SYNTHETIC DATA — PIPELINE/CONSTRAINT VERIFICATION ONLY
11,BOM_r0_c2,BOM,Mumbai,77.22,100,False,SYNTHETIC DATA — PIPELINE/CONSTRAINT VERIFICATION ONLY
11,BOM_r0_c3,BOM,Mumbai,77.94,101,False,SYNTHETIC DATA — PIPELINE/CONSTRAINT VERIFICATION ONLY
11,BOM_r0_c4,BOM,Mumbai,77.49,100,False,SYNTHETIC DATA — PIPELINE/CONSTRAINT VERIFICATION ONLY
11,BOM_r0_c5,BOM,Mumbai,77.63,100,False,SYNTHETIC DATA — PIPELINE/CONSTRAINT VERIFICATION ONLY
11,BOM_r0_c6,BOM,Mumbai,69.3,90,False,SYNTHETIC DATA — PIPELINE/CONSTRAINT VERIFICATION ONLY
11,BOM_r1_c0,BOM,Mumbai,71.31,92,False,SYNTHETIC DATA — PIPELINE/CONSTRAINT VERIFICATION ONLY
11,BOM_r1_c1,BOM,Mumbai,87.25,113,False,SYNTHETIC DATA — PIPELINE/CONSTRAINT VERIFICATION ONLY
11,BOM_r1_c2,BOM,Mumbai,87.92,114,False,SYNTHETIC DATA — PIPELINE/CONSTRAINT VERIFICATION ONLY
11,BOM_r1_c3,BOM,Mumbai,84.74,110,False,SYNTHETIC DATA — PIPELINE/CONSTRAINT VERIFICATION ONLY
11,BOM_r1_c4,BOM,Mumbai,85.64,111,False,SYNTHETIC DATA — PIPELINE/CONSTRAINT VERIFICATION ONLY
11,BOM_r1_c5,BOM,Mumbai,82.28,106,False,SYNTHETIC DATA — PIPELINE/CONSTRAINT VERIFICATION ONLY
11,BOM_r1_c6,BOM,Mumbai,80.47,104,False,SYNTHETIC DATA — PIPELINE/CONSTRAINT VERIFICATION ONLY
11,BOM_r2_c0,BOM,Mumbai,75.79,98,False,SYNTHETIC DATA — PIPELINE/CONSTRAINT VERIFICATION ONLY
11,BOM_r2_c1,BOM,Mumbai,89.89,116,False,SYNTHETIC DATA — PIPELINE/CONSTRAINT VERIFICATION ONLY
11,BOM_r2_c2,BOM,Mumbai,98.13,127,False,SYNTHETIC DATA — PIPELINE/CONSTRAINT VERIFICATION ONLY
11,BOM_r2_c3,BOM,Mumbai,95.55,124,False,SYNTHETIC DATA — PIPELINE/CONSTRAINT VERIFICATION ONLY
11,BOM_r2_c4,BOM,Mumbai,93.1,121,False,SYNTHETIC DATA — PIPELINE/CONSTRAINT VERIFICATION ONLY
11,BOM_r2_c5,BOM,Mumbai,83.86,109,False,SYNTHETIC DATA — PIPELINE/CONSTRAINT VERIFICATION ONLY
11,BOM_r2_c6,BOM,Mumbai,78.51,102,False,SYNTHETIC DATA — PIPELINE/CONSTRAINT VERIFICATION ONLY
11,BOM_r3_c0,BOM,Mumbai,80.38,104,False,SYNTHETIC DATA — PIPELINE/CONSTRAINT VERIFICATION ONLY
11,BOM_r3_c1,BOM,Mumbai,90.94,118,False,SYNTHETIC DATA — PIPELINE/CONSTRAINT VERIFICATION ONLY
11,BOM_r3_c2,BOM,Mumbai,100.71,130,False,SYNTHETIC DATA — PIPELINE/CONSTRAINT VERIFICATION ONLY
11,BOM_r3_c3,BOM,Mumbai,103.67,134,True,SYNTHETIC DATA — PIPELINE/CONSTRAINT VERIFICATION ONLY
11,BOM_r3_c4,BOM,Mumbai,91.54,119,False,SYNTHETIC DATA — PIPELINE/CONSTRAINT VERIFICATION ONLY
11,BOM_r3_c5,BOM,Mumbai,88.9,115,False,SYNTHETIC DATA — PIPELINE/CONSTRAINT VERIFICATION ONLY
11,BOM_r3_c6,BOM,Mumbai,81.37,105,False,SYNTHETIC DATA — PIPELINE/CONSTRAINT VERIFICATION ONLY
11,BOM_r4_c0,BOM,Mumbai,79.86,103,False,SYNTHETIC DATA — PIPELINE/CONSTRAINT VERIFICATION ONLY
11,BOM_r4_c1,BOM,Mumbai,85.98,111,False,SYNTHETIC DATA — PIPELINE/CONSTRAINT VERIFICATION ONLY
11,BOM_r4_c2,BOM,Mumbai,94.3,122,False,SYNTHETIC DATA — PIPELINE/CONSTRAINT VERIFICATION ONLY
11,BOM_r4_c3,BOM,Mumbai,101.98,132,False,SYNTHETIC DATA — PIPELINE/CONSTRAINT VERIFICATION ONLY
11,BOM_r4_c4,BOM,Mumbai,95.07,123,False,SYNTHETIC DATA — PIPELINE/CONSTRAINT VERIFICATION ONLY
11,BOM_r4_c5,BOM,Mumbai,85.84,111,False,SYNTHETIC DATA — PIPELINE/CONSTRAINT VERIFICATION ONLY
11,BOM_r4_c6,BOM,Mumbai,77.62,100,False,SYNTHETIC DATA — PIPELINE/CONSTRAINT VERIFICATION ONLY
11,BOM_r5_c0,BOM,Mumbai,74.85,97,False,SYNTHETIC DATA — PIPELINE/CONSTRAINT VERIFICATION ONLY
11,BOM_r5_c1,BOM,Mumbai,86.86,112,False,SYNTHETIC DATA — PIPELINE/CONSTRAINT VERIFICATION ONLY
11,BOM_r5_c2,BOM,Mumbai,86.41,112,False,SYNTHETIC DATA — PIPELINE/CONSTRAINT VERIFICATION ONLY
11,BOM_r5_c3,BOM,Mumbai,88.9,115,False,SYNTHETIC DATA — PIPELINE/CONSTRAINT VERIFICATION ONLY
11,BOM_r5_c4,BOM,Mumbai,85.52,111,False,SYNTHETIC DATA — PIPELINE/CONSTRAINT VERIFICATION ONLY
11,BOM_r5_c5,BOM,Mumbai,85.24,110,False,SYNTHETIC DATA — PIPELINE/CONSTRAINT VERIFICATION ONLY
11,BOM_r5_c6,BOM,Mumbai,81.24,105,False,SYNTHETIC DATA — PIPELINE/CONSTRAINT VERIFICATION ONLY
11,BOM_r6_c0,BOM,Mumbai,71.31,92,False,SYNTHETIC DATA — PIPELINE/CONSTRAINT VERIFICATION ONLY
11,BOM_r6_c1,BOM,Mumbai,75.61,98,False,SYNTHETIC DATA — PIPELINE/CONSTRAINT VERIFICATION ONLY
11,BOM_r6_c2,BOM,Mumbai,79.23,102,False,SYNTHETIC DATA — PIPELINE/CONSTRAINT VERIFICATION ONLY
11,BOM_r6_c3,BOM,Mumbai,73.34,95,False,SYNTHETIC DATA — PIPELINE/CONSTRAINT VERIFICATION ONLY
11,BOM_r6_c4,BOM,Mumbai,81.35,105,False,SYNTHETIC DATA — PIPELINE/CONSTRAINT VERIFICATION ONLY
11,BOM_r6_c5,BOM,Mumbai,75.76,98,False,SYNTHETIC DATA — PIPELINE/CONSTRAINT VERIFICATION ONLY
11,BOM_r6_c6,BOM,Mumbai,71.25,92,False,SYNTHETIC DATA — PIPELINE/CONSTRAINT VERIFICATION ONLY
11,LKO_r0_c0,LKO,Lucknow,122.24,158,False,SYNTHETIC DATA — PIPELINE/CONSTRAINT VERIFICATION ONLY
11,LKO_r0_c1,LKO,Lucknow,132.82,172,False,SYNTHETIC DATA — PIPELINE/CONSTRAINT VERIFICATION ONLY
11,LKO_r0_c2,LKO,Lucknow,139.42,181,False,SYNTHETIC DATA — PIPELINE/CONSTRAINT VERIFICATION ONLY
11,LKO_r0_c3,LKO,Lucknow,146.16,190,False,SYNTHETIC DATA — PIPELINE/CONSTRAINT VERIFICATION ONLY
11,LKO_r0_c4,LKO,Lucknow,139.52,181,False,SYNTHETIC DATA — PIPELINE/CONSTRAINT VERIFICATION ONLY
11,LKO_r0_c5,LKO,Lucknow,140.22,182,False,SYNTHETIC DATA — PIPELINE/CONSTRAINT VERIFICATION ONLY
11,LKO_r0_c6,LKO,Lucknow,125.67,163,False,SYNTHETIC DATA — PIPELINE/CONSTRAINT VERIFICATION ONLY
11,LKO_r1_c0,LKO,Lucknow,130.15,169,False,SYNTHETIC DATA — PIPELINE/CONSTRAINT VERIFICATION ONLY
11,LKO_r1_c1,LKO,Lucknow,145.29,188,False,SYNTHETIC DATA — PIPELINE/CONSTRAINT VERIFICATION ONLY
11,LKO_r1_c2,LKO,Lucknow,152.65,198,False,SYNTHETIC DATA — PIPELINE/CONSTRAINT VERIFICATION ONLY
11,LKO_r1_c3,LKO,Lucknow,151.58,197,False,SYNTHETIC DATA — PIPELINE/CONSTRAINT VERIFICATION ONLY
11,LKO_r1_c4,LKO,Lucknow,159.4,207,False,SYNTHETIC DATA — PIPELINE/CONSTRAINT VERIFICATION ONLY
11,LKO_r1_c5,LKO,Lucknow,147.79,192,False,SYNTHETIC DATA — PIPELINE/CONSTRAINT VERIFICATION ONLY
11,LKO_r1_c6,LKO,Lucknow,135.57,176,False,SYNTHETIC DATA — PIPELINE/CONSTRAINT VERIFICATION ONLY
11,LKO_r2_c0,LKO,Lucknow,141.15,183,False,SYNTHETIC DATA — PIPELINE/CONSTRAINT VERIFICATION ONLY
11,LKO_r2_c1,LKO,Lucknow,150.46,195,False,SYNTHETIC DATA — PIPELINE/CONSTRAINT VERIFICATION ONLY
11,LKO_r2_c2,LKO,Lucknow,165.53,215,False,SYNTHETIC DATA — PIPELINE/CONSTRAINT VERIFICATION ONLY
11,LKO_r2_c3,LKO,Lucknow,175.75,228,False,SYNTHETIC DATA — PIPELINE/CONSTRAINT VERIFICATION ONLY
11,LKO_r2_c4,LKO,Lucknow,163.83,212,False,SYNTHETIC DATA — PIPELINE/CONSTRAINT VERIFICATION ONLY
11,LKO_r2_c5,LKO,Lucknow,147.01,191,False,SYNTHETIC DATA — PIPELINE/CONSTRAINT VERIFICATION ONLY
11,LKO_r2_c6,LKO,Lucknow,139.97,181,False,SYNTHETIC DATA — PIPELINE/CONSTRAINT VERIFICATION ONLY
11,LKO_r3_c0,LKO,Lucknow,142.67,185,False,SYNTHETIC DATA — PIPELINE/CONSTRAINT VERIFICATION ONLY
11,LKO_r3_c1,LKO,Lucknow,158.57,206,False,SYNTHETIC DATA — PIPELINE/CONSTRAINT VERIFICATION ONLY
11,LKO_r3_c2,LKO,Lucknow,175.41,228,False,SYNTHETIC DATA — PIPELINE/CONSTRAINT VERIFICATION ONLY
11,LKO_r3_c3,LKO,Lucknow,190.2,247,True,SYNTHETIC DATA — PIPELINE/CONSTRAINT VERIFICATION ONLY
11,LKO_r3_c4,LKO,Lucknow,174.0,226,False,SYNTHETIC DATA — PIPELINE/CONSTRAINT VERIFICATION ONLY
11,LKO_r3_c5,LKO,Lucknow,161.75,210,False,SYNTHETIC DATA — PIPELINE/CONSTRAINT VERIFICATION ONLY
11,LKO_r3_c6,LKO,Lucknow,138.54,180,False,SYNTHETIC DATA — PIPELINE/CONSTRAINT VERIFICATION ONLY
11,LKO_r4_c0,LKO,Lucknow,142.17,184,False,SYNTHETIC DATA — PIPELINE/CONSTRAINT VERIFICATION ONLY
11,LKO_r4_c1,LKO,Lucknow,156.48,203,False,SYNTHETIC DATA — PIPELINE/CONSTRAINT VERIFICATION ONLY
11,LKO_r4_c2,LKO,Lucknow,163.26,212,False,SYNTHETIC DATA — PIPELINE/CONSTRAINT VERIFICATION ONLY
11,LKO_r4_c3,LKO,Lucknow,168.71,219,False,SYNTHETIC DATA — PIPELINE/CONSTRAINT VERIFICATION ONLY
11,LKO_r4_c4,LKO,Lucknow,164.74,214,False,SYNTHETIC DATA — PIPELINE/CONSTRAINT VERIFICATION ONLY
11,LKO_r4_c5,LKO,Lucknow,152.62,198,False,SYNTHETIC DATA — PIPELINE/CONSTRAINT VERIFICATION ONLY
11,LKO_r4_c6,LKO,Lucknow,142.91,185,False,SYNTHETIC DATA — PIPELINE/CONSTRAINT VERIFICATION ONLY
11,LKO_r5_c0,LKO,Lucknow,132.13,171,False,SYNTHETIC DATA — PIPELINE/CONSTRAINT VERIFICATION ONLY
11,LKO_r5_c1,LKO,Lucknow,143.11,186,False,SYNTHETIC DATA — PIPELINE/CONSTRAINT VERIFICATION ONLY
11,LKO_r5_c2,LKO,Lucknow,152.77,198,False,SYNTHETIC DATA — PIPELINE/CONSTRAINT VERIFICATION ONLY
11,LKO_r5_c3,LKO,Lucknow,161.51,209,False,SYNTHETIC DATA — PIPELINE/CONSTRAINT VERIFICATION ONLY
11,LKO_r5_c4,LKO,Lucknow,154.64,201,False,SYNTHETIC DATA — PIPELINE/CONSTRAINT VERIFICATION ONLY
11,LKO_r5_c5,LKO,Lucknow,145.14,188,False,SYNTHETIC DATA — PIPELINE/CONSTRAINT VERIFICATION ONLY
11,LKO_r5_c6,LKO,Lucknow,133.64,173,False,SYNTHETIC DATA — PIPELINE/CONSTRAINT VERIFICATION ONLY
11,LKO_r6_c0,LKO,Lucknow,128.25,166,False,SYNTHETIC DATA — PIPELINE/CONSTRAINT VERIFICATION ONLY
11,LKO_r6_c1,LKO,Lucknow,131.73,171,False,SYNTHETIC DATA — PIPELINE/CONSTRAINT VERIFICATION ONLY
11,LKO_r6_c2,LKO,Lucknow,144.6,187,False,SYNTHETIC DATA — PIPELINE/CONSTRAINT VERIFICATION ONLY
11,LKO_r6_c3,LKO,Lucknow,143.73,186,False,SYNTHETIC DATA — PIPELINE/CONSTRAINT VERIFICATION ONLY
11,LKO_r6_c4,LKO,Lucknow,140.17,182,False,SYNTHETIC DATA — PIPELINE/CONSTRAINT VERIFICATION ONLY
11,LKO_r6_c5,LKO,Lucknow,141.48,183,False,SYNTHETIC DATA — PIPELINE/CONSTRAINT VERIFICATION ONLY
11,LKO_r6_c6,LKO,Lucknow,121.21,157,False,SYNTHETIC DATA — PIPELINE/CONSTRAINT VERIFICATION ONLY
11,VNS_r0_c0,VNS,Varanasi,115.54,150,False,SYNTHETIC DATA — PIPELINE/CONSTRAINT VERIFICATION ONLY
11,VNS_r0_c1,VNS,Varanasi,121.9,158,False,SYNTHETIC DATA — PIPELINE/CONSTRAINT VERIFICATION ONLY
11,VNS_r0_c2,VNS,Varanasi,134.72,175,False,SYNTHETIC DATA — PIPELINE/CONSTRAINT VERIFICATION ONLY
11,VNS_r0_c3,VNS,Varanasi,139.22,180,False,SYNTHETIC DATA — PIPELINE/CONSTRAINT VERIFICATION ONLY
11,VNS_r0_c4,VNS,Varanasi,136.87,177,False,SYNTHETIC DATA — PIPELINE/CONSTRAINT VERIFICATION ONLY
11,VNS_r0_c5,VNS,Varanasi,129.27,168,False,SYNTHETIC DATA — PIPELINE/CONSTRAINT VERIFICATION ONLY
11,VNS_r0_c6,VNS,Varanasi,116.01,150,False,SYNTHETIC DATA — PIPELINE/CONSTRAINT VERIFICATION ONLY
11,VNS_r1_c0,VNS,Varanasi,124.51,161,False,SYNTHETIC DATA — PIPELINE/CONSTRAINT VERIFICATION ONLY
11,VNS_r1_c1,VNS,Varanasi,131.56,171,False,SYNTHETIC DATA — PIPELINE/CONSTRAINT VERIFICATION ONLY
11,VNS_r1_c2,VNS,Varanasi,151.05,196,False,SYNTHETIC DATA — PIPELINE/CONSTRAINT VERIFICATION ONLY
11,VNS_r1_c3,VNS,Varanasi,149.68,194,False,SYNTHETIC DATA — PIPELINE/CONSTRAINT VERIFICATION ONLY
11,VNS_r1_c4,VNS,Varanasi,143.46,186,False,SYNTHETIC DATA — PIPELINE/CONSTRAINT VERIFICATION ONLY
11,VNS_r1_c5,VNS,Varanasi,140.56,182,False,SYNTHETIC DATA — PIPELINE/CONSTRAINT VERIFICATION ONLY
11,VNS_r1_c6,VNS,Varanasi,122.68,159,False,SYNTHETIC DATA — PIPELINE/CONSTRAINT VERIFICATION ONLY
11,VNS_r2_c0,VNS,Varanasi,133.08,173,False,SYNTHETIC DATA — PIPELINE/CONSTRAINT VERIFICATION ONLY
11,VNS_r2_c1,VNS,Varanasi,144.42,187,False,SYNTHETIC DATA — PIPELINE/CONSTRAINT VERIFICATION ONLY
11,VNS_r2_c2,VNS,Varanasi,158.46,205,False,SYNTHETIC DATA — PIPELINE/CONSTRAINT VERIFICATION ONLY
11,VNS_r2_c3,VNS,Varanasi,162.2,210,False,SYNTHETIC DATA — PIPELINE/CONSTRAINT VERIFICATION ONLY
11,VNS_r2_c4,VNS,Varanasi,152.19,197,False,SYNTHETIC DATA — PIPELINE/CONSTRAINT VERIFICATION ONLY
11,VNS_r2_c5,VNS,Varanasi,145.17,188,False,SYNTHETIC DATA — PIPELINE/CONSTRAINT VERIFICATION ONLY
11,VNS_r2_c6,VNS,Varanasi,135.01,175,False,SYNTHETIC DATA — PIPELINE/CONSTRAINT VERIFICATION ONLY
11,VNS_r3_c0,VNS,Varanasi,134.06,174,False,SYNTHETIC DATA — PIPELINE/CONSTRAINT VERIFICATION ONLY
11,VNS_r3_c1,VNS,Varanasi,150.6,195,False,SYNTHETIC DATA — PIPELINE/CONSTRAINT VERIFICATION ONLY
11,VNS_r3_c2,VNS,Varanasi,159.26,207,False,SYNTHETIC DATA — PIPELINE/CONSTRAINT VERIFICATION ONLY
11,VNS_r3_c3,VNS,Varanasi,176.44,229,True,SYNTHETIC DATA — PIPELINE/CONSTRAINT VERIFICATION ONLY
11,VNS_r3_c4,VNS,Varanasi,160.52,208,False,SYNTHETIC DATA — PIPELINE/CONSTRAINT VERIFICATION ONLY
11,VNS_r3_c5,VNS,Varanasi,150.51,195,False,SYNTHETIC DATA — PIPELINE/CONSTRAINT VERIFICATION ONLY
11,VNS_r3_c6,VNS,Varanasi,134.25,174,False,SYNTHETIC DATA — PIPELINE/CONSTRAINT VERIFICATION ONLY
11,VNS_r4_c0,VNS,Varanasi,133.93,174,False,SYNTHETIC DATA — PIPELINE/CONSTRAINT VERIFICATION ONLY
11,VNS_r4_c1,VNS,Varanasi,148.2,192,False,SYNTHETIC DATA — PIPELINE/CONSTRAINT VERIFICATION ONLY
11,VNS_r4_c2,VNS,Varanasi,158.62,206,False,SYNTHETIC DATA — PIPELINE/CONSTRAINT VERIFICATION ONLY
11,VNS_r4_c3,VNS,Varanasi,163.21,212,False,SYNTHETIC DATA — PIPELINE/CONSTRAINT VERIFICATION ONLY
11,VNS_r4_c4,VNS,Varanasi,153.55,199,False,SYNTHETIC DATA — PIPELINE/CONSTRAINT VERIFICATION ONLY
11,VNS_r4_c5,VNS,Varanasi,144.93,188,False,SYNTHETIC DATA — PIPELINE/CONSTRAINT VERIFICATION ONLY
11,VNS_r4_c6,VNS,Varanasi,130.26,169,False,SYNTHETIC DATA — PIPELINE/CONSTRAINT VERIFICATION ONLY
11,VNS_r5_c0,VNS,Varanasi,124.57,161,False,SYNTHETIC DATA — PIPELINE/CONSTRAINT VERIFICATION ONLY
11,VNS_r5_c1,VNS,Varanasi,135.45,176,False,SYNTHETIC DATA — PIPELINE/CONSTRAINT VERIFICATION ONLY
11,VNS_r5_c2,VNS,Varanasi,142.0,184,False,SYNTHETIC DATA — PIPELINE/CONSTRAINT VERIFICATION ONLY
11,VNS_r5_c3,VNS,Varanasi,142.4,185,False,SYNTHETIC DATA — PIPELINE/CONSTRAINT VERIFICATION ONLY
11,VNS_r5_c4,VNS,Varanasi,142.94,185,False,SYNTHETIC DATA — PIPELINE/CONSTRAINT VERIFICATION ONLY
11,VNS_r5_c5,VNS,Varanasi,137.16,178,False,SYNTHETIC DATA — PIPELINE/CONSTRAINT VERIFICATION ONLY
11,VNS_r5_c6,VNS,Varanasi,121.56,158,False,SYNTHETIC DATA — PIPELINE/CONSTRAINT VERIFICATION ONLY
11,VNS_r6_c0,VNS,Varanasi,116.65,151,False,SYNTHETIC DATA — PIPELINE/CONSTRAINT VERIFICATION ONLY
11,VNS_r6_c1,VNS,Varanasi,131.3,170,False,SYNTHETIC DATA — PIPELINE/CONSTRAINT VERIFICATION ONLY
11,VNS_r6_c2,VNS,Varanasi,134.93,175,False,SYNTHETIC DATA — PIPELINE/CONSTRAINT VERIFICATION ONLY
11,VNS_r6_c3,VNS,Varanasi,139.08,180,False,SYNTHETIC DATA — PIPELINE/CONSTRAINT VERIFICATION ONLY
11,VNS_r6_c4,VNS,Varanasi,133.03,172,False,SYNTHETIC DATA — PIPELINE/CONSTRAINT VERIFICATION ONLY
11,VNS_r6_c5,VNS,Varanasi,129.1,167,False,SYNTHETIC DATA — PIPELINE/CONSTRAINT VERIFICATION ONLY
11,VNS_r6_c6,VNS,Varanasi,114.43,148,False,SYNTHETIC DATA — PIPELINE/CONSTRAINT VERIFICATION ONLY
11,JAI_r0_c0,JAI,Jaipur,83.58,108,False,SYNTHETIC DATA — PIPELINE/CONSTRAINT VERIFICATION ONLY
11,JAI_r0_c1,JAI,Jaipur,83.89,109,False,SYNTHETIC DATA — PIPELINE/CONSTRAINT VERIFICATION ONLY
11,JAI_r0_c2,JAI,Jaipur,100.26,130,False,SYNTHETIC DATA — PIPELINE/CONSTRAINT VERIFICATION ONLY
11,JAI_r0_c3,JAI,Jaipur,103.0,133,False,SYNTHETIC DATA — PIPELINE/CONSTRAINT VERIFICATION ONLY
11,JAI_r0_c4,JAI,Jaipur,95.04,123,False,SYNTHETIC DATA — PIPELINE/CONSTRAINT VERIFICATION ONLY
11,JAI_r0_c5,JAI,Jaipur,91.35,118,False,SYNTHETIC DATA — PIPELINE/CONSTRAINT VERIFICATION ONLY
11,JAI_r0_c6,JAI,Jaipur,83.25,108,False,SYNTHETIC DATA — PIPELINE/CONSTRAINT VERIFICATION ONLY
11,JAI_r1_c0,JAI,Jaipur,93.26,121,False,SYNTHETIC DATA — PIPELINE/CONSTRAINT VERIFICATION ONLY
11,JAI_r1_c1,JAI,Jaipur,103.53,134,False,SYNTHETIC DATA — PIPELINE/CONSTRAINT VERIFICATION ONLY
11,JAI_r1_c2,JAI,Jaipur,101.06,131,False,SYNTHETIC DATA — PIPELINE/CONSTRAINT VERIFICATION ONLY
11,JAI_r1_c3,JAI,Jaipur,109.96,142,False,SYNTHETIC DATA — PIPELINE/CONSTRAINT VERIFICATION ONLY
11,JAI_r1_c4,JAI,Jaipur,105.46,137,False,SYNTHETIC DATA — PIPELINE/CONSTRAINT VERIFICATION ONLY
11,JAI_r1_c5,JAI,Jaipur,100.5,130,False,SYNTHETIC DATA — PIPELINE/CONSTRAINT VERIFICATION ONLY
11,JAI_r1_c6,JAI,Jaipur,93.48,121,False,SYNTHETIC DATA — PIPELINE/CONSTRAINT VERIFICATION ONLY
11,JAI_r2_c0,JAI,Jaipur,96.13,124,False,SYNTHETIC DATA — PIPELINE/CONSTRAINT VERIFICATION ONLY
11,JAI_r2_c1,JAI,Jaipur,105.98,137,False,SYNTHETIC DATA — PIPELINE/CONSTRAINT VERIFICATION ONLY
11,JAI_r2_c2,JAI,Jaipur,114.16,148,False,SYNTHETIC DATA — PIPELINE/CONSTRAINT VERIFICATION ONLY
11,JAI_r2_c3,JAI,Jaipur,122.0,158,False,SYNTHETIC DATA — PIPELINE/CONSTRAINT VERIFICATION ONLY
11,JAI_r2_c4,JAI,Jaipur,116.06,150,False,SYNTHETIC DATA — PIPELINE/CONSTRAINT VERIFICATION ONLY
11,JAI_r2_c5,JAI,Jaipur,106.95,139,False,SYNTHETIC DATA — PIPELINE/CONSTRAINT VERIFICATION ONLY
11,JAI_r2_c6,JAI,Jaipur,92.89,120,False,SYNTHETIC DATA — PIPELINE/CONSTRAINT VERIFICATION ONLY
11,JAI_r3_c0,JAI,Jaipur,97.24,126,False,SYNTHETIC DATA — PIPELINE/CONSTRAINT VERIFICATION ONLY
11,JAI_r3_c1,JAI,Jaipur,111.43,144,False,SYNTHETIC DATA — PIPELINE/CONSTRAINT VERIFICATION ONLY
11,JAI_r3_c2,JAI,Jaipur,119.2,154,False,SYNTHETIC DATA — PIPELINE/CONSTRAINT VERIFICATION ONLY
11,JAI_r3_c3,JAI,Jaipur,131.42,170,True,SYNTHETIC DATA — PIPELINE/CONSTRAINT VERIFICATION ONLY
11,JAI_r3_c4,JAI,Jaipur,124.39,161,False,SYNTHETIC DATA — PIPELINE/CONSTRAINT VERIFICATION ONLY
11,JAI_r3_c5,JAI,Jaipur,111.85,145,False,SYNTHETIC DATA — PIPELINE/CONSTRAINT VERIFICATION ONLY
11,JAI_r3_c6,JAI,Jaipur,98.66,128,False,SYNTHETIC DATA — PIPELINE/CONSTRAINT VERIFICATION ONLY
11,JAI_r4_c0,JAI,Jaipur,95.17,123,False,SYNTHETIC DATA — PIPELINE/CONSTRAINT VERIFICATION ONLY
11,JAI_r4_c1,JAI,Jaipur,98.63,128,False,SYNTHETIC DATA — PIPELINE/CONSTRAINT VERIFICATION ONLY
11,JAI_r4_c2,JAI,Jaipur,114.3,148,False,SYNTHETIC DATA — PIPELINE/CONSTRAINT VERIFICATION ONLY
11,JAI_r4_c3,JAI,Jaipur,118.11,153,False,SYNTHETIC DATA — PIPELINE/CONSTRAINT VERIFICATION ONLY
11,JAI_r4_c4,JAI,Jaipur,115.97,150,False,SYNTHETIC DATA — PIPELINE/CONSTRAINT VERIFICATION ONLY
11,JAI_r4_c5,JAI,Jaipur,105.83,137,False,SYNTHETIC DATA — PIPELINE/CONSTRAINT VERIFICATION ONLY
11,JAI_r4_c6,JAI,Jaipur,95.74,124,False,SYNTHETIC DATA — PIPELINE/CONSTRAINT VERIFICATION ONLY
11,JAI_r5_c0,JAI,Jaipur,86.77,112,False,SYNTHETIC DATA — PIPELINE/CONSTRAINT VERIFICATION ONLY
11,JAI_r5_c1,JAI,Jaipur,97.34,126,False,SYNTHETIC DATA — PIPELINE/CONSTRAINT VERIFICATION ONLY
11,JAI_r5_c2,JAI,Jaipur,107.72,140,False,SYNTHETIC DATA — PIPELINE/CONSTRAINT VERIFICATION ONLY
11,JAI_r5_c3,JAI,Jaipur,113.88,148,False,SYNTHETIC DATA — PIPELINE/CONSTRAINT VERIFICATION ONLY
11,JAI_r5_c4,JAI,Jaipur,106.0,137,False,SYNTHETIC DATA — PIPELINE/CONSTRAINT VERIFICATION ONLY
11,JAI_r5_c5,JAI,Jaipur,101.14,131,False,SYNTHETIC DATA — PIPELINE/CONSTRAINT VERIFICATION ONLY
11,JAI_r5_c6,JAI,Jaipur,94.97,123,False,SYNTHETIC DATA — PIPELINE/CONSTRAINT VERIFICATION ONLY
11,JAI_r6_c0,JAI,Jaipur,83.08,108,False,SYNTHETIC DATA — PIPELINE/CONSTRAINT VERIFICATION ONLY
11,JAI_r6_c1,JAI,Jaipur,93.21,121,False,SYNTHETIC DATA — PIPELINE/CONSTRAINT VERIFICATION ONLY
11,JAI_r6_c2,JAI,Jaipur,94.48,122,False,SYNTHETIC DATA — PIPELINE/CONSTRAINT VERIFICATION ONLY
11,JAI_r6_c3,JAI,Jaipur,100.97,131,False,SYNTHETIC DATA — PIPELINE/CONSTRAINT VERIFICATION ONLY
11,JAI_r6_c4,JAI,Jaipur,97.15,126,False,SYNTHETIC DATA — PIPELINE/CONSTRAINT VERIFICATION ONLY
11,JAI_r6_c5,JAI,Jaipur,93.0,120,False,SYNTHETIC DATA — PIPELINE/CONSTRAINT VERIFICATION ONLY
11,JAI_r6_c6,JAI,Jaipur,83.16,108,False,SYNTHETIC DATA — PIPELINE/CONSTRAINT VERIFICATION ONLY
11,AMD_r0_c0,AMD,Ahmedabad,83.74,108,False,SYNTHETIC DATA — PIPELINE/CONSTRAINT VERIFICATION ONLY
11,AMD_r0_c1,AMD,Ahmedabad,94.18,122,False,SYNTHETIC DATA — PIPELINE/CONSTRAINT VERIFICATION ONLY
11,AMD_r0_c2,AMD,Ahmedabad,89.28,116,False,SYNTHETIC DATA — PIPELINE/CONSTRAINT VERIFICATION ONLY
11,AMD_r0_c3,AMD,Ahmedabad,92.89,120,False,SYNTHETIC DATA — PIPELINE/CONSTRAINT VERIFICATION ONLY
11,AMD_r0_c4,AMD,Ahmedabad,93.0,120,False,SYNTHETIC DATA — PIPELINE/CONSTRAINT VERIFICATION ONLY
11,AMD_r0_c5,AMD,Ahmedabad,90.28,117,False,SYNTHETIC DATA — PIPELINE/CONSTRAINT VERIFICATION ONLY
11,AMD_r0_c6,AMD,Ahmedabad,79.94,103,False,SYNTHETIC DATA — PIPELINE/CONSTRAINT VERIFICATION ONLY
11,AMD_r1_c0,AMD,Ahmedabad,79.42,103,False,SYNTHETIC DATA — PIPELINE/CONSTRAINT VERIFICATION ONLY
11,AMD_r1_c1,AMD,Ahmedabad,99.68,129,False,SYNTHETIC DATA — PIPELINE/CONSTRAINT VERIFICATION ONLY
11,AMD_r1_c2,AMD,Ahmedabad,103.74,134,False,SYNTHETIC DATA — PIPELINE/CONSTRAINT VERIFICATION ONLY
11,AMD_r1_c3,AMD,Ahmedabad,98.56,128,False,SYNTHETIC DATA — PIPELINE/CONSTRAINT VERIFICATION ONLY
11,AMD_r1_c4,AMD,Ahmedabad,99.64,129,False,SYNTHETIC DATA — PIPELINE/CONSTRAINT VERIFICATION ONLY
11,AMD_r1_c5,AMD,Ahmedabad,100.31,130,False,SYNTHETIC DATA — PIPELINE/CONSTRAINT VERIFICATION ONLY
11,AMD_r1_c6,AMD,Ahmedabad,92.26,119,False,SYNTHETIC DATA — PIPELINE/CONSTRAINT VERIFICATION ONLY
11,AMD_r2_c0,AMD,Ahmedabad,95.12,123,False,SYNTHETIC DATA — PIPELINE/CONSTRAINT VERIFICATION ONLY
11,AMD_r2_c1,AMD,Ahmedabad,100.93,131,False,SYNTHETIC DATA — PIPELINE/CONSTRAINT VERIFICATION ONLY
11,AMD_r2_c2,AMD,Ahmedabad,109.83,142,False,SYNTHETIC DATA — PIPELINE/CONSTRAINT VERIFICATION ONLY
11,AMD_r2_c3,AMD,Ahmedabad,113.28,147,False,SYNTHETIC DATA — PIPELINE/CONSTRAINT VERIFICATION ONLY
11,AMD_r2_c4,AMD,Ahmedabad,112.97,146,False,SYNTHETIC DATA — PIPELINE/CONSTRAINT VERIFICATION ONLY
11,AMD_r2_c5,AMD,Ahmedabad,98.83,128,False,SYNTHETIC DATA — PIPELINE/CONSTRAINT VERIFICATION ONLY
11,AMD_r2_c6,AMD,Ahmedabad,89.89,116,False,SYNTHETIC DATA — PIPELINE/CONSTRAINT VERIFICATION ONLY
11,AMD_r3_c0,AMD,Ahmedabad,96.94,126,False,SYNTHETIC DATA — PIPELINE/CONSTRAINT VERIFICATION ONLY
11,AMD_r3_c1,AMD,Ahmedabad,103.66,134,False,SYNTHETIC DATA — PIPELINE/CONSTRAINT VERIFICATION ONLY
11,AMD_r3_c2,AMD,Ahmedabad,117.81,153,False,SYNTHETIC DATA — PIPELINE/CONSTRAINT VERIFICATION ONLY
11,AMD_r3_c3,AMD,Ahmedabad,121.55,158,True,SYNTHETIC DATA — PIPELINE/CONSTRAINT VERIFICATION ONLY
11,AMD_r3_c4,AMD,Ahmedabad,113.51,147,False,SYNTHETIC DATA — PIPELINE/CONSTRAINT VERIFICATION ONLY
11,AMD_r3_c5,AMD,Ahmedabad,101.02,131,False,SYNTHETIC DATA — PIPELINE/CONSTRAINT VERIFICATION ONLY
11,AMD_r3_c6,AMD,Ahmedabad,93.93,122,False,SYNTHETIC DATA — PIPELINE/CONSTRAINT VERIFICATION ONLY
11,AMD_r4_c0,AMD,Ahmedabad,87.87,114,False,SYNTHETIC DATA — PIPELINE/CONSTRAINT VERIFICATION ONLY
11,AMD_r4_c1,AMD,Ahmedabad,100.0,130,False,SYNTHETIC DATA — PIPELINE/CONSTRAINT VERIFICATION ONLY
11,AMD_r4_c2,AMD,Ahmedabad,105.27,136,False,SYNTHETIC DATA — PIPELINE/CONSTRAINT VERIFICATION ONLY
11,AMD_r4_c3,AMD,Ahmedabad,115.76,150,False,SYNTHETIC DATA — PIPELINE/CONSTRAINT VERIFICATION ONLY
11,AMD_r4_c4,AMD,Ahmedabad,111.73,145,False,SYNTHETIC DATA — PIPELINE/CONSTRAINT VERIFICATION ONLY
11,AMD_r4_c5,AMD,Ahmedabad,96.27,125,False,SYNTHETIC DATA — PIPELINE/CONSTRAINT VERIFICATION ONLY
11,AMD_r4_c6,AMD,Ahmedabad,96.3,125,False,SYNTHETIC DATA — PIPELINE/CONSTRAINT VERIFICATION ONLY
11,AMD_r5_c0,AMD,Ahmedabad,95.41,124,False,SYNTHETIC DATA — PIPELINE/CONSTRAINT VERIFICATION ONLY
11,AMD_r5_c1,AMD,Ahmedabad,95.74,124,False,SYNTHETIC DATA — PIPELINE/CONSTRAINT VERIFICATION ONLY
11,AMD_r5_c2,AMD,Ahmedabad,99.53,129,False,SYNTHETIC DATA — PIPELINE/CONSTRAINT VERIFICATION ONLY
11,AMD_r5_c3,AMD,Ahmedabad,112.26,145,False,SYNTHETIC DATA — PIPELINE/CONSTRAINT VERIFICATION ONLY
11,AMD_r5_c4,AMD,Ahmedabad,97.5,126,False,SYNTHETIC DATA — PIPELINE/CONSTRAINT VERIFICATION ONLY
11,AMD_r5_c5,AMD,Ahmedabad,95.66,124,False,SYNTHETIC DATA — PIPELINE/CONSTRAINT VERIFICATION ONLY
11,AMD_r5_c6,AMD,Ahmedabad,88.46,114,False,SYNTHETIC DATA — PIPELINE/CONSTRAINT VERIFICATION ONLY
11,AMD_r6_c0,AMD,Ahmedabad,85.66,111,False,SYNTHETIC DATA — PIPELINE/CONSTRAINT VERIFICATION ONLY
11,AMD_r6_c1,AMD,Ahmedabad,89.0,115,False,SYNTHETIC DATA — PIPELINE/CONSTRAINT VERIFICATION ONLY
11,AMD_r6_c2,AMD,Ahmedabad,90.81,118,False,SYNTHETIC DATA — PIPELINE/CONSTRAINT VERIFICATION ONLY
11,AMD_r6_c3,AMD,Ahmedabad,91.05,118,False,SYNTHETIC DATA — PIPELINE/CONSTRAINT VERIFICATION ONLY
11,AMD_r6_c4,AMD,Ahmedabad,91.28,118,False,SYNTHETIC DATA — PIPELINE/CONSTRAINT VERIFICATION ONLY
11,AMD_r6_c5,AMD,Ahmedabad,84.9,110,False,SYNTHETIC DATA — PIPELINE/CONSTRAINT VERIFICATION ONLY
11,AMD_r6_c6,AMD,Ahmedabad,81.77,106,False,SYNTHETIC DATA — PIPELINE/CONSTRAINT VERIFICATION ONLY
11,CCU_r0_c0,CCU,Kolkata,99.36,129,False,SYNTHETIC DATA — PIPELINE/CONSTRAINT VERIFICATION ONLY
11,CCU_r0_c1,CCU,Kolkata,104.37,135,False,SYNTHETIC DATA — PIPELINE/CONSTRAINT VERIFICATION ONLY
11,CCU_r0_c2,CCU,Kolkata,118.04,153,False,SYNTHETIC DATA — PIPELINE/CONSTRAINT VERIFICATION ONLY
11,CCU_r0_c3,CCU,Kolkata,114.77,149,False,SYNTHETIC DATA — PIPELINE/CONSTRAINT VERIFICATION ONLY
11,CCU_r0_c4,CCU,Kolkata,110.48,143,False,SYNTHETIC DATA — PIPELINE/CONSTRAINT VERIFICATION ONLY
11,CCU_r0_c5,CCU,Kolkata,108.35,140,False,SYNTHETIC DATA — PIPELINE/CONSTRAINT VERIFICATION ONLY
11,CCU_r0_c6,CCU,Kolkata,101.26,131,False,SYNTHETIC DATA — PIPELINE/CONSTRAINT VERIFICATION ONLY
11,CCU_r1_c0,CCU,Kolkata,103.62,134,False,SYNTHETIC DATA — PIPELINE/CONSTRAINT VERIFICATION ONLY
11,CCU_r1_c1,CCU,Kolkata,119.36,155,False,SYNTHETIC DATA — PIPELINE/CONSTRAINT VERIFICATION ONLY
11,CCU_r1_c2,CCU,Kolkata,122.47,159,False,SYNTHETIC DATA — PIPELINE/CONSTRAINT VERIFICATION ONLY
11,CCU_r1_c3,CCU,Kolkata,133.64,173,False,SYNTHETIC DATA — PIPELINE/CONSTRAINT VERIFICATION ONLY
11,CCU_r1_c4,CCU,Kolkata,127.19,165,False,SYNTHETIC DATA — PIPELINE/CONSTRAINT VERIFICATION ONLY
11,CCU_r1_c5,CCU,Kolkata,117.17,152,False,SYNTHETIC DATA — PIPELINE/CONSTRAINT VERIFICATION ONLY
11,CCU_r1_c6,CCU,Kolkata,106.62,138,False,SYNTHETIC DATA — PIPELINE/CONSTRAINT VERIFICATION ONLY
11,CCU_r2_c0,CCU,Kolkata,113.96,148,False,SYNTHETIC DATA — PIPELINE/CONSTRAINT VERIFICATION ONLY
11,CCU_r2_c1,CCU,Kolkata,127.45,165,False,SYNTHETIC DATA — PIPELINE/CONSTRAINT VERIFICATION ONLY
11,CCU_r2_c2,CCU,Kolkata,135.6,176,False,SYNTHETIC DATA — PIPELINE/CONSTRAINT VERIFICATION ONLY
11,CCU_r2_c3,CCU,Kolkata,140.09,182,False,SYNTHETIC DATA — PIPELINE/CONSTRAINT VERIFICATION ONLY
11,CCU_r2_c4,CCU,Kolkata,135.85,176,False,SYNTHETIC DATA — PIPELINE/CONSTRAINT VERIFICATION ONLY
11,CCU_r2_c5,CCU,Kolkata,123.8,160,False,SYNTHETIC DATA — PIPELINE/CONSTRAINT VERIFICATION ONLY
11,CCU_r2_c6,CCU,Kolkata,113.25,147,False,SYNTHETIC DATA — PIPELINE/CONSTRAINT VERIFICATION ONLY
11,CCU_r3_c0,CCU,Kolkata,110.01,143,False,SYNTHETIC DATA — PIPELINE/CONSTRAINT VERIFICATION ONLY
11,CCU_r3_c1,CCU,Kolkata,131.43,170,False,SYNTHETIC DATA — PIPELINE/CONSTRAINT VERIFICATION ONLY
11,CCU_r3_c2,CCU,Kolkata,141.64,184,False,SYNTHETIC DATA — PIPELINE/CONSTRAINT VERIFICATION ONLY
11,CCU_r3_c3,CCU,Kolkata,150.66,195,True,SYNTHETIC DATA — PIPELINE/CONSTRAINT VERIFICATION ONLY
11,CCU_r3_c4,CCU,Kolkata,146.44,190,False,SYNTHETIC DATA — PIPELINE/CONSTRAINT VERIFICATION ONLY
11,CCU_r3_c5,CCU,Kolkata,128.77,167,False,SYNTHETIC DATA — PIPELINE/CONSTRAINT VERIFICATION ONLY
11,CCU_r3_c6,CCU,Kolkata,113.16,147,False,SYNTHETIC DATA — PIPELINE/CONSTRAINT VERIFICATION ONLY
11,CCU_r4_c0,CCU,Kolkata,116.85,151,False,SYNTHETIC DATA — PIPELINE/CONSTRAINT VERIFICATION ONLY
11,CCU_r4_c1,CCU,Kolkata,126.81,164,False,SYNTHETIC DATA — PIPELINE/CONSTRAINT VERIFICATION ONLY
11,CCU_r4_c2,CCU,Kolkata,136.86,177,False,SYNTHETIC DATA — PIPELINE/CONSTRAINT VERIFICATION ONLY
11,CCU_r4_c3,CCU,Kolkata,139.47,181,False,SYNTHETIC DATA — PIPELINE/CONSTRAINT VERIFICATION ONLY
11,CCU_r4_c4,CCU,Kolkata,137.02,178,False,SYNTHETIC DATA — PIPELINE/CONSTRAINT VERIFICATION ONLY
11,CCU_r4_c5,CCU,Kolkata,124.83,162,False,SYNTHETIC DATA — PIPELINE/CONSTRAINT VERIFICATION ONLY
11,CCU_r4_c6,CCU,Kolkata,115.95,150,False,SYNTHETIC DATA — PIPELINE/CONSTRAINT VERIFICATION ONLY
11,CCU_r5_c0,CCU,Kolkata,103.14,134,False,SYNTHETIC DATA — PIPELINE/CONSTRAINT VERIFICATION ONLY
11,CCU_r5_c1,CCU,Kolkata,117.06,152,False,SYNTHETIC DATA — PIPELINE/CONSTRAINT VERIFICATION ONLY
11,CCU_r5_c2,CCU,Kolkata,130.78,170,False,SYNTHETIC DATA — PIPELINE/CONSTRAINT VERIFICATION ONLY
11,CCU_r5_c3,CCU,Kolkata,126.2,164,False,SYNTHETIC DATA — PIPELINE/CONSTRAINT VERIFICATION ONLY
11,CCU_r5_c4,CCU,Kolkata,123.8,160,False,SYNTHETIC DATA — PIPELINE/CONSTRAINT VERIFICATION ONLY
11,CCU_r5_c5,CCU,Kolkata,117.02,152,False,SYNTHETIC DATA — PIPELINE/CONSTRAINT VERIFICATION ONLY
11,CCU_r5_c6,CCU,Kolkata,105.21,136,False,SYNTHETIC DATA — PIPELINE/CONSTRAINT VERIFICATION ONLY
11,CCU_r6_c0,CCU,Kolkata,94.43,122,False,SYNTHETIC DATA — PIPELINE/CONSTRAINT VERIFICATION ONLY
11,CCU_r6_c1,CCU,Kolkata,108.16,140,False,SYNTHETIC DATA — PIPELINE/CONSTRAINT VERIFICATION ONLY
11,CCU_r6_c2,CCU,Kolkata,114.69,149,False,SYNTHETIC DATA — PIPELINE/CONSTRAINT VERIFICATION ONLY
11,CCU_r6_c3,CCU,Kolkata,116.11,150,False,SYNTHETIC DATA — PIPELINE/CONSTRAINT VERIFICATION ONLY
11,CCU_r6_c4,CCU,Kolkata,113.84,147,False,SYNTHETIC DATA — PIPELINE/CONSTRAINT VERIFICATION ONLY
11,CCU_r6_c5,CCU,Kolkata,108.98,141,False,SYNTHETIC DATA — PIPELINE/CONSTRAINT VERIFICATION ONLY
11,CCU_r6_c6,CCU,Kolkata,104.13,135,False,SYNTHETIC DATA — PIPELINE/CONSTRAINT VERIFICATION ONLY
11,HYD_r0_c0,HYD,Hyderabad,57.73,75,False,SYNTHETIC DATA — PIPELINE/CONSTRAINT VERIFICATION ONLY
11,HYD_r0_c1,HYD,Hyderabad,61.08,79,False,SYNTHETIC DATA — PIPELINE/CONSTRAINT VERIFICATION ONLY
11,HYD_r0_c2,HYD,Hyderabad,65.09,84,False,SYNTHETIC DATA — PIPELINE/CONSTRAINT VERIFICATION ONLY
11,HYD_r0_c3,HYD,Hyderabad,68.81,89,False,SYNTHETIC DATA — PIPELINE/CONSTRAINT VERIFICATION ONLY
11,HYD_r0_c4,HYD,Hyderabad,70.17,91,False,SYNTHETIC DATA — PIPELINE/CONSTRAINT VERIFICATION ONLY
11,HYD_r0_c5,HYD,Hyderabad,60.92,79,False,SYNTHETIC DATA — PIPELINE/CONSTRAINT VERIFICATION ONLY
11,HYD_r0_c6,HYD,Hyderabad,58.6,76,False,SYNTHETIC DATA — PIPELINE/CONSTRAINT VERIFICATION ONLY
11,HYD_r1_c0,HYD,Hyderabad,63.82,82,False,SYNTHETIC DATA — PIPELINE/CONSTRAINT VERIFICATION ONLY
11,HYD_r1_c1,HYD,Hyderabad,65.31,84,False,SYNTHETIC DATA — PIPELINE/CONSTRAINT VERIFICATION ONLY
11,HYD_r1_c2,HYD,Hyderabad,72.53,94,False,SYNTHETIC DATA — PIPELINE/CONSTRAINT VERIFICATION ONLY
11,HYD_r1_c3,HYD,Hyderabad,69.74,90,False,SYNTHETIC DATA — PIPELINE/CONSTRAINT VERIFICATION ONLY
11,HYD_r1_c4,HYD,Hyderabad,67.16,87,False,SYNTHETIC DATA — PIPELINE/CONSTRAINT VERIFICATION ONLY
11,HYD_r1_c5,HYD,Hyderabad,69.39,90,False,SYNTHETIC DATA — PIPELINE/CONSTRAINT VERIFICATION ONLY
11,HYD_r1_c6,HYD,Hyderabad,61.65,80,False,SYNTHETIC DATA — PIPELINE/CONSTRAINT VERIFICATION ONLY
11,HYD_r2_c0,HYD,Hyderabad,66.54,86,False,SYNTHETIC DATA — PIPELINE/CONSTRAINT VERIFICATION ONLY
11,HYD_r2_c1,HYD,Hyderabad,72.42,94,False,SYNTHETIC DATA — PIPELINE/CONSTRAINT VERIFICATION ONLY
11,HYD_r2_c2,HYD,Hyderabad,75.34,97,False,SYNTHETIC DATA — PIPELINE/CONSTRAINT VERIFICATION ONLY
11,HYD_r2_c3,HYD,Hyderabad,81.06,105,False,SYNTHETIC DATA — PIPELINE/CONSTRAINT VERIFICATION ONLY
11,HYD_r2_c4,HYD,Hyderabad,74.57,96,False,SYNTHETIC DATA — PIPELINE/CONSTRAINT VERIFICATION ONLY
11,HYD_r2_c5,HYD,Hyderabad,76.64,99,False,SYNTHETIC DATA — PIPELINE/CONSTRAINT VERIFICATION ONLY
11,HYD_r2_c6,HYD,Hyderabad,61.86,80,False,SYNTHETIC DATA — PIPELINE/CONSTRAINT VERIFICATION ONLY
11,HYD_r3_c0,HYD,Hyderabad,66.49,86,False,SYNTHETIC DATA — PIPELINE/CONSTRAINT VERIFICATION ONLY
11,HYD_r3_c1,HYD,Hyderabad,71.01,92,False,SYNTHETIC DATA — PIPELINE/CONSTRAINT VERIFICATION ONLY
11,HYD_r3_c2,HYD,Hyderabad,82.91,107,False,SYNTHETIC DATA — PIPELINE/CONSTRAINT VERIFICATION ONLY
11,HYD_r3_c3,HYD,Hyderabad,87.26,113,True,SYNTHETIC DATA — PIPELINE/CONSTRAINT VERIFICATION ONLY
11,HYD_r3_c4,HYD,Hyderabad,79.64,103,False,SYNTHETIC DATA — PIPELINE/CONSTRAINT VERIFICATION ONLY
11,HYD_r3_c5,HYD,Hyderabad,76.7,99,False,SYNTHETIC DATA — PIPELINE/CONSTRAINT VERIFICATION ONLY
11,HYD_r3_c6,HYD,Hyderabad,67.16,87,False,SYNTHETIC DATA — PIPELINE/CONSTRAINT VERIFICATION ONLY
11,HYD_r4_c0,HYD,Hyderabad,67.48,87,False,SYNTHETIC DATA — PIPELINE/CONSTRAINT VERIFICATION ONLY
11,HYD_r4_c1,HYD,Hyderabad,69.53,90,False,SYNTHETIC DATA — PIPELINE/CONSTRAINT VERIFICATION ONLY
11,HYD_r4_c2,HYD,Hyderabad,74.06,96,False,SYNTHETIC DATA — PIPELINE/CONSTRAINT VERIFICATION ONLY
11,HYD_r4_c3,HYD,Hyderabad,81.52,105,False,SYNTHETIC DATA — PIPELINE/CONSTRAINT VERIFICATION ONLY
11,HYD_r4_c4,HYD,Hyderabad,77.32,100,False,SYNTHETIC DATA — PIPELINE/CONSTRAINT VERIFICATION ONLY
11,HYD_r4_c5,HYD,Hyderabad,74.35,96,False,SYNTHETIC DATA — PIPELINE/CONSTRAINT VERIFICATION ONLY
11,HYD_r4_c6,HYD,Hyderabad,65.69,85,False,SYNTHETIC DATA — PIPELINE/CONSTRAINT VERIFICATION ONLY
11,HYD_r5_c0,HYD,Hyderabad,63.42,82,False,SYNTHETIC DATA — PIPELINE/CONSTRAINT VERIFICATION ONLY
11,HYD_r5_c1,HYD,Hyderabad,63.42,82,False,SYNTHETIC DATA — PIPELINE/CONSTRAINT VERIFICATION ONLY
11,HYD_r5_c2,HYD,Hyderabad,78.14,101,False,SYNTHETIC DATA — PIPELINE/CONSTRAINT VERIFICATION ONLY
11,HYD_r5_c3,HYD,Hyderabad,73.64,95,False,SYNTHETIC DATA — PIPELINE/CONSTRAINT VERIFICATION ONLY
11,HYD_r5_c4,HYD,Hyderabad,74.56,96,False,SYNTHETIC DATA — PIPELINE/CONSTRAINT VERIFICATION ONLY
11,HYD_r5_c5,HYD,Hyderabad,65.78,85,False,SYNTHETIC DATA — PIPELINE/CONSTRAINT VERIFICATION ONLY
11,HYD_r5_c6,HYD,Hyderabad,63.72,82,False,SYNTHETIC DATA — PIPELINE/CONSTRAINT VERIFICATION ONLY
11,HYD_r6_c0,HYD,Hyderabad,54.39,70,False,SYNTHETIC DATA — PIPELINE/CONSTRAINT VERIFICATION ONLY
11,HYD_r6_c1,HYD,Hyderabad,64.16,83,False,SYNTHETIC DATA — PIPELINE/CONSTRAINT VERIFICATION ONLY
11,HYD_r6_c2,HYD,Hyderabad,64.86,84,False,SYNTHETIC DATA — PIPELINE/CONSTRAINT VERIFICATION ONLY
11,HYD_r6_c3,HYD,Hyderabad,67.16,87,False,SYNTHETIC DATA — PIPELINE/CONSTRAINT VERIFICATION ONLY
11,HYD_r6_c4,HYD,Hyderabad,68.02,88,False,SYNTHETIC DATA — PIPELINE/CONSTRAINT VERIFICATION ONLY
11,HYD_r6_c5,HYD,Hyderabad,59.1,76,False,SYNTHETIC DATA — PIPELINE/CONSTRAINT VERIFICATION ONLY
11,HYD_r6_c6,HYD,Hyderabad,56.25,73,False,SYNTHETIC DATA — PIPELINE/CONSTRAINT VERIFICATION ONLY
11,BLR_r0_c0,BLR,Bengaluru,36.35,47,False,SYNTHETIC DATA — PIPELINE/CONSTRAINT VERIFICATION ONLY
11,BLR_r0_c1,BLR,Bengaluru,43.98,57,False,SYNTHETIC DATA — PIPELINE/CONSTRAINT VERIFICATION ONLY
11,BLR_r0_c2,BLR,Bengaluru,39.14,50,False,SYNTHETIC DATA — PIPELINE/CONSTRAINT VERIFICATION ONLY
11,BLR_r0_c3,BLR,Bengaluru,42.02,54,False,SYNTHETIC DATA — PIPELINE/CONSTRAINT VERIFICATION ONLY
11,BLR_r0_c4,BLR,Bengaluru,39.24,51,False,SYNTHETIC DATA — PIPELINE/CONSTRAINT VERIFICATION ONLY
11,BLR_r0_c5,BLR,Bengaluru,43.51,56,False,SYNTHETIC DATA — PIPELINE/CONSTRAINT VERIFICATION ONLY
11,BLR_r0_c6,BLR,Bengaluru,29.74,38,False,SYNTHETIC DATA — PIPELINE/CONSTRAINT VERIFICATION ONLY
11,BLR_r1_c0,BLR,Bengaluru,37.96,49,False,SYNTHETIC DATA — PIPELINE/CONSTRAINT VERIFICATION ONLY
11,BLR_r1_c1,BLR,Bengaluru,36.1,46,False,SYNTHETIC DATA — PIPELINE/CONSTRAINT VERIFICATION ONLY
11,BLR_r1_c2,BLR,Bengaluru,35.96,46,False,SYNTHETIC DATA — PIPELINE/CONSTRAINT VERIFICATION ONLY
11,BLR_r1_c3,BLR,Bengaluru,45.37,58,False,SYNTHETIC DATA — PIPELINE/CONSTRAINT VERIFICATION ONLY
11,BLR_r1_c4,BLR,Bengaluru,43.9,57,False,SYNTHETIC DATA — PIPELINE/CONSTRAINT VERIFICATION ONLY
11,BLR_r1_c5,BLR,Bengaluru,40.12,52,False,SYNTHETIC DATA — PIPELINE/CONSTRAINT VERIFICATION ONLY
11,BLR_r1_c6,BLR,Bengaluru,37.36,48,False,SYNTHETIC DATA — PIPELINE/CONSTRAINT VERIFICATION ONLY
11,BLR_r2_c0,BLR,Bengaluru,48.85,63,False,SYNTHETIC DATA — PIPELINE/CONSTRAINT VERIFICATION ONLY
11,BLR_r2_c1,BLR,Bengaluru,42.71,55,False,SYNTHETIC DATA — PIPELINE/CONSTRAINT VERIFICATION ONLY
11,BLR_r2_c2,BLR,Bengaluru,48.49,63,False,SYNTHETIC DATA — PIPELINE/CONSTRAINT VERIFICATION ONLY
11,BLR_r2_c3,BLR,Bengaluru,46.77,60,False,SYNTHETIC DATA — PIPELINE/CONSTRAINT VERIFICATION ONLY
11,BLR_r2_c4,BLR,Bengaluru,47.85,62,False,SYNTHETIC DATA — PIPELINE/CONSTRAINT VERIFICATION ONLY
11,BLR_r2_c5,BLR,Bengaluru,42.77,55,False,SYNTHETIC DATA — PIPELINE/CONSTRAINT VERIFICATION ONLY
11,BLR_r2_c6,BLR,Bengaluru,38.33,49,False,SYNTHETIC DATA — PIPELINE/CONSTRAINT VERIFICATION ONLY
11,BLR_r3_c0,BLR,Bengaluru,45.7,59,False,SYNTHETIC DATA — PIPELINE/CONSTRAINT VERIFICATION ONLY
11,BLR_r3_c1,BLR,Bengaluru,48.01,62,False,SYNTHETIC DATA — PIPELINE/CONSTRAINT VERIFICATION ONLY
11,BLR_r3_c2,BLR,Bengaluru,49.13,63,False,SYNTHETIC DATA — PIPELINE/CONSTRAINT VERIFICATION ONLY
11,BLR_r3_c3,BLR,Bengaluru,46.04,59,True,SYNTHETIC DATA — PIPELINE/CONSTRAINT VERIFICATION ONLY
11,BLR_r3_c4,BLR,Bengaluru,47.64,61,False,SYNTHETIC DATA — PIPELINE/CONSTRAINT VERIFICATION ONLY
11,BLR_r3_c5,BLR,Bengaluru,52.59,68,False,SYNTHETIC DATA — PIPELINE/CONSTRAINT VERIFICATION ONLY
11,BLR_r3_c6,BLR,Bengaluru,39.55,51,False,SYNTHETIC DATA — PIPELINE/CONSTRAINT VERIFICATION ONLY
11,BLR_r4_c0,BLR,Bengaluru,42.87,55,False,SYNTHETIC DATA — PIPELINE/CONSTRAINT VERIFICATION ONLY
11,BLR_r4_c1,BLR,Bengaluru,47.81,62,False,SYNTHETIC DATA — PIPELINE/CONSTRAINT VERIFICATION ONLY
11,BLR_r4_c2,BLR,Bengaluru,47.62,61,False,SYNTHETIC DATA — PIPELINE/CONSTRAINT VERIFICATION ONLY
11,BLR_r4_c3,BLR,Bengaluru,46.19,60,False,SYNTHETIC DATA — PIPELINE/CONSTRAINT VERIFICATION ONLY
11,BLR_r4_c4,BLR,Bengaluru,39.66,51,False,SYNTHETIC DATA — PIPELINE/CONSTRAINT VERIFICATION ONLY
11,BLR_r4_c5,BLR,Bengaluru,45.53,59,False,SYNTHETIC DATA — PIPELINE/CONSTRAINT VERIFICATION ONLY
11,BLR_r4_c6,BLR,Bengaluru,37.11,48,False,SYNTHETIC DATA — PIPELINE/CONSTRAINT VERIFICATION ONLY
11,BLR_r5_c0,BLR,Bengaluru,38.21,49,False,SYNTHETIC DATA — PIPELINE/CONSTRAINT VERIFICATION ONLY
11,BLR_r5_c1,BLR,Bengaluru,37.22,48,False,SYNTHETIC DATA — PIPELINE/CONSTRAINT VERIFICATION ONLY
11,BLR_r5_c2,BLR,Bengaluru,42.69,55,False,SYNTHETIC DATA — PIPELINE/CONSTRAINT VERIFICATION ONLY
11,BLR_r5_c3,BLR,Bengaluru,44.58,57,False,SYNTHETIC DATA — PIPELINE/CONSTRAINT VERIFICATION ONLY
11,BLR_r5_c4,BLR,Bengaluru,44.29,57,False,SYNTHETIC DATA — PIPELINE/CONSTRAINT VERIFICATION ONLY
11,BLR_r5_c5,BLR,Bengaluru,37.63,48,False,SYNTHETIC DATA — PIPELINE/CONSTRAINT VERIFICATION ONLY
11,BLR_r5_c6,BLR,Bengaluru,41.27,53,False,SYNTHETIC DATA — PIPELINE/CONSTRAINT VERIFICATION ONLY
11,BLR_r6_c0,BLR,Bengaluru,33.19,43,False,SYNTHETIC DATA — PIPELINE/CONSTRAINT VERIFICATION ONLY
11,BLR_r6_c1,BLR,Bengaluru,32.66,42,False,SYNTHETIC DATA — PIPELINE/CONSTRAINT VERIFICATION ONLY
11,BLR_r6_c2,BLR,Bengaluru,39.23,50,False,SYNTHETIC DATA — PIPELINE/CONSTRAINT VERIFICATION ONLY
11,BLR_r6_c3,BLR,Bengaluru,40.35,52,False,SYNTHETIC DATA — PIPELINE/CONSTRAINT VERIFICATION ONLY
11,BLR_r6_c4,BLR,Bengaluru,40.04,52,False,SYNTHETIC DATA — PIPELINE/CONSTRAINT VERIFICATION ONLY
11,BLR_r6_c5,BLR,Bengaluru,41.77,54,False,SYNTHETIC DATA — PIPELINE/CONSTRAINT VERIFICATION ONLY
11,BLR_r6_c6,BLR,Bengaluru,34.27,44,False,SYNTHETIC DATA — PIPELINE/CONSTRAINT VERIFICATION ONLY
11,MAA_r0_c0,MAA,Chennai,42.4,55,False,SYNTHETIC DATA — PIPELINE/CONSTRAINT VERIFICATION ONLY
11,MAA_r0_c1,MAA,Chennai,42.74,55,False,SYNTHETIC DATA — PIPELINE/CONSTRAINT VERIFICATION ONLY
11,MAA_r0_c2,MAA,Chennai,50.81,66,False,SYNTHETIC DATA — PIPELINE/CONSTRAINT VERIFICATION ONLY
11,MAA_r0_c3,MAA,Chennai,49.74,64,False,SYNTHETIC DATA — PIPELINE/CONSTRAINT VERIFICATION ONLY
11,MAA_r0_c4,MAA,Chennai,47.09,61,False,SYNTHETIC DATA — PIPELINE/CONSTRAINT VERIFICATION ONLY
11,MAA_r0_c5,MAA,Chennai,40.34,52,False,SYNTHETIC DATA — PIPELINE/CONSTRAINT VERIFICATION ONLY
11,MAA_r0_c6,MAA,Chennai,47.09,61,False,SYNTHETIC DATA — PIPELINE/CONSTRAINT VERIFICATION ONLY
11,MAA_r1_c0,MAA,Chennai,42.37,55,False,SYNTHETIC DATA — PIPELINE/CONSTRAINT VERIFICATION ONLY
11,MAA_r1_c1,MAA,Chennai,48.3,62,False,SYNTHETIC DATA — PIPELINE/CONSTRAINT VERIFICATION ONLY
11,MAA_r1_c2,MAA,Chennai,54.22,70,False,SYNTHETIC DATA — PIPELINE/CONSTRAINT VERIFICATION ONLY
11,MAA_r1_c3,MAA,Chennai,50.78,66,False,SYNTHETIC DATA — PIPELINE/CONSTRAINT VERIFICATION ONLY
11,MAA_r1_c4,MAA,Chennai,48.66,63,False,SYNTHETIC DATA — PIPELINE/CONSTRAINT VERIFICATION ONLY
11,MAA_r1_c5,MAA,Chennai,43.71,56,False,SYNTHETIC DATA — PIPELINE/CONSTRAINT VERIFICATION ONLY
11,MAA_r1_c6,MAA,Chennai,48.22,62,False,SYNTHETIC DATA — PIPELINE/CONSTRAINT VERIFICATION ONLY
11,MAA_r2_c0,MAA,Chennai,46.71,60,False,SYNTHETIC DATA — PIPELINE/CONSTRAINT VERIFICATION ONLY
11,MAA_r2_c1,MAA,Chennai,61.93,80,False,SYNTHETIC DATA — PIPELINE/CONSTRAINT VERIFICATION ONLY
11,MAA_r2_c2,MAA,Chennai,54.42,70,False,SYNTHETIC DATA — PIPELINE/CONSTRAINT VERIFICATION ONLY
11,MAA_r2_c3,MAA,Chennai,56.78,73,False,SYNTHETIC DATA — PIPELINE/CONSTRAINT VERIFICATION ONLY
11,MAA_r2_c4,MAA,Chennai,55.7,72,False,SYNTHETIC DATA — PIPELINE/CONSTRAINT VERIFICATION ONLY
11,MAA_r2_c5,MAA,Chennai,53.87,70,False,SYNTHETIC DATA — PIPELINE/CONSTRAINT VERIFICATION ONLY
11,MAA_r2_c6,MAA,Chennai,46.94,61,False,SYNTHETIC DATA — PIPELINE/CONSTRAINT VERIFICATION ONLY
11,MAA_r3_c0,MAA,Chennai,51.03,66,False,SYNTHETIC DATA — PIPELINE/CONSTRAINT VERIFICATION ONLY
11,MAA_r3_c1,MAA,Chennai,51.43,66,False,SYNTHETIC DATA — PIPELINE/CONSTRAINT VERIFICATION ONLY
11,MAA_r3_c2,MAA,Chennai,55.4,72,False,SYNTHETIC DATA — PIPELINE/CONSTRAINT VERIFICATION ONLY
11,MAA_r3_c3,MAA,Chennai,59.33,77,True,SYNTHETIC DATA — PIPELINE/CONSTRAINT VERIFICATION ONLY
11,MAA_r3_c4,MAA,Chennai,52.87,68,False,SYNTHETIC DATA — PIPELINE/CONSTRAINT VERIFICATION ONLY
11,MAA_r3_c5,MAA,Chennai,52.81,68,False,SYNTHETIC DATA — PIPELINE/CONSTRAINT VERIFICATION ONLY
11,MAA_r3_c6,MAA,Chennai,48.29,62,False,SYNTHETIC DATA — PIPELINE/CONSTRAINT VERIFICATION ONLY
11,MAA_r4_c0,MAA,Chennai,46.45,60,False,SYNTHETIC DATA — PIPELINE/CONSTRAINT VERIFICATION ONLY
11,MAA_r4_c1,MAA,Chennai,56.87,73,False,SYNTHETIC DATA — PIPELINE/CONSTRAINT VERIFICATION ONLY
11,MAA_r4_c2,MAA,Chennai,61.08,79,False,SYNTHETIC DATA — PIPELINE/CONSTRAINT VERIFICATION ONLY
11,MAA_r4_c3,MAA,Chennai,58.54,76,False,SYNTHETIC DATA — PIPELINE/CONSTRAINT VERIFICATION ONLY
11,MAA_r4_c4,MAA,Chennai,52.02,67,False,SYNTHETIC DATA — PIPELINE/CONSTRAINT VERIFICATION ONLY
11,MAA_r4_c5,MAA,Chennai,51.44,66,False,SYNTHETIC DATA — PIPELINE/CONSTRAINT VERIFICATION ONLY
11,MAA_r4_c6,MAA,Chennai,46.55,60,False,SYNTHETIC DATA — PIPELINE/CONSTRAINT VERIFICATION ONLY
11,MAA_r5_c0,MAA,Chennai,44.08,57,False,SYNTHETIC DATA — PIPELINE/CONSTRAINT VERIFICATION ONLY
11,MAA_r5_c1,MAA,Chennai,47.98,62,False,SYNTHETIC DATA — PIPELINE/CONSTRAINT VERIFICATION ONLY
11,MAA_r5_c2,MAA,Chennai,51.18,66,False,SYNTHETIC DATA — PIPELINE/CONSTRAINT VERIFICATION ONLY
11,MAA_r5_c3,MAA,Chennai,53.21,69,False,SYNTHETIC DATA — PIPELINE/CONSTRAINT VERIFICATION ONLY
11,MAA_r5_c4,MAA,Chennai,51.24,66,False,SYNTHETIC DATA — PIPELINE/CONSTRAINT VERIFICATION ONLY
11,MAA_r5_c5,MAA,Chennai,50.7,65,False,SYNTHETIC DATA — PIPELINE/CONSTRAINT VERIFICATION ONLY
11,MAA_r5_c6,MAA,Chennai,47.13,61,False,SYNTHETIC DATA — PIPELINE/CONSTRAINT VERIFICATION ONLY
11,MAA_r6_c0,MAA,Chennai,40.02,52,False,SYNTHETIC DATA — PIPELINE/CONSTRAINT VERIFICATION ONLY
11,MAA_r6_c1,MAA,Chennai,49.87,64,False,SYNTHETIC DATA — PIPELINE/CONSTRAINT VERIFICATION ONLY
11,MAA_r6_c2,MAA,Chennai,45.41,59,False,SYNTHETIC DATA — PIPELINE/CONSTRAINT VERIFICATION ONLY
11,MAA_r6_c3,MAA,Chennai,44.34,57,False,SYNTHETIC DATA — PIPELINE/CONSTRAINT VERIFICATION ONLY
11,MAA_r6_c4,MAA,Chennai,49.49,64,False,SYNTHETIC DATA — PIPELINE/CONSTRAINT VERIFICATION ONLY
11,MAA_r6_c5,MAA,Chennai,43.6,56,False,SYNTHETIC DATA — PIPELINE/CONSTRAINT VERIFICATION ONLY
11,MAA_r6_c6,MAA,Chennai,43.72,56,False,SYNTHETIC DATA — PIPELINE/CONSTRAINT VERIFICATION ONLY
