station_id,station_name,latitude,longitude,years_available,file_count,earliest_date,latest_date,s3_prefix,city
10633,"Victoria, Kolkata - WBPCB",22.5448082,88.3403691,"2018,2019,2020,2021,2022,2025,2026",1000,2018-04-16,2025-08-23,records/csv.gz/locationid=10633/,Kolkata
10630,"Govt. High School Shikarpur, Patna - BSPCB",25.592539,85.227158,"2020,2021,2022,2025,2026",1000,2020-03-31,2026-08-01,records/csv.gz/locationid=10630/,Patna
10645,"Industrial Area, Hajipur - BSPCB",25.697189,85.2459,"2020,2021,2022,2025,2026",1000,2020-03-02,2026-02-18,records/csv.gz/locationid=10645/,Industrial Area
2456,"Talkatora District Industries Center, Lucknow - CPCB",26.83399722,80.8917361,"2016,2017,2018,2019,2020,2021,2022,2025,2026",1000,2016-03-21,2020-03-01,records/csv.gz/locationid=2456/,Lucknow
235,"Anand Vihar, New Delhi - DPCC",28.646835,77.316032,"2015,2016,2017,2018,2025,2026",1000,2015-06-29,2025-12-15,records/csv.gz/locationid=235/,Delhi
301,"Vikas Sadan, Gurugram - HSPCB",28.4501238,77.0263051,"2016,2017,2018,2019,2020,2021,2022,2025,2026",1000,2016-03-25,2020-01-12,records/csv.gz/locationid=301/,Gurugram
17,"R K Puram, Delhi - DPCC",28.563262,77.186937,"2015,2016,2017,2018,2025,2026",1000,2015-06-29,2025-11-15,records/csv.gz/locationid=17/,Delhi
10904,"Rabindra Sarobar, Kolkata - WBPCB",22.51106,88.35142,"2019,2020,2021,2022,2025,2026",1000,2019-08-09,2025-08-20,records/csv.gz/locationid=10904/,Kolkata
10903,"Railway Colony, Guwahati - APCB",26.181742,91.78063,"2019,2020,2021,2022,2025,2026",1000,2019-12-24,2026-05-09,records/csv.gz/locationid=10903/,Guwahati
10910,"Sector-12, Karnal - HSPCB",29.6953,77.0027,"2019,2020,2021,2022,2025,2026",1000,2019-02-12,2026-06-22,records/csv.gz/locationid=10910/,Sector
10907,"City Center, Gwalior - MPPCB",26.203442,78.193251,"2020,2021,2022,2025,2026",1000,2020-02-03,2026-05-10,records/csv.gz/locationid=10907/,City Center
10913,"T T Nagar, Bhopal - MPPCB",23.233584,77.400574,"2019,2020,2021,2022,2025,2026",1000,2019-09-23,2026-01-04,records/csv.gz/locationid=10913/,Bhopal
10909,"Vijay Nagar, Ramanagara - KSPCB",12.733409,77.298051,"2019,2020,2021,2022,2025,2026",1000,2019-09-23,2026-04-19,records/csv.gz/locationid=10909/,Vijay Nagar
10911,"Marhatal, Jabalpur - MPPCB",23.168606,79.932247,"2019,2020,2021,2022,2025,2026",1000,2019-09-23,2026-01-10,records/csv.gz/locationid=10911/,Marhatal
8558,Chennai,13.08784,80.278475,"2016,2017,2018,2019,2020,2021,2022,2023,2024,2025,2026",1000,2016-11-09,2019-09-23,records/csv.gz/locationid=8558/,Chennai
8914,"SIDCO Kurichi, Coimbatore - TNPCB",10.942451,76.978996,"2019,2020,2021,2022,2025,2026",1000,2019-07-11,2026-02-16,records/csv.gz/locationid=8914/,Coimbatore
8915,"Wazirpur, Delhi - DPCC",28.699793,77.165453,"2018,2019,2020,2021,2022,2025,2026",1000,2018-12-14,2025-11-09,records/csv.gz/locationid=8915/,Delhi
8917,"Ashok Vihar, Delhi - DPCC",28.695381,77.181665,"2018,2019,2020,2021,2022,2025,2026",1000,2018-12-14,2025-07-28,records/csv.gz/locationid=8917/,Delhi
10484,"Sri Aurobindo Marg, Delhi - DPCC",28.531346,77.190156,"2018,2019,2020,2021,2022,2025,2026",1000,2018-12-14,2025-10-27,records/csv.gz/locationid=10484/,Delhi
10485,"Narela, Delhi - DPCC",28.822836,77.101981,"2018,2019,2020,2021,2022,2025,2026",1000,2018-08-10,2025-07-12,records/csv.gz/locationid=10485/,Delhi
10486,"Mundka, Delhi - DPCC",28.684678,77.076574,"2018,2019,2020,2021,2022,2025,2026",1000,2018-12-14,2025-07-31,records/csv.gz/locationid=10486/,Delhi
5548,"BTM Layout, Bengaluru - CPCB",12.9135218,77.5950804,"2018,2019,2020,2021,2022,2025,2026",1000,2018-03-09,2025-06-09,records/csv.gz/locationid=5548/,Bengaluru
5565,"MIDC Khutala, Chandrapur - MPCB",19.9775302,79.2337086,"2018,2019,2020,2021,2022,2025,2026",1000,2018-03-09,2025-07-04,records/csv.gz/locationid=5565/,MIDC Khutala
5551,"Golden Temple, Amritsar - PPCB",31.62,74.876512,"2018,2019,2020,2021,2022,2025,2026",1000,2018-03-09,2025-03-31,records/csv.gz/locationid=5551/,Amritsar
5559,"Collectorate, Gaya - BSPCB",24.7955,84.9994,"2018,2019,2020,2021,2022,2025,2026",1000,2018-03-09,2025-06-05,records/csv.gz/locationid=5559/,Gaya
2596,"Solapur, Solapur - MPCB",17.6599188,75.9063906,"2016,2017,2018,2019,2020,2021,2022,2025",1000,2016-03-21,2025-06-18,records/csv.gz/locationid=2596/,Solapur
2586,"Manali, Chennai - CPCB",13.164544,80.26285,"2016,2017,2018,2019,2020,2021,2022,2025,2026",1000,2016-03-21,2020-03-07,records/csv.gz/locationid=2586/,Chennai
5544,"Model Town, Patiala - PPCB",30.349388,76.366642,"2018,2019,2020,2021,2022,2025,2026",1000,2018-03-09,2025-06-12,records/csv.gz/locationid=5544/,Model Town
5542,"Civil Line, Jalandhar - PPCB",31.321907,75.578914,"2018,2019,2020,2021,2022,2025,2026",1000,2018-03-09,2025-05-21,records/csv.gz/locationid=5542/,Civil Line
5546,Tata Stadium - Jorapokhar - JSPCB,23.707909,86.41467,"2018,2019,2020,2021,2022,2025,2026",1000,2018-03-09,2026-07-12,records/csv.gz/locationid=5546/,Tata Stadium
10599,"Rajbansi Nagar, Patna - BSPCB",25.599486,85.113666,"2019,2020,2021,2022,2025,2026",1000,2019-12-26,2026-04-01,records/csv.gz/locationid=10599/,Patna
10545,"Civil Lines, Ajmer - RSPCB",26.470859,74.646594,"2018,2019,2020,2021,2022,2025,2026",1000,2018-04-16,2025-05-23,records/csv.gz/locationid=10545/,Civil Lines
10488,"Najafgarh, Delhi - DPCC",28.570173,76.933762,"2018,2019,2020,2021,2022,2025,2026",1000,2018-12-14,2025-12-02,records/csv.gz/locationid=10488/,Delhi
7880,"Sikulpuikawn, Aizawl - Mizoram PCB",23.7176342,92.7192841,"2020,2021,2022,2025,2026",1000,2020-03-19,2026-09-01,records/csv.gz/locationid=7880/,Sikulpuikawn
8039,Mumbai,19.07283,72.88261,"2016,2017,2018,2019,2020,2021,2022,2023,2024,2025,2026",1000,2016-11-09,2019-09-16,records/csv.gz/locationid=8039/,Mumbai
8118,New Delhi,28.63576,77.22445,"2016,2017,2018,2019,2020,2021,2022,2023,2024,2025,2026",1000,2016-11-09,2019-09-17,records/csv.gz/locationid=8118/,Delhi
8235,"Jahangirpuri, Delhi - DPCC",28.73282,77.170633,"2018,2019,2020,2021,2022,2025,2026",1000,2018-08-10,2025-07-30,records/csv.gz/locationid=8235/,Delhi
8245,"Gole Bazar, Katni - MPPCB",23.50016,80.23284,"2020,2021,2022,2025,2026",1000,2020-01-07,2025-12-20,records/csv.gz/locationid=8245/,Gole Bazar
8239,"Okhla Phase-2, Delhi - DPCC",28.530785,77.271255,"2018,2019,2020,2021,2022,2025,2026",1000,2018-08-22,2025-08-09,records/csv.gz/locationid=8239/,Delhi
8190,"Kariavattom, Thiruvananthapuram - Kerala PCB",8.5637,76.8865,"2020,2021,2022,2025,2026",1000,2020-02-17,2026-05-05,records/csv.gz/locationid=8190/,Thiruvananthapuram
5566,"Talcher Coalfields,Talcher - OSPCB",20.9360711,85.1707021,"2018,2019,2020,2021,2022,2025,2026",1000,2018-03-09,2025-07-18,records/csv.gz/locationid=5566/,Talcher Coalfields
5570,"Aya Nagar, New Delhi - IMD",28.474261,77.131606,"2018,2019,2020,2021,2022,2025,2026",1000,2018-03-09,2025-03-02,records/csv.gz/locationid=5570/,Delhi
5569,"Punjab Agricultural University, Ludhiana - PPCB",30.9028,75.8086,"2018,2019,2020,2021,2022,2025,2026",1000,2018-03-09,2022-05-10,records/csv.gz/locationid=5569/,Ludhiana
5590,"Ardhali Bazar, Varanasi - UPPCB",25.3505986,82.9083074,"2018,2019,2020,2021,2022,2025,2026",1000,2018-03-09,2022-10-06,records/csv.gz/locationid=5590/,Varanasi
5576,"Moti Doongri, Alwar - RSPCB",27.554793,76.611536,"2018,2019,2020,2021,2022,2025,2026",1000,2018-03-09,2022-05-09,records/csv.gz/locationid=5576/,Moti Doongri
5586,"Sirifort, Delhi - CPCB",28.5504249,77.2159377,"2018,2019,2020,2021,2022,2025,2026",1000,2018-03-09,2022-05-20,records/csv.gz/locationid=5586/,Delhi
5585,"Ashok Nagar, Udaipur - RSPCB",24.5886166,73.6321397,"2018,2019,2020,2021,2022,2025,2026",1000,2018-03-10,2025-03-06,records/csv.gz/locationid=5585/,Udaipur
5587,"Collectorate, Jodhpur - RSPCB",26.268249,73.0193853,"2018,2019,2020,2021,2022,2025,2026",1000,2018-03-09,2022-05-24,records/csv.gz/locationid=5587/,Jodhpur
5574,"City Railway Station, Bengaluru - KSPCB",12.9756843,77.5660749,"2018,2019,2020,2021,2022,2025,2026",1000,2018-03-09,2025-09-28,records/csv.gz/locationid=5574/,Bengaluru
5588,"RIICO Ind. Area III, Bhiwadi - RSPCB",28.194909,76.862296,"2018,2019,2020,2021,2022,2025,2026",1000,2018-03-09,2025-04-14,records/csv.gz/locationid=5588/,RIICO Ind. Area III
5594,"Muzaffarpur Collectorate, Muzaffarpur - BSPCB",26.1209,85.3647,"2018,2019,2020,2021,2022,2025,2026",1000,2018-03-09,2025-05-13,records/csv.gz/locationid=5594/,Muzaffarpur
5592,"Gangapur Road, Nashik - MPCB",20.0073285,73.7762427,"2018,2019,2020,2021,2022,2025,2026",1000,2018-03-09,2025-04-03,records/csv.gz/locationid=5592/,Gangapur Road
5602,"Asansol Court Area, Asansol - WBPCB",23.685297,86.945968,"2018,2019,2020,2021,2022,2025,2026",1000,2018-03-09,2025-03-11,records/csv.gz/locationid=5602/,Asansol Court Area
8472,"Bawana, Delhi - DPCC",28.7762,77.051074,"2018,2019,2020,2021,2022,2025,2026",1000,2018-08-10,2025-04-11,records/csv.gz/locationid=8472/,Delhi
8365,"Nehru Nagar, Delhi - DPCC",28.56789,77.250515,"2018,2019,2020,2021,2022,2025,2026",1000,2018-08-10,2025-05-08,records/csv.gz/locationid=8365/,Delhi
8557,Hyderabad,17.38405,78.45636,"2016,2017,2018,2019,2020,2021,2022,2023,2024,2025,2026",1000,2016-11-09,2019-09-16,records/csv.gz/locationid=8557/,Hyderabad
8319,"Anand Vihar, Hapur - UPPCB",28.725645,77.749675,"2018,2019,2020,2021,2022,2025,2026",1000,2018-10-23,2025-10-16,records/csv.gz/locationid=8319/,Anand Vihar
8475,"Sonia Vihar, Delhi - DPCC",28.710508,77.249485,"2018,2019,2020,2021,2022,2025,2026",1000,2018-08-10,2025-05-12,records/csv.gz/locationid=8475/,Delhi
7140,"Gomti Nagar, Lucknow - UPPCB",26.86812,81.005119,"2019,2020,2021,2022,2025,2026",1000,2019-08-07,2025-09-03,records/csv.gz/locationid=7140/,Lucknow
7494,"SFTI Kusdihra, Gaya - BSPCB",24.762518,84.982348,"2020,2021,2022,2025,2026",1000,2020-03-02,2026-02-16,records/csv.gz/locationid=7494/,Gaya
7495,"DRM Office Danapur, Patna - BSPCB",25.586562,85.043586,"2020,2021,2022,2025,2026",1000,2020-03-02,2026-03-24,records/csv.gz/locationid=7495/,Patna
7720,"Pallavpuram Phase 2, Meerut - UPPCB",29.06351,77.709723,"2019,2020,2021,2022,2025,2026",1000,2019-10-14,2025-10-17,records/csv.gz/locationid=7720/,UPPCB
7752,"Khadakpada, Kalyan - MPCB",19.25292,73.142019,"2019,2020,2021,2022,2025,2026",1000,2019-07-11,2026-01-29,records/csv.gz/locationid=7752/,Khadakpada
7833,"Ganga Nagar, Meerut - UPPCB",28.999264,77.7590354,"2019,2020,2021,2022,2025,2026",1000,2019-10-14,2025-10-15,records/csv.gz/locationid=7833/,Ganga Nagar
6976,"Jai Bhim Nagar, Meerut - UPPCB",28.9535882,77.7622941,"2019,2020,2021,2022,2025,2026",1000,2019-07-03,2026-03-15,records/csv.gz/locationid=6976/,Jai Bhim Nagar
6980,"Sector-1, Noida - UPPCB",28.589247,77.321962,"2019,2020,2021,2022,2025,2026",1000,2019-06-28,2025-10-06,records/csv.gz/locationid=6980/,Noida
6975,"Silk Board, Bengaluru - KSPCB",12.917348,77.622813,"2018,2019,2020,2021,2022,2025,2026",1000,2018-08-10,2025-08-13,records/csv.gz/locationid=6975/,Bengaluru
5598,"Sector - 125, Noida, UP - UPPCB",28.5447608,77.3231257,"2018,2019,2020,2021,2022,2025,2026",1000,2018-03-09,2022-10-11,records/csv.gz/locationid=5598/,Noida
5612,"Shastri Nagar, Jaipur - RSPCB",26.9502929,75.730943,"2018,2019,2020,2021,2022,2025,2026",1000,2018-03-09,2025-04-06,records/csv.gz/locationid=5612/,Jaipur
5599,"Bollaram Industrial Area, Hyderabad - TSPCB",17.540891,78.358528,"2018,2019,2020,2021,2022,2025,2026",1000,2018-03-09,2025-03-05,records/csv.gz/locationid=5599/,Hyderabad
5609,"Anam Kala Kendram, Rajamahendravaram - APPCB",16.9872867,81.7363176,"2018,2019,2020,2021,2022,2025,2026",1000,2018-03-09,2022-05-15,records/csv.gz/locationid=5609/,Anam Kala Kendram
5610,"North Campus, DU, Delhi - IMD",28.6573814,77.1585447,"2018,2019,2020,2021,2022,2025,2026",1000,2018-03-09,2025-05-07,records/csv.gz/locationid=5610/,Delhi
5607,"Peenya, Bengaluru - CPCB",13.0270199,77.494094,"2018,2019,2020,2021,2022,2025,2026",1000,2018-03-09,2025-05-07,records/csv.gz/locationid=5607/,Bengaluru
5608,"GM Office, Brajrajnagar - OSPCB",21.8004996,83.8396977,"2018,2019,2020,2021,2022,2025,2026",1000,2018-03-09,2025-06-05,records/csv.gz/locationid=5608/,GM Office
5603,"Sector-2 Industrial Area, Pithampur - MPPCB",22.624758,75.675238,"2018,2019,2020,2021,2022,2025,2026",1000,2018-03-09,2022-05-03,records/csv.gz/locationid=5603/,Sector
5621,"Opp GPO Civil Lines, Nagpur - MPCB",21.152875,79.0517531,"2018,2019,2020,2021,2022,2025,2026",1000,2018-03-09,2025-05-06,records/csv.gz/locationid=5621/,Nagpur
5623,"Central University, Hyderabad - TSPCB",17.460103,78.334361,"2018,2019,2020,2021,2022,2025,2026",1000,2018-03-09,2025-04-15,records/csv.gz/locationid=5623/,Hyderabad
5622,"NSIT Dwarka, Delhi - CPCB",28.60909,77.0325413,"2018,2019,2020,2021,2022,2025,2026",1000,2018-03-09,2022-04-09,records/csv.gz/locationid=5622/,Delhi
5614,"Padmapukur, Howrah - WBPCB",22.5687319,88.2797276,"2018,2019,2020,2021,2022,2025,2026",1000,2018-03-09,2025-04-06,records/csv.gz/locationid=5614/,Padmapukur
5659,"Lalbagh, Lucknow - CPCB",26.8458805,80.9365541,"2018,2019,2020,2021,2022,2025,2026",1000,2018-03-09,2022-10-10,records/csv.gz/locationid=5659/,Lucknow
5657,"Central School, Lucknow - CPCB",26.8821003,80.9302753,"2018,2019,2020,2021,2022",1000,2018-03-09,2022-10-01,records/csv.gz/locationid=5657/,Lucknow
5615,"Sidhu Kanhu Indoor Stadium, Durgapur - WBPCB",23.5404352,87.2892225,"2018,2019,2020,2021,2022,2025,2026",1000,2018-03-09,2026-07-06,records/csv.gz/locationid=5615/,Sidhu Kanhu Indoor Stadium
5616,"Sector - 62, Noida, UP - IMD",28.6245479,77.3577104,"2018,2019,2020,2021,2022,2025,2026",1000,2018-03-09,2025-07-05,records/csv.gz/locationid=5616/,Noida
5619,"Vindhyachal STPS, Singrauli - MPPCB",24.10897,82.64558,"2018,2019,2020,2021,2022,2025,2026",1000,2018-03-09,2025-03-14,records/csv.gz/locationid=5619/,Vindhyachal STPS
5624,"IDA Pashamylaram, Hyderabad - TSPCB",17.5316895,78.218939,"2018,2019,2020,2021,2022,2025,2026",1000,2018-03-09,2025-06-06,records/csv.gz/locationid=5624/,Hyderabad
5626,"DTU, New Delhi - CPCB",28.7500499,77.1112615,"2018,2019,2020,2021,2022,2025,2026",1000,2018-03-09,2022-04-03,records/csv.gz/locationid=5626/,Delhi
5625,"RIMT University, Mandi Gobindgarh - PPCB",30.649961,76.331442,"2018,2019,2020,2021,2022,2025,2026",1000,2018-03-09,2025-04-14,records/csv.gz/locationid=5625/,RIMT University
5628,"GVM Corporation, Visakhapatnam - APPCB",17.722682,83.308197,"2018,2019,2020,2021,2022,2025,2026",1000,2018-03-09,2022-05-20,records/csv.gz/locationid=5628/,Patna
5627,"CRRI Mathura Road, New Delhi - IMD",28.5512005,77.2735737,"2018,2019,2020,2021,2022,2025,2026",1000,2018-03-09,2025-03-11,records/csv.gz/locationid=5627/,Delhi
5631,"Maninagar, Ahmedabad - GPCB",23.002657,72.591912,"2018,2019,2020,2021,2022,2025,2026",1000,2018-03-09,2025-03-30,records/csv.gz/locationid=5631/,Ahmedabad
5632,"Sector-D Industrial Area, Mandideep - MPPCB",23.10844,77.511428,"2018,2019,2020,2021,2022,2025,2026",1000,2018-03-09,2022-05-25,records/csv.gz/locationid=5632/,Sector
5636,"Shrinath Puram, Kota - RSPCB",25.14389,75.821256,"2018,2019,2020,2021,2022,2025,2026",1000,2018-03-09,2025-03-28,records/csv.gz/locationid=5636/,Kota
5635,"Adarsh Nagar, Jaipur - RSPCB",26.902909,75.836858,"2018,2019,2020,2021,2022,2025,2026",1000,2018-03-09,2022-05-28,records/csv.gz/locationid=5635/,Jaipur
5633,"Police Commissionerate, Jaipur - RSPCB",26.9164092,75.7994901,"2018,2019,2020,2021,2022,2025,2026",1000,2018-03-11,2022-09-24,records/csv.gz/locationid=5633/,Jaipur
5665,"Vasundhara, Ghaziabad - UPPCB",28.6603346,77.3572563,"2018,2019,2020,2021,2022,2025,2026",1000,2018-03-09,2022-03-28,records/csv.gz/locationid=5665/,Ghaziabad
5662,"Nehru Nagar, Kanpur - UPPCB",26.4703136,80.3229863,"2018,2019,2020,2021,2022,2025,2026",1000,2018-03-09,2025-03-16,records/csv.gz/locationid=5662/,Kanpur
5642,"More Chowk Waluj, Aurangabad - MPCB",19.8389439,75.244448,"2018,2019,2020,2021,2022,2025,2026",1000,2018-03-09,2025-06-01,records/csv.gz/locationid=5642/,More Chowk Waluj
5630,"Shadipur, Delhi - CPCB",28.6514781,77.1473105,"2018,2019,2020,2021,2022,2025,2026",1000,2018-03-09,2022-01-25,records/csv.gz/locationid=5630/,Delhi
5634,"Lodhi Road, New Delhi - IMD",28.5918245,77.2273074,"2018,2019,2020,2021,2022,2025,2026",1000,2018-03-09,2025-04-16,records/csv.gz/locationid=5634/,Delhi
5638,"Indira Colony Vistar, Pali - RSPCB",25.771061,73.340227,"2018,2019,2020,2021,2022,2025,2026",1000,2018-03-09,2022-10-12,records/csv.gz/locationid=5638/,Indira Colony Vistar
5648,"Ward-32 Bapupara, Siliguri - WBPCB",26.6883049,88.412668,"2018,2019,2020,2021,2022,2025,2026",1000,2018-03-09,2025-05-04,records/csv.gz/locationid=5648/,Ward
5650,"IGI Airport (T3), Delhi - IMD",28.5627763,77.1180053,"2018,2019,2020,2021,2022,2025,2026",1000,2018-03-09,2025-04-11,records/csv.gz/locationid=5650/,Delhi
5644,"Sanegurava Halli, Bengaluru - KSPCB",12.990328,77.5431385,"2018,2019,2020,2021,2022,2025,2026",1000,2018-03-09,2025-08-02,records/csv.gz/locationid=5644/,Bengaluru
5652,"IGSC Planetarium Complex, Patna - BSPCB",25.5941,85.1376,"2018,2019,2020,2021,2022,2025,2026",1000,2018-03-10,2025-09-06,records/csv.gz/locationid=5652/,Patna
5655,"Velachery Res. Area, Chennai - CPCB",13.0052189,80.2398125,"2018,2019,2020,2021,2022,2025,2026",1000,2018-03-09,2025-02-19,records/csv.gz/locationid=5655/,Chennai
5646,"Plammoodu, Thiruvananthapuram - Kerala PCB",8.5149093,76.9435879,"2018,2019,2020,2021,2022,2025,2026",1000,2018-03-09,2022-05-05,records/csv.gz/locationid=5646/,Thiruvananthapuram
5647,"Sanathnagar, Hyderabad - TSPCB",17.4559458,78.4332152,"2018,2019,2020,2021,2022,2025,2026",1000,2018-03-09,2025-05-25,records/csv.gz/locationid=5647/,Hyderabad
5649,"Tirumala, Tirupati - APPCB",13.67,79.35,"2018,2019,2020,2021,2022,2025,2026",1000,2018-03-09,2022-06-04,records/csv.gz/locationid=5649/,Tirumala
5667,"Bhopal Chauraha, Dewas - MPPCB",22.9682591,76.064118,"2018,2019,2020,2021,2022,2025,2026",1000,2018-03-09,2025-04-15,records/csv.gz/locationid=5667/,Bhopal
6983,"Hombegowda Nagar, Bengaluru - KSPCB",12.938539,77.5901,"2018,2019,2020,2021,2022,2025,2026",1000,2018-08-10,2025-08-19,records/csv.gz/locationid=6983/,Bengaluru
6984,"Hebbal, Bengaluru - KSPCB",13.029152,77.585901,"2018,2019,2020,2021,2022,2025,2026",1000,2018-08-10,2025-08-03,records/csv.gz/locationid=6984/,Bengaluru
6987,"Vile Parle West, Mumbai - MPCB",19.10861,72.83622,"2019,2020,2021,2022,2025,2026",1000,2019-06-19,2025-09-28,records/csv.gz/locationid=6987/,Mumbai
6985,"Yamunapuram, Bulandshahr - UPPCB",28.406963,77.849831,"2018,2019,2020,2021,2022,2025,2026",1000,2018-08-10,2025-04-19,records/csv.gz/locationid=6985/,Yamunapuram
6981,"Fort William, Kolkata - WBPCB",22.55664,88.342674,"2019,2020,2021,2022,2025,2026",1000,2019-06-19,2025-09-12,records/csv.gz/locationid=6981/,Kolkata
6986,"Knowledge Park - V, Greater Noida - UPPCB",28.557054,77.453663,"2019,2020,2021,2022,2025,2026",1000,2019-06-28,2025-10-03,records/csv.gz/locationid=6986/,Noida
6988,"Sector-116, Noida - UPPCB",28.56923,77.393848,"2019,2020,2021,2022,2025,2026",1000,2019-06-28,2025-07-27,records/csv.gz/locationid=6988/,Noida
7005,"Loni, Ghaziabad - UPPCB",28.757294,77.278792,"2019,2020,2021,2022,2025,2026",1000,2019-04-27,2025-07-18,records/csv.gz/locationid=7005/,Ghaziabad
7282,"Sector-7, Kurukshetra - HSPCB",29.966942,76.875879,"2019,2020,2021,2022,2025,2026",1000,2019-02-12,2026-03-06,records/csv.gz/locationid=7282/,Sector
7283,"MD University, Rohtak - HSPCB",28.87793,76.620825,"2020,2021,2022,2025,2026",1000,2020-01-01,2026-08-19,records/csv.gz/locationid=7283/,MD University
7044,"R K Puram, Delhi - DPCC",28.563262000000005,77.186937,"2018,2019,2020,2021,2022",1000,2018-08-10,2022-09-26,records/csv.gz/locationid=7044/,Delhi
10915,"Polayathode, Kollam - Kerala PCB",8.8787,76.6073,"2020,2021,2022,2025,2026",1000,2020-03-03,2026-04-30,records/csv.gz/locationid=10915/,Polayathode
10914,"Sector-25, Chandigarh - CPCC",30.751462,76.762879,"2019,2020,2021,2022,2025,2026",1000,2019-09-17,2025-10-07,records/csv.gz/locationid=10914/,Chandigarh
10917,"Sahilara, Maihar - KJS Cements",24.2613009,80.7231783,"2019,2020,2021,2022,2025,2026",1000,2019-02-11,2026-05-18,records/csv.gz/locationid=10917/,Sahilara
10919,"Sanjay Nagar, Ghaziabad - UPPCB",28.685382,77.453839,"2019,2020,2021,2022,2025,2026",1000,2019-04-27,2025-11-07,records/csv.gz/locationid=10919/,Ghaziabad
6944,"H.B. Colony, Bhiwani - HSPCB",28.806223,76.141105,"2019,2020,2021,2022,2025,2026",1000,2019-02-12,2026-03-08,records/csv.gz/locationid=6944/,H.B. Colony
6942,"Phase-4 GIDC, Vatva - GPCB",22.969611,72.6435,"2019,2020,2021,2022,2025,2026",1000,2019-02-12,2025-06-03,records/csv.gz/locationid=6942/,Phase
6943,"Mahape, Navi Mumbai - MPCB",19.1135051,73.008978,"2019,2020,2021,2022,2025,2026",1000,2019-06-27,2025-11-18,records/csv.gz/locationid=6943/,Mumbai
6948,"Chhatrapati Shivaji Intl. Airport (T2), Mumbai - MPCB",19.10078,72.87462,"2019,2020,2021,2022,2025,2026",1000,2019-06-19,2025-10-26,records/csv.gz/locationid=6948/,Mumbai
6358,"Mandir Marg, New Delhi - DPCC",28.636429,77.201067,"2018,2019,2020,2021,2022,2025,2026",1000,2018-08-10,2022-09-28,records/csv.gz/locationid=6358/,Delhi
6359,"IHBAS, Dilshad Garden,New Delhi - CPCB",28.6811736,77.3025234,"2018,2019,2020,2021,2022,2025,2026",1000,2018-04-28,2025-05-03,records/csv.gz/locationid=6359/,Delhi
6356,"Pusa, Delhi - DPCC",28.639645,77.146262,"2018,2019,2020,2021,2022,2025,2026",1000,2018-08-10,2025-06-19,records/csv.gz/locationid=6356/,Delhi
6443,"Bandhavgar Colony, Satna - Birla Cement",24.58434363,80.8549414,"2018,2019,2020,2021,2022,2025,2026",1000,2018-04-16,2025-09-28,records/csv.gz/locationid=6443/,Bandhavgar Colony
6933,"Shasthri Nagar, Ratlam - IPCA Lab",23.331731,75.045981,"2019,2020,2021,2022,2025,2026",1000,2019-01-03,2025-08-19,records/csv.gz/locationid=6933/,Shasthri Nagar
6932,"Alipur, Delhi - DPCC",28.815329,77.15301,"2018,2019,2020,2021,2022,2025,2026",1000,2018-12-14,2025-06-23,records/csv.gz/locationid=6932/,Delhi
6935,"Urban Estate-II, Hisar - HSPCB",29.14056,75.744941,"2019,2020,2021,2022,2025,2026",1000,2019-02-12,2026-02-11,records/csv.gz/locationid=6935/,Urban Estate
6927,"Colaba, Mumbai - MPCB",18.91,72.82,"2019,2020,2021,2022,2025,2026",1000,2019-06-28,2025-08-08,records/csv.gz/locationid=6927/,Mumbai
6956,"Powai, Mumbai - MPCB",19.1375,72.915056,"2019,2020,2021,2022,2025,2026",1000,2019-06-19,2025-11-25,records/csv.gz/locationid=6956/,Mumbai
6953,"Sector-2 IMT, Manesar - HSPCB",28.360699,76.93609,"2019,2020,2021,2022,2025,2026",1000,2019-01-03,2026-02-04,records/csv.gz/locationid=6953/,Sector
6958,"Sector-18, Panipat - HSPCB",29.435587,76.975531,"2019,2020,2021,2022,2025,2026",1000,2019-02-12,2026-04-12,records/csv.gz/locationid=6958/,Sector
6959,"Siddharth Nagar-Worli, Mumbai - IITM",19.000083,72.813993,"2019,2020,2021,2022,2025,2026",1000,2019-06-20,2025-07-05,records/csv.gz/locationid=6959/,Mumbai
6957,"Jawaharlal Nehru Stadium, Delhi - DPCC",28.58028,77.233829,"2018,2019,2020,2021,2022,2025,2026",1000,2018-08-10,2025-07-21,records/csv.gz/locationid=6957/,Delhi
6934,"Dr. Karni Singh Shooting Range, Delhi - DPCC",28.498571,77.26484,"2018,2019,2020,2021,2022,2025,2026",1000,2018-08-10,2025-08-10,records/csv.gz/locationid=6934/,Delhi
6931,"Dwarka-Sector 8, Delhi - DPCC",28.5710274,77.0719006,"2018,2019,2020,2021,2022,2025,2026",1000,2018-08-10,2025-04-08,records/csv.gz/locationid=6931/,Delhi
6930,"Gobind Pura, Yamuna Nagar - HSPCB",30.1480566,77.2893471,"2019,2020,2021,2022,2025,2026",1000,2019-02-12,2026-03-05,records/csv.gz/locationid=6930/,Gobind Pura
6924,"Indirapuram, Ghaziabad - UPPCB",28.646233,77.358075,"2019,2020,2021,2022,2025,2026",1000,2019-04-27,2025-07-19,records/csv.gz/locationid=6924/,Ghaziabad
6936,"Arya Nagar, Bahadurgarh - HSPCB",28.6701,76.9254,"2019,2020,2021,2022,2025,2026",1000,2019-02-12,2026-06-09,records/csv.gz/locationid=6936/,Arya Nagar
6923,"New Mandi, Muzaffarnagar - UPPCB",29.4723508,77.7194031,"2018,2019,2020,2021,2022,2025,2026",1000,2018-08-10,2025-05-29,records/csv.gz/locationid=6923/,New Mandi
6929,"Major Dhyan Chand National Stadium, Delhi - DPCC",28.611281,77.237738,"2018,2019,2020,2021,2022,2025,2026",1000,2018-08-10,2025-07-24,records/csv.gz/locationid=6929/,Delhi
6937,"Sector-10, Gandhinagar - GPCB",23.221714,72.654328,"2019,2020,2021,2022,2025,2026",1000,2019-02-12,2025-07-27,records/csv.gz/locationid=6937/,Sector
6940,"Kalal Majra, Khanna - PPCB",30.736056,76.209694,"2018,2019,2020,2021,2022,2025,2026",1000,2018-04-18,2025-06-17,records/csv.gz/locationid=6940/,Kalal Majra
6939,"Hardev Nagar, Bathinda - PPCB",30.233011,74.907758,"2018,2019,2020,2021,2022,2025,2026",1000,2018-08-10,2025-07-23,records/csv.gz/locationid=6939/,Hardev Nagar
6938,"Vivek Vihar, Delhi - DPCC",28.672342,77.31526,"2018,2019,2020,2021,2022,2025,2026",1000,2018-12-14,2025-07-27,records/csv.gz/locationid=6938/,Delhi
6973,"Jayanagar 5th Block, Bengaluru - KSPCB",12.920984,77.584908,"2018,2019,2020,2021,2022,2025,2026",1000,2018-08-10,2025-08-23,records/csv.gz/locationid=6973/,Bengaluru
6972,"Nathu Colony, Ballabgarh - HSPCB",28.3419248,77.319699,"2019,2020,2021,2022,2025,2026",1000,2019-02-12,2026-05-26,records/csv.gz/locationid=6972/,Nathu Colony
6974,"Bapuji Nagar, Bengaluru - KSPCB",12.951913,77.539784,"2018,2019,2020,2021,2022,2025,2026",1000,2018-08-10,2025-09-14,records/csv.gz/locationid=6974/,Bengaluru
6978,"Knowledge Park - III, Greater Noida - UPPCB",28.47272,77.482,"2018,2019,2020,2021,2022,2025,2026",1000,2018-08-10,2025-05-18,records/csv.gz/locationid=6978/,Noida
6945,"Kurla, Mumbai - MPCB",19.0863,72.8888,"2019,2020,2021,2022,2025,2026",1000,2019-06-19,2025-11-03,records/csv.gz/locationid=6945/,Mumbai
6946,"Belur Math, Howrah - WBPCB",22.629801,88.352017,"2019,2020,2021,2022,2025,2026",1000,2019-06-19,2025-08-26,records/csv.gz/locationid=6946/,Belur Math
6947,"General Hospital, Mandikhera - HSPCB",27.9002,76.9938,"2019,2020,2021,2022,2025,2026",1000,2019-02-12,2026-05-29,records/csv.gz/locationid=6947/,General Hospital
6949,"Municipal Corporation Office, Dharuhera -  HSPCB",28.2068,76.7997,"2019,2020,2021,2022,2025,2026",1000,2019-02-12,2026-06-07,records/csv.gz/locationid=6949/,Municipal Corporation Office
6952,"F-Block, Sirsa - HSPCB",29.5364,75.0158,"2019,2020,2021,2022,2025,2026",1000,2019-02-12,2026-06-28,records/csv.gz/locationid=6952/,Block
6954,"Chikkaballapur Rural, Chikkaballapur - KSPCB",13.428828,77.731418,"2018,2019,2020,2021,2022,2025,2026",1000,2018-08-10,2025-08-05,records/csv.gz/locationid=6954/,Chikkaballapur Rural
6950,"Jadavpur, Kolkata - WBPCB",22.49929,88.36917,"2019,2020,2021,2022,2025,2026",1000,2019-06-19,2025-09-28,records/csv.gz/locationid=6950/,Kolkata
6960,"Patparganj, Delhi - DPCC",28.623748,77.287205,"2018,2019,2020,2021,2022,2025,2026",1000,2018-08-10,2025-07-14,records/csv.gz/locationid=6960/,Delhi
6961,"Shrivastav Colony, Damoh - MPPCB",23.81748678,79.446246,"2019,2020,2021,2022,2025,2026",1000,2019-02-12,2025-07-20,records/csv.gz/locationid=6961/,Shrivastav Colony
6962,"GIDC, Ankleshwar - GPCB",21.613267,73.010555,"2019,2020,2021,2022,2025,2026",1000,2019-02-12,2025-08-20,records/csv.gz/locationid=6962/,GIDC
10921,"NISE Gwal Pahari, Gurugram - IMD",28.422681,77.148944,"2018,2019,2020,2021,2022,2025,2026",1000,2018-11-16,2025-10-24,records/csv.gz/locationid=10921/,Gurugram
10918,"Ballygunge, Kolkata - WBPCB",22.5367507,88.3638022,"2020,2021,2022,2025,2026",1000,2020-01-02,2026-07-07,records/csv.gz/locationid=10918/,Kolkata
6963,"Police Lines, Jind - HSPCB",29.307814,76.337619,"2019,2020,2021,2022,2025,2026",1000,2019-02-12,2026-02-04,records/csv.gz/locationid=6963/,Police Lines
6964,"Patti Mehar, Ambala - HSPCB",30.379589,76.778328,"2019,2020,2021,2022,2025,2026",1000,2019-02-12,2026-04-05,records/csv.gz/locationid=6964/,Patti Mehar
6966,"Udyogamandal, Eloor - Kerala PCB",10.073232,76.302765,"2019,2020,2021,2022,2025,2026",1000,2019-06-19,2025-07-26,records/csv.gz/locationid=6966/,Udyogamandal
6967,"Sion, Mumbai - MPCB",19.047,72.8746,"2019,2020,2021,2022,2025,2026",1000,2019-06-27,2025-12-12,records/csv.gz/locationid=6967/,Mumbai
6969,"Huda Sector, Fatehabad - HSPCB",29.503664,75.467934,"2019,2020,2021,2022,2025,2026",1000,2019-02-12,2026-06-28,records/csv.gz/locationid=6969/,Huda Sector
6968,"Phase-1 GIDC, Vapi - GPCB",20.362421,72.918013,"2019,2020,2021,2022,2025,2026",1000,2019-04-27,2025-08-14,records/csv.gz/locationid=6968/,Phase
6970,"Shastri Nagar, Narnaul - HSPCB",28.060249,76.113115,"2019,2020,2021,2022,2025,2026",1000,2019-02-12,2026-05-29,records/csv.gz/locationid=6970/,Shastri Nagar
697,"Haldia, Haldia - WBPCB",22.06047,88.109737,"2016,2017,2018,2019,2020,2021,2022",1000,2016-03-22,2021-09-08,records/csv.gz/locationid=697/,Haldia
10670,"Muradpur, Patna - BSPCB",25.619651,85.147382,"2019,2020,2021,2022,2025,2026",1000,2019-12-26,2025-12-07,records/csv.gz/locationid=10670/,Patna
10780,"Manali Village, Chennai - TNPCB",13.1662,80.2584,"2019,2020,2021,2022,2025,2026",1000,2019-07-19,2025-09-19,records/csv.gz/locationid=10780/,Chennai
10747,"Thavakkara, Kannur - Kerala PCB",11.875,75.3732,"2020,2021,2022,2025,2026",1000,2020-02-11,2026-03-24,records/csv.gz/locationid=10747/,Thavakkara
10697,"Samanpura, Patna - BSPCB",25.596727,85.085624,"2019,2020,2021,2022,2025,2026",1000,2019-12-26,2026-05-05,records/csv.gz/locationid=10697/,Patna
10823,"Buddha Colony, Muzaffarpur - BSPCB",26.11442,85.39813,"2020,2021,2022,2025,2026",1000,2020-08-24,2026-08-13,records/csv.gz/locationid=10823/,Muzaffarpur
10844,"Ghusuri, Howrah - WBPCB",22.611968,88.347422,"2018,2019,2020,2021,2022,2025,2026",1000,2018-05-11,2025-05-26,records/csv.gz/locationid=10844/,Ghusuri
10831,"Rohini, Delhi - DPCC",28.732528,77.11992,"2018,2019,2020,2021,2022,2025,2026",1000,2018-08-11,2025-08-01,records/csv.gz/locationid=10831/,Delhi
10851,"Bidhannagar, Kolkata - WBPCB",22.58157048,88.41002457,"2020,2021,2022,2025,2026",1000,2020-01-02,2026-07-11,records/csv.gz/locationid=10851/,Kolkata
10895,"Lumpyngngad, Shillong - Meghalaya PCB",25.5586,91.8985,"2019,2020,2021,2022,2025,2026",1000,2019-09-17,2026-03-11,records/csv.gz/locationid=10895/,Lumpyngngad
10902,"Kalyana Nagara, Chikkamagaluru - KSPCB",13.328028,75.797056,"2020,2021,2022,2025,2026",1000,2020-02-03,2026-08-09,records/csv.gz/locationid=10902/,Kalyana Nagara
2598,Navi Mumbai Municipal Corporation Airoli,19.1494,72.9986,"2016,2017,2018,2019,2020",1000,2016-03-21,2020-02-03,records/csv.gz/locationid=2598/,Mumbai
2583,"Sector-6, Panchkula - HSPCB",30.7057778,76.8531805555555,"2016,2017,2018,2019,2020,2021,2022,2025,2026",1000,2016-03-21,2020-02-18,records/csv.gz/locationid=2583/,Sector
50,"Punjabi Bagh, Delhi - DPCC",28.674045,77.131023,"2015,2016,2017,2018,2025,2026",1000,2015-06-29,2025-12-19,records/csv.gz/locationid=50/,Delhi
407,"Zoo Park, Hyderabad - TSPCB",17.349694,78.451437,"2016,2017,2018,2019,2020,2021,2022,2025,2026",1000,2016-03-21,2020-05-17,records/csv.gz/locationid=407/,Hyderabad
860,"Sanjay Palace, Agra - UPPCB",27.19865833,78.00598056,"2016,2017,2018,2019,2020,2021,2022,2025,2026",1000,2016-03-22,2020-01-20,records/csv.gz/locationid=860/,Agra
5645,"ICRISAT Patancheru, Hyderabad - TSPCB",17.5184,78.278777,"2018,2019,2020,2025,2026",987,2018-03-11,2026-09-11,records/csv.gz/locationid=5645/,Hyderabad
6928,"Vasai West, Mumbai - MPCB",19.3832,72.8204,"2019,2020,2021,2022,2025,2026",980,2019-06-19,2026-05-13,records/csv.gz/locationid=6928/,Mumbai
8035,"Ibrahimpur, Vijayapura - KSPCB",16.802639,75.722694,"2020,2021,2022,2025,2026",973,2020-01-20,2026-09-09,records/csv.gz/locationid=8035/,Ibrahimpur
10900,"Teri Gram, Gurugram - HSPCB",28.4275,77.1465,"2020,2021,2022,2025,2026",971,2020-03-30,2026-09-11,records/csv.gz/locationid=10900/,Gurugram
7979,"Deen Dayal Nagar, Sagar - MPPCB",23.8640158,78.80289321,"2020,2021,2022,2025,2026",969,2020-02-03,2026-04-20,records/csv.gz/locationid=7979/,Deen Dayal Nagar
10537,"Vidayagiri, Bagalkot - KSPCB",16.172806,75.659694,"2020,2021,2022,2025,2026",967,2020-02-11,2026-08-12,records/csv.gz/locationid=10537/,Vidayagiri
5611,"Chandrapur, Chandrapur - MPCB",19.645324,77.6345232,"2018,2019,2020,2021,2022",961,2018-03-09,2022-10-31,records/csv.gz/locationid=5611/,Chandrapur
6442,"Ratanpura, Rupnagar - Ambuja Cements",31.0325454,76.5623046,"2018,2019,2020,2021,2022,2025,2026",958,2018-05-02,2026-09-11,records/csv.gz/locationid=6442/,Ratanpura
11582,"Stuart Hill, Madikeri - KSPCB",12.415911,75.73505,"2020,2021,2022,2025,2026",949,2020-11-08,2026-09-11,records/csv.gz/locationid=11582/,Stuart Hill
5558,"Alandur Bus Depot, Chennai - CPCB",12.909916100000002,80.1076538,"2018,2019,2020,2021,2022",946,2018-03-09,2022-10-31,records/csv.gz/locationid=5558/,Chennai
5541,"Burari Crossing, New Delhi - IMD",28.7256504,77.2011573,"2018,2019,2021,2022,2025,2026",944,2018-03-09,2026-09-11,records/csv.gz/locationid=5541/,Delhi
11609,"Mhada Colony, Pune - IITM",18.57304,73.927715,"2020,2021,2022,2025,2026",944,2020-11-13,2026-09-11,records/csv.gz/locationid=11609/,Pune
5596,"Secretariat, Amaravati - APPCB",16.5150833,80.5181667,"2018,2019,2020,2021,2022",939,2018-03-09,2022-10-31,records/csv.gz/locationid=5596/,Secretariat
11579,"Kodungaiyur, Chennai - TNPCB",13.1278,80.2642,"2020,2021,2022,2025,2026",932,2020-11-08,2026-09-10,records/csv.gz/locationid=11579/,Chennai
11606,"Borivali East, Mumbai - IITM",19.23241,72.86895,"2020,2021,2022,2025,2026",929,2020-11-13,2026-09-11,records/csv.gz/locationid=11606/,Mumbai
11578,"Royapuram, Chennai - TNPCB",13.1036,80.2909,"2020,2021,2022,2025,2026",926,2020-11-08,2026-09-10,records/csv.gz/locationid=11578/,Chennai
10725,"Mini Secretariat, Charkhi Dadri - HSPCB",28.593883,76.270653,"2020,2021,2022,2025,2026",923,2020-04-23,2026-09-11,records/csv.gz/locationid=10725/,Mini Secretariat
8171,"GIDC, Nandesari - Nandesari Ind. Association",22.410802,73.097923,"2020,2021,2022,2025,2026",923,2020-02-26,2026-09-11,records/csv.gz/locationid=8171/,GIDC
10825,"Sector-51, Gurugram - HSPCB",28.4227,77.0667,"2020,2021,2022,2025,2026",909,2020-03-11,2026-09-11,records/csv.gz/locationid=10825/,Gurugram
10901,"PWD Juction, Kohima - NPCB",25.6635413,94.0989878,"2020,2021,2022,2025,2026",906,2020-09-04,2026-09-11,records/csv.gz/locationid=10901/,PWD Juction
12024,"Chakala-Andheri East, Mumbai - IITM",19.11074,72.86084,"2020,2021,2022,2025,2026",905,2020-12-08,2026-09-11,records/csv.gz/locationid=12024/,Mumbai
6357,"Punjabi Bagh, Delhi - DPCC",28.674045000000003,77.13102300000001,"2018,2019,2020,2021,2022",898,2018-08-10,2022-10-16,records/csv.gz/locationid=6357/,Delhi
11611,"Malad West, Mumbai - IITM",19.19709,72.82204,"2020,2021,2022,2025,2026",895,2020-11-13,2026-09-11,records/csv.gz/locationid=11611/,Mumbai
5613,"ITO, New Delhi - CPCB",28.628624,77.24106,"2018,2019,2020,2025,2026",881,2018-03-09,2026-09-11,records/csv.gz/locationid=5613/,Delhi
8153,"Urban, Chamarajanagar - KSPCB",11.55358,76.55521,"2020,2021,2022,2025,2026",875,2020-01-03,2026-09-11,records/csv.gz/locationid=8153/,Urban
5617,"Sector- 16A, Faridabad - HSPCB",28.4088421,77.3099081,"2018,2019,2020,2021,2022",870,2018-03-09,2022-10-31,records/csv.gz/locationid=5617/,Faridabad
11613,"Revenue Colony-Shivajinagar, Pune - IITM",18.530085,73.849598,"2020,2021,2022,2025,2026",868,2020-11-13,2026-09-11,records/csv.gz/locationid=11613/,Pune
5593,"Pimpleshwar Mandir, Thane - MPCB",19.192056,72.9585188,"2018,2019,2020,2021,2022",859,2018-03-09,2022-10-16,records/csv.gz/locationid=5593/,Pimpleshwar Mandir
11580,"Meelavittan, Thoothukudi - TNPCB",8.816428,78.099039,"2020,2021,2022,2025,2026",854,2020-11-08,2026-09-11,records/csv.gz/locationid=11580/,Meelavittan
10820,"Sector 30, Faridabad - HSPCB",28.4417,77.3217,"2020,2021,2022,2025,2026",843,2020-03-11,2026-09-11,records/csv.gz/locationid=10820/,Faridabad
7901,"Corporation Ground, Thrissur- Kerala PCB",10.522198,76.24085,"2020,2021,2022,2025,2026",826,2020-10-12,2026-09-11,records/csv.gz/locationid=7901/,Corporation Ground
5547,"BWSSB Kadabesanahalli, Bengaluru - CPCB",12.9352049,77.6814488,"2018,2019,2020,2021,2022",825,2018-03-09,2022-06-06,records/csv.gz/locationid=5547/,Bengaluru
11603,"Chandni Chowk, Delhi - IITM",28.656756,77.227234,"2020,2021,2022,2025,2026",822,2020-11-13,2026-09-11,records/csv.gz/locationid=11603/,Delhi
10920,"New Industrial Town, Faridabad - HSPCB",28.39072,77.30059,"2020,2021,2022,2025,2026",822,2020-03-11,2026-09-11,records/csv.gz/locationid=10920/,Faridabad
12046,"Perungudi, Chennai - TNPCB",12.9533,80.2357,"2020,2021,2022,2025,2026",812,2020-12-18,2026-09-10,records/csv.gz/locationid=12046/,Chennai
227384,"Jhunsi, Prayagraj - UPPCB",25.425602,81.917152,"2021,2022,2025,2026",810,2021-06-02,2026-09-11,records/csv.gz/locationid=227384/,Agra
11577,"Vinoba Nagara, Shivamogga - KSPCB",13.94,75.555917,"2020,2021,2022,2025,2026",809,2020-11-08,2026-09-11,records/csv.gz/locationid=11577/,Vinoba Nagara
8172,US Diplomatic Post: Kolkata,22.56263,88.36304,"2021,2022,2023,2024,2025",805,2021-02-02,2025-03-04,records/csv.gz/locationid=8172/,Kolkata
220265,"Rajbagh, Srinagar - JKSPCB",34.06621,74.81982,"2021,2022,2025,2026",802,2021-02-09,2026-09-11,records/csv.gz/locationid=220265/,Rajbagh
227931,"Sector-3B Avas Vikas Colony, Agra - UPPCB",27.19412,77.96236999999999,"2021,2022,2025,2026",801,2021-06-12,2026-09-11,records/csv.gz/locationid=227931/,Agra
5661,"Karve Road Pune, Pune - MPCB",18.5011743,73.8165527,"2018,2019,2020,2021,2022,2025",792,2018-03-09,2025-05-23,records/csv.gz/locationid=5661/,Pune
227387,"Motilal Nehru NIT, Prayagraj - UPPCB",25.494,81.863,"2021,2022,2025,2026",791,2021-06-02,2026-09-11,records/csv.gz/locationid=227387/,Agra
227386,"B R Ambedkar University, Lucknow - UPPCB",26.766433000000003,80.927299,"2021,2022,2025,2026",791,2021-06-02,2026-09-11,records/csv.gz/locationid=227386/,Lucknow
228397,"IESD Banaras Hindu University, Varanasi - UPPCB",25.262326,82.995408,"2021,2022,2025,2026",788,2021-06-22,2026-09-11,records/csv.gz/locationid=228397/,Varanasi
42240,"Pan Bazaar, Guwahati - APCB",26.1875,91.744194,"2020,2021,2022,2025,2026",787,2020-12-28,2026-09-11,records/csv.gz/locationid=42240/,Guwahati
227535,"Manoharpur, Agra - UPPCB",27.23711,78.01935999999999,"2021,2022,2025,2026",786,2021-06-04,2026-09-11,records/csv.gz/locationid=227535/,Agra
6982,"Deshpande Nagar, Hubballi - KSPCB",15.351773,75.140726,"2018,2019,2020,2021,2022,2025,2026",786,2018-10-03,2026-04-07,records/csv.gz/locationid=6982/,Deshpande Nagar
229404,"Kukrail Picnic Spot-1, Lucknow - UPPCB",26.90723,80.98579000000001,"2021,2022,2025,2026",786,2021-07-13,2026-09-11,records/csv.gz/locationid=229404/,Lucknow
12040,"Mulund West, Mumbai - MPCB",19.175,72.9419,"2020,2021,2022,2025,2026",780,2020-12-16,2026-09-11,records/csv.gz/locationid=12040/,Mumbai
228403,"Bhelupur, Varanasi - UPPCB",25.301778,82.996789,"2021,2022,2025,2026",777,2021-06-22,2026-09-11,records/csv.gz/locationid=228403/,Varanasi
5601,"Lajpat Nagar, Moradabad - UPPCB",28.825341,78.7213009,"2018,2019,2020,2021,2022",775,2018-03-09,2022-01-13,records/csv.gz/locationid=5601/,Lajpat Nagar
228352,"Shastripuram, Agra - UPPCB",27.19862,77.92066,"2021,2022,2025,2026",775,2021-06-21,2026-09-11,records/csv.gz/locationid=228352/,Agra
234568,"FTI Kidwai Nagar, Kanpur - UPPCB",26.428282,80.327067,"2021,2022,2025,2026",773,2021-09-03,2026-09-11,records/csv.gz/locationid=234568/,Kanpur
228297,"SVPI Airport Hansol, Ahmedabad - IITM",23.076793,72.627874,"2021,2022,2025,2026",770,2021-06-19,2026-09-11,records/csv.gz/locationid=228297/,Ahmedabad
6965,"Borivali East, Mumbai - MPCB",19.227474,72.864394,"2019,2020,2021,2022,2025,2026",769,2019-06-20,2026-09-11,records/csv.gz/locationid=6965/,Mumbai
10908,"Sector 11, Faridabad - HSPCB",28.376058,77.315741,"2020,2021,2022,2025,2026",767,2020-03-11,2026-09-11,records/csv.gz/locationid=10908/,Faridabad
229252,"NSI Kalyanpur, Kanpur - UPPCB",26.509954,80.249612,"2021,2022,2025,2026",767,2021-07-09,2026-09-11,records/csv.gz/locationid=229252/,Kanpur
229195,"Maldahiya, Varanasi - UPPCB",25.32393,82.99687,"2021,2022,2025,2026",763,2021-07-08,2026-09-11,records/csv.gz/locationid=229195/,Varanasi
60659,"Jawahar Nagar, Puducherry - PPCC",11.9309,79.8027,"2021,2022,2025,2026",761,2021-01-12,2026-09-11,records/csv.gz/locationid=60659/,Jawahar Nagar
12039,"Khindipada-Bhandup West, Mumbai - IITM",19.164394,72.928297,"2020,2021,2022,2025,2026",760,2020-12-16,2026-09-11,records/csv.gz/locationid=12039/,Mumbai
233416,"Nagar Nigam, Prayagraj - UPPCB",25.44919916,81.82735986,"2021,2022,2025,2026",758,2021-08-25,2026-09-11,records/csv.gz/locationid=233416/,Agra
11581,"Arumbakkam, Chennai - TNPCB",13.0664,80.2112,"2020,2021,2022,2025,2026",757,2020-11-11,2026-09-10,records/csv.gz/locationid=11581/,Chennai
227534,"Gyaspur, Ahmedabad - IITM",22.977134,72.553024,"2021,2022,2025,2026",756,2021-06-04,2026-09-11,records/csv.gz/locationid=227534/,Ahmedabad
233415,"Sector 22, Chandigarh - CPCC",30.735567,76.77571400000001,"2021,2022,2025,2026",753,2021-08-25,2026-09-11,records/csv.gz/locationid=233415/,Chandigarh
228840,"Madan Mohan Malaviya University of Technology, Gorakhpur - UPPCB",26.730136,83.433859,"2021,2022,2025,2026",753,2021-07-01,2026-09-11,records/csv.gz/locationid=228840/,Madan Mohan Malaviya University of Technology
3024966,NASA GSFC Rutgers Calib. N8,28.31733,76.91603,"2024,2025,2026",753,2024-08-20,2026-09-11,records/csv.gz/locationid=3024966/,Other_India
227536,"Chandkheda, Ahmedabad - IITM",23.107969,72.574648,"2021,2022,2025,2026",742,2021-06-04,2026-09-11,records/csv.gz/locationid=227536/,Ahmedabad
6979,"New Collectorate, Baghpat - UPPCB",28.974801000000003,77.21335699999999,"2018,2019,2020,2021,2022",741,2018-08-10,2022-01-31,records/csv.gz/locationid=6979/,New Collectorate
228300,"SAC ISRO Satellite, Ahmedabad - IITM",23.023389,72.515201,"2021,2022,2025,2026",741,2021-06-19,2026-09-11,records/csv.gz/locationid=228300/,Ahmedabad
228301,"IIPHG Lekawada, Gandhinagar - IITM",23.243639,72.68994,"2021,2022,2025,2026",735,2021-06-19,2026-09-11,records/csv.gz/locationid=228301/,IIPHG Lekawada
233414,"Omex Eternity, Vrindavan - UPPCB",27.571409000000003,77.655757,"2021,2022,2025,2026",735,2021-08-25,2026-09-11,records/csv.gz/locationid=233414/,Omex Eternity
234997,"Dharmapuri, Agra - UPPCB",27.169338,78.03582,"2021,2022,2025,2026",735,2021-09-07,2026-09-11,records/csv.gz/locationid=234997/,Agra
12041,"Diwator Nagar, Koppal - KSPCB",15.34763,76.181767,"2020,2021,2022,2025,2026",732,2020-12-16,2026-07-31,records/csv.gz/locationid=12041/,Diwator Nagar
10905,"Rishi Nagar, Kaithal - HSPCB",29.8006,76.4155,"2019,2020,2021,2022",727,2019-08-07,2022-10-31,records/csv.gz/locationid=10905/,Rishi Nagar
2860223,GK1 (Oberoi Terrace),28.5500047,77.2431058,"2024,2025,2026",723,2024-05-22,2026-09-11,records/csv.gz/locationid=2860223/,Other_India
236406,"Mangala, Bilaspur - CECB",22.08815,82.13736999999999,"2021,2022,2025,2026",723,2021-09-22,2026-09-11,records/csv.gz/locationid=236406/,Mangala
11610,"Transport Nagar-Nigdi, Pune - IITM",18.664282,73.763966,"2020,2021,2022,2025,2026",721,2020-11-13,2026-09-11,records/csv.gz/locationid=11610/,Pune
45008,"Anthoni Pillai Nagar, Gummidipoondi - TNPCB",13.4127,80.1081,"2021,2022,2025,2026",720,2021-01-05,2026-09-10,records/csv.gz/locationid=45008/,Anthoni Pillai Nagar
12044,"Kandivali East, Mumbai - MPCB",19.2058,72.8682,"2020,2021,2022,2025,2026",720,2020-12-16,2026-04-18,records/csv.gz/locationid=12044/,Mumbai
270697,"Employment Office, Moradabad - UPPCB",28.88528,78.7388,"2021,2022,2025,2026",717,2021-11-10,2026-09-11,records/csv.gz/locationid=270697/,Employment Office
228303,"SAC ISRO Bopal, Ahmedabad - IITM",23.041137,72.456691,"2021,2022,2025,2026",716,2021-06-19,2026-09-11,records/csv.gz/locationid=228303/,Ahmedabad
10487,"Anand Vihar, Delhi - DPCC",28.646835,77.316032,"2018,2019,2020,2021",714,2018-08-13,2021-09-20,records/csv.gz/locationid=10487/,Delhi
229729,"Nagla Bhau, Firozabad - UPPCB",27.168897,78.37696,"2021,2022,2025,2026",711,2021-07-18,2026-09-11,records/csv.gz/locationid=229729/,Nagla Bhau
270724,"Kareemganj, Gaya - BSPCB",24.792403,84.992416,"2021,2022,2025,2026",704,2021-11-22,2026-09-11,records/csv.gz/locationid=270724/,Gaya
227533,"Rakhial, Ahmedabad - IITM",23.016834,72.625775,"2021,2022,2025,2026",703,2021-06-04,2026-09-11,records/csv.gz/locationid=227533/,Ahmedabad
270727,"SDM Office_Khagra, Kishanganj - BSPCB",26.0881305,87.93840336,"2021,2022,2025,2026",698,2021-11-22,2026-09-11,records/csv.gz/locationid=270727/,Agra
270721,"Mayaganj, Bhagalpur - BSPCB",25.265194,87.012947,"2021,2022,2025,2026",697,2021-11-22,2026-09-11,records/csv.gz/locationid=270721/,Mayaganj
229987,"MIT-Daudpur Kothi, Muzaffarpur - BSPCB",26.1403345,85.3650192,"2021,2022,2025,2026",694,2021-07-22,2026-09-11,records/csv.gz/locationid=229987/,Muzaffarpur
270704,"Town Hall, Munger - BSPCB",25.376776,86.471523,"2021,2022,2025,2026",693,2021-11-12,2026-09-11,records/csv.gz/locationid=270704/,Town Hall
229731,"Gandak Colony, Motihari - BSPCB",26.63086,84.90051,"2021,2022,2025,2026",692,2021-07-18,2026-09-11,records/csv.gz/locationid=229731/,Gandak Colony
236,"Mandir Marg, Delhi - DPCC",28.6341,77.2005,"2015,2016,2017,2018",686,2015-06-29,2018-02-21,records/csv.gz/locationid=236/,Delhi
270771,"Buddhi Vihar, Moradabad - UPPCB",28.83526,78.7446,"2021,2022,2025,2026",685,2021-12-10,2026-09-11,records/csv.gz/locationid=270771/,Buddhi Vihar
270723,"DM Office_Kachari Chowk, Bhagalpur - BSPCB",25.251013,86.989001,"2021,2022,2025,2026",685,2021-11-22,2026-09-11,records/csv.gz/locationid=270723/,DM Office_Kachari Chowk
223146,"Naharlagun, Naharlagun - APSPCB",27.103358,93.679645,"2021,2022,2025,2026",681,2021-04-26,2026-09-11,records/csv.gz/locationid=223146/,Naharlagun
270728,"Police Line, Saharsa - BSPCB",25.892357,86.590325,"2021,2022,2025,2026",678,2021-11-22,2026-09-11,records/csv.gz/locationid=270728/,Police Line
7281,"Shyam Nagar, Palwal - HSPCB",28.1485564,77.3320667,"2020,2021,2022",677,2020-01-01,2022-10-31,records/csv.gz/locationid=7281/,Shyam Nagar
270725,"Mariam Nagar, Purnia - BSPCB",25.765657,87.466829,"2021,2022,2025,2026",673,2021-11-22,2026-09-11,records/csv.gz/locationid=270725/,Mariam Nagar
229985,"D M Colony, Bihar Sharif - BSPCB",25.204762,85.51496,"2021,2022,2025,2026",672,2021-07-22,2026-09-10,records/csv.gz/locationid=229985/,D M Colony
10896,"Chhoti Gwaltoli, Indore - MPPCB",22.431,75.5213,"2020,2021,2022",668,2020-01-06,2022-10-16,records/csv.gz/locationid=10896/,Indore
270729,"Darshan Nagar, Chhapra - BSPCB",25.7808257,84.7446768,"2021,2022,2025,2026",667,2021-11-22,2026-09-11,records/csv.gz/locationid=270729/,Darshan Nagar
229728,"Kamalnath Nagar, Bettiah - BSPCB",26.80365,84.51954,"2021,2022,2025,2026",666,2021-07-18,2026-09-11,records/csv.gz/locationid=229728/,Kamalnath Nagar
270777,"Jigar Colony, Moradabad - UPPCB",28.856664,78.772638,"2021,2022,2025,2026",663,2021-12-18,2026-09-11,records/csv.gz/locationid=270777/,Jigar Colony
10609,"Hebbal 1st Stage, Mysuru - KSPCB",12.210409999999998,76.37376,"2020,2021,2022",660,2020-01-03,2022-10-31,records/csv.gz/locationid=10609/,Mysuru
2589,SaneguravaHalli - KSPCB,12.9916694,77.5458305555555,"2016,2017,2018",657,2016-03-21,2018-02-21,records/csv.gz/locationid=2589/,SaneguravaHalli
270703,"Dada Peer, Sasaram - BSPCB",24.952822,84.00239599999999,"2021,2022,2025,2026",657,2021-11-12,2026-09-11,records/csv.gz/locationid=270703/,Dada Peer
270775,"Kharahiya Basti, Araria - BSPCB",26.146529,87.454184,"2021,2022,2025,2026",656,2021-12-17,2026-09-11,records/csv.gz/locationid=270775/,Kharahiya Basti
278159,"Rohta, Agra - UPPCB",27.106972,78.000111,"2022,2025,2026",656,2022-01-27,2026-09-11,records/csv.gz/locationid=278159/,Agra
2591,Ardhali Bazar,25.35055556,82.97833333,"2016,2017,2018",656,2016-03-22,2018-02-22,records/csv.gz/locationid=2591/,Other_India
270720,"Mirchaibari, Katihar - BSPCB",25.560083,87.553265,"2021,2022,2025,2026",654,2021-11-22,2026-09-11,records/csv.gz/locationid=270720/,Mirchaibari
60657,"Devaraj Urs Badavane, Davanagere - KSPCB",14.4758,75.9052,"2021,2022,2025,2026",654,2021-01-12,2026-09-10,records/csv.gz/locationid=60657/,Devaraj Urs Badavane
2595,Nehru Nagar,26.470308800000005,80.3251749,"2016,2017,2018",653,2016-03-22,2018-02-22,records/csv.gz/locationid=2595/,Other_India
2585,AAQMS Karve Road Pune,18.497484,73.81349,"2016,2017,2018",652,2016-03-21,2018-02-22,records/csv.gz/locationid=2585/,Pune
431,"IHBAS, Delhi - CPCB",28.6821,77.305,"2016,2017,2018",651,2016-04-10,2018-02-22,records/csv.gz/locationid=431/,Delhi
2587,"Sector16A, Faridabad - HSPCB",28.41012222,77.313775,"2016,2017,2018",650,2016-03-22,2018-02-22,records/csv.gz/locationid=2587/,Faridabad
278671,"Shivaji Nagar, Jhansi - UPPCB",25.4547,78.6039,"2022,2025,2026",650,2022-02-04,2026-09-11,records/csv.gz/locationid=278671/,Shivaji Nagar
270737,"Forest Rest House, Manguraha - BSPCB",27.307773,84.529114,"2021,2022,2025,2026",650,2021-12-02,2026-09-11,records/csv.gz/locationid=270737/,Forest Rest House
7292,"Chhoti Gwaltoli, Indore - MPPCB",22.431,75.5213,"2019,2020,2025,2026",650,2019-09-23,2026-09-11,records/csv.gz/locationid=7292/,Indore
7289,"Hebbal 1st Stage, Mysuru - KSPCB",12.21041,76.37376,"2019,2020,2025,2026",649,2019-07-29,2026-09-11,records/csv.gz/locationid=7289/,Mysuru
44513,"Kadri, Mangalore - KSPCB",12.88925,74.853,"2021,2022,2025,2026",649,2021-01-04,2026-08-24,records/csv.gz/locationid=44513/,Kadri
2594,"Sanathnagar, Hyderabad - TSPCB",17.42329722,78.47469722,"2016,2017,2018",649,2016-03-22,2018-02-22,records/csv.gz/locationid=2594/,Hyderabad
2503,"Shadipur, Delhi - CPCB",28.6517,77.1581,"2016,2017,2018",649,2016-03-22,2018-02-22,records/csv.gz/locationid=2503/,Delhi
8916,"Vyttila, Kochi - Kerala PCB",9.969447,76.321186,"2020,2021,2022",648,2020-02-05,2022-10-16,records/csv.gz/locationid=8916/,Kochi
985,Collectorate - Muzaffarpur - BSPCB,26.0762,85.4115,"2016,2017,2018",648,2016-03-19,2018-02-21,records/csv.gz/locationid=985/,Muzaffarpur
270774,"New DM Office, Arrah - BSPCB",25.5626095,84.663264,"2021,2022,2025,2026",648,2021-12-16,2026-09-11,records/csv.gz/locationid=270774/,New DM Office
854,Chandrapur,19.95,79.3,"2016,2017,2018",647,2016-03-22,2018-02-22,records/csv.gz/locationid=854/,Other_India
270877,"Eco Herbal Park, Moradabad - UPPCB",28.840739000000003,78.69753100000001,"2022,2025,2026",647,2022-01-20,2026-09-11,records/csv.gz/locationid=270877/,Eco Herbal Park
270726,"Chitragupta Nagar, Siwan - BSPCB",26.2271665,84.35704270000001,"2021,2022,2025,2026",646,2021-11-22,2026-09-07,records/csv.gz/locationid=270726/,Chitragupta Nagar
301388,"Sardar Patel Inter College, Baghpat - UPPCB",28.964949,77.278761,"2022,2025,2026",635,2022-03-25,2026-09-11,records/csv.gz/locationid=301388/,Sardar Patel Inter College
378,Alandur Bus Depot,12.99711389,80.19151667,"2016,2017,2018",635,2016-03-22,2018-02-22,records/csv.gz/locationid=378/,Other_India
2549,IIT,12.99251389,80.23744722,"2016,2017,2018",635,2016-03-22,2018-02-22,records/csv.gz/locationid=2549/,Other_India
270730,"Dangi Tola, Rajgir - BSPCB",25.0328,85.41948000000001,"2021,2022,2025,2026",635,2021-11-23,2026-09-11,records/csv.gz/locationid=270730/,Dangi Tola
301389,"HIMUDA Complex Phase-1, Baddi - HPPCB",30.943887,76.801991,"2022,2025,2026",634,2022-03-25,2026-09-11,records/csv.gz/locationid=301389/,HIMUDA Complex Phase
354,"Lalbagh, DN Park",26.84578611,80.93874444,"2016,2017,2018",633,2016-03-21,2018-02-22,records/csv.gz/locationid=354/,Other_India
10906,"Murthal, Sonipat - HSPCB",29.0272,77.0621,"2020,2021,2022",633,2020-01-02,2022-10-16,records/csv.gz/locationid=10906/,Murthal
703,Collectorate Jodhpur - RSPCB,26.2920639,73.0379111111111,"2016,2017,2018",632,2016-03-21,2018-02-22,records/csv.gz/locationid=703/,Jodhpur
301391,"DM Office_Kasipur, Samastipur - BSPCB",25.859655,85.77944000000001,"2022,2025,2026",627,2022-03-25,2026-09-11,records/csv.gz/locationid=301391/,DM Office_Kasipur
2463,Central School,26.85272778,80.99632778,"2016,2017,2018",620,2016-03-21,2018-02-22,records/csv.gz/locationid=2463/,Other_India
301390,"Bardowali, Agartala - Tripura SPCB",23.8175497,91.2726974,"2022,2025,2026",616,2022-03-25,2026-09-11,records/csv.gz/locationid=301390/,Bardowali
10489,"ITO, Delhi - CPCB",28.628624,77.24106,"2020,2021,2022",615,2020-01-20,2022-10-31,records/csv.gz/locationid=10489/,Delhi
412,"Peenya, Bengaluru - KSPCB",13.0339,77.51321111,"2016,2017,2018",614,2016-03-22,2018-02-22,records/csv.gz/locationid=412/,Bengaluru
797,City Railway Station - KSPCB,12.9773472,77.5706972222222,"2016,2017,2018",614,2016-03-21,2018-02-22,records/csv.gz/locationid=797/,City Railway Station
594,"BTM Layout, Bengaluru - KSPCB",12.912811110000002,77.60921944,"2016,2017,2018",613,2016-03-22,2018-02-22,records/csv.gz/locationid=594/,Bengaluru
2593,IGSC Planetarium Complex - Patna - BSPCB,25.3636,85.0755,"2016,2017,2018",599,2016-03-22,2018-02-22,records/csv.gz/locationid=2593/,Patna
301387,"Raikhad, Ahmedabad - IITM",23.020509,72.579261,"2022,2025,2026",596,2022-03-25,2026-09-11,records/csv.gz/locationid=301387/,Ahmedabad
317035,"Doon University, Dehradun - UKPCB",30.269444,78.044167,"2022,2025,2026",592,2022-04-23,2026-09-11,records/csv.gz/locationid=317035/,Dehradun
330021,"Vibhab Nagar, Firozabad - UPPCB",27.1594,78.3953,"2022,2025,2026",588,2022-05-05,2026-09-11,records/csv.gz/locationid=330021/,Vibhab Nagar
344104,"Kompally Municipal Office, Hyderabad - TSPCB",17.544898999999997,78.486949,"2022,2025,2026",588,2022-05-26,2026-09-11,records/csv.gz/locationid=344104/,Hyderabad
344140,"Somajiguda, Hyderabad - TSPCB",17.417094,78.457437,"2022,2025,2026",586,2022-05-26,2026-09-11,records/csv.gz/locationid=344140/,Hyderabad
10897,"ICRISAT Patancheru, Hyderabad - TSPCB",17.5184,78.278777,"2020,2021,2022",586,2020-04-28,2022-10-31,records/csv.gz/locationid=10897/,Hyderabad
346439,"Kalindi Kunj, Khurja - UPPCB",28.2348927,77.8683002,"2022,2025,2026",586,2022-06-02,2026-09-11,records/csv.gz/locationid=346439/,Kalindi Kunj
344103,"ECIL Kapra, Hyderabad - TSPCB",17.470431,78.566959,"2022,2025,2026",582,2022-05-26,2026-09-11,records/csv.gz/locationid=344103/,Hyderabad
304956,"Gurdeo Nagar, Aurangabad - BSPCB",24.75746,84.366208,"2022,2025,2026",582,2022-03-31,2026-09-04,records/csv.gz/locationid=304956/,Gurdeo Nagar
270708,"Civic Center, Bhilai - Bhilai Steel Plant",21.185571,81.343175,"2021,2022,2025,2026",581,2021-11-16,2026-09-11,records/csv.gz/locationid=270708/,Civic Center
361378,"Paryavaran Parisar, Bhopal - MPPCB",23.210494,77.425409,"2022,2025,2026",580,2022-09-23,2026-09-11,records/csv.gz/locationid=361378/,Bhopal
358467,"Civil Lines, Bareilly - UPPCB",28.359581,79.414455,"2022,2025,2026",578,2022-09-23,2026-09-11,records/csv.gz/locationid=358467/,Civil Lines
278418,"Sector-53, Chandigarh - CPCC",30.719859000000003,76.738637,"2022,2025,2026",576,2022-01-31,2026-09-11,records/csv.gz/locationid=278418/,Chandigarh
11607,"Lodhi Road, Delhi - IITM",28.588333,77.221667,"2020,2021,2022,2025",576,2020-11-13,2025-12-27,records/csv.gz/locationid=11607/,Delhi
352777,"Kashiram Nagar, Moradabad - UPPCB",28.849399,78.742362,"2022,2025,2026",576,2022-09-23,2026-09-11,records/csv.gz/locationid=352777/,Kashiram Nagar
346438,"Rajendra Nagar, Bareilly - UPPCB",28.38910936,79.42963708,"2022,2025,2026",575,2022-06-02,2026-09-11,records/csv.gz/locationid=346438/,Rajendra Nagar
2592,"BWSSB Kadabesanahalli, Bengaluru - KSPCB",12.93890556,77.69727222,"2016,2017,2018",574,2016-03-22,2018-02-22,records/csv.gz/locationid=2592/,Bengaluru
352465,"New Malakpet, Hyderabad - TSPCB",17.37206,78.50864,"2022,2025,2026",574,2022-09-23,2026-09-11,records/csv.gz/locationid=352465/,Hyderabad
353715,"Transport Nagar, Moradabad - UPPCB",28.802625,78.75372800000001,"2022,2025,2026",573,2022-09-23,2026-09-11,records/csv.gz/locationid=353715/,Transport Nagar
358456,"Gulzarpet, Anantapur - APPCB",14.675885999999998,77.593027,"2022,2025,2026",571,2022-09-23,2026-09-11,records/csv.gz/locationid=358456/,Gulzarpet
363601,"Girls College, Sivasagar - PCBA",26.987634000000003,94.636574,"2022,2025,2026",566,2022-09-29,2026-09-11,records/csv.gz/locationid=363601/,Girls College
10898,"Palayam, Kozhikode - Kerala PCB",11.249077,75.78437099999998,"2020,2021,2022",562,2020-02-05,2022-10-16,records/csv.gz/locationid=10898/,Palayam
3409423,"Dhoinda, Rajsamand - RSPCB",25.03636,73.88350200000001,"2025,2026",559,2025-02-19,2026-09-11,records/csv.gz/locationid=3409423/,Dhoinda
3409427,"Radhakishan Pura, Sikar - RSPCB",27.608912,75.153302,"2025,2026",559,2025-02-19,2026-09-11,records/csv.gz/locationid=3409427/,Radhakishan Pura
3409412,"Dhanmandi, Kota - RSPCB",25.16409,75.858137,"2025,2026",559,2025-02-19,2026-09-11,records/csv.gz/locationid=3409412/,Kota
3409402,"Krishna Nagar, Bharatpur - RSPCB",27.215415000000004,77.50873,"2025,2026",559,2025-02-19,2026-09-11,records/csv.gz/locationid=3409402/,Krishna Nagar
3409450,"Karni Colony, Nagaur - RSPCB",27.213494,73.734444,"2025,2026",559,2025-02-19,2026-09-11,records/csv.gz/locationid=3409450/,Karni Colony
3409444,"Sadar Bazar, Jaisalmer - RSPCB",26.912329,70.909168,"2025,2026",559,2025-02-19,2026-09-11,records/csv.gz/locationid=3409444/,Sadar Bazar
3409417,"Shastri Nagar, Chittorgarh - RSPCB",24.892047,74.623527,"2025,2026",559,2025-02-19,2026-09-11,records/csv.gz/locationid=3409417/,Shastri Nagar
3409431,"Digari Kalan, Jodhpur - RSPCB",26.29581,73.08228299999999,"2025,2026",559,2025-02-19,2026-09-11,records/csv.gz/locationid=3409431/,Jodhpur
3409442,"Pratap Nagar, Bhilwara - RSPCB",25.339605,74.618883,"2025,2026",559,2025-02-19,2026-09-11,records/csv.gz/locationid=3409442/,Pratap Nagar
3409433,"RIICO Sitapura, Jaipur - RSPCB",26.786682,75.827928,"2025,2026",559,2025-02-19,2026-09-11,records/csv.gz/locationid=3409433/,Jaipur
3409421,"Sahu Nagar, Sawai Madhopur - RSPCB",26.031443,76.35932700000001,"2025,2026",559,2025-02-19,2026-09-11,records/csv.gz/locationid=3409421/,Sahu Nagar
3409419,"Railway Colony, Barmer - RSPCB",25.747299,71.393989,"2025,2026",559,2025-02-19,2026-09-11,records/csv.gz/locationid=3409419/,Railway Colony
3409410,"Vedhaynath Colony, Sirohi - RSPCB",24.885261,72.857549,"2025,2026",559,2025-02-19,2026-09-11,records/csv.gz/locationid=3409410/,Vedhaynath Colony
3409374,"Deen Dayal Nagar, Gwalior - MPPCB",26.259242,78.216432,"2025,2026",559,2025-02-19,2026-09-11,records/csv.gz/locationid=3409374/,Deen Dayal Nagar
346258,"Kokapet, Hyderabad - TSPCB",17.393559,78.33919399999999,"2022,2025,2026",559,2022-06-02,2026-09-11,records/csv.gz/locationid=346258/,Hyderabad
3409515,"Govindh Bhavan Colony, Jabalpur - MPPCB",23.163174,79.973061,"2025,2026",558,2025-02-19,2026-09-11,records/csv.gz/locationid=3409515/,Govindh Bhavan Colony
3409465,"Ram Nagar, Nagpur - MPCB",21.143383,79.048912,"2025,2026",558,2025-02-19,2026-09-11,records/csv.gz/locationid=3409465/,Nagpur
3409418,"Khatikan Mohalla, Dausa - RSPCB",26.895552,76.334753,"2025,2026",558,2025-02-19,2026-09-11,records/csv.gz/locationid=3409418/,Khatikan Mohalla
3409425,"Jhalamand, Jodhpur - RSPCB",26.215415000000004,73.07015600000001,"2025,2026",558,2025-02-19,2026-09-11,records/csv.gz/locationid=3409425/,Jodhpur
3409422,"Indra Nagar, Jhunjhunu - RSPCB",28.108988,75.386577,"2025,2026",558,2025-02-19,2026-09-11,records/csv.gz/locationid=3409422/,Indra Nagar
3409503,"Forest Office, Barbil - OSPCB",22.1166054,85.3945546,"2025,2026",558,2025-02-19,2026-09-11,records/csv.gz/locationid=3409503/,Forest Office
3409495,"Mudtra Sili, Jalore - RSPCB",25.344694,72.626208,"2025,2026",558,2025-02-19,2026-09-11,records/csv.gz/locationid=3409495/,Mudtra Sili
3409447,"Bamboliya, Baran - RSPCB",25.106006,76.469948,"2025,2026",558,2025-02-19,2026-09-11,records/csv.gz/locationid=3409447/,Bamboliya
3409429,"Rajlaxmi Nagar, Jhalawar - RSPCB",24.588397,76.172782,"2025,2026",558,2025-02-19,2026-09-11,records/csv.gz/locationid=3409429/,Rajlaxmi Nagar
3409406,"Nayapura, Kota - RSPCB",25.196024,75.85566800000001,"2025,2026",558,2025-02-19,2026-09-11,records/csv.gz/locationid=3409406/,Kota
3409464,"Ambazari, Nagpur - MPCB",21.121801,79.04952,"2025,2026",558,2025-02-19,2026-09-11,records/csv.gz/locationid=3409464/,Nagpur
3409321,Haldia - WBSPCB,22.06047,88.109737,"2025,2026",558,2025-02-19,2026-09-11,records/csv.gz/locationid=3409321/,Haldia
3409401,"Samrat Ashok Udhyan, Jodhpur - RSPCB",26.253384000000004,72.97657099999999,"2025,2026",557,2025-02-19,2026-09-11,records/csv.gz/locationid=3409401/,Jodhpur
3409426,"Pragati Nagar, Pratapgarh - RSPCB",24.041198,74.780702,"2025,2026",557,2025-02-19,2026-09-11,records/csv.gz/locationid=3409426/,Pragati Nagar
3409320,"Rabindra Bharati University, Kolkata - WBPCB",22.627875,88.3804,"2025,2026",557,2025-02-19,2026-09-11,records/csv.gz/locationid=3409320/,Kolkata
3409369,"Maharaj Bada, Gwalior - MPPCB",26.200388,78.14771400000001,"2025,2026",557,2025-02-19,2026-09-11,records/csv.gz/locationid=3409369/,Maharaj Bada
3409370,"Civil Lines, Sagar - MPPCB",23.838586,78.759431,"2025,2026",557,2025-02-19,2026-09-11,records/csv.gz/locationid=3409370/,Civil Lines
3409443,"New Colony, Bundi - RSPCB",25.435774,75.644272,"2025,2026",557,2025-02-19,2026-09-11,records/csv.gz/locationid=3409443/,New Colony
3409424,"Old City, Sri Ganganagar - RSPCB",29.931624,73.864511,"2025,2026",557,2025-02-19,2026-09-11,records/csv.gz/locationid=3409424/,Old City
3409428,"Satyawati Vihar, Karauli - RSPCB",26.506177,77.025989,"2025,2026",556,2025-02-19,2026-09-11,records/csv.gz/locationid=3409428/,Satyawati Vihar
3409494,"Bhoiwada, Dungarpur - RSPCB",23.837789,73.714926,"2025,2026",556,2025-02-19,2026-09-11,records/csv.gz/locationid=3409494/,Bhoiwada
3409445,"Mandor, Jodhpur - RSPCB",26.358805,73.047444,"2025,2026",556,2025-02-19,2026-09-11,records/csv.gz/locationid=3409445/,Jodhpur
3409430,"Mansarovar Sector-12, Jaipur - RSPCB",26.843698,75.766894,"2025,2026",556,2025-02-19,2026-09-11,records/csv.gz/locationid=3409430/,Jaipur
3409416,"Rati Talai, Banswara - RSPCB",23.55519,74.44001,"2025,2026",555,2025-02-19,2026-09-11,records/csv.gz/locationid=3409416/,Rati Talai
3409432,"Sector-2 Murlipura, Jaipur - RSPCB",26.960669,75.771817,"2025,2026",555,2025-02-19,2026-09-11,records/csv.gz/locationid=3409432/,Jaipur
3409407,"Shastri Nagar, Tonk - RSPCB",26.159933,75.780517,"2025,2026",555,2025-02-19,2026-09-11,records/csv.gz/locationid=3409407/,Shastri Nagar
3409508,"Patia, Bhubaneswar - OSPCB",20.34652,85.8163,"2025,2026",555,2025-02-19,2026-09-11,records/csv.gz/locationid=3409508/,Patia
3409404,"Subash Chowk, Churu - RSPCB",28.296139,74.96169599999999,"2025,2026",555,2025-02-19,2026-09-11,records/csv.gz/locationid=3409404/,Subash Chowk
3409468,"Mahal, Nagpur - MPCB",21.14472,79.107595,"2025,2026",554,2025-02-19,2026-09-11,records/csv.gz/locationid=3409468/,Nagpur
3409502,"Kalidaspur, Balasore - OSPCB",21.51161,86.89088,"2025,2026",554,2025-02-19,2026-09-11,records/csv.gz/locationid=3409502/,Kalidaspur
3409362,"Siltara Phase-II, Raipur - CECB",21.371751,81.664929,"2025,2026",553,2025-02-19,2026-09-11,records/csv.gz/locationid=3409362/,Siltara Phase
3409456,"Ramdaspeth, Akola - MPCB",20.719516,77.000253,"2025,2026",553,2025-02-19,2026-09-11,records/csv.gz/locationid=3409456/,Ramdaspeth
3409400,"Yerramukkapalli, Kadapa - APPCB",14.465051999999998,78.824187,"2025,2026",553,2025-02-19,2026-09-11,records/csv.gz/locationid=3409400/,Yerramukkapalli
3409420,"Housing Board, Hanumangarh - RSPCB",29.61075,74.283608,"2025,2026",553,2025-02-19,2026-09-11,records/csv.gz/locationid=3409420/,Housing Board
3409485,"Gokul Nagar, Bhiwandi - MPCB",19.309073,73.057223,"2025,2026",553,2025-02-19,2026-09-11,records/csv.gz/locationid=3409485/,Gokul Nagar
344142,"Nacharam_TSIIC IALA, Hyderabad - TSPCB",17.429398,78.569354,"2022,2025,2026",552,2022-05-26,2026-09-11,records/csv.gz/locationid=344142/,Hyderabad
3409405,"Raja Ganj, Dholpur - RSPCB",26.699557,77.898881,"2025,2026",552,2025-02-19,2026-09-11,records/csv.gz/locationid=3409405/,Raja Ganj
3409504,"Hakimapada, Angul - OSPCB",20.832874,85.104082,"2025,2026",552,2025-02-19,2026-09-11,records/csv.gz/locationid=3409504/,Hakimapada
3409469,"Kasarvadavali, Thane - MPCB",19.26777,72.97182,"2025,2026",551,2025-02-19,2026-09-11,records/csv.gz/locationid=3409469/,Kasarvadavali
60658,"Hadapsar, Pune - IITM",18.501793,73.927532,"2021,2022,2025,2026",551,2021-01-12,2026-09-11,records/csv.gz/locationid=60658/,Pune
3409524,"Botanical Garden, Howrah - WBPCB",22.554954,88.292568,"2025,2026",551,2025-02-19,2026-09-11,records/csv.gz/locationid=3409524/,Botanical Garden
3409519,"Vasundhara Nagar_UIT, Bhiwadi - RSPCB",28.207266,76.829265,"2025,2026",551,2025-02-19,2026-09-11,records/csv.gz/locationid=3409519/,Vasundhara Nagar_UIT
3409505,"Lingraj Mandir, Bhubaneswar - OSPCB",20.24079,85.836784,"2025,2026",551,2025-02-19,2026-09-11,records/csv.gz/locationid=3409505/,Lingraj Mandir
3409338,"DRCC Anandpur, Begusarai - BSPCB",25.444266,86.140169,"2025,2026",551,2025-02-19,2026-09-11,records/csv.gz/locationid=3409338/,DRCC Anandpur
3409526,"Panchawati_Pashan, Pune - IITM",18.536457,73.805454,"2025,2026",551,2025-02-19,2026-09-11,records/csv.gz/locationid=3409526/,Pune
3409506,"CDA Area, Cuttack - OSPCB",20.48891,85.84768,"2025,2026",551,2025-02-19,2026-09-11,records/csv.gz/locationid=3409506/,CDA Area
3409413,"Idgah Hills, Bhopal - MPPCB",23.264759,77.381568,"2025,2026",551,2025-02-19,2026-09-11,records/csv.gz/locationid=3409413/,Bhopal
3409318,"Central School, Lucknow - CPCB",26.8821003,80.9302753,"2025,2026",551,2025-02-19,2026-09-11,records/csv.gz/locationid=3409318/,Lucknow
3409391,"Tarapur, Silchar - PCBA",24.82827,92.79525,"2025,2026",551,2025-02-19,2026-09-11,records/csv.gz/locationid=3409391/,Tarapur
3409394,"Fertilizer Township, Rourkela - OSPCB",22.18972222,84.86277778,"2025,2026",550,2025-02-19,2026-09-11,records/csv.gz/locationid=3409394/,Fertilizer Township
3409386,"Mahatma Basaveswar Colony, Kalaburgi - KSPCB",17.336318,76.847397,"2025,2026",550,2025-02-19,2026-09-11,records/csv.gz/locationid=3409386/,Mahatma Basaveswar Colony
3409377,"Meher Colony, Baripada - OSPCB",21.941841,86.728318,"2025,2026",550,2025-02-19,2026-09-11,records/csv.gz/locationid=3409377/,Meher Colony
3409493,"Rajiv Gandhi Park, Vijayawada - APPCB",16.509717,80.612222,"2025,2026",550,2025-02-19,2026-09-11,records/csv.gz/locationid=3409493/,Vijayawada
3409472,"Upvan Fort, Thane - MPCB",19.222279,72.957979,"2025,2026",549,2025-02-19,2026-09-11,records/csv.gz/locationid=3409472/,Upvan Fort
3409368,"32Bungalows, Bhilai - CECB",21.194815,81.31477,"2025,2026",549,2025-02-19,2026-09-11,records/csv.gz/locationid=3409368/,CECB
3409479,"Mindspace-Malad West, Mumbai - MPCB",19.1878657,72.8304069,"2025,2026",548,2025-02-19,2026-09-11,records/csv.gz/locationid=3409479/,Mumbai
3409518,"Rajiv Nagar, Vijayawada - APPCB",16.554731,80.64911,"2025,2026",548,2025-02-19,2026-09-11,records/csv.gz/locationid=3409518/,Vijayawada
3409317,"Chauhan Colony, Chandrapur - MPCB",19.9629,79.298714,"2025,2026",547,2025-02-19,2026-09-11,records/csv.gz/locationid=3409317/,Chauhan Colony
3409492,"HB Colony, Vijayawada - APPCB",16.536107,80.594233,"2025,2026",547,2025-02-19,2026-09-11,records/csv.gz/locationid=3409492/,Vijayawada
3409486,"Kherwadi_Bandra East, Mumbai - MPCB",19.0632143,72.8456324,"2025,2026",546,2025-02-19,2026-09-11,records/csv.gz/locationid=3409486/,Mumbai
3409509,"SVSPA Campus, Barrackpore - WBPCB",22.7605581,88.3617589,"2025,2026",546,2025-02-19,2026-09-11,records/csv.gz/locationid=3409509/,SVSPA Campus
3409437,"Thergaon, Pimpri Chinchwad - MPCB",18.616318,73.765797,"2025,2026",546,2025-02-19,2026-09-11,records/csv.gz/locationid=3409437/,Thergaon
3409415,"Sardar Patel Nagar, Dhanbad - JSPCB",23.80569,86.44268000000001,"2025,2026",546,2025-02-19,2026-09-11,records/csv.gz/locationid=3409415/,Sardar Patel Nagar
3409507,"Ferro Chrome Colony, Byasanagar - OSPCB",20.94185,86.1151,"2025,2026",546,2025-02-19,2026-09-11,records/csv.gz/locationid=3409507/,Ferro Chrome Colony
3409397,"OP Jindal School, Kunjemura - CECB",22.12665,83.483212,"2025,2026",545,2025-02-19,2026-09-11,records/csv.gz/locationid=3409397/,OP Jindal School
3409375,"Bata Chowk, Nalbari - PCBA",26.446912,91.439057,"2025,2026",545,2025-02-19,2026-09-11,records/csv.gz/locationid=3409375/,Bata Chowk
3409403,"MM Ground, Bikaner - RSPCB",28.018792,73.29265799999999,"2025,2026",544,2025-02-19,2026-09-11,records/csv.gz/locationid=3409403/,MM Ground
3409510,"Byculla, Mumbai - BMC",18.9767,72.838,"2025,2026",544,2025-02-19,2026-09-11,records/csv.gz/locationid=3409510/,Mumbai
3409487,"Sanpada, Navi Mumbai - MPCB",19.0575752,73.0151367,"2025,2026",544,2025-02-19,2026-09-11,records/csv.gz/locationid=3409487/,Mumbai
3409455,"Kamble Tarf Birwadi, Mahad - MPCB",18.1023399,73.4783687,"2025,2026",543,2025-02-19,2026-09-11,records/csv.gz/locationid=3409455/,Kamble Tarf Birwadi
3409511,"Shivaji Nagar, Mumbai - BMC",19.060498,72.923356,"2025,2026",543,2025-02-19,2026-09-11,records/csv.gz/locationid=3409511/,Mumbai
3409484,"Sidhi Vinayak Nagar, Ulhasnagar - MPCB",19.235581,73.159121,"2025,2026",542,2025-02-19,2026-09-11,records/csv.gz/locationid=3409484/,Sidhi Vinayak Nagar
3409451,"Pandav Nagari, Nashik - MPCB",19.9591346,73.7788008,"2025,2026",542,2025-02-19,2026-09-11,records/csv.gz/locationid=3409451/,Pandav Nagari
3409373,"Vaikuntapuram, Tirupathi - APPCB",13.615387,79.40923000000001,"2025,2026",542,2025-02-19,2026-09-11,records/csv.gz/locationid=3409373/,Vaikuntapuram
346257,"Ramachandrapuram, Hyderabad - TSPCB",17.528544,78.28619499999999,"2022,2025,2026",541,2022-06-02,2026-09-11,records/csv.gz/locationid=346257/,Hyderabad
3409482,"Bandra Kurla Complex, Mumbai - MPCB",19.065931,72.862131,"2025,2026",541,2025-02-19,2026-09-11,records/csv.gz/locationid=3409482/,Mumbai
3409376,"Central Academy for SFS, Byrnihat - PCBA",26.071318,91.87488,"2025,2026",541,2025-02-19,2026-09-11,records/csv.gz/locationid=3409376/,Central Academy for SFS
3409363,"Krishak Nagar, Raipur - CECB",21.237755,81.705301,"2025,2026",541,2025-02-19,2026-09-11,records/csv.gz/locationid=3409363/,Krishak Nagar
3409390,"LGBI Airport, Guwahati - PCBA",26.10887,91.589544,"2025,2026",541,2025-02-19,2026-09-10,records/csv.gz/locationid=3409390/,Guwahati
3409476,"CBD Belapur, Belapur - MPCB",19.0243902,73.0406721,"2025,2026",540,2025-02-19,2026-09-11,records/csv.gz/locationid=3409476/,CBD Belapur
3409459,"Shri Shivaji Science College, Amaravati - MPCB",20.939198,77.765701,"2025,2026",539,2025-02-19,2026-09-11,records/csv.gz/locationid=3409459/,Shri Shivaji Science College
3409454,"Hirawadi, Nashik - MPCB",20.021503,73.813844,"2025,2026",539,2025-02-19,2026-09-11,records/csv.gz/locationid=3409454/,Hirawadi
3409521,"Evelyn Lodge, Asansol - WBPCB",23.697936,86.944395,"2025,2026",538,2025-02-19,2026-09-11,records/csv.gz/locationid=3409521/,Evelyn Lodge
3409453,"MIDC Ambad, Nashik - MPCB",19.95022,73.73148,"2025,2026",538,2025-02-19,2026-09-11,records/csv.gz/locationid=3409453/,MIDC Ambad
3409435,"Gavalinagar, Pimpri Chinchwad - MPCB",18.63673,73.82487,"2025,2026",538,2025-02-19,2026-09-11,records/csv.gz/locationid=3409435/,Gavalinagar
7850,"Bandra, Mumbai - MPCB",19.0627,72.84614,"2020,2021",538,2020-01-08,2021-12-24,records/csv.gz/locationid=7850/,Mumbai
3409488,"Suhagi, Jabalpur - JMC",23.218135,79.95777,"2025,2026",538,2025-02-19,2026-09-11,records/csv.gz/locationid=3409488/,Suhagi
3410004,"Amity University, Panchgaon - IITM",28.3153,76.9143,"2025,2026",537,2025-02-19,2026-09-11,records/csv.gz/locationid=3410004/,Amity University
3409512,"Kandivali West, Mumbai - BMC",19.215859,72.831718,"2025,2026",537,2025-02-19,2026-09-11,records/csv.gz/locationid=3409512/,Mumbai
3409477,"Kopripada-Vashi, Navi Mumbai - MPCB",19.090337,73.014232,"2025,2026",537,2025-02-19,2026-09-11,records/csv.gz/locationid=3409477/,Mumbai
3409441,"Sinchan Bhavan, Kolhapur - MPCB",16.7143745,74.2426398,"2025,2026",537,2025-02-19,2026-09-11,records/csv.gz/locationid=3409441/,Sinchan Bhavan
10916,"Kacheripady, Ernakulam - Kerala PCB",9.985653,76.281342,"2020,2021,2022",536,2020-02-05,2022-10-16,records/csv.gz/locationid=10916/,Kacheripady
3409483,"Chembur, Mumbai - MPCB",19.0364585,72.8954371,"2025,2026",536,2025-02-19,2026-09-11,records/csv.gz/locationid=3409483/,Mumbai
3409372,"Gangineni Cheruvu, Chittoor - APPCB",13.20488,79.097889,"2025,2026",536,2025-02-19,2026-09-11,records/csv.gz/locationid=3409372/,Gangineni Cheruvu
3409449,"Dnyaneshwar Nagar, Solapur - MPCB",17.6336264,75.9132495,"2025,2026",535,2025-02-20,2026-09-11,records/csv.gz/locationid=3409449/,Dnyaneshwar Nagar
3409446,"Vijay Nagar, Sangli - MPCB",16.843813,74.615091,"2025,2026",535,2025-02-19,2026-09-11,records/csv.gz/locationid=3409446/,Vijay Nagar
3409529,"Mahishkapur Road_B-Zone, Durgapur - WBPCB",23.567923,87.306843,"2025,2026",535,2025-02-19,2026-09-11,records/csv.gz/locationid=3409529/,Mahishkapur Road_B
3409360,"IITG, Guwahati - PCBA",26.202863600000004,91.70046436,"2025,2026",534,2025-02-19,2026-09-11,records/csv.gz/locationid=3409360/,Guwahati
3409396,"Nawapara SECL Colony, Chhal - CECB",22.118125,83.140608,"2025,2026",534,2025-02-19,2026-09-11,records/csv.gz/locationid=3409396/,Nawapara SECL Colony
3409462,"Prabhat Colony, Jalgaon - MPCB",21.001264,75.565602,"2025,2026",534,2025-02-19,2026-09-11,records/csv.gz/locationid=3409462/,Prabhat Colony
3409514,"Ghatkopar, Mumbai - BMC",19.083694,72.920967,"2025,2026",533,2025-02-19,2026-09-11,records/csv.gz/locationid=3409514/,Mumbai
3174188,Malav,22.70763,75.85257,"2023,2024",533,2023-01-09,2024-06-30,records/csv.gz/locationid=3174188/,Other_India
3409461,"Rachnakar Colony, Aurangabad - MPCB",19.863756,75.321188,"2025,2026",533,2025-02-19,2026-09-11,records/csv.gz/locationid=3409461/,Rachnakar Colony
3409411,"Christianpatty, Nagaon - PCBA",26.349082,92.68449,"2025,2026",532,2025-02-19,2026-09-11,records/csv.gz/locationid=3409411/,Christianpatty
3409522,"Mahabir Colliery, Asansol - WBPCB",23.618183,87.105718,"2025,2026",532,2025-02-19,2026-09-11,records/csv.gz/locationid=3409522/,Mahabir Colliery
3409480,"Bolinj, Virar - MPCB",19.445821,72.7988231,"2025,2026",532,2025-02-19,2026-09-11,records/csv.gz/locationid=3409480/,Bolinj
3409481,"Khaira, Boisar - MPCB",19.786089,72.757971,"2025,2026",531,2025-02-19,2026-09-11,records/csv.gz/locationid=3409481/,Khaira
3409448,"Ratandeep Housing Society, Solapur - MPCB",17.65439,75.90649,"2025,2026",531,2025-02-19,2026-09-11,records/csv.gz/locationid=3409448/,Ratandeep Housing Society
3409467,"Sneh Nagar, Nanded - MPCB",19.173852,77.296291,"2025,2026",531,2025-02-19,2026-09-11,records/csv.gz/locationid=3409467/,Sneh Nagar
344144,"IITH Kandi, Hyderabad - TSPCB",17.585704999999997,78.126199,"2022,2025,2026",530,2022-05-26,2026-09-11,records/csv.gz/locationid=344144/,Hyderabad
3409475,"Tondare-Taloja, Navi Mumbai - MPCB",19.063,73.1209,"2025,2026",530,2025-02-19,2026-09-11,records/csv.gz/locationid=3409475/,Mumbai
3409501,"Airport Area, Indore - IMC",22.7289,75.8076,"2025,2026",530,2025-02-19,2026-09-11,records/csv.gz/locationid=3409501/,Indore
3409530,"Dasnagar, Howrah - WBPCB",22.6025571,88.3105664,"2025,2026",529,2025-02-19,2026-09-11,records/csv.gz/locationid=3409530/,Dasnagar
3409364,"Bhatagaon New ISBT, Raipur - CECB",21.219665,81.630094,"2025,2026",529,2025-02-21,2026-09-11,records/csv.gz/locationid=3409364/,Bhatagaon New ISBT
3409458,"Shivneri Colony, Amravati - MPCB",20.9402359,77.7895248,"2025,2026",529,2025-02-19,2026-09-11,records/csv.gz/locationid=3409458/,Shivneri Colony
301670,"Collector Office, Yadgir - KSPCB",16.7602,77.1428,"2025,2026",529,2025-02-19,2026-09-11,records/csv.gz/locationid=301670/,Collector Office
3409520,"PCBL Residential Complex, Durgapur - WBPCB",23.508764,87.35444,"2025,2026",529,2025-02-19,2026-09-11,records/csv.gz/locationid=3409520/,PCBL Residential Complex
3409387,"Lingaraj Nagar, Hubballi - KSPCB",15.3714823,75.1160168,"2025,2026",528,2025-02-19,2026-09-11,records/csv.gz/locationid=3409387/,Lingaraj Nagar
3409382,"Raghunathpali, Rourkela - OSPCB",22.220833,84.809444,"2025,2026",528,2025-02-19,2026-09-11,records/csv.gz/locationid=3409382/,Raghunathpali
3409499,"Regional Park, Indore - MPPCB",22.678,75.8559,"2025,2026",527,2025-02-19,2026-09-11,records/csv.gz/locationid=3409499/,Indore
3409440,"Shivaji University, Kolhapur - MPCB",16.6870449,74.2505872,"2025,2026",527,2025-02-19,2026-09-11,records/csv.gz/locationid=3409440/,Shivaji University
3409371,"Science Center, Surat - SMC",21.170046,72.795405,"2025,2026",527,2025-02-19,2026-09-11,records/csv.gz/locationid=3409371/,Surat
3409528,"Savta Mali Nagar, Pimpri-Chinchwad - IITM",18.614767,73.799516,"2025,2026",526,2025-02-19,2026-09-11,records/csv.gz/locationid=3409528/,Savta Mali Nagar
3409474,"Mahesh Nagar, Malegaon - MPCB",20.555712,74.529236,"2025,2026",525,2025-02-19,2026-09-11,records/csv.gz/locationid=3409474/,Mahesh Nagar
3409359,"Kalabhavan, Dharwad - KSPCB",15.459706,75.008381,"2025,2026",525,2025-02-19,2026-09-11,records/csv.gz/locationid=3409359/,Kalabhavan
3409452,"Sawe Wadi, Latur - MPCB",18.39963,76.57452,"2025,2026",525,2025-02-19,2026-09-11,records/csv.gz/locationid=3409452/,Sawe Wadi
5404,"Pusa, Delhi - IMD",28.639645,77.146263,"2025,2026",524,2025-02-19,2026-09-11,records/csv.gz/locationid=5404/,Delhi
3409525,"Trivenidevi Bhalotia College, Asansol - WBPCB",23.616515,87.119133,"2025,2026",524,2025-02-19,2026-09-11,records/csv.gz/locationid=3409525/,Trivenidevi Bhalotia College
3409366,"Urja Nagar, Korba - CECB",22.348441,82.549611,"2025,2026",523,2025-02-19,2026-09-11,records/csv.gz/locationid=3409366/,Urja Nagar
3409365,"Rampur, Korba - CECB",22.368195,82.746431,"2025,2026",523,2025-02-19,2026-09-11,records/csv.gz/locationid=3409365/,Rampur
7777,"Lal Bahadur Shastri Nagar, Kalaburagi - KSPCB",17.321993,76.822628,"2020,2021,2022",523,2020-01-06,2022-10-31,records/csv.gz/locationid=7777/,Lal Bahadur Shastri Nagar
3409478,"Bhayandar West, Mira-Bhayandar - MPCB",19.296481,72.840923,"2025,2026",523,2025-02-19,2026-09-11,records/csv.gz/locationid=3409478/,Bhayandar West
3409409,"Govt. Girls Inter College, Kashipur - UKPCB",29.2124114,78.96117530000001,"2025,2026",523,2025-02-19,2026-09-11,records/csv.gz/locationid=3409409/,Govt. Girls Inter College
3409436,"Park Street Wakad, Pimpri Chinchwad - MPCB",18.59051,73.77946,"2025,2026",521,2025-02-19,2026-09-11,records/csv.gz/locationid=3409436/,Park Street Wakad
3409339,"Central Jail, Buxar - BSPCB",25.555605,83.950942,"2025,2026",520,2025-02-19,2026-09-10,records/csv.gz/locationid=3409339/,Central Jail
3409336,"GIFT City, Gandhinagar - IITM",23.163798,72.677768,"2025,2026",520,2025-02-19,2026-09-11,records/csv.gz/locationid=3409336/,GIFT City
3409471,"Sector-2E Kalamboli, Navi Mumbai - MPCB",19.02579,73.10297,"2025,2026",520,2025-02-19,2026-09-11,records/csv.gz/locationid=3409471/,Mumbai
3409380,"Tata Township, Bileipada - OSPCB",22.06156703,85.47409613,"2025,2026",518,2025-02-19,2026-09-11,records/csv.gz/locationid=3409380/,Tata Township
3409513,"Sewri, Mumbai - BMC",19.000084,72.85673,"2025,2026",518,2025-02-19,2026-09-11,records/csv.gz/locationid=3409513/,Mumbai
3409399,"OP Jindal Industrial Park, Tumidih - CECB",22.06631475,83.33820077,"2025,2026",518,2025-02-19,2026-09-11,records/csv.gz/locationid=3409399/,OP Jindal Industrial Park
3409361,"AIIMS, Raipur - CECB",21.258815,81.578979,"2025,2026",518,2025-02-19,2026-09-11,records/csv.gz/locationid=3409361/,AIIMS
5408,"Secretariat, Amaravati - APPCB",16.5150833,80.5181667,"2025,2026",517,2025-02-19,2026-09-11,records/csv.gz/locationid=5408/,Secretariat
6955,"Lal Bahadur Shastri Nagar, Kalaburagi - KSPCB",17.321993,76.822628,"2018,2019,2020,2025,2026",516,2018-08-14,2026-09-06,records/csv.gz/locationid=6955/,Lal Bahadur Shastri Nagar
3409460,"MIDC Chilkalthana, Aurangabad - MPCB",19.87562,75.38731,"2025,2026",516,2025-02-19,2026-09-11,records/csv.gz/locationid=3409460/,MIDC Chilkalthana
3409457,"Tarakpur, Ahmednagar - MPCB",19.10122,74.73339,"2025,2026",515,2025-02-19,2026-09-11,records/csv.gz/locationid=3409457/,Tarakpur
3409489,"Gupteshwar, Jabalpur - JMC",23.142888,79.916147,"2025,2026",515,2025-02-19,2026-08-24,records/csv.gz/locationid=3409489/,Gupteshwar
3409470,"Katrap, Badlapur - MPCB",19.16485,73.23409,"2025,2026",514,2025-02-19,2026-09-11,records/csv.gz/locationid=3409470/,Katrap
3409498,"Residency Area, Indore - IMC",22.7084,75.8815,"2025,2026",512,2025-02-19,2026-09-11,records/csv.gz/locationid=3409498/,Indore
3409340,"Zero Point GICI, Gangtok - SSPCB",27.33853,88.614099,"2025,2026",512,2025-02-19,2026-09-11,records/csv.gz/locationid=3409340/,Zero Point GICI
3409379,"Divisional Forest Office, Rairangpur - OSPCB",22.265816,86.174829,"2025,2026",509,2025-02-19,2026-09-11,records/csv.gz/locationid=3409379/,Divisional Forest Office
3409398,"Govt. Higher Secondary School, Milupara - CECB",22.1910172,83.5197009,"2025,2026",509,2025-02-19,2026-09-11,records/csv.gz/locationid=3409398/,Govt. Higher Secondary School
3409378,"Jagamohanpur, Keonjhar - OSPCB",21.6439,85.599355,"2025,2026",506,2025-02-19,2026-09-11,records/csv.gz/locationid=3409378/,Jagamohanpur
3409473,"Deopur, Dhule - MPCB",20.918946,74.776388,"2025,2026",506,2025-02-19,2026-09-11,records/csv.gz/locationid=3409473/,Deopur
3409439,"Savitribai Phule Pune University, Pune - MPCB",18.547056,73.826908,"2025,2026",505,2025-02-19,2026-09-11,records/csv.gz/locationid=3409439/,Pune
3409367,"Hathkhoj, Bhilai - CECB",21.224231,81.40835,"2025,2026",504,2025-02-19,2026-09-11,records/csv.gz/locationid=3409367/,Hathkhoj
3409381,"Dabuna, Nayagarh - OSPCB",21.847279,85.416905,"2025,2026",503,2025-02-19,2026-09-11,records/csv.gz/locationid=3409381/,Dabuna
3409408,"Shivaji Nagar, Rishikesh - UKPCB",30.075911,78.2859547,"2025,2026",499,2025-02-19,2026-09-11,records/csv.gz/locationid=3409408/,Shivaji Nagar
3409329,"Deonar, Mumbai - IITM",19.04946,72.923,"2025,2026",498,2025-02-19,2026-09-11,records/csv.gz/locationid=3409329/,Mumbai
3409463,"Old MIDC, Jalna - MPCB",19.854616,75.905894,"2025,2026",497,2025-02-20,2026-09-11,records/csv.gz/locationid=3409463/,Old MIDC
7280,"Shyam Nagar, Palwal - HSPCB",28.1485564,77.3320667,"2019,2020,2025,2026",496,2019-02-12,2026-09-11,records/csv.gz/locationid=7280/,Shyam Nagar
3409438,"Katraj Dairy, Pune - MPCB",18.45445,73.854155,"2025,2026",495,2025-02-20,2026-09-11,records/csv.gz/locationid=3409438/,Pune
3174190,Musakhedi,22.6967,75.89488,"2023,2024",488,2023-01-09,2024-06-30,records/csv.gz/locationid=3174190/,Other_India
6951,"Murthal, Sonipat - HSPCB",29.0272,77.0621,"2019,2020,2025,2026",486,2019-02-12,2026-09-11,records/csv.gz/locationid=6951/,Murthal
3409323,"Worli, Mumbai - MPCB",18.9936162,72.8128113,"2025,2026",483,2025-02-19,2026-09-11,records/csv.gz/locationid=3409323/,Mumbai
3409523,"Bhumkar Nagar, Pune - IITM",18.60577,73.749976,"2025,2026",481,2025-02-19,2026-09-11,records/csv.gz/locationid=3409523/,Pune
286,Collectorate - Gaya - BSPCB,24.7489694,84.9438395,"2016,2017,2018",474,2016-03-21,2018-02-22,records/csv.gz/locationid=286/,Gaya
3409384,"Barsua Iron Ore Mines, Tensa - OSPCB",21.869985,85.167016,"2025,2026",473,2025-02-19,2026-09-11,records/csv.gz/locationid=3409384/,Barsua Iron Ore Mines
1236037,Dhopagachi,22.3743,88.415,"2024,2025,2026",473,2024-12-19,2026-06-24,records/csv.gz/locationid=1236037/,Other_India
44515,"Panchal Nagar, Gadag - KSPCB",15.411456,75.638133,"2021,2022,2025,2026",467,2021-01-04,2026-09-11,records/csv.gz/locationid=44515/,Panchal Nagar
3409527,"SIPCOT Industrial Park, Perundurai - TNPCB",11.258242,77.552761,"2025,2026",467,2025-02-19,2026-07-31,records/csv.gz/locationid=3409527/,SIPCOT Industrial Park
4663956,"Santushti Apartments, Vasant Kunj",28.5266,77.1493,"2025,2026",461,2025-06-08,2026-09-11,records/csv.gz/locationid=4663956/,Other_India
346,"MD University, Rohtak - HSPCB",28.876028,76.619464,"2016,2017,2018",455,2016-03-22,2018-02-22,records/csv.gz/locationid=346/,MD University
3409328,"Bandra Kurla Complex, Mumbai - IITM",19.0627,72.84614,"2025,2026",451,2025-04-07,2026-09-11,records/csv.gz/locationid=3409328/,Mumbai
103,"Income Tax Office, Delhi - CPCB",28.6235,77.2494,"2016,2017,2018",450,2016-11-02,2018-02-22,records/csv.gz/locationid=103/,Delhi
3409395,"Sector-2, Rourkela - OSPCB",22.245,84.88111111,"2025,2026",447,2025-02-19,2026-09-11,records/csv.gz/locationid=3409395/,Sector
358457,"PSG College of Arts and Science, Coimbatore - TNPCB",11.0328,77.0349,"2022,2025,2026",446,2022-09-23,2026-07-02,records/csv.gz/locationid=358457/,Coimbatore
3409331,"Bhosari, Pune - IITM",18.640051,73.848956,"2025,2026",444,2025-02-25,2026-09-11,records/csv.gz/locationid=3409331/,Pune
3409393,"Shivapura_Peenya, Bengaluru - KSPCB",13.0246342,77.5080115,"2025,2026",443,2025-02-19,2026-09-11,records/csv.gz/locationid=3409393/,Bengaluru
3409500,"Maguda Nagar, Indore - IMC",22.7524,75.8872,"2025,2026",439,2025-04-18,2026-09-11,records/csv.gz/locationid=3409500/,Indore
10695,"Ratanpura, Rupnagar - Ambuja Cements",30.0325454,76.5623046,"2020,2021",435,2020-01-30,2021-11-23,records/csv.gz/locationid=10695/,Ratanpura
3409348,"Uchapatti, Madurai - TNPCB",9.865935,78.022669,"2025,2026",433,2025-02-19,2026-08-25,records/csv.gz/locationid=3409348/,Uchapatti
3174189,Bicholi Hapsi,22.71771,75.93739,"2023,2024",429,2023-01-09,2024-06-30,records/csv.gz/locationid=3174189/,Other_India
3409434,"Jigani, Bengaluru - KSPCB",12.7816279,77.6299145,"2025,2026",428,2025-02-19,2026-09-10,records/csv.gz/locationid=3409434/,Bengaluru
3409466,"Masoom Colony, Parbhani - MPCB",19.265594,76.761463,"2025,2026",427,2025-02-19,2026-09-11,records/csv.gz/locationid=3409466/,Masoom Colony
3409383,"OMC Colony, Suakati - OSPCB",21.606865,85.510538,"2025,2026",424,2025-02-19,2026-09-11,records/csv.gz/locationid=3409383/,OMC Colony
3409385,"RVCE-Mailasandra, Bengaluru - KSPCB",12.921418,77.502466,"2025,2026",423,2025-02-19,2026-07-07,records/csv.gz/locationid=3409385/,Bengaluru
4916349,CURAJ,26.6236,75.0273,"2025,2026",416,2025-07-01,2026-09-10,records/csv.gz/locationid=4916349/,Other_India
2498781,SiriJaya,12.909153635368195,77.52476183092863,"2024,2025",410,2024-03-01,2025-05-19,records/csv.gz/locationid=2498781/,Other_India
3410005,"Dhankawadi, Pune - IITM",18.459883,73.852193,"2025,2026",405,2025-02-19,2026-09-11,records/csv.gz/locationid=3410005/,Pune
11602,"Bandra Kurla Complex, Mumbai - IITM",19.053536000000005,72.84643,"2020,2021,2022",401,2020-11-13,2022-10-16,records/csv.gz/locationid=11602/,Mumbai
12043,"Haji Colony, Raichur - KSPCB",16.208139,77.348417,"2020,2021,2022,2025,2026",398,2020-12-16,2026-04-14,records/csv.gz/locationid=12043/,Haji Colony
3409346,"Semmandalam, Cuddalore - TNPCB",11.7637683,79.7499835,"2025,2026",397,2025-02-19,2026-09-11,records/csv.gz/locationid=3409346/,Semmandalam
3409497,"KHB Colony, Karwar - KSPCB",14.816666,74.141003,"2025,2026",396,2025-02-19,2026-09-11,records/csv.gz/locationid=3409497/,KHB Colony
13,"Delhi Technological University, Delhi - CPCB",28.744,77.12,"2015,2016,2017,2018",394,2015-04-09,2018-02-22,records/csv.gz/locationid=13/,Delhi
11612,"Sector-19A Nerul, Navi Mumbai - IITM",19.044,73.03250000000001,"2020,2021,2022",387,2020-11-13,2022-10-16,records/csv.gz/locationid=11612/,Mumbai
910,Victoria Memorial - WBSPCB,22.572646,88.36389499999996,"2016,2017",386,2016-06-25,2017-10-18,records/csv.gz/locationid=910/,Victoria Memorial
358452,"Chalai Bazaar, Ramanathapuram - TNPCB",9.36399,78.831977,"2022,2025,2026",386,2022-09-23,2026-09-02,records/csv.gz/locationid=358452/,Chalai Bazaar
2345,VK Industrial Area Jaipur - RSPCB,26.9738778,75.7738777777777,"2016,2017",379,2016-03-21,2017-06-12,records/csv.gz/locationid=2345/,Jaipur
3409354,"Kudikadu, Cuddalore - TNPCB",11.6829898,79.7532099,"2025,2026",368,2025-02-19,2026-09-08,records/csv.gz/locationid=3409354/,Kudikadu
716,"Rabindra Bharati University, Kolkata - WBSPCB",22.627875,88.3804,"2016,2017",367,2016-06-28,2017-10-28,records/csv.gz/locationid=716/,Kolkata
6971,"Rishi Nagar, Kaithal - HSPCB",29.8006,76.4155,"2019,2025,2026",366,2019-04-27,2026-09-11,records/csv.gz/locationid=6971/,Rishi Nagar
5728639,"Bemina, Srinagar",34.07023554237501,74.77548492160591,"2025,2026",364,2025-09-09,2026-09-11,records/csv.gz/locationid=5728639/,Other_India
358665,"Ramteerth Nagar, Belgaum - KSPCB",15.888653,74.541751,"2022,2025,2026",362,2022-09-23,2026-09-11,records/csv.gz/locationid=358665/,Ramteerth Nagar
228298,"Sardar Vallabhbhai Patel Stadium, Ahmedabad - IITM",23.04307,72.56296800000001,"2021,2022,2025",362,2021-06-19,2025-08-29,records/csv.gz/locationid=228298/,Ahmedabad
313411,"JN Stadium, Shillong - Meghalaya PCB",25.5803419,91.8942571,"2022,2025,2026",361,2022-04-19,2026-09-03,records/csv.gz/locationid=313411/,JN Stadium
3409414,"Vijay Nagar Scheme-78, Indore - Glenmark",22.76726,75.8871,"2025,2026",361,2025-02-19,2026-06-26,records/csv.gz/locationid=3409414/,Indore
3409392,"Kanuru, Vijayawada - APPCB",16.486692,80.69943599999999,"2025,2026",352,2025-02-19,2026-08-03,records/csv.gz/locationid=3409392/,Vijayawada
358453,"Mendonsa Colony, Dindigul - TNPCB",10.358535,77.984321,"2022,2025,2026",351,2022-09-23,2026-07-11,records/csv.gz/locationid=358453/,Mendonsa Colony
3409516,"SIPCOT Nathampannai, Pudukottai - TNPCB",10.423417,78.784889,"2025,2026",340,2025-02-19,2026-04-21,records/csv.gz/locationid=3409516/,SIPCOT Nathampannai
11608,"Bhosari, Pune - IITM",18.640051,73.848956,"2020,2021,2022",339,2020-11-13,2022-06-06,records/csv.gz/locationid=11608/,Pune
6013125,Kanipora,34.0132271,74.8398961,"2025,2026",337,2025-10-04,2026-09-11,records/csv.gz/locationid=6013125/,Other_India
358448,"Kumaran College, Tirupur - TNPCB",11.0973603,77.3228673,"2022,2025,2026",334,2022-09-23,2026-04-14,records/csv.gz/locationid=358448/,Kumaran College
3409388,"Kasturi Nagar, Bengaluru - KSPCB",13.003872,77.664217,"2025,2026",330,2025-02-19,2026-09-10,records/csv.gz/locationid=3409388/,Bengaluru
6105800,"Sector 1, Noida extension",28.583491,77.431714,"2025,2026",324,2025-10-23,2026-09-11,records/csv.gz/locationid=6105800/,Noida
5552,"MD University, Rohtak - HSPCB",28.870083,76.6205,"2018,2019,2020",323,2018-03-09,2020-01-01,records/csv.gz/locationid=5552/,MD University
3409345,"Parisutham Nagar, Thanjavur - TNPCB",10.7654824,79.1389968,"2025,2026",320,2025-02-19,2026-03-11,records/csv.gz/locationid=3409345/,Parisutham Nagar
3409355,"Sona College of Technology, Salem - TNPCB",11.679111,78.125052,"2025,2026",317,2025-02-19,2026-01-10,records/csv.gz/locationid=3409355/,Sona College of Technology
10912,"Phool Bagh, Gwalior - Mondelez Ind. Food",26.210536,78.171,"2020,2021,2025",316,2020-02-03,2025-02-20,records/csv.gz/locationid=10912/,Phool Bagh
44514,"Naubad, Bidar - KSPCB",17.930306,77.482194,"2021,2022,2025,2026",314,2021-01-04,2026-04-19,records/csv.gz/locationid=44514/,Naubad
358450,"Bombay Castel, Ooty - TNPCB",11.4068288,76.7138973,"2022,2025,2026",313,2022-09-23,2026-04-24,records/csv.gz/locationid=358450/,Bombay Castel
3409350,"Velippalayam, Nagapattinam - TNPCB",10.798548,79.838212,"2025,2026",311,2025-02-19,2026-04-29,records/csv.gz/locationid=3409350/,Velippalayam
6125489,"Uptitude Cloud Pvt Ltd - Sector 62, GGN",28.40240847053802,77.08477464826682,"2025,2026",305,2025-11-10,2026-09-11,records/csv.gz/locationid=6125489/,Uptitude Cloud Pvt Ltd
11583,"Kunjaban, Agartala - Tripura SPCB",23.8628276,91.2887362,"2020,2021,2022",303,2020-11-08,2022-10-16,records/csv.gz/locationid=11583/,Kunjaban
60661,"Siddharth Nagar-Worli, Mumbai - IITM",19.000083,72.813993,"2021,2022",303,2021-01-12,2022-10-16,records/csv.gz/locationid=60661/,Mumbai
3409343,"Keelapalur, Ariyalur - TNPCB",11.06825,79.07033,"2025,2026",301,2025-02-19,2026-02-19,records/csv.gz/locationid=3409343/,Keelapalur
6145551,Anand Lok,28.5587,77.21886,"2025,2026",288,2025-11-28,2026-09-11,records/csv.gz/locationid=6145551/,Other_India
11604,"Deonar, Mumbai - IITM",19.04946,72.923,"2020,2021,2022",286,2020-11-13,2022-10-16,records/csv.gz/locationid=11604/,Mumbai
3409344,"Municipal Corporation Office, Tirunelveli - TNPCB",8.728442,77.6962,2025,284,2025-02-19,2025-12-19,records/csv.gz/locationid=3409344/,Municipal Corporation Office
2597,US Diplomatic Post: New Delhi,28.598096,77.189066,2016,284,2016-01-30,2016-11-09,records/csv.gz/locationid=2597/,Delhi
2461,US Diplomatic Post: Chennai,13.052371,80.251932,2016,284,2016-01-30,2016-11-09,records/csv.gz/locationid=2461/,Chennai
2459,US Diplomatic Post: Hyderabad,17.443464,78.47489,2016,284,2016-01-30,2016-11-09,records/csv.gz/locationid=2459/,Hyderabad
2460,US Diplomatic Post: Kolkata,22.547142,88.351048,2016,284,2016-01-30,2016-11-09,records/csv.gz/locationid=2460/,Kolkata
358627,"Crescent University, Chengalpattu - TNPCB",12.8777316,80.08348070000001,"2022,2025,2026",284,2022-09-27,2026-01-10,records/csv.gz/locationid=358627/,Crescent University
5664,"PWD Grounds, Vijayawada - APPCB",16.507014,80.627767,"2018,2019,2020",281,2018-03-09,2020-11-20,records/csv.gz/locationid=5664/,Vijayawada
223145,"B.Katihalli, Hassan - KSPCB",13.008556,76.12525800000002,"2021,2022",280,2021-03-26,2022-10-16,records/csv.gz/locationid=223145/,B.Katihalli
12042,"Alandi, Pune - IITM",18.675076,73.892743,"2020,2021,2022",279,2020-12-16,2022-06-06,records/csv.gz/locationid=12042/,Pune
3409356,"Bharathidasan University, Palkalaiperur - TNPCB",10.681158,78.74174599999999,"2025,2026",278,2025-02-19,2026-03-09,records/csv.gz/locationid=3409356/,Bharathidasan University
3409358,"St Joseph College, Tiruchirappalli - TNPCB",10.830158,78.691849,2025,277,2025-02-19,2025-11-29,records/csv.gz/locationid=3409358/,St Joseph College
3409389,"Thimmalapura, Tumakuru - KSPCB",13.377516,77.09907199999999,"2025,2026",276,2025-02-19,2026-09-10,records/csv.gz/locationid=3409389/,Thimmalapura
6112064,VNIT NAGPUR,21.123229,79.052856,"2025,2026",265,2025-10-29,2026-08-22,records/csv.gz/locationid=6112064/,Nagpur
12045,"IITK, Kanpur - IITK",26.511738999999995,80.235136,"2020,2021,2022",263,2020-12-16,2022-10-16,records/csv.gz/locationid=12045/,Kanpur
3409349,"Vasanthapuram, Vellore - TNPCB",12.909494,79.131861,2025,260,2025-02-19,2025-12-09,records/csv.gz/locationid=3409349/,Vasanthapuram
3409322,"Pimpleshwar Mandir, Thane - MPCB",19.192056,72.9585188,"2025,2026",258,2025-02-19,2026-09-11,records/csv.gz/locationid=3409322/,Pimpleshwar Mandir
3409319,"Alandur Bus Depot, Chennai - CPCB",12.9099161,80.1076538,2025,257,2025-02-19,2025-12-02,records/csv.gz/locationid=3409319/,Chennai
3409357,"Kamadenu Nagar, Karur - TNPCB",10.96782,78.080882,"2025,2026",253,2025-02-19,2026-01-10,records/csv.gz/locationid=3409357/,Kamadenu Nagar
6148686,"IIT Delhi, Delhi - IITM",28.54246,77.191651,"2025,2026",252,2025-12-01,2026-09-11,records/csv.gz/locationid=6148686/,Delhi
3409353,"Kilambi, Kanchipuram - TNPCB",12.864618,79.659968,2025,245,2025-02-19,2025-11-17,records/csv.gz/locationid=3409353/,Kilambi
3409347,"SIPCOT Phase-1, Hosur - TNPCB",12.746998,77.813811,2025,243,2025-03-14,2025-11-15,records/csv.gz/locationid=3409347/,SIPCOT Phase
60656,"Tamaka Ind. Area, Kolar - KSPCB",13.1276288,78.1570122,"2021,2022,2025,2026",235,2021-01-12,2026-09-01,records/csv.gz/locationid=60656/,Tamaka Ind. Area
6194938,"Mahashweta Nagar, Ujjain - MPPCB",23.1633321,75.800225,2026,232,2026-01-09,2026-09-11,records/csv.gz/locationid=6194938/,Mahashweta Nagar
6203210,Talab Tillo Jammu,32.74010632909992,74.83177768465765,2026,231,2026-01-16,2026-09-11,records/csv.gz/locationid=6203210/,Other_India
6146812,Araria,26.137989,87.457768,"2025,2026",231,2025-11-29,2026-09-11,records/csv.gz/locationid=6146812/,Other_India
6217492,"Vidhyanagar, Bhavnagar - Nexteng Enviro",21.755417,72.139056,2026,227,2026-01-27,2026-09-11,records/csv.gz/locationid=6217492/,Vidhyanagar
3409312,"BWSSB Kadabesanahalli, Bengaluru - CPCB",12.9352049,77.6814488,"2025,2026",227,2025-10-18,2026-07-25,records/csv.gz/locationid=3409312/,Bengaluru
4712609,Air Check,28.623056,77.234167,2026,227,2026-01-28,2026-09-11,records/csv.gz/locationid=4712609/,Other_India
6221295,"Katargam, Surat - Nexteng Enviro",21.217779,72.834787,2026,224,2026-01-30,2026-09-11,records/csv.gz/locationid=6221295/,Surat
6206921,Koramangala,12.9370223,77.6115928,2026,224,2026-01-19,2026-09-11,records/csv.gz/locationid=6206921/,Other_India
6167193,"Khunmoh, Srinagar - JKPCC",34.06313,74.96017,"2025,2026",224,2025-12-16,2026-09-09,records/csv.gz/locationid=6167193/,Khunmoh
6221294,"Bapunagar, Vadodara - Nexteng Enviro",22.320153,73.216285,2026,224,2026-01-30,2026-09-11,records/csv.gz/locationid=6221294/,Vadodara
6221395,"Sadanand Nagar, Mehsana - Nexteng Enviro",23.59315,72.372792,2026,223,2026-01-30,2026-09-11,records/csv.gz/locationid=6221395/,Sadanand Nagar
6221396,"Mavdi, Rajkot - Nexteng Enviro",22.248853,70.776774,2026,223,2026-01-30,2026-09-11,records/csv.gz/locationid=6221396/,Mavdi
5057509,IIMA Ventures,23.034568596154397,72.53287536498033,"2025,2026",222,2025-07-13,2026-09-11,records/csv.gz/locationid=5057509/,Other_India
5604,"Nishant Ganj, Lucknow - UPPCB",26.871428,80.957145,"2018,2019",218,2018-03-09,2019-08-20,records/csv.gz/locationid=5604/,Lucknow
6231999,Gandhi Nagar,32.701576,74.859108,2026,217,2026-02-07,2026-09-11,records/csv.gz/locationid=6231999/,Other_India
228299,"GIFT City, Gandhinagar - IITM",23.163798,72.677768,"2021,2022",215,2021-06-19,2022-06-06,records/csv.gz/locationid=228299/,GIFT City
60660,"MIT-Kothrud, Pune - IITM",18.517754,73.8214883,"2021,2022",214,2021-01-12,2022-06-06,records/csv.gz/locationid=60660/,Pune
3409335,"B.Katihalli, Hassan - KSPCB",13.008556,76.125258,"2025,2026",202,2025-02-19,2026-06-22,records/csv.gz/locationid=3409335/,B.Katihalli
3410003,"Police Line, Sri Vijaya Puram - ANPCC",11.654054,92.734055,"2025,2026",201,2025-02-19,2026-04-08,records/csv.gz/locationid=3410003/,Police Line
6250953,"Elamkulam, Malappuram - Kerala ELWOIC",10.89235897883435,76.23440154833858,2026,200,2026-02-24,2026-09-11,records/csv.gz/locationid=6250953/,Elamkulam
3409351,"VOC Nagar_SIPCOT, Ranipet - TNPCB",12.952707,79.30394,2025,199,2025-02-19,2025-10-31,records/csv.gz/locationid=3409351/,VOC Nagar_SIPCOT
6167988,"Khrew, Pampore - JKPCC",34.031606,75.009712,"2025,2026",197,2025-12-17,2026-09-09,records/csv.gz/locationid=6167988/,Khrew
6254664,"NSUT Jaffarpur, Delhi - DPCC",28.594004,76.909423,2026,195,2026-02-27,2026-09-11,records/csv.gz/locationid=6254664/,Delhi
6254663,"JNU, Delhi - DPCC",28.540721,77.168544,2026,195,2026-02-27,2026-09-11,records/csv.gz/locationid=6254663/,Delhi
6254665,"Commonwealth Sports Complex, Delhi - DPCC",28.615828,77.271992,2026,192,2026-02-27,2026-09-11,records/csv.gz/locationid=6254665/,Delhi
6254594,"Talkatora Garden, Delhi - DPCC",28.62181,77.1944633,2026,191,2026-02-27,2026-09-11,records/csv.gz/locationid=6254594/,Delhi
6257818,"Cantonment Area, Delhi - DPCC",28.594169,77.1251,2026,191,2026-03-02,2026-09-11,records/csv.gz/locationid=6257818/,Delhi
6250050,Agya Enterprises,23.258543,77.454474,2026,190,2026-02-23,2026-09-11,records/csv.gz/locationid=6250050/,Other_India
6258871,"Vithalwadi, Ulhasnagar - MPCB",19.2307571,73.155192,2026,190,2026-03-03,2026-09-11,records/csv.gz/locationid=6258871/,Vithalwadi
6003651,SVNIT Surat,21.7653,72.7855,"2025,2026",186,2025-10-03,2026-06-25,records/csv.gz/locationid=6003651/,Surat
6266795,"Kalu Nagar, Dombivli - MPCB",19.2268427,73.0788456,2026,186,2026-03-09,2026-09-11,records/csv.gz/locationid=6266795/,Kalu Nagar
5509,"Anand Vihar, Delhi - DPCC",28.647622,77.315809,"2018,2021,2022",186,2018-03-09,2022-10-31,records/csv.gz/locationid=5509/,Delhi
6941,"Railway Colony, Guwahati - APCB",26.1445,91.7362,2019,182,2019-04-27,2019-12-24,records/csv.gz/locationid=6941/,Guwahati
6266792,"Bir, Beed - MPCB",18.988474,75.753873,2026,181,2026-03-09,2026-09-11,records/csv.gz/locationid=6266792/,Bir
6266794,"Chinchpada, Ambernath - MPCB",19.215784,73.199781,2026,180,2026-03-10,2026-09-11,records/csv.gz/locationid=6266794/,Chinchpada
6266793,"Ashta Vinayak Nagar, Hingoli - MPCB",19.710842,77.151824,2026,180,2026-03-10,2026-09-11,records/csv.gz/locationid=6266793/,Ashta Vinayak Nagar
6254666,"IGNOU_Maidan Garhi, Delhi - DPCC",28.493624,77.201159,2026,175,2026-02-27,2026-09-11,records/csv.gz/locationid=6254666/,Delhi
6267808,"District Court, Eluru - APPCB",16.711754,81.092095,2026,173,2026-03-11,2026-09-11,records/csv.gz/locationid=6267808/,District Court
3409334,"Ashwini Nagar, Haveri - KSPCB",14.7918,75.3896,"2025,2026",171,2025-02-24,2026-03-13,records/csv.gz/locationid=3409334/,Ashwini Nagar
6251997,"Indira Nagar, Raebareli - NTPC Unchahar",26.207781,81.245571,2026,169,2026-02-25,2026-09-11,records/csv.gz/locationid=6251997/,Indira Nagar
6244030,Auroville,12.000079,79.818104,2026,167,2026-02-18,2026-08-03,records/csv.gz/locationid=6244030/,Other_India
6267806,"Rajendra Nagar North, Guntur - APPCB",16.316553,80.413302,2026,167,2026-03-11,2026-09-11,records/csv.gz/locationid=6267806/,Rajendra Nagar North
6290075,"15th Mile-Nongthymmai, Byrnihat - Meghalaya PCB",26.079047,91.875185,2026,164,2026-03-30,2026-09-11,records/csv.gz/locationid=6290075/,Nongthymmai
6276317,"Ambedkar Nagar, Nellore - APPCB",14.438164,79.966814,2026,154,2026-03-18,2026-09-11,records/csv.gz/locationid=6276317/,Ambedkar Nagar
220353,"Brahmagiri, Udupi - KSPCB",13.34194,74.74694,"2021,2022,2025,2026",151,2021-02-10,2026-08-11,records/csv.gz/locationid=220353/,Brahmagiri
3774726,"Ponnusamy Nagar, Namakkal - TNPCB",11.273992,78.163545,2025,149,2025-03-20,2025-11-12,records/csv.gz/locationid=3774726/,Ponnusamy Nagar
3409341,"Manipur University, Imphal - Manipur PCB",24.7524239,93.9286218,2025,146,2025-02-19,2025-07-25,records/csv.gz/locationid=3409341/,Manipur University
6119272,"Sector - 5, Vasundhara, Ghaziabad, Uttar Pradesh ",28.658398,77.3780531,"2025,2026",143,2025-11-04,2026-03-26,records/csv.gz/locationid=6119272/,Ghaziabad
6299603,"SRM University, Modinagar - UPPCB",28.798171,77.540243,2026,142,2026-04-09,2026-09-11,records/csv.gz/locationid=6299603/,SRM University
6311325,"MIET College, Meerut - UPPCB",28.972677,77.641018,2026,140,2026-04-17,2026-09-11,records/csv.gz/locationid=6311325/,MIET College
6267807,"Srinivas Nagar Colony, Machilipatnam - APPCB",16.186555,81.13219,2026,140,2026-03-11,2026-09-11,records/csv.gz/locationid=6267807/,Patna
3409342,"DM College of Science, Imphal - Manipur PCB",24.8207389,93.9423085,2025,136,2025-02-19,2025-09-07,records/csv.gz/locationid=3409342/,DM College of Science
6299494,"Prashant Garden, Khora - UPPCB",28.61119,77.34206,2026,133,2026-04-07,2026-09-11,records/csv.gz/locationid=6299494/,Prashant Garden
6299678,"Ved Vihar-Loni, Ghaziabad - UPPCB",28.739153,77.273668,2026,131,2026-04-07,2026-09-11,records/csv.gz/locationid=6299678/,Ghaziabad
6314877,"Koyana Nagar, Satara - MPCB",17.696651,74.003387,2026,129,2026-04-20,2026-09-11,records/csv.gz/locationid=6314877/,Koyana Nagar
6311324,"Govindpuram, Ghaziabad - UPPCB",28.694528,77.494705,2026,128,2026-04-17,2026-09-11,records/csv.gz/locationid=6311324/,Ghaziabad
229730,"Town Hall - Lal Bagh, Darbhanga - BSPCB",26.15146,85.89342,"2021,2022",127,2021-07-18,2022-10-31,records/csv.gz/locationid=229730/,Town Hall
6230603,Rajouri Jammu,33.380775,74.314353,2026,120,2026-02-06,2026-06-05,records/csv.gz/locationid=6230603/,Other_India
270722,"Central Jail, Buxar - BSPCB",25.555605,83.950942,"2021,2022",104,2021-11-22,2022-10-31,records/csv.gz/locationid=270722/,Central Jail
7434,"East Arjun Nagar, Delhi - CPCB",28.655601699999995,77.2859318,"2018,2019,2020",102,2018-08-10,2020-02-10,records/csv.gz/locationid=7434/,Delhi
12,SPARTAN - IIT Kanpur,26.519,80.233,"2013,2014",100,2013-12-14,2014-09-26,records/csv.gz/locationid=12/,Kanpur
4512170,"Altair's Home - Bemina, Srinagar",34.0702669,74.7754688,2025,99,2025-05-24,2025-09-09,records/csv.gz/locationid=4512170/,Altair's Home
3409496,"New Moti Bagh, Delhi - MHUA",28.57834,77.184,2026,95,2026-03-10,2026-06-13,records/csv.gz/locationid=3409496/,Delhi
7299,"Gole Bazar, Katni - MPPCB",23.833778,80.39122199999998,"2019,2020",95,2019-09-23,2020-01-07,records/csv.gz/locationid=7299/,Gole Bazar
6401376,Channi Himmat,32.689777,74.886016,2026,91,2026-06-13,2026-09-11,records/csv.gz/locationid=6401376/,Other_India
8092,"East Arjun Nagar, Delhi - CPCB",28.655935,77.294904,"2020,2021,2022",89,2020-03-01,2022-01-26,records/csv.gz/locationid=8092/,Delhi
6404323,"Pali Dungra, Mathura - UPPCB",27.410954,77.550619,2026,87,2026-06-16,2026-09-11,records/csv.gz/locationid=6404323/,Pali Dungra
6418671,"Dadupura, Fatehpur Sikri - UPPCB",27.097694,77.671335,2026,79,2026-06-25,2026-09-11,records/csv.gz/locationid=6418671/,Dadupura
5443,"Mahakaleshwar Temple, Ujjain - MPPCB",23.182719,75.768218,2025,71,2025-02-19,2025-05-05,records/csv.gz/locationid=5443/,Mahakaleshwar Temple
6425298,"Sita Rama Nagar, Kurnool - APPCB",15.83411,78.028546,2026,68,2026-06-30,2026-09-11,records/csv.gz/locationid=6425298/,Sita Rama Nagar
6404322,"New Anaj Mandi, Khairthal - RSPCB",27.8015617,76.6365217,2026,67,2026-06-15,2026-09-11,records/csv.gz/locationid=6404322/,New Anaj Mandi
6434075,"Ahamshrief, Bandipora",34.4494,74.6635,2026,67,2026-07-06,2026-09-11,records/csv.gz/locationid=6434075/,Other_India
6442612,Udhampur,32.9165,75.1326,2026,62,2026-07-12,2026-09-11,records/csv.gz/locationid=6442612/,Other_India
6441402,"Kashtigarh, Doda",33.1567,75.4517,2026,60,2026-07-11,2026-09-11,records/csv.gz/locationid=6441402/,Other_India
6444829,"Leh, Ladakh",34.14554,77.563278,2026,59,2026-07-14,2026-09-11,records/csv.gz/locationid=6444829/,Other_India
307463,"Zero Point GICI, Gangtok - SSPCB",27.338529999999995,88.614099,2022,56,2022-04-06,2022-10-31,records/csv.gz/locationid=307463/,Zero Point GICI
6452286,Vijaypur ,32.566932,75.019868,2026,54,2026-07-20,2026-09-11,records/csv.gz/locationid=6452286/,Other_India
6119271,Kumaraswamy Layout,12.9044,77.5649,"2025,2026",52,2025-11-04,2026-04-23,records/csv.gz/locationid=6119271/,Other_India
6456616,Applied Informatics Headquarters ,34.123633,74.83279,2026,51,2026-07-23,2026-09-11,records/csv.gz/locationid=6456616/,Other_India
6458520,"Wave City, Ghaziabad - UPPCB",28.646675,77.489049,2026,49,2026-07-24,2026-09-11,records/csv.gz/locationid=6458520/,Ghaziabad
6434209,"Anand Nagar, Raebareli - UPPCB",26.219512,81.237648,2026,49,2026-07-06,2026-09-11,records/csv.gz/locationid=6434209/,Anand Nagar
313923,"Manipur University, Imphal - Manipur PCB",24.7524239,93.9286218,2022,48,2022-04-20,2022-10-15,records/csv.gz/locationid=313923/,Manipur University
306252,"DRCC Anandpur, Begusarai - BSPCB",25.444266,86.140169,2022,48,2022-04-04,2022-10-31,records/csv.gz/locationid=306252/,DRCC Anandpur
6435505,"New Tehsil, Shamli - UPPCB",29.4603683,77.3410291,2026,47,2026-07-07,2026-09-11,records/csv.gz/locationid=6435505/,New Tehsil
6458521,"Rajanpur, Gajraula - UPPCB",28.829109,78.248796,2026,47,2026-07-24,2026-09-11,records/csv.gz/locationid=6458521/,Rajanpur
313410,"DM College of Science, Imphal - Manipur PCB",24.8207389,93.94230849999998,2022,45,2022-04-19,2022-10-31,records/csv.gz/locationid=313410/,DM College of Science
6146655,Bellandur,12.9178128,77.6955288,"2025,2026",45,2025-11-29,2026-01-12,records/csv.gz/locationid=6146655/,Other_India
5581,"Pusa, New Delhi - IMD",28.610304,77.0996943,2018,44,2018-03-09,2018-05-14,records/csv.gz/locationid=5581/,Delhi
6458519,"Rama Rao Peta, Kakinada - APPCB",16.962488,82.229513,2026,42,2026-07-24,2026-09-11,records/csv.gz/locationid=6458519/,Rama Rao Peta
5639,"R K Puram, New Delhi - DPCC",28.5646102,77.1670103,2018,42,2018-03-09,2018-05-12,records/csv.gz/locationid=5639/,Delhi
5641,"Mandir Marg, New Delhi - DPCC",28.6372688,77.2005604,2018,40,2018-03-09,2018-05-12,records/csv.gz/locationid=5641/,Delhi
6452644,"Vigyan Nagar, Alwar - RSPCB",27.598796,76.63861,2026,39,2026-07-20,2026-09-11,records/csv.gz/locationid=6452644/,Vigyan Nagar
3409517,"Collectorate Office, Virudhunagar - TNPCB",9.559382,77.948828,2025,38,2025-02-19,2025-12-11,records/csv.gz/locationid=3409517/,Collectorate Office
309803,"Ashwini Nagar, Haveri - KSPCB",14.7918,75.38959999999999,2022,38,2022-04-11,2022-10-16,records/csv.gz/locationid=309803/,Ashwini Nagar
6193521,Maitreye Weather Station,12.0000374,79.8180856,2026,37,2026-01-08,2026-02-13,records/csv.gz/locationid=6193521/,Other_India
1285345,SPARTAN - IIT Kanpur,26.5128,80.2316,2019,36,2019-10-21,2019-11-25,records/csv.gz/locationid=1285345/,Kanpur
6465605,"Jeelanabad, Batpora, Srinagar",34.159,74.8402,2026,34,2026-07-29,2026-09-11,records/csv.gz/locationid=6465605/,Other_India
6061085,JKPCB,34.067893918880145,74.81864018646164,"2025,2026",34,2025-10-08,2026-02-11,records/csv.gz/locationid=6061085/,Other_India
6458518,"Chinna Bharatham Colony, Srikakulam - APPCB",18.292191,83.897173,2026,29,2026-07-24,2026-09-05,records/csv.gz/locationid=6458518/,Chinna Bharatham Colony
6476827,Reasi Town Centre,33.0800963,74.8398673,2026,28,2026-08-06,2026-09-11,records/csv.gz/locationid=6476827/,Other_India
4720578,Hyderabad,17.492676,78.405394,2025,25,2025-06-13,2025-07-07,records/csv.gz/locationid=4720578/,Hyderabad
6482404,"Skara Yokma, Leh - LPCC",34.147096,77.55709,2026,24,2026-08-10,2026-09-11,records/csv.gz/locationid=6482404/,Skara Yokma
5929186,Psychopath Studios,34.0584621,74.8324004,"2025,2026",22,2025-09-27,2026-05-26,records/csv.gz/locationid=5929186/,Other_India
358454,"SIPCOT Phase-1, Hosur - TNPCB",12.746998,77.813811,2022,22,2022-09-23,2022-10-31,records/csv.gz/locationid=358454/,SIPCOT Phase
6431234,"Nowshera, Rajouri",33.162408,74.23779,2026,21,2026-07-06,2026-09-11,records/csv.gz/locationid=6431234/,Other_India
5766,"Nehru Nagar, Delhi - DPCC",28.5639543,77.2587868,2018,21,2018-04-16,2018-05-13,records/csv.gz/locationid=5766/,Delhi
5761,"Jahangirpuri, Delhi - DPCC",28.7258373,77.1605631,2018,21,2018-04-16,2018-05-12,records/csv.gz/locationid=5761/,Delhi
5540,"Punjabi Bagh, Delhi - DPCC",28.6670856,77.1301247,2018,21,2018-03-09,2018-05-13,records/csv.gz/locationid=5540/,Delhi
5753,"Vivek Vihar, Delhi - DPCC",28.6687803,77.3130982,2018,20,2018-04-16,2018-05-12,records/csv.gz/locationid=5753/,Delhi
5760,"Dwarka-Sector 8, Delhi - DPCC ",28.5206826,76.8023871,2018,20,2018-04-16,2018-05-12,records/csv.gz/locationid=5760/,Delhi
5763,"Narela, Delhi - DPCC",28.8446874,77.0332666,2018,20,2018-04-16,2018-05-12,records/csv.gz/locationid=5763/,Delhi
6487074,"Nagar Palika Parishad, Baraut - UPPCB",29.09956,77.26235,2026,20,2026-08-13,2026-09-03,records/csv.gz/locationid=6487074/,Nagar Palika Parishad
5759,"Sonia Vihar, Delhi - DPCC",28.67795,77.29868,2018,19,2018-04-16,2018-05-12,records/csv.gz/locationid=5759/,Delhi
5742,"Patparganj, Delhi - DPCC",28.6310495,77.2846218,2018,19,2018-04-16,2018-05-13,records/csv.gz/locationid=5742/,Delhi
5754,"Jawaharlal Nehru Stadium, Delhi - DPCC",28.5828503,77.2321778,2018,19,2018-04-16,2018-05-12,records/csv.gz/locationid=5754/,Delhi
361411,"IITG, Guwahati - PCBA",26.2028636,91.70046436,2022,19,2022-09-23,2022-10-16,records/csv.gz/locationid=361411/,Guwahati
5744,"Dr. Karni Singh Shooting Range, Delhi - DPCC",28.4997315,77.2649067,2018,19,2018-04-16,2018-05-12,records/csv.gz/locationid=5744/,Delhi
5765,"Okhla Phase-2, Delhi - DPCC",28.5366411,77.2664587,2018,18,2018-04-26,2018-05-13,records/csv.gz/locationid=5765/,Delhi
5762,"Ashok Vihar, Delhi - DPCC",28.6957202,77.1812947,2018,16,2018-04-16,2018-05-12,records/csv.gz/locationid=5762/,Delhi
5743,"Rohini, Delhi - DPCC",28.7407056,77.0577492,2018,16,2018-04-26,2018-05-12,records/csv.gz/locationid=5743/,Delhi
5755,"Major Dhyan Chand National Stadium, Delhi - DPCC",28.6125027,77.2351994,2018,11,2018-04-27,2018-05-12,records/csv.gz/locationid=5755/,Delhi
6920,"Manali Village, Chennai - TNPCB",11.258244,77.552429,2019,7,2019-06-19,2019-07-19,records/csv.gz/locationid=6920/,Chennai
5505,"Birla Staff colony, Satna - MPPCB",24.5908256,80.8574279,2018,6,2018-03-09,2018-03-14,records/csv.gz/locationid=5505/,Birla Staff colony
5963701,Max,34.070227923365785,74.77548616383625,2025,3,2025-09-30,2025-10-02,records/csv.gz/locationid=5963701/,Other_India
358451,"Vasanthapuram, Vellore - TNPCB",12.909494,79.131861,2022,3,2022-10-11,2022-10-31,records/csv.gz/locationid=358451/,Vasanthapuram
358455,"Sona College of Technology, Salem - TNPCB",11.679111,78.125052,2022,2,2022-09-23,2022-10-03,records/csv.gz/locationid=358455/,Sona College of Technology
6314,"NISE Gwal Pahari, Gurugram - IMD",28.4228859,76.8496963,2018,2,2018-11-15,2018-11-16,records/csv.gz/locationid=6314/,Gurugram
6297968,Gandhi Nagar,32.7014,74.8596,2026,1,2026-04-06,2026-04-06,records/csv.gz/locationid=6297968/,Other_India
6310,"Rabindra Bharati University, Kolkata - WBPCB",22.5824635,88.35724470000001,2018,1,2018-11-06,2018-11-06,records/csv.gz/locationid=6310/,Kolkata
5745,"Ghusuri, Howrah - WBPCB",22.5565568,87.895755,2018,1,2018-05-09,2018-05-09,records/csv.gz/locationid=5745/,Ghusuri
3409309,"Lajpat Nagar, Moradabad - UPPCB",28.825341,78.7213009,2025,1,2025-08-14,2025-08-14,records/csv.gz/locationid=3409309/,Lajpat Nagar
7583,"ICRISAT Patancheru, Hyderabad - TSPCB",17.305178,78.162863,2020,1,2020-04-28,2020-04-28,records/csv.gz/locationid=7583/,Hyderabad
3409327,"Kunjaban, Agartala - Tripura SPCB",23.8628276,91.2887362,2026,1,2026-05-30,2026-05-30,records/csv.gz/locationid=3409327/,Kunjaban
15,IGI Airport,28.56,77.094,2015,1,2015-07-10,2015-07-10,records/csv.gz/locationid=15/,Other_India
6356035,Palm City,27.20289,80.39693,2026,1,2026-05-19,2026-05-19,records/csv.gz/locationid=6356035/,Other_India
6229179,Nardani Jammu,32.80803,74.816769,2026,1,2026-02-05,2026-02-05,records/csv.gz/locationid=6229179/,Other_India
16,Civil Lines,28.6787,77.2262,2015,1,2015-07-10,2015-07-10,records/csv.gz/locationid=16/,Other_India
